StationID,KGE,NKGE,NSE,PBIAS,VE,RMSE,MAE,R2,MAPE,Issue,IssueMessage
01013500,0.6425675743775741,0.7366849215654092,0.59065060130738,-21.738526330389703,-21.738526330389703,33.362688560824786,18.753752491335625,0.6247079703425318,48.77313463124389,False,
01030500,0.561822315749068,0.6953243753888764,0.41118952772805784,-17.69993441970544,-17.69993441970544,76.15955002935345,45.24458597615838,0.4436655681350335,103.3914620140652,False,
01031500,0.33404139075686134,0.6002550090090832,0.3290383751691369,-23.333847748065384,-23.333847748065384,24.653482654772468,11.95450028669691,0.3532739821696557,122.75647694944831,False,
01134500,0.18521212337488058,0.5510285873518483,0.20518107605285052,-26.900475535186715,-26.900475535186715,5.912234967577386,2.8085762326103296,0.24534539343838285,85.41921537477288,False,
01137500,0.3076261770531754,0.5908860007411144,0.2705214146952899,-14.64154550578698,-14.64154550578698,7.255212871722001,3.3839435278705206,0.28275578541576135,58.12238505545496,False,
01139000,0.24130438158165846,0.5686032247577532,0.23360214130458,-37.17220351975061,-37.17220351975061,4.792995303161283,2.553645537667034,0.35031606274157095,53.2256496912482,False,
01139800,0.23537317422144788,0.5666920537484184,0.23305818728531014,-40.6827304076962,-40.6827304076962,0.46407878293052857,0.25981734334028905,0.3991075304516509,58.131713084141104,False,
01142500,0.16501164320986683,0.5449625858930557,0.13675404493967858,-40.51861908695369,-40.51861908695369,1.8895113537172532,0.9909148483812457,0.24308669289310833,68.15212232779325,False,
01144000,0.18919815211132107,0.552241539385416,0.17923101613340986,-36.121167159521605,-36.121167159521605,42.64229734031246,21.655728416492774,0.26987794602806275,58.33265408689606,False,
01162500,0.48263023126992843,0.6590351413399567,0.06036426873746914,4.9906744273244215,4.9906744273244215,1.3199717049424853,0.7519219436048215,0.24196323282692928,179.8610400748466,False,
01169000,0.1426731601096416,0.5384081996354675,0.17643638608224033,-35.61460508836078,-35.61460508836078,8.287044638470679,3.6900339955582915,0.23537537097074246,70.18084187540113,False,
01170100,0.18350075346982198,0.5505094493764144,0.2001765535967026,-37.77162874149531,-37.77162874149531,3.260432859488903,1.5753630011029744,0.284099248811453,64.43902677555101,False,
01181000,0.12948339155663935,0.5346116658286171,0.17800953970453093,-32.09188247763376,-32.09188247763376,9.08270706997525,3.771082737559458,0.22090649077963057,87.07698704814591,False,
01187300,0.15152014069621,0.5409850667113242,0.20491539033883466,-28.442053447384406,-28.442053447384406,2.0034329476830366,0.8723356035888795,0.24149024672517982,170.87688716874035,False,
01AD003,0.41802003426373235,0.6321192566649168,0.38446340067551976,-25.317713297533903,-25.317713297533903,28.762961901554593,14.253664046698205,0.416830224729601,58.453923101337125,False,
01AF007,0.3581792428564491,0.609079886247635,0.25919682545999434,-14.660051052412221,-14.660051052412221,9.549809174333836,4.780560085632817,0.27406182727118905,89.52399371501994,False,
01AF009,0.3139602522052344,0.5931058276104921,0.20161243078535718,-14.054803702636182,-14.054803702636182,5.343896042882304,2.6436197406065385,0.22299696134765695,85.49010883290086,False,
01AJ003,0.40531330094472884,0.6270824235208224,0.2595008600218498,-21.311267415338033,-21.311267415338033,33.42166435418316,17.623981841384225,0.29825285167490273,109.46754400496776,False,
01AJ004,0.38447590407376986,0.6189941719356831,0.15339026744903128,-21.181524903783682,-21.181524903783682,13.61675597158181,7.014622194662692,0.2364917665500211,81.5175849818696,False,
01AJ010,0.3072017040943744,0.5907378347548564,0.1181074602915867,-3.9754768877725857,-3.9754768877725857,11.116720770545891,6.054579928878881,0.1693917918138678,145.16250838350282,False,
01AK001,0.4830892467555,0.6592345646315141,0.285865228336625,-13.467218699294987,-13.467218699294987,5.465219687077259,3.1116933989067466,0.3267773324120172,114.0138568807165,False,
01AK006,0.36257596283578053,0.6107153536916771,0.11144493131710775,10.171031018054489,10.171031018054489,0.1432418533935944,0.08073610956386496,0.1922379165214562,287.2189357886423,False,
01AK007,0.28590272001028805,0.5833974603856801,0.14071712377519485,-0.2742604449001315,-0.2742604449001315,7.881344117596594,4.476194775226493,0.171875320961021,444.45873872103556,False,
01AL002,0.3672314488336108,0.612456676291099,0.2818595740828336,-17.16681572103256,-17.16681572103256,46.18100039963295,23.02734883018599,0.298449762105392,71.95967114243601,False,
01AL004,-0.11036238370370444,0.47385226713764256,0.03282464348290637,-60.62469730212258,-60.62469730212258,0.16258208996629778,0.06769452890591018,0.19607509326480002,61.658315407198785,False,
01AM001,0.3683502754586764,0.6128766394889761,0.30858660203426924,-16.59852425660118,-16.59852425660118,16.34513962462205,8.753452815921845,0.32057156706407697,269.7971416990714,False,
01AN002,0.3825941205939738,0.6182739983406259,0.15949255102029336,-1.6986855135880097,-1.6986855135880097,28.683175230293788,15.952897212455447,0.2141467620207971,114.92201308105867,False,
01AP002,0.294767786952964,0.5864303948452425,0.11459993677987601,-3.6846757026190873,-3.6846757026190873,20.323833867768172,11.405367091497634,0.16350069743756207,234.42694158465792,False,
01AP004,0.3878585348351885,0.6202929591527929,0.055228534846391675,-4.354348632542382,-4.354348632542382,31.942783368199652,17.89852632204005,0.18359441623415534,91.18497807182098,False,
01AP006,0.14307114676981703,0.5385235940841084,0.12374188423026378,-13.482344026755971,-13.482344026755971,12.9760072952757,6.025751676503216,0.1340476145379605,211.99152154041195,False,
01AQ001,0.46034693202073707,0.6494969683738314,0.2669830555152105,-15.615933187493662,-15.615933187493662,7.963623559000808,4.3226723288017626,0.3121612374105422,82.49618451912882,False,
01BC001,0.4304349961499636,0.6371192002542538,0.382804591654165,-17.702726008345195,-17.702726008345195,77.04061899159937,37.55122104568726,0.3993358384489929,56.737837890052866,False,
01BE001,0.4908395811580396,0.66262008167915,0.35435244063146465,-1.167344246162835,-1.167344246162835,49.6769921875449,25.603714419532107,0.36126899289550524,77.82501911827569,False,
01BJ003,0.3350798412281836,0.6006294023958981,0.24098770454187435,-16.6264518887882,-16.6264518887882,16.009245088207365,7.802212442058195,0.25702574748618606,96.62734942853695,False,
01BJ007,0.4560021673872279,0.6476693029470046,0.3834197243566936,-13.703801134342603,-13.703801134342603,178.29934080951472,88.17151572872788,0.39304584254010627,58.16040401077319,False,
01BJ010,0.26988607698833866,0.5779966201643357,0.10464308365898489,-10.657932810971133,-10.657932810971133,7.825604223078388,3.915049953220141,0.1545527277401006,162.34475328117645,False,
01BJ012,0.27271922321963715,0.5789446703992108,0.18179686506010462,-15.010895483034153,-15.010895483034153,1.5190651226704852,0.7252404643728523,0.19998891936074623,108.11782361468683,False,
01BL002,0.4868434150469635,0.6608701372641066,0.15323317793705327,-6.698752975003354,-6.698752975003354,4.37637658551702,2.176349049466658,0.2653315370651227,51.38376613233141,False,
01BL003,0.47461057346205227,0.6555702973958714,0.1390292709683809,-11.46006129665891,-11.46006129665891,9.606319765806369,4.798352760663599,0.26071046848265045,48.4530072629611,False,
01BO001,0.48850814975280854,0.6615980098314513,0.33735557794952886,-11.817233130038474,-11.817233130038474,125.9536782981895,66.62288043574621,0.35797673798199386,56.80656975757755,False,
01BP001,0.5036420653160836,0.6682893021924164,0.3725870596953422,-17.717744741105502,-17.717744741105502,32.976182550609636,17.015639902183914,0.4007985498719004,46.693519614150425,False,
01BP002,0.3852596893408078,0.6192946279961054,0.2781500688282039,-14.283723079238854,-14.283723079238854,0.8555855261296271,0.4300521462889868,0.2925348827577652,105.02042490217785,False,
01BQ001,0.44046913537562915,0.6412184732495566,0.3049198911465275,-13.53541208629811,-13.53541208629811,26.14684280720066,13.516744695573847,0.3242450274421519,69.64120989986388,False,
01BS001,0.30176529572745536,0.5888467580388776,0.11172716075402955,-1.7365662412932696,-1.7365662412932696,5.804653263235223,3.1142253251571517,0.16431622566908233,169.9775750309402,False,
01BU002,0.27642535222919584,0.5801895504168364,0.011539372263951186,2.4271299560721027,2.4271299560721027,12.425257107547043,6.8608723074933575,0.12254762273121594,184.81924418673535,False,
01BU009,0.3028080966166731,0.5892085615106428,-0.021287689411435995,15.034930620729977,15.034930620729977,0.18524307527071893,0.09313008706753147,0.1344121837314315,161.47681794544087,False,
01BV004,0.2862005839918327,0.583498856785253,0.20527606665695197,-15.814455939787564,-15.814455939787564,1.9157947319021003,0.9090797589633002,0.22124813223949705,94.77339846405981,False,
01BV006,0.3667680292990664,0.612282895473097,0.19669622703166445,-4.5758181295290505,-4.5758181295290505,6.802993324209228,3.4262689638850365,0.22682102223179165,101.16597353598785,False,
01CA003,0.2075211442216348,0.5578866365850439,0.02530993374073609,-13.742485071584024,-13.742485071584024,1.50702940669037,0.7319965102958979,0.10791313522018582,85.30669246639145,False,
01CC005,0.4519282342342088,0.6459648849065636,0.018683516488949503,-18.795478200464665,-18.795478200464665,1.726655158582518,0.8872972440936946,0.2414619960206566,41.59744455421055,False,
01CD005,0.43301462379258204,0.6381680487793094,0.1575475497358596,-8.338678535253464,-8.338678535253464,0.34335692845888544,0.1874465252733453,0.24012075694882276,52.814451524409854,False,
01DG003,0.2819413793470137,0.5820523164802885,0.17460436380650723,-21.5644145018037,-21.5644145018037,3.7568225690647026,2.139923427778354,0.21376995173413615,627.1002318833783,False,
01DJ005,0.17846116849229055,0.5489863749828974,0.17312480297104516,-29.555287411931957,-29.555287411931957,4.526873507733,2.247435029522474,0.2108700000215355,97.44159580169006,False,
01DL001,0.30072381444231133,0.5884858556243511,0.1360341460800535,-10.438110755191872,-10.438110755191872,2.359116170309063,1.312285084136907,0.17943213927222038,149.46646964237362,False,
01DP004,0.19717804612660972,0.554685945470924,0.11033968055032994,-17.003826883865067,-17.003826883865067,3.6051416780887573,1.9509477539133033,0.14382723527349112,175.97942167309552,False,
01DR001,0.2665463704325165,0.5768830402746403,0.18694678530983821,-10.952500189034549,-10.952500189034549,6.426345500952962,3.5855206658628735,0.20002350488746934,118.77350223347864,False,
01EC001,0.4985204552740371,0.6660097392019493,0.3082065742751826,-23.135894422908788,-23.135894422908788,12.089517153614478,7.896926586034605,0.3977322777537248,62.46215662418925,False,
01ED005,0.6470477082163217,0.7391243623835693,0.45901242146634835,-13.230732078623472,-13.230732078623472,13.362492536756832,8.530494310693811,0.5024889601871673,70.30243875522547,False,
01ED007,0.4976833060954915,0.6656386127222007,0.35451028308787624,-15.168458364619006,-15.168458364619006,6.877972720856743,4.140657699686345,0.3844681668938141,98.06888746854973,False,
01EE005,0.34300300878183654,0.603501397588439,0.22119623775089403,-12.719112070167958,-12.719112070167958,0.5286915958820971,0.3090863499863663,0.24363104372452699,212.42466999661264,False,
01EF001,0.4889699486133585,0.6618002064765822,0.3144235585051883,-9.708526529085313,-9.708526529085313,32.463874890785405,20.117075430250793,0.3408539314184013,127.91923251442232,False,
01EO001,0.30319873143383347,0.589344208143492,0.22696599442038867,-16.60364238558265,-16.60364238558265,47.49685190594034,27.29985375491543,0.2476969523149379,114.75040396966511,False,
01FA001,0.15558409571849163,0.5421770641202259,0.14132827340837117,-25.212687801278733,-25.212687801278733,9.03999987688748,4.791366022150865,0.1774511749852397,81.64753188895179,False,
01FB001,0.24046374806081194,0.568331569695082,0.1692275887323007,-24.46155497333953,-24.46155497333953,19.67911658145246,9.6985298283585,0.21165673808215726,52.21962309296525,False,
01FB003,0.6748025797784478,0.7546045477758444,0.39721026206705257,-19.85028285806978,-19.85028285806978,6.373677057242795,4.611631080124425,0.6264653239754914,34.73964933614037,False,
01FJ002,0.27840245675972175,0.5808558474809772,0.17061982095119055,-11.571562761423811,-11.571562761423811,0.9032617656951478,0.4873590791798328,0.1918396689083324,275.4332090439252,False,
02AB008,0.11977777864869488,0.5318520271935228,0.19500272507699856,-37.18085247684878,-37.18085247684878,3.0011472226209985,1.2297543808158133,0.2329045581645489,203.21397628908176,False,
02AB014,0.1359850173970476,0.5364763745641022,0.2603880444730252,-44.72622707017149,-44.72622707017149,2.051600178149653,0.8436275168794544,0.366479808724932,111.49162731070952,False,
02AB017,0.12206106350609547,0.5324986774420851,0.21725393096176493,-42.3918270841501,-42.3918270841501,3.678489087077884,1.5233904395386362,0.2848003038174625,107.5031725179139,False,
02AB021,0.2063827630960393,0.5575325545633932,0.29964107067125834,-37.06859908059184,-37.06859908059184,6.623245621981276,2.850245962631747,0.37957647615973256,118.70475909056336,False,
02AC001,0.2872799966238536,0.5838665970087235,0.34250865996824986,-41.79484852640351,-41.79484852640351,8.206944085798904,3.9017852808214406,0.43111219702097364,61.56603543083152,False,
02AC002,0.42268301957221377,0.6339879760432102,0.2367433052493706,-32.88055594462295,-32.88055594462295,23.250253739561053,12.720634864618408,0.35249831565649603,47.037439793263864,False,
02AD010,0.4094970597962574,0.6287319405218456,0.4050565626282875,-33.80947579557759,-33.80947579557759,8.037642614099289,4.195315999861619,0.4604223202934583,72.75546897315175,False,
02AE001,0.3952334125687792,0.6231435822705645,0.325642433064143,-38.56501420019475,-38.56501420019475,9.480253676068887,4.894887901791387,0.4014415098020162,83.26819240798771,False,
02BA003,0.6189751897789895,0.7240999528748265,0.2873967994730823,19.95433788414868,19.95433788414868,16.984195407182263,10.331032174808813,0.4779388642531402,102.86552703436733,False,
02BA005,0.26223195159893575,0.5754507921354112,0.2975179339456179,-32.79246917793828,-32.79246917793828,0.3018745148328881,0.12781314420188383,0.3301966390404028,152.7603882529579,False,
02BB003,0.41592686730969775,0.631283985166553,0.4306348552648074,-29.17229709027474,-29.17229709027474,49.16863264792451,25.82815676306137,0.4921001949415955,56.912559214994516,False,
02BF001,0.3756257478507764,0.6156216762712726,0.34629309386953455,-17.19067988547771,-17.19067988547771,25.858889576375812,13.658923768906746,0.3632242359856394,79.91084101252451,False,
02BF002,0.3084336939923492,0.5911680768578026,0.34874387912578164,-31.511192004909994,-31.511192004909994,20.50648849252902,10.72223273384745,0.4230696282777558,77.83398665789065,False,
02BF004,0.047522322688812846,0.5121697480183889,0.07777940984432385,-30.119649163404226,-30.119649163404226,1.5294385993380701,0.7159930572737349,0.10773037424727527,177.34378205139168,False,
02CA002,-0.01077062708352261,0.4973217663570248,0.10007237683662695,-50.853204975122864,-50.853204975122864,3.1839272668506178,1.4790658309107991,0.2127662928476687,174.534218363808,False,
02CB003,0.3959285677660973,0.6234136335233865,0.41872700508341976,-29.050227683992674,-29.050227683992674,17.807703481079688,9.140481783267447,0.4830211305298751,58.39932762174599,False,
02CF007,0.35303112415667515,0.6071760156900071,0.04409470923005909,6.5070733188568886,6.5070733188568886,4.656639659886191,2.4145067410809413,0.16501373448777615,111.6533327797607,False,
02CF008,0.3588098529567888,0.6093139188055768,0.06382123341088752,5.484209076574266,5.484209076574266,3.138071128296829,1.6102394544144798,0.17238034606021757,131.1433135857189,False,
02CF011,0.6667372772102436,0.7500397205342784,0.4653635308122538,-16.349967510311995,-16.349967510311995,7.412634422819514,4.136062484547993,0.5223902912875048,46.65237985828298,False,
02CG003,-0.2012251380354484,0.45429246773570875,-1.6615756319518669,-79.36378654180835,-79.36378654180835,0.6216160435593305,0.5087043783035888,0.08649033053640519,79.83927205954707,False,
02DC012,0.678348468743788,0.7566290934869295,0.5057009124669443,-11.393705749395325,-11.393705749395325,13.116594642613837,7.109559950804416,0.533185967460308,53.02982969179653,False,
02DD012,0.20335806966112235,0.5565939340018535,0.11563028702497125,-10.595640429087396,-10.595640429087396,20.73987422821974,11.047084354557477,0.13993683948792893,366.3042208371397,False,
02DD013,0.19648207983329735,0.5544718956313825,0.06368733271731974,-0.9562335144083218,-0.9562335144083218,1.5383285316717044,0.8472351721783221,0.11119702426870391,414.496133758845,False,
02DD015,0.4726429868903178,0.6547257723091283,0.16792287338146294,5.493116895728231,5.493116895728231,2.1114213557579293,1.2800541766949647,0.26051867034472326,158.92328661024416,False,
02EA005,0.4009616912359807,0.6253758865683164,0.23790963332821968,-18.577943359229067,-18.577943359229067,6.4172523751705635,3.579782656583501,0.2825867783869349,78.45834408761591,False,
02EA010,0.22498080522609476,0.5633741893858089,0.12866228460669804,-18.25708327391387,-18.25708327391387,3.8830717609880248,1.953224847389022,0.1627353779119604,88.05147948278741,False,
02EB014,0.5482146934319988,0.6888070815126136,0.334628703413967,-22.681171627774365,-22.681171627774365,8.845284568933348,5.835975862866308,0.41974761433903557,70.19415297931577,False,
02EC002,0.5418983531137485,0.6858232429374735,0.3766953018388378,-17.332747679598484,-17.332747679598484,20.24089030691147,13.534593968582723,0.4173019064741732,116.8271058844665,False,
02EC010,-0.16727899448387662,0.4614080616963408,-0.07353362925363349,-31.636692533370145,-31.636692533370145,0.6399746831682238,0.2801366439333015,0.009100348624288988,191.20622176638417,False,
02EC011,-0.0546519865422066,0.4867004273959355,-0.05001608699783877,-33.306951181446685,-33.306951181446685,4.437372355017066,2.40069957235872,0.041326865263527086,187.32082878592803,False,
02EC018,0.03907431181506871,0.509963231154169,-0.1456357892114042,-37.76309459956038,-37.76309459956038,3.3762782903806965,1.9459892361181024,0.06602024403861638,59.80695822851574,False,
02ED003,-0.01599077893014389,0.49603401486324505,-0.14758327180270703,-34.60926843434567,-34.60926843434567,13.704161405846307,7.362301403365303,0.0336980900642505,72.52423842595319,False,
02ED007,0.24225079169518482,0.5689093730068617,-0.6242107293467829,-16.71835090462621,-16.71835090462621,2.5808689783868646,1.5362675787820057,0.07009874457843604,61.65135931724085,False,
02ED013,0.19214331407272423,0.5531411907725892,-0.15001652165079427,-8.484678250764562,-8.484678250764562,2.0527616268443407,1.1835029419869756,0.06316493823604223,110.4951522335808,False,
02ED015,0.07515333635187005,0.5195219021263318,-0.04039546246890113,-43.53899777469743,-43.53899777469743,4.559923324269299,2.4055515258842544,0.11602062739472545,59.306540215708104,False,
02ED017,0.14245814524540723,0.5383458776126011,-0.37049238223360925,17.1733617620096,17.1733617620096,1.0442599774467116,0.5699312155874374,0.03312609671017179,165.05444016989574,False,
02ED024,0.2740824527520326,0.5794019543949438,-0.19556271685022586,-15.586136312029339,-15.586136312029339,4.533005027231839,2.6502325436325678,0.0963561804782031,95.64277123481784,False,
02ED026,0.13061233522147375,0.534934523663113,-0.10975226928119297,-34.62345302152324,-34.62345302152324,2.24448792131422,1.1972184439007774,0.08906391563094551,57.15169536710708,False,
02ED101,0.1212485894806874,0.5322683961278232,-0.21997782747437888,-35.543956906911035,-35.543956906911035,3.6770179141930486,2.090782918835239,0.06945410183379597,59.23579724499678,False,
02ED102,-0.02766862573884632,0.4931772318741766,-0.23268228793040646,-34.24585798671772,-34.24585798671772,3.0739180962844777,1.6046048312997256,0.018485528515408956,74.0656971428308,False,
02FA002,-0.17769970154964332,0.45920013640466756,-0.1010018412836926,-58.27372656318142,-58.27372656318142,1.9270756640778486,1.037733779519733,0.05376036151463712,394.42869756964075,False,
02FA004,0.0929495523611904,0.5243699773323445,-0.06242928517859214,-12.860517299623663,-12.860517299623663,8.679844136167382,4.612443379306073,0.04988645715704879,198.08082244475403,False,
02FB007,0.2956030798891167,0.5867177933734724,-0.07128754509000257,-19.754485847223993,-19.754485847223993,3.7301387675312534,2.055544356647009,0.13140988514753646,60.14741571909493,False,
02FB010,0.18427841465537065,0.5507452288232819,-0.025227211417608864,-22.470318334166926,-22.470318334166926,7.113262772947331,3.7526099145797422,0.09796288444711895,88.88050329025837,False,
02FC011,-0.006912137363553894,0.4982779172952149,-0.005345420913010823,-41.99794303428179,-41.99794303428179,3.4581725003261043,1.719544732317488,0.09133847341855904,82.25424740675979,False,
02FC016,0.17288258659948286,0.5473102016683549,0.023908406588270537,-15.014603694582737,-15.014603694582737,6.912698194180258,3.772423162659831,0.09805606333361633,116.81845698488715,False,
02FC017,0.36641373852855896,0.6121501040901612,0.12630351971976062,-3.2389437133859884,-3.2389437133859884,0.8066753427282223,0.47109852179758716,0.19499040690000102,109.21010146060888,False,
02FD002,0.004781797832569934,0.5011983145069986,-0.009489170283759396,-41.50073966649036,-41.50073966649036,1.5667683910994636,0.8176861723388107,0.0945065865865722,83.6766675218707,False,
02FE008,-0.1300583970513658,0.46947069685239484,-0.04864882880988297,-38.01844618883728,-38.01844618883728,18.27123628196928,9.078430426513398,0.0269048833540524,253.21233650747,False,
02FE009,-0.1230248105061813,0.47102605445368084,-0.06458652591187897,-38.21424967871188,-38.21424967871188,11.794076235884758,5.857877324561597,0.02401823112233809,332.54102864835914,False,
02FE011,-0.12213796255675247,0.4712228976834285,-0.003961889335537538,-36.82592054135062,-36.82592054135062,3.356134098641649,1.4669974138803885,0.03958259570418741,279.62468765421823,False,
02FE013,-0.14622681873632137,0.4659339783056065,-0.04152410985613986,-38.36780610392554,-38.36780610392554,12.14833658646332,5.995973987778688,0.025306950755869917,362.2469027394069,False,
02FE014,-0.051182212783154046,0.4875237283981448,-0.03311986268842837,-32.30422944885774,-32.30422944885774,2.3367553863467916,1.1302626387710843,0.03945145225341264,209.7650649811884,False,
02FF007,-0.13004029980417608,0.4694746855690638,-0.03929379036757741,-33.07552440761414,-33.07552440761414,13.868323620262583,6.404785991670015,0.022062198672397688,330.82136160540733,False,
02FF008,-0.2505728274960959,0.4443313221339134,-0.050868430705979906,-39.91278656146018,-39.91278656146018,3.397874783898016,1.486025983604329,0.006888831362987191,1426.5677985061477,False,
02GA010,-0.12848181410874404,0.4698184374287119,-0.07075643544460042,-43.75011185794064,-43.75011185794064,19.75343465419885,9.186622142523468,0.03597194933250084,69.00631437019953,False,
02GA018,-0.1672240633039277,0.46141975669811575,-0.022660806004196843,-36.868507021913416,-36.868507021913416,14.373278776762328,6.14569466200611,0.023740138550718992,192.3404007535698,False,
02GA038,-0.2425607190759118,0.44591880678801343,-0.018308769606541153,-41.371667478831135,-41.371667478831135,11.52787918809987,4.505073548735866,0.01570849964501596,636.7833578751067,False,
02GA041,-0.11724624812512596,0.4723116174538152,-0.005199980050526021,-33.391501172063535,-33.391501172063535,2.4298987570660078,1.0490177669510372,0.0332586746520833,487.62774887864254,False,
02GA043,-0.014686996400029573,0.4963550178200701,-0.4916481625953446,-50.086627519489845,-50.086627519489845,0.17497602248331948,0.11030750682431707,0.043429432445284494,58.33399278599231,False,
02GC002,-0.210811314107765,0.4523226354138585,-0.016425328349783497,-40.384816263908824,-40.384816263908824,8.982296800266594,3.6143141685723545,0.0213584182977746,295.7822066553124,False,
02GC010,-0.12418605885872003,0.4707685543032321,-0.056858433561213895,-48.20549615051081,-48.20549615051081,6.784073518295638,3.1166835311861125,0.057643766521988195,62.13862476460592,False,
02GC018,-0.1604088148576861,0.46287535633197907,-0.008072769389404044,-33.598293001546445,-33.598293001546445,8.035915570062077,3.259246037618119,0.025471758521796107,247.83764758056085,False,
02GC021,0.23958218643408202,0.5680469671994463,-0.3621749749689658,-46.808265360735774,-46.808265360735774,0.975454608777945,0.6782593896599712,0.20953260085048986,52.12025238689636,False,
02GC029,-0.17838360312685997,0.4590559709339514,-0.019182823382946523,-31.47745027732489,-31.47745027732489,3.5452945274171834,1.478296324151661,0.01695140216353121,625.1118144023569,False,
02GC030,-0.14426114532269918,0.4663611063332054,-0.02254425258326176,-31.76866842138183,-31.76866842138183,3.1743964528399515,1.35654112749574,0.022488293334114142,266.8561555972361,False,
02GC031,-0.3219309703060911,0.43067602473478095,-0.03441679630303063,-54.55137256171462,-54.55137256171462,2.751748263752608,1.012306288088774,0.01561123580616301,311.950553853957,False,
02GD004,-0.10297840273947667,0.4755160579382721,-0.0196400544428057,-42.06200832491033,-42.06200832491033,7.262394512191693,3.207354896341131,0.04934441930188846,103.45429634049195,False,
02GD010,-0.1386729612057076,0.46757967119771116,-0.03430374468527586,-34.105076054811676,-34.105076054811676,4.441235306269629,1.9223053763674762,0.02231316795310356,549.8857126678456,False,
02GD019,-0.026326605531441283,0.49350385928419066,0.031243363814201675,-23.284834646331067,-23.284834646331067,1.3828561740125347,0.6106781720956425,0.05545702411662739,254.30401306296324,False,
02GD021,-0.2428934064818793,0.44585266384485184,-0.02744591362262927,-47.95560372636634,-47.95560372636634,4.476397407560401,1.823178295612922,0.0233118150116986,307.87884693633015,False,
02GE007,-0.362698992378907,0.4232447735515983,-0.04520223656005595,-60.224460012550026,-60.224460012550026,5.593715092873635,2.063332729346551,0.011921818088353454,329.4751797103642,False,
02GG002,-0.20413166980485187,0.45369340393740515,-0.06440951803226591,-47.279945551470476,-47.279945551470476,13.925755475993283,6.406492821375154,0.02489790423071758,105.66200607804986,False,
02GG003,-0.24332580357195366,0.4457667265306457,-0.08501428941528921,-52.052769437742086,-52.052769437742086,21.48884102116017,10.283100534371963,0.021704224895346534,134.66276693716486,False,
02GG005,-0.14603563218416582,0.465975487546883,-0.052562557071546,-44.808907273564216,-44.808907273564216,3.5696827669266074,1.5534569185407525,0.03670201651363351,68.46046689820383,False,
02GG006,-0.35498474042230455,0.4246312015680731,-0.04991581039237891,-55.360312947851405,-55.360312947851405,7.2590095922507185,2.763036262413713,0.006531294612608799,1143.1261912185134,False,
02GG009,-0.33867760564570926,0.42759207065819566,-0.07256710386526266,-56.95078889607014,-56.95078889607014,12.552382783116435,5.4958116747899695,0.009063191669689068,738.0124169583711,False,
02GH002,-0.44441331657843897,0.4090961185728391,-0.045093252682454565,-64.4302211415248,-64.4302211415248,3.3449607812398217,1.0842400711517968,0.00379941897842229,757.4111487670808,False,
02HA006,-0.3851749229110477,0.41925646223863716,-0.07115907085913098,-56.92443113812038,-56.92443113812038,7.697870283679523,3.3065910337550144,0.002645634130411835,3335.131347954852,False,
02HA020,-0.41695039681429336,0.4137445275327407,-0.07429461203966503,-59.19964381184968,-59.19964381184968,4.696065493399966,1.8946939078777685,0.000724785022187304,1896.8177462065182,False,
02HB012,-0.14014587218754504,0.46725786919274453,-0.05285389601065704,-49.09430973092761,-49.09430973092761,1.2929692783620463,0.6222616057675572,0.05248596920468449,115.07766493724165,False,
02HB022,-0.15677737567448835,0.463654715261129,-0.30553103656580305,-71.03943017409345,-71.03943017409345,1.5264624571102952,0.9400800302557216,0.19126999879724432,61.775415853806784,False,
02HB023,0.12542980102617518,0.5334556158779324,-0.051210683013205305,-21.483080555160992,-21.483080555160992,2.051757887300249,1.2551058190688384,0.07110644301441736,439.6514319083803,False,
02HC019,-0.22890169587210885,0.4486514599777928,-0.1646751117563845,-56.755976178348554,-56.755976178348554,1.740185395995436,0.800040832362477,0.032671091017899785,55.68169085221217,False,
02HC023,-0.13445284203186247,0.46850414322017253,-0.13536337972896262,-40.822750713733505,-40.822750713733505,0.7731823934734882,0.3466082939749825,0.017665837493397046,58.35705973566411,False,
02HC025,-0.002871725981100637,0.49928309787794967,-0.13518539873013768,-44.21859963433609,-44.21859963433609,3.025002255813494,1.6392022315762145,0.07112637952640752,57.26233393337513,False,
02HC038,-0.046328755022136514,0.48868003127346094,-0.16673087687989807,-40.89476932468466,-40.89476932468466,0.812774912834355,0.4202254556981508,0.036558548489737455,58.02104001668725,False,
02HC047,0.13752245442152544,0.5369192248110599,-0.22963612730300675,-43.15371400219486,-43.15371400219486,1.5307409857037977,0.9467443303907936,0.11391963796550988,55.11535360151111,False,
02HC049,-0.12517188558353887,0.4705501737453183,-0.10553447407075511,-48.90659509033629,-48.90659509033629,3.9525767850691826,1.8989379116561114,0.0477908606684339,58.54909888100585,False,
02HD009,0.08537024184482289,0.5222941906865275,-0.16993093905719636,-32.04813670822856,-32.04813670822856,1.2140774460022965,0.6102444089012884,0.056415328507521983,52.65265312783176,False,
02HD012,0.10783249438982101,0.5284944366896966,-0.19003244606963543,-36.782877029458376,-36.782877029458376,3.328242685143796,1.8784713791331675,0.07938391550567526,52.22078808900935,False,
02HJ001,-0.004869181068581252,0.49878566115072254,-0.03630127660546756,-35.76743081974762,-35.76743081974762,1.6441570486675094,0.908890058857643,0.06298197190493807,169.66073767316357,False,
02HK007,0.09632869492792084,0.525300768749118,-0.18837432637563456,-39.42786420202242,-39.42786420202242,2.227526262117012,1.291277091461344,0.08092642803768303,56.69132054853139,False,
02HK008,0.3370739764334465,0.6013496606753764,0.20068011578215217,-26.975869215343593,-26.975869215343593,1.1216122364171033,0.6860086694882959,0.2707334202934867,101.28161444576791,False,
02HL003,0.3405354048404291,0.6026039982515216,0.20882536367466997,-23.328214971669617,-23.328214971669617,6.4753202343534255,4.059315802402307,0.2578708666695361,166.37247264829918,False,
02HL004,0.4387073144097985,0.6404948983809394,0.27261459351281603,-16.56136647290729,-16.56136647290729,9.212202240487157,6.1476641309455,0.3104194087767284,247.27420795573792,False,
02HL005,0.2550908614981072,0.5730957434600628,0.19364359492170136,-25.958157638165343,-25.958157638165343,4.994529637928569,3.0320620749348715,0.2319172289823472,651.399928218157,False,
02HM004,0.0071943781623994285,0.5018050877826622,0.031206441337642388,-26.435027929124136,-26.435027929124136,2.6530356444572956,1.3832067850032446,0.06980542157371082,734.2765762011026,False,
02HM005,0.11295954960497223,0.5299303466391846,0.10700200729944176,-30.613705487044335,-30.613705487044335,3.5273633867481653,1.9534078738169918,0.15283128820946837,1253.6429459122776,False,
02JC008,0.5172664035783778,0.6744299868926996,0.4710274810270444,-22.08319823114284,-22.08319823114284,21.356806542405558,12.103029535880484,0.5034297663022734,57.77005521436912,False,
02KF016,0.4218336509262425,0.633646763908577,0.07665106127707755,-24.192252721507153,-24.192252721507153,5.079834871684506,3.4451752254957984,0.24840412757680938,155.11417128019508,False,
02KF017,0.5680642131854778,0.6983553377240438,0.4235646502458781,-10.555885467729885,-10.555885467729885,2.0027407406153395,1.2214855417846995,0.4384866373507235,346.9260187067841,False,
02LA007,0.19385349604522029,0.5536649423567673,0.15606723013763013,-23.085331760146808,-23.085331760146808,10.952255814134475,5.635324522986197,0.17702444636492823,623.2052141442306,False,
02LB006,0.058145403079032265,0.5149716160960838,0.00639533364650835,-23.24757920010444,-23.24757920010444,11.304138382987185,5.311826475196602,0.065576571819308,252.7878475627333,False,
02LB007,0.05138341877185726,0.5131845893304141,0.04588275486053006,-27.535584670978334,-27.535584670978334,5.343935548746394,2.7846063791887734,0.08804625472550294,1925.2917456226194,False,
02LB008,0.052505366305380385,0.5134802338853616,-0.07470758829360369,-13.623364038556392,-13.623364038556392,12.544448904182543,6.37699822116298,0.03749763189281109,349.9644214350174,False,
02LB020,0.047854408235662005,0.5122568748042023,-0.058058700608119906,-17.46015622015618,-17.46015622015618,4.8938800910922575,2.3914336490430514,0.041620798383233786,277.4388087284484,False,
02LB022,0.03550703212501183,0.50903720010854,-0.10874700964772233,-5.333896164102732,-5.333896164102732,4.486769717374698,2.2170167845249242,0.02592911723814844,1201.5625156633712,False,
02MB006,-0.016184389389812148,0.4959863816337974,0.008018065352314085,-32.517957776643385,-32.517957776643385,2.82534456002437,1.3769154538348196,0.06214780695519526,960.0495815480813,False,
02MC001,0.12078104074438101,0.5321359680173257,-0.022263471400454815,-11.621449487122636,-11.621449487122636,10.098095312514737,5.363702419887888,0.0656035628069839,1077.279284902173,False,
02MC026,0.20274341563634068,0.5564035812694281,-0.04298638047530723,-4.582273919995903,-4.582273919995903,3.441361322776914,1.8837629568007337,0.08328928401566169,772.5980522641568,False,
02MC028,0.2099710560211795,0.5586501846038485,-0.004273140117990737,0.23314720891896126,0.23314720891896126,2.0777513780478643,1.1015683419093443,0.09421512174413531,1323.9616769094162,False,
02XA003,0.6553428593849557,0.7436839992852018,0.4083730534051715,-15.515856473474182,-15.515856473474182,89.30342137855509,41.18918328847756,0.4858904631314456,33.15866042892628,False,
02YA002,-0.1761719148678742,0.45952251895536245,-0.0677092238523882,-77.92282649029262,-77.92282649029262,2.1210846123219174,1.0980296221306383,0.349719446739519,67.80060806257617,False,
02YC001,0.4485702893556579,0.6445667458467573,0.3697050364935289,-33.535340736493794,-33.535340736493794,21.358705465335873,11.716376739491931,0.4610134337832215,43.40850618969249,False,
02YD002,0.6310754363760737,0.7305004428824917,0.3403533849246788,-9.494063518324088,-9.494063518324088,5.885830560874656,3.2548548004380793,0.42326388761876815,94.30565230287642,False,
02YE001,0.28342360772772934,0.5825549066746034,0.2423254556944161,-39.33017125170126,-39.33017125170126,5.101853404352726,2.7324983037141486,0.36191291303715056,62.37269843197443,False,
02YG001,0.19326321001585545,0.5534840523221844,0.2999472686119181,-50.6399119093903,-50.6399119093903,33.149385719102646,17.42168804280876,0.5345004436094798,51.034726066387684,False,
02YJ001,0.5204330432471505,0.6758734340719954,0.5029205199066766,-25.3512713379303,-25.3512713379303,18.766299501918308,10.898051209072644,0.5750614586126241,38.3712288576135,False,
02YK002,0.42915673619747374,0.6366007500833081,0.27290493091285617,-34.40464346302659,-34.40464346302659,16.550906279517555,9.572298721941204,0.3929126079500182,46.70853373226673,False,
02YK005,0.5921527670729047,0.7103043402804945,0.2845248468934395,-23.650655815451586,-23.650655815451586,9.770430641207668,5.383408913973818,0.44586320700203874,43.90089142375461,False,
02YK008,0.033018163571679526,0.5083931033221014,0.13645697425511683,-46.42540287372776,-46.42540287372776,0.8378383276988236,0.3677595062816157,0.2390503364315841,137.6831211188783,False,
02YL001,0.34434989404642735,0.6039923510433078,0.41587605572999586,-37.65257308239865,-37.65257308239865,72.21027128170134,39.52184273975763,0.5755321867094281,48.88852762503361,False,
02YL004,-0.007591548182218633,0.4981092896637535,0.06767112793936192,-46.7849381781568,-46.7849381781568,2.543247171176692,1.171383486367036,0.1765200438057595,67.00776216414496,False,
02YL005,0.11050144274730123,0.5292409439327566,0.1611226170792729,-26.924785614963906,-26.924785614963906,0.897905562236798,0.3963863331917433,0.18433374781568043,206.3288967164111,False,
02YL008,0.31163791515723627,0.592290012300963,0.3216446399432048,-45.764708078484595,-45.764708078484595,27.321895064937475,15.265288795444173,0.47498749892657494,50.83155699294697,False,
02YM003,0.2614396838009415,0.5751885572691882,0.1746184903765985,-17.92269855832088,-17.92269855832088,3.898941026667889,1.944622258216577,0.19702607324362834,238.48812964880133,False,
02YM004,0.29031158355529885,0.5849018981362119,0.11640615983285274,-50.06950177269368,-50.06950177269368,6.086409778225646,3.8059482315357975,0.3767105542110405,52.09012455411578,False,
02YN002,0.2207082613612752,0.5620213809147823,0.2562150263981765,-53.28475122167777,-53.28475122167777,21.996885314385263,12.430017872314174,0.48353785254639753,50.90421061539152,False,
02YO006,0.2995902264226933,0.5880935381218193,0.13608499010605046,-13.153758508209544,-13.153758508209544,5.611206569183518,3.103941899677273,0.1823917583341581,105.14471143242802,False,
02YO008,0.3556219720119024,0.608132669604874,0.20141701967559655,-25.75326886729054,-25.75326886729054,25.882605871217244,14.46287473120679,0.26381754455069495,93.52165253482839,False,
02YO012,0.4295351227077062,0.636754132142161,0.18185584627286056,-11.73545377954057,-11.73545377954057,1.6666998858025668,0.9352004036934752,0.25186959326077346,89.19568989358707,False,
02YQ001,0.6037644534664491,0.7162115321320324,0.33765783042790465,-17.98728417940314,-17.98728417940314,91.04578587826234,56.997431786339185,0.4359694825393717,46.64622723279624,False,
02YQ005,0.3117594907645377,0.5923326650021333,0.1869628592050444,-17.487342081434328,-17.487342081434328,3.398272957729643,1.8097775702360173,0.21829791078159927,201.46462170015172,False,
02YR001,0.6113828465433833,0.7201408952141697,0.18252723507562563,-9.437143244215754,-9.437143244215754,5.143011163327799,3.1023331007070185,0.46639954117862864,47.68962114514875,False,
02YR003,0.6038994312698065,0.7162807768995739,0.15379666173037843,-8.640888412411535,-8.640888412411535,11.357370469910135,6.492975569690882,0.44093524396254025,50.84705129950161,False,
02YS003,0.3495152368111524,0.6058826002537173,0.13256456336989875,-9.523823354813116,-9.523823354813116,1.3492613650588978,0.7621509132786599,0.19466562689990136,140.45756786082393,False,
02YS005,0.6500738293654247,0.7407812528961628,0.2739850913928167,-8.438104730611247,-8.438104730611247,35.91372642932521,21.89415065578179,0.5001000210628476,40.81784772540702,False,
02YS006,0.4497331326659214,0.6450502304288122,0.18784139046731896,-29.45471818533604,-29.45471818533604,17.659894801246757,10.879162668303277,0.33167704062096837,59.78020661064679,False,
02ZA002,0.05638179261858578,0.5145043384560972,0.09844958941601067,-40.64727098183601,-40.64727098183601,4.356251508834707,1.9125348660153856,0.16098257969356097,71.74259961811707,False,
02ZB001,0.3804801824975703,0.6174669733539706,0.4139166814392984,-31.343974558750965,-31.343974558750965,16.663608417316393,8.402458383537036,0.4662038710499915,87.19847489054554,False,
02ZC002,0.2378503216007073,0.5674886828617097,0.2851267132069787,-39.64067145124861,-39.64067145124861,20.51842536612207,9.616532331528616,0.35191359173796216,78.17324094648525,False,
02ZD002,0.6403482826058644,0.7354824674634822,0.2808573525630699,6.881199892485048,6.881199892485048,73.48419565652648,40.4879966865566,0.41907483354940195,106.00198334804958,False,
02ZE004,0.26769443361849776,0.5772653620739864,0.030980684295250915,-28.860460324069667,-28.860460324069667,4.705542389465438,2.329620271753805,0.15942092549361028,91.75337964118818,False,
02ZF001,0.5222564783631395,0.6767074159745422,0.014623974686822305,-20.126444016668593,-20.126444016668593,31.502564644522497,19.14403380531398,0.45193543711402034,42.780793879684346,False,
02ZG001,-0.5124849651762058,0.39801233195832,-1.0452526226698766,-97.14555321246442,-97.14555321246442,12.457011905308999,9.004205958889573,0.12882642631280367,96.01767657380933,False,
02ZG003,0.4883662162063407,0.6615358896586435,0.25755831882547153,-17.05177881051073,-17.05177881051073,5.479203314951606,3.0701399450379103,0.3224609915200993,100.27696452930826,False,
02ZG004,0.26380542120209927,0.5759723087560703,0.1765504406442917,-35.073988658994914,-35.073988658994914,2.54398236610845,1.3127466154170175,0.25461779987190003,67.09126905240677,False,
02ZH001,0.5327664514507642,0.6815547538350492,0.12112237384443059,-21.709701790124296,-21.709701790124296,26.588738178731237,14.712010898503015,0.34410418447652197,56.06798231531206,False,
02ZH002,0.36941149463048406,0.6132755116983882,0.1885781574507832,-19.517865612824405,-19.517865612824405,2.5335125758625643,1.3261618787285334,0.24232199876679186,100.00402141230438,False,
02ZJ001,0.4097681726735479,0.6288391307582063,0.12091328760460873,-0.3226162696114664,-0.3226162696114664,2.6544788065295792,1.537033684310803,0.2117185215181109,172.17949418247588,False,
02ZJ002,0.5060816443238464,0.6693806232452347,-0.12418588570155009,-2.0305262864973948,-2.0305262864973948,2.4969951093625524,1.5314859977053559,0.30318291940038783,72.18226937077095,False,
02ZJ003,0.4174229529159268,0.6318807680438169,0.24554056702969151,-23.41237268329917,-23.41237268329917,3.249071504075835,1.9138299700432337,0.30999907447235026,76.37240746828925,False,
02ZK001,0.5524615809938289,0.6908279510028927,0.17325810106441275,-8.45119491523639,-8.45119491523639,11.298697271054287,6.5418008731579285,0.3189799747974081,69.91874554432829,False,
02ZK002,0.5268088574716577,0.6787985422473861,0.3664065746589147,-16.83863070183087,-16.83863070183087,3.307099413132851,1.9544283979688917,0.4044174835673692,57.4561053032914,False,
02ZK004,0.39512399941437326,0.6231010991722074,0.3662504515301346,-26.94701595821029,-26.94701595821029,5.678464537841158,2.994782698661573,0.4055534915150406,69.98104623069476,False,
02ZL004,0.35449931289751324,0.6077177650778562,0.1872172377749336,1.5449601062150453,1.5449601062150453,1.0618946969565741,0.5955094876278884,0.21698714256368884,95.6503699400344,False,
02ZL005,0.4090506413305923,0.6285555190998355,0.09896708757459272,-7.544037901845288,-7.544037901845288,0.48669461948515585,0.27350097690044234,0.20829368243337923,82.65195479821315,False,
02ZM006,0.16698993170944276,0.5455507404455163,0.16164911609670496,-15.500505366766111,-15.500505366766111,0.20767575874038266,0.10328358404604367,0.17071582445955108,146.02745339165085,False,
02ZM009,0.3045140291322861,0.5898014004139599,0.1272213863280699,-28.83146441045249,-28.83146441045249,3.0211850151643747,1.7013300671129543,0.22481287527121135,60.31444754615231,False,
02ZM016,0.3757078877417944,0.6156528080467801,0.1632696612238489,-24.624262176821887,-24.624262176821887,0.8139359367577547,0.41720129934719846,0.25014350332940766,57.727478009191316,False,
02ZN002,0.4003086642226231,0.625120595226607,0.3171532829906969,-29.698155852609386,-29.698155852609386,0.7561377642544901,0.4398282381465983,0.39064562317182006,57.93293475784572,False,
03NF001,0.6754028761119235,0.7549465282430254,0.33965233566486963,-8.02973219376794,-8.02973219376794,169.9124755647156,72.9714857729814,0.4768376031246053,37.54756609688343,False,
03QC002,0.5548864996979721,0.6919871690292843,0.39826306408688106,-20.897041988789486,-20.897041988789486,63.11112124737123,29.8054498508781,0.4367088164234159,50.83682209548777,False,
04015330,-0.013119051743397225,0.49674161055402166,0.13145289842557373,-43.82994894015698,-43.82994894015698,6.109170746790222,2.08880611838319,0.1791291171653155,250.25446402911632,False,
04024430,-0.0014998731400366339,0.4996253127066944,0.1362964568953864,-54.52145943701273,-54.52145943701273,20.019395058656563,7.682297334579742,0.24376698279233208,60.29764986548719,False,
04027000,0.22170465378365678,0.5623362857737257,0.2993674516138023,-37.40055465600428,-37.40055465600428,26.254383190510907,11.263302097667033,0.37740885854626055,60.37769488182752,False,
04040500,0.5091017269768434,0.6707365741139791,0.32351491473142036,-23.21229131126185,-23.21229131126185,7.1311177710814455,3.4662168606169397,0.3799668886532138,84.45748104068926,False,
04043050,0.05413440576829387,0.5139101091896504,0.15713712124069457,-54.70453711296178,-54.70453711296178,1.9082266697679955,0.827032763022552,0.29361398441648867,55.82496669886221,False,
04045500,0.424266239259365,0.634624975941351,-0.0374976658315771,-42.60743927482043,-42.60743927482043,25.022049078037156,15.641769763387336,0.40966744212468614,58.871202927521246,False,
04056500,0.37685389751422493,0.6160874849580977,-0.2648508735150661,-41.84409195075329,-41.84409195075329,38.25716210135239,24.08213520992806,0.40010354519020747,58.827890372002315,False,
04057510,0.4143772225405339,0.6306670251055746,-0.21988954963469065,-31.83831867751627,-31.83831867751627,5.724319641222757,2.9579435103716696,0.3460607168422996,50.42287374072164,False,
04057800,0.3289855486217609,0.5984388699781789,0.24950671522563472,-39.401306255253516,-39.401306255253516,2.0785824583994956,0.9489329399584472,0.32551516961147453,56.69860803511517,False,
04059500,0.2923240791801561,0.585591204869778,0.11122571935480263,-48.547522918026964,-48.547522918026964,13.352090490699355,6.561882318695937,0.28870475791365446,58.943418058579624,False,
04063700,0.3794822161329148,0.617086717563613,0.08725609894313113,-44.205256778446575,-44.205256778446575,3.2377396921808477,1.7906817660310417,0.3370793323981925,56.626879850927544,False,
04074950,0.35399542033476505,0.6075317240024815,-0.611448895535035,-48.8126126958223,-48.8126126958223,9.172930405093293,7.114781860688225,0.40163571361698297,60.24037572852677,False,
04105700,0.2431895820993748,0.5692133822811639,-1.7807697035475147,-55.78851325480612,-55.78851325480612,0.8965608835208442,0.7537669458283326,0.23879245512968345,59.70102607659583,False,
04115265,-0.028104773956925344,0.49307117306812226,-0.8126574409466261,-67.76249349766738,-67.76249349766738,0.8744377651359703,0.6546812724828777,0.1698017592111368,66.50141151238044,False,
04122200,0.3666449032019017,0.6122367401677209,-0.7950157506454876,-41.011701277031314,-41.011701277031314,8.813293839176419,6.930775769449808,0.33743493950016523,52.5257316211371,False,
04122500,0.30904040141172784,0.5913801848576795,-1.4520464383604241,-50.131587057969504,-50.131587057969504,15.138402671949441,12.853193030463352,0.3313219105249174,58.268193274622625,False,
04124000,0.06214813480911363,0.5160353161986899,-3.939110940319516,-49.077756891747114,-49.077756891747114,19.03795812632488,17.175529962631614,0.36841207385599917,57.11680292655187,False,
04127918,0.2995381800692525,0.5880755382327406,-0.08960622538745922,-33.28022067141554,-33.28022067141554,8.312903776139965,3.8751076518491074,0.163262188446406,57.18871654268628,False,
04127997,0.026992555151873043,0.506840459528512,-3.9179217756503064,-51.24307507218636,-51.24307507218636,4.298347510613972,3.7761285158648175,0.24397629590706688,59.70671540086385,False,
04161580,-0.04367366110371318,0.4893149131549392,-0.21756755237353897,-66.63643637348369,-66.63643637348369,0.5280724823705131,0.3409698328689357,0.23486831075936404,65.6414079285522,False,
04185000,-0.23377894106426567,0.4476718719192322,-0.10065963048702442,-61.007626280908916,-61.007626280908916,17.924329818671293,9.058136294840255,0.05321428313520875,134.6717588563962,False,
04196800,-0.2757363205131165,0.4394182186161739,-0.04502154837787731,-52.19023075592863,-52.19023075592863,14.521268661183127,6.210254538291102,0.017238769177240792,2045.3739788966363,False,
04197100,-0.23732108295089227,0.446963114780584,-0.02642899086166306,-47.25760484126427,-47.25760484126427,9.443686480576178,4.096032142303305,0.02446262267748151,732.2645565512328,False,
04197170,-0.2969910860732128,0.4353521465812631,-0.007982792384299442,-47.114811212414374,-47.114811212414374,2.9082677032964472,0.94740536457006,0.01620333251363373,281.97963129384067,False,
04213000,-0.09019294213055429,0.4784247328769038,0.018178123448000294,-42.674364909180305,-42.674364909180305,14.962850774164696,6.960462717280798,0.07760633095079501,167.7081865846108,False,
04213075,-0.023772687613315302,0.4941266408626774,0.02469408899307224,-30.471896677511978,-30.471896677511978,0.3692441618192301,0.15564332116376864,0.06494466294314534,97.0058818858253,False,
04216418,-0.0592578461083757,0.4856118440387729,-0.017346801562082792,-37.17627578242896,-37.17627578242896,5.249974861697115,2.5686701327606762,0.05636073772424531,107.03305231064806,False,
04221000,-0.02562407634237429,0.4936750168400834,0.03451358939343829,-42.43367294384906,-42.43367294384906,16.14369603694811,7.906508762911671,0.11732395961981722,98.55017924979296,False,
04224775,-0.06569638273086698,0.48409824810652574,0.017694360869868753,-47.21696207676882,-47.21696207676882,4.360384975927178,2.054518078033504,0.10960841187764213,84.3033488221115,False,
04233000,0.10722941761729221,0.5283260471753283,0.12762741907533204,-27.66065836143503,-27.66065836143503,1.8933924516755396,0.8202899792426249,0.15504371237979714,86.82173922126918,False,
04256000,0.28966783528346585,0.5846817481595672,0.17792618964760964,-21.706037992016512,-21.706037992016512,6.49641165969645,3.4073179944475407,0.22287599948872994,55.26230158699702,False,
04296000,0.21453765343351083,0.5600790192652549,0.14056792402414886,-29.920730937685484,-29.920730937685484,7.238270552015066,3.8842860518767415,0.2035267503152551,65.58649194731413,False,
04AA004,0.23982962561280285,0.5681268214437194,-0.4918627697314475,-59.694895976801426,-59.694895976801426,35.77317313600565,28.714999653262762,0.35989219375144765,64.19112999065028,False,
04CA003,0.4888977908782097,0.6617686043759883,-0.06516635999646714,-5.872330355057797,-5.872330355057797,8.33707201275715,4.061752136826461,0.2447548842772251,96.74880564773296,False,
04DA001,0.5336730445030424,0.6819761419860735,-0.017907844450629762,-7.26129165601743,-7.26129165601743,62.53187355174113,29.206903526955163,0.4040353259333995,48.99154710093048,False,
04DB001,0.14066491923857494,0.5378266727428631,-1.3034505657948192,-12.435480005726378,-12.435480005726378,103.5881220014853,47.755218435245176,0.16115831940616948,67.48824594898477,False,
04DC002,0.4284405716514893,0.6363106491307556,-0.15027842484278708,-29.2474974569816,-29.2474974569816,61.41170148012456,26.14944049493802,0.35735351216248656,58.075080478845685,False,
04EA001,0.3502404864951616,0.6061489519012052,0.2504987150593836,-51.32516327672588,-51.32516327672588,106.93302489966793,53.51396015720652,0.408335242720055,56.59263838997541,False,
04FA001,0.5123782999816398,0.672213910288925,-0.02872281506568619,-7.487098007741237,-7.487098007741237,84.1005982090743,40.63027250135627,0.4408659617769951,47.13396861392502,False,
04FA003,0.6128690941224657,0.7209124933795449,0.1760870590297423,-8.700928869263445,-8.700928869263445,50.15805946989081,26.535662787594454,0.4202193078691845,65.552160545672,False,
04GA002,-0.4550823124489154,0.4073183187909133,-3.894123219318958,-5.7127854862511604,-5.7127854862511604,66.44340303188645,32.22931422622973,0.07068612275327375,74.3421359148675,False,
04GB005,0.2595697620995796,0.5745705735418368,-0.8469493722838193,-23.622930119628464,-23.622930119628464,10.238374945147346,5.680668899809015,0.23207532540174927,54.656061658026225,False,
04JC002,0.5648761990948463,0.6968039965397308,0.3542254010263616,-26.44914298719147,-26.44914298719147,22.342313656788615,12.71410750550191,0.45381687643064794,54.751167229398625,False,
04JD005,0.43159023554050857,0.6375884814416608,0.4326471759449101,-22.514526680236134,-22.514526680236134,27.293418860444483,14.48522674395697,0.46209791264763705,107.25755059024553,False,
04JF001,0.4641608943551917,0.6511098697282871,-0.05451675956668578,-27.664398527559168,-27.664398527559168,51.34935537376087,27.318195326807764,0.2986728601090899,44.42798952177136,False,
04KA001,0.4371151734998664,0.6398424138772676,0.23960418342074474,-36.831377108751596,-36.831377108751596,61.76885067915711,27.394727626680066,0.35808187188595675,71.52970323010739,False,
04LJ001,0.602601909634602,0.715615690972152,0.5754679320394398,-2.2074696767418813,-2.2074696767418813,94.1920629792042,56.64443278731126,0.5823044650760376,119.83998131366947,False,
04MD004,0.40136678659407254,0.6255343574837128,0.439081604995053,-26.43651496437775,-26.43651496437775,6.656370067551923,3.329839069404571,0.4855875904938925,98.00631587721124,False,
04MF001,0.627830492130496,0.7287729353151476,0.4124427146954561,-16.824612265322,-16.824612265322,99.46811692819747,51.90827989349362,0.4706091289741518,75.18792656483114,False,
05056000,0.29220773632136565,0.5855513116366804,-0.34613141944777026,-6.338234886704071,-6.338234886704071,10.506150024915621,4.332215639315663,0.08791692671775726,604.9542708961385,False,
05057000,-1474.5178183192559,0.0006772691718263964,-849275.4344568163,137397.73570147282,137397.73570147282,13172.014109232641,10687.03033427516,0.0345121025846247,1468464.2316910743,False,
05057200,0.31700907286399505,0.5941802679243965,-0.10661654948963917,-21.564021850252306,-21.564021850252306,5.186498131148274,1.7152031284315532,0.13556375777222285,367.916109870525,False,
05062500,0.03714854338575446,0.5094629023659876,0.04544191567354361,-69.69851168185524,-69.69851168185524,13.87197301461201,6.56626943723384,0.2326113753467248,78.98589606283609,False,
05087500,-0.3282597654006709,0.4295053390779657,0.01472041948037639,-83.67610274007377,-83.67610274007377,5.730187982815471,1.7934734780649761,0.09892963824927649,337.3171105701068,False,
05120500,0.3043086120629964,0.5897299515194276,-0.15970473982510347,45.93262901340439,45.93262901340439,2.256455391145387,0.9089435988547728,0.2372497511697871,2156.8562705856907,False,
05123400,0.1501238196848954,0.5405767211023074,0.13905040054294204,51.87442484965123,51.87442484965123,5.399391781703638,2.8239346158376,0.19837365147869354,11288.26075833365,False,
05129115,0.2371098542378991,0.5672503203923113,0.10415354966130674,-57.32456381198199,-57.32456381198199,16.71884336509427,11.050467292643383,0.43005127620717487,62.35441962716577,False,
05131500,-0.05855011330804838,0.4857787981624699,0.08172859843989777,-67.61658127789192,-67.61658127789192,46.307632301749486,21.5047081999514,0.3405797802093491,59.77641451343809,False,
05AA004,0.42811812731088816,0.6361801210222244,0.3543427437646396,6.360758773846569,6.360758773846569,2.3089024349698652,1.1114729335294116,0.35524374366966466,229.9097409203176,False,
05AA008,0.11986633374761313,0.5318770776512234,0.1784235065936901,-62.70249603686052,-62.70249603686052,4.999268432439537,2.897137072200117,0.5074718879388073,59.8715752798038,False,
05AA011,0.41735465090368384,0.6318534980505871,0.4081120641930114,-26.308959931143214,-26.308959931143214,3.28339712092651,1.3846565942702702,0.4344243330305478,57.53849635608097,False,
05AA022,0.27365697660408883,0.5792591544366932,0.44695519628798763,-45.92520761651073,-45.92520761651073,16.938603114584662,7.396009436652194,0.6277594860018714,41.00163474336021,False,
05AA028,0.2944620275452917,0.5863252628499045,0.4164535930695088,-48.07337500797903,-48.07337500797903,11.449635198214805,5.631967420274155,0.5829101907856464,42.60872616161378,False,
05AB005,0.11363958233055971,0.5301213864715628,-0.06547568261448067,65.5464587134945,65.5464587134945,2.7868621166526752,1.385018797571784,0.1780045054070963,878.3611070529968,False,
05AB029,-0.8668101727815547,0.34881974729067566,-1.3531203334979809,169.8703922902493,169.8703922902493,0.7551747704683316,0.39313568304128355,0.1078976220928536,1513.1347580442077,False,
05AC030,-0.35785061934173545,0.424115078282262,0.007418956456959003,-50.8406800522282,-50.8406800522282,0.8976545901842168,0.12278372815981903,0.011422090624815188,655.1174666349224,False,
05AD003,0.7957932649173913,0.8304221948496243,0.6635380248274757,-11.328558419397492,-11.328558419397492,13.624627493182729,6.732359144237201,0.7228615987299354,38.983807994733084,False,
05AD035,-0.03875358386154493,0.49049576560691,0.08730143590598405,-5.201373130254214,-5.201373130254214,0.8492049140806085,0.1749723761765664,0.09302056373268558,1515.1759318327406,False,
05AE005,-0.5214360139491716,0.39659939592667315,-0.6064774008404703,129.00233475157358,129.00233475157358,1.166311032727099,0.5888265203488929,0.039824077207751815,925.7993833002414,False,
05AH037,-2.6721387750537406,0.21403473829573857,-1.1662976175105886,359.2212555293384,359.2212555293384,1.2976678955382235,0.6585675261550863,0.0744944246215628,11549.093186920942,False,
05AH041,-0.9126674410329607,0.3433279013979556,-0.5378782397498147,172.9353226530434,172.9353226530434,1.7272559071150504,0.8595057870944631,0.0378418423977475,6147.290870257327,False,
05AH047,-1.502653685819221,0.2854978224220629,-0.16477601762506455,229.17271591181287,229.17271591181287,0.12407082855795039,0.036908881195246435,0.015401270309014687,638.1188617835588,False,
05AH050,-5.1906640474983785,0.13906921438610367,-2.431561579009962,613.6919258506384,613.6919258506384,3.3997757269445166,2.278755991197699,0.16022679446498342,19117.101061223686,False,
05BA001,0.6798591381168696,0.7574949226051061,0.49995955423712646,-11.468680394322902,-11.468680394322902,8.395990861430013,5.3421520801340145,0.695232237463231,36.68568607467038,False,
05BB001,0.520054863382397,0.6757007238021594,0.6421597185107457,-36.272997745865894,-36.272997745865894,25.187182448878886,14.3123486738643,0.7750942952742619,42.04537677067389,False,
05BG006,0.550123570410695,0.6897139505076734,0.5513684523748661,-17.205996451196672,-17.205996451196672,2.7951432728462002,1.0680876216784394,0.567234509794961,57.46991023318107,False,
05BH013,0.2214745889102574,0.5622635435876496,0.27714409415116503,-43.24720918411016,-43.24720918411016,0.832151994110996,0.36900157104932213,0.3442829528291335,68.74714119345295,False,
05BJ004,0.5775787319399286,0.7030266085403949,0.5951437233863712,-30.545985099692565,-30.545985099692565,6.90472726166952,3.4354794435312033,0.647698362492085,43.951993308577315,False,
05BJ010,0.5214393047558099,0.6763334120922551,0.5730056106201891,-27.09847687279456,-27.09847687279456,9.627254836595203,4.376951893316933,0.6263560614131312,38.376133696902755,False,
05BK001,0.2402145623992874,0.5682510939307452,0.2822161348759761,-14.121841977439658,-14.121841977439658,3.3706983667413657,1.0484579103797347,0.30747050299178824,959.4849937699022,False,
05BL013,0.38244568930035894,0.6182172637946666,0.43100110695979355,-12.73623253769399,-12.73623253769399,5.739367746707116,2.2217045350258275,0.4769302409773188,461.39275622483956,False,
05BL014,0.23907440505751476,0.567883164894688,0.40543507843285564,-42.16029396632216,-42.16029396632216,7.356895039328918,2.726937384833658,0.5643066631096756,42.997721995562515,False,
05BL019,0.22933552261069712,0.5647597344215188,0.3500555510049128,-49.145886143950705,-49.145886143950705,13.109279583646137,6.405293717460759,0.530356059878456,46.77199035607455,False,
05BL022,0.12967191913513254,0.534665554258045,0.279419874944402,-48.03680206643203,-48.03680206643203,3.8064758761858717,1.2286377843511762,0.3597457268781316,59.63088217315317,False,
05BL023,0.4737092593464002,0.655183166197924,0.3688917095961479,15.676469261931588,15.676469261931588,2.3482906145774147,1.2273039640642631,0.3778342994497775,510.9211382094004,False,
05BL027,0.26443192437786556,0.57618022251391,0.3293019167223664,-37.77585999249784,-37.77585999249784,2.552609077618516,1.0551265247573307,0.4181084907306899,43.7766757297606,False,
05BM014,-0.39421811667643336,0.4176728899654989,0.00504611743123351,-59.062351082313455,-59.062351082313455,2.0769752176699576,0.31851195694059703,0.01286595430725227,687.8845089798617,False,
05BM018,-0.6514728100022131,0.37714887975757344,-0.003933553958969771,-96.98559244232422,-96.98559244232422,0.2253734939741863,0.020235457907981272,0.00718367110996569,101.18146944447619,False,
05CA002,0.37902852430565726,0.6169140018775779,0.4452129419857692,-27.508992791771806,-27.508992791771806,7.811893559259994,3.5325037790387195,0.5070268753224689,58.8411946937045,False,
05CA004,0.7320742464422763,0.7886897140420563,0.48996330132015464,-11.787566806419548,-11.787566806419548,11.205315844581389,6.040763960074066,0.58156641137872,40.93461116535379,False,
05CA009,0.7555876571533922,0.8035921579759393,0.6524210152205088,-9.153138900956204,-9.153138900956204,17.80422613321324,7.546613182483313,0.6601967520312366,35.95124883753684,False,
05CA011,0.19417948964136256,0.553764892060839,0.17341188014382414,-14.05273176565959,-14.05273176565959,2.844639613269619,1.1852559809404737,0.1782216144387157,174.65052113814627,False,
05CA012,0.29426507066653074,0.5862575613614002,0.3849134188835448,-39.68110776004579,-39.68110776004579,4.835808648047432,2.2042654808516633,0.4691748655857218,69.09505577091485,False,
05CB001,0.21884322873345086,0.5614328935733813,0.2540769501016443,-26.472064113374227,-26.472064113374227,8.817261164060826,3.7045170917056574,0.2777617169923249,352.1721915418369,False,
05CB002,0.24814409218452793,0.5708232027181843,0.3284774497672329,-39.27416659911228,-39.27416659911228,5.285067927292923,1.9799730668657844,0.37133819711794636,85.35704046276281,False,
05CB004,0.21350696830255744,0.5597558917147561,0.07584940531398654,-42.09044011541506,-42.09044011541506,2.352645850365652,1.2125218545116974,0.23538633701835965,47.33411244244602,False,
05CC001,-0.2943340748964798,0.43585631706451466,0.024401736602282065,-68.02463116416568,-68.02463116416568,8.845725843004399,2.3442034483540923,0.10320452140031258,94.612080021575,False,
05CC007,-0.13482633443000047,0.46842217742596864,0.0764449296769828,-53.427900911616305,-53.427900911616305,10.768023069256508,3.6659502105891124,0.14644557202256472,154.4885820678362,False,
05CC008,-0.25995238961549094,0.44248719778125073,0.05609295432290462,-72.46278549400003,-72.46278549400003,5.859682643669081,1.4316823193791302,0.23404215024194078,485.7703238879476,False,
05CC009,-0.21299326977832989,0.45187665667874694,0.07293925541802271,-74.43948538313072,-74.43948538313072,2.107471891031301,0.662830243534886,0.25775377407475564,188.08212086821172,False,
05CC010,-0.05348769828287914,0.4869763772318662,0.09255207878602467,-52.52486299317127,-52.52486299317127,0.4062782121881702,0.14339402730565765,0.15303493433913964,94.14759399592484,False,
05CC011,-0.5693209988148329,0.3892078881779569,-0.09964749740044643,-96.12017935756333,-96.12017935756333,1.5952501530703047,0.5260067880751775,0.038417434464523725,91.2449095124579,False,
05CD006,-0.620305492561003,0.3816348906030159,-0.03451345475623846,-95.41751174266312,-95.41751174266312,0.5977950566164739,0.12360277202509909,0.006958034177006432,122.14230123535567,False,
05CD007,-0.3685090675355063,0.422206532247109,-0.01619379862215764,-81.152368527643,-81.152368527643,1.4454613778584093,0.45698591676877254,0.09405090655727645,563.2274615925577,False,
05CE002,-0.43850188537582246,0.41008785188857044,-0.0011066548626712525,-77.87600534145501,-77.87600534145501,6.457815473824513,1.274977308165157,0.0514806470536426,674.8513669087986,False,
05CE006,-0.36373031342592066,0.42306010728890203,-0.005370559630257121,-66.54678537523944,-66.54678537523944,1.642552798286086,0.4063999483156069,0.025428330335895616,657.0092619857966,False,
05CE010,-0.5846644495745201,0.38689741725066756,-0.047040629802070244,-90.80128981768482,-90.80128981768482,0.29828223570284423,0.07209674981122244,0.009008818994525908,83.55248138727322,False,
05CE011,-0.6784940190601629,0.3733441228108035,-0.022602635907285507,-98.0386335689015,-98.0386335689015,0.3188731208812314,0.04979227798589305,0.002311753661711503,93.35873700351073,False,
05CE018,,,-0.06824811497923977,-100.0,-100.0,0.8402337689279402,0.21237793539729705,,100.0,True,Zero mean/std in KGE
05CE020,-0.08879242320725278,0.47874551290479217,-0.036686089710108005,-3.6466632393718883,-3.6466632393718883,2.0360002853219923,0.571094820300613,0.015579158230001904,3400.6794709907363,False,
05CG004,-0.33139029120855135,0.4289286112972606,-0.4623878049169634,97.67084235098542,97.67084235098542,0.42778101107101535,0.15445118664853913,0.01463137838511148,2053.1143470137913,False,
05CG006,-0.2280478287889327,0.4488233991563616,-0.018062626068270804,-23.137074911254913,-23.137074911254913,0.4667677244434746,0.09454270637232885,0.005668207001700636,1308.602204573904,False,
05CK001,-2.8187083528555044,0.20752449137275822,-0.7229943017777705,371.22217026356986,371.22217026356986,0.7651974646500611,0.2752129577775555,0.012223005144068615,6322.256390248517,False,
05CK005,-5.357557177091736,0.1359146760168673,-0.8657043532399635,627.8780521517228,627.8780521517228,0.40900300571517717,0.1411876862996371,0.00014973314820748834,3262.524030392453,False,
05DA007,0.6766854106246364,0.7556782098745123,0.70274229904132,-28.712344501065303,-28.712344501065303,4.164082231151636,2.4720048212288903,0.7630486226996214,50.29737713043067,False,
05DA009,0.614175158961989,0.7215919143511526,0.7814545533498738,-31.610650553255823,-31.610650553255823,31.08237633020867,18.31574914733329,0.8675406318406427,41.21595252408489,False,
05DB002,0.42466009667915816,0.6347836412268768,0.281781199379439,-26.03414915789921,-26.03414915789921,5.063529796958103,2.1801836954669174,0.3362139789736246,38.98584182218349,False,
05DB005,0.28660269990567344,0.5836357976897405,0.20114865490880762,-32.959064862802194,-32.959064862802194,2.620014640465673,1.1470142373134329,0.2540520761322532,61.93957432491648,False,
05DB006,0.7718027247247741,0.8142014480335911,0.5772030639609954,-10.506295264066564,-10.506295264066564,13.00921358864922,6.167078799196423,0.6406109225724621,34.75018346127055,False,
05DC011,0.4526794356390482,0.6462784913693712,0.02611297503066079,-25.241666826755942,-25.241666826755942,4.329435693888332,2.3063390843956264,0.2662971247191283,83.73725866265434,False,
05DD004,0.14536995683935994,0.5391910929555583,0.19583438102480677,-54.789541750556545,-54.789541750556545,4.1986852779468515,2.1830840010532784,0.3276634195474251,73.3872773680061,False,
05DD007,0.6364479228842748,0.733378663552965,0.3484937586689476,-19.808591222755204,-19.808591222755204,32.135772563777344,21.978704306992203,0.6130775334504248,39.910779818691324,False,
05DD009,0.20363347161260936,0.556679265727416,0.3344753831933971,-40.4918586344753,-40.4918586344753,8.991489539529798,3.170913181537165,0.43604809633967984,55.585064168226225,False,
05DE007,-0.018816850667762175,0.4953396340382392,0.1821250501084074,-58.709925713647344,-58.709925713647344,6.416913243601687,2.1331091881933726,0.26763567042543385,176.80191009855798,False,
05DF003,-0.43095093800008755,0.41136165455592755,-0.04872789623513607,-93.4849060793654,-93.4849060793654,1.9320081592674037,0.6438052791052981,0.17243135066997403,112.60271860221948,False,
05DF004,-0.4025670975374256,0.4162214662079475,0.009766289215992208,-80.79133894807184,-80.79133894807184,5.922937803666616,1.254845332123861,0.10768864171025601,343.492064878603,False,
05DF006,-0.6174674045888007,0.38204869265873365,-0.04177031815573451,-94.69936849435803,-94.69936849435803,1.8592782999167594,0.41228570070215115,0.010231059381833489,191.12581886601376,False,
05DF007,-0.527613157637095,0.39563016080151936,-0.013210263400432964,-90.3881160595916,-90.3881160595916,0.30886291682080835,0.06299897366268453,0.034034671739862604,137.0694524195582,False,
05EA001,-0.12104159120995228,0.471466473898585,0.029838864930207598,-74.23284473015033,-74.23284473015033,5.485017654182723,2.7169791962097705,0.28832056941157214,246.84287498554275,False,
05EA002,-0.04184991926173365,0.489751960007701,0.07560839635474592,-67.0766131717657,-67.0766131717657,4.469979624382948,2.241174267805065,0.2501344520260868,884.0949073623723,False,
05EA005,-0.04985809853876533,0.4878386463496409,0.1697823913696953,-61.48879751733631,-61.48879751733631,3.754709672261943,1.2756003101766573,0.26500493550598864,2034.059013325492,False,
05EA010,-0.251796020403946,0.4440899579441533,0.07071508575218832,-70.93579423326865,-70.93579423326865,1.3205278153759423,0.3270376568243837,0.1460201343376041,795.4760923059871,False,
05EC005,-0.07387936835940123,0.4821881230204229,0.17263332761371475,-62.30246512285535,-62.30246512285535,3.1966070972271234,0.9193681359572444,0.254388762416448,1376.735643393272,False,
05ED002,-0.322427209102367,0.4305840011177386,0.041825984388927706,-72.76960403790765,-72.76960403790765,0.974219392019617,0.2027795525534219,0.08500099895117562,774.9485047102609,False,
05EE005,-0.6608319191569987,0.37582231060908905,-0.030432455114953738,-96.77037523069541,-96.77037523069541,0.31828881117523566,0.0583882901260821,0.002415407509098399,109.43012788759239,False,
05EE006,-0.526170135316002,0.3958561563292762,-0.04449125902056594,-99.95535935048308,-99.95535935048308,0.18132478137288086,0.03763547539106875,0.18016501514968813,99.57879370774741,False,
05EE009,-0.25527896129088146,0.44340412745553126,0.05825957632647227,-67.0193447552687,-67.0193447552687,2.377797332914638,0.6277422965642065,0.1508489110295109,3424.6796720981065,False,
05FA001,-0.2480026671350366,0.4448393298725256,0.05159970253409307,-74.05637935428149,-74.05637935428149,5.265073861070937,1.6340253620622123,0.1921351807560689,123.31438535924126,False,
05FA012,-0.34882887831543585,0.4257440843103025,-0.0057832013969951745,-78.35201286975273,-78.35201286975273,2.420772233917818,0.804634943552983,0.09639969300768861,578.8276166094987,False,
05FA014,-0.4981832043990979,0.400290898697534,-0.03690407123245909,-81.76705753246148,-81.76705753246148,0.24135861669895253,0.06295045286321134,0.011421327680542333,214.50056712029578,False,
05FA024,-0.5508105590698045,0.39203224890391963,-0.0383407435397245,-83.14943486237674,-83.14943486237674,0.6407190789840292,0.14610363696582065,0.00149040336662703,585.2873032445766,False,
05FB002,0.25881322832957565,0.5743209265486438,0.22751488532829522,-19.736209290441664,-19.736209290441664,1.1070056115977904,0.4477569788359712,0.2334726124334756,1912.7966343241521,False,
05FC002,-0.059326144369813205,0.4855957385545726,0.015910843367130445,-22.126851979241128,-22.126851979241128,0.8870024159511912,0.27412995112523775,0.03939655679585704,1559.8466495506318,False,
05FC004,-0.1060396009892377,0.4748248796130354,-0.0232564918467264,-11.353857653683692,-11.353857653683692,0.9244289569003762,0.25739538208432666,0.01666257558602543,3033.7969794872083,False,
05FC007,-0.09249117878384983,0.4778992667396559,0.04922678527439861,-9.083084890564386,-9.083084890564386,0.43429979059411133,0.09861347939503037,0.04961544884375305,1606.7760596417372,False,
05FE002,0.023492276213067154,0.5059428748823851,-0.0710493491733526,-50.62425897432859,-50.62425897432859,0.4385322945211234,0.1749543373877962,0.07918339849284278,274.24020293728444,False,
05GA008,-21.033334275868363,0.04341533831025425,-33.28333594055018,2169.0111979438043,2169.0111979438043,2.984697925172092,1.7997788434229736,0.023068346501616658,58619.550830125765,False,
05GA010,-1.7652982818245633,0.2655832088594656,-1.4335130450536897,260.32947531696783,260.32947531696783,0.38033201990915927,0.15388208789009378,0.008362235768223687,4554.273087901107,False,
05GA012,-40.02360038150475,0.023796152422011795,-105.12702465496416,4033.946463275649,4033.946463275649,2.8766859977840076,1.703013388378515,0.017017549975019707,57441.172751264596,False,
05HD036,0.00117555223653254,0.5002940609011081,0.037622871718119955,-13.713134957780284,-13.713134957780284,3.0154577253692123,1.048038453475956,0.056890865481620284,976.7680844900605,False,
05HG021,-0.7140084501088129,0.36845869067205994,-0.02019983918722601,-99.82241109823586,-99.82241109823586,0.1758417331299981,0.024860293775853436,0.0007353927544016064,99.59886578475866,False,
05JA003,-0.5586732513828443,0.3908275507470704,-0.01071437866150915,-76.91158964346526,-76.91158964346526,1.2677281826295503,0.18184377813897537,0.0008336006158595725,764.7931198413165,False,
05JB004,-0.3737289453545205,0.42127809156855867,-0.008623714608374744,-53.131647141577716,-53.131647141577716,1.283502187381796,0.27479272712042946,0.0051385814685879164,1162.3453652169314,False,
05JB007,-0.6015859608097829,0.3843809180492098,-0.01790652885927524,-87.46736106642305,-87.46736106642305,0.8245131996617144,0.13936372902458988,0.004043828440990051,213.52682207197898,False,
05JC004,-0.5030540769873209,0.3995119439063822,-0.008271151332629456,-77.41132301547212,-77.41132301547212,1.5833479285504257,0.28412168857391773,0.01030183522697086,906.7392780650171,False,
05JF011,-0.6155931399570012,0.382322458613131,-0.017356196128992973,-97.70369505424938,-97.70369505424938,2.272314297947549,0.34483471478396027,0.0291113336872753,153.63992833537097,False,
05JG013,-0.48205542091792064,0.402891890153757,-0.006386092950581013,-69.93539366170273,-69.93539366170273,1.1864788553484333,0.19634947260330599,0.0067902503642354095,620.1126459215067,False,
05JJ009,-0.5246987378634176,0.3960868617719801,-0.5183129501560686,139.6129716689849,139.6129716689849,0.6301067976243849,0.3001649172291225,0.16059210089345347,3283.3810418632806,False,
05JM010,-0.28466702862271287,0.4377005434366685,0.05382891449954408,-70.73547341892198,-70.73547341892198,3.331516518381279,0.7787522059084254,0.10357342548994698,848.130101295397,False,
05KE010,-0.08885290249026623,0.47873165161981046,-0.21743456221275803,-70.93402084049832,-70.93402084049832,4.356955922959408,1.9980890785352254,0.07373658177206903,77.17072095675117,False,
05LD001,-0.15856481682437118,0.4632707770486022,-0.2316903080288235,-82.50399321486354,-82.50399321486354,19.570438965365028,12.344850571403093,0.2539567543601946,88.36723250996634,False,
05LE004,0.12600805658775394,0.5336202236703091,0.21993429072624682,-53.92177223209955,-53.92177223209955,13.632293890575266,6.129737386965021,0.2991337392232066,738.975455480278,False,
05LE005,0.07535088444171634,0.519575226422469,0.19662959080181708,-58.757589642942456,-58.757589642942456,6.547645425487868,2.8172502059920856,0.29145563445094846,134.97189770864708,False,
05LE006,0.22782771572184457,0.5642792232287516,0.2110232104625518,-45.82871722258399,-45.82871722258399,18.755130672159865,7.891091155692334,0.2689373217190291,178.2785476689433,False,
05LE010,0.047094454909332506,0.5120575352524656,0.14348392720666825,-69.14201440009224,-69.14201440009224,1.7950968319936076,0.8943821043910494,0.3041370757202079,115.2469093764608,False,
05LG004,-0.09413471564132392,0.47752419771798316,0.1254191791208985,-69.94914383996121,-69.94914383996121,4.484643558696761,1.5839775546049315,0.21881713796985988,85.90389678747155,False,
05LJ005,-0.1895012323718841,0.45672502267409143,0.057318989806280585,-80.91862768551732,-80.91862768551732,5.003429433987812,2.0108889968635797,0.2204512926308954,86.02040892800622,False,
05LJ007,-0.10784100735887736,0.4744190840337616,0.1256440148258805,-71.59814549648866,-71.59814549648866,8.18259103801433,2.9236991575466322,0.23871149314683773,109.3269714344508,False,
05LJ027,-0.2948465331489818,0.4357589867361644,0.019864119045238215,-83.56485346699479,-83.56485346699479,1.2782378825046787,0.4231528678647454,0.12801776802380715,103.432212350271,False,
05LJ045,-0.1808703745022464,0.45853252522091603,0.11051112815249098,-69.38356542736045,-69.38356542736045,8.191252949078045,2.2324562065626243,0.19613034956666817,3313.375602258835,False,
05LL014,0.0883790402845579,0.5231162563465808,-0.18439680616414478,-49.71163368929622,-49.71163368929622,0.3863750866067077,0.1734841375614458,0.0866234188240374,77.67797028082367,False,
05LL015,-0.03462524548711632,0.4914910017056172,0.1486914037341962,-58.165846951268634,-58.165846951268634,6.168727234535175,2.114770066461846,0.20552892317587956,1901.4302481564598,False,
05LL027,-0.1342516330637018,0.468548311974117,0.11693541734774504,-71.95552058705397,-71.95552058705397,0.13377210178419813,0.039518533216433956,0.17432691214858279,91.82994408616403,False,
05MA020,-0.6067293854513565,0.38362248324708603,-0.031071217783689375,-89.46943761040325,-89.46943761040325,1.8137454980385976,0.3777435001966107,0.002746531148160236,334.332424331785,False,
05MA021,-0.6110053935992976,0.38299422990524346,-0.029951159684486584,-90.93345039510486,-90.93345039510486,0.8406307393603868,0.16161458448774987,0.0015658017464575279,225.3854515811182,False,
05MA025,-0.6405300020590106,0.37871184921975065,-0.033715284860446504,-92.41920381575144,-92.41920381575144,1.3780401352026934,0.28390681476830054,0.002289156492853277,407.0769594708971,False,
05MC001,0.03543795215423984,0.509019300813914,0.2173318111107212,-62.48296995917365,-62.48296995917365,8.409958553936628,2.903939863579934,0.2784212640995485,755.9335411247852,False,
05MC003,-0.0225016281879149,0.49443717921550556,0.12574773184579258,-58.075841906951666,-58.075841906951666,1.2608622583527929,0.4108245089266553,0.1667400190506005,245.43765014266236,False,
05MD005,0.2254830229186936,0.5635336336115432,0.13107862372464596,-56.93312842680335,-56.93312842680335,5.497083092995049,2.718671482386301,0.30109016366878544,66.9486360286403,False,
05MD010,-0.2556446286767424,0.4433322462619667,-0.0842829954092621,-77.97649368599546,-77.97649368599546,1.697237112276688,0.49469966718601144,0.035461947750704215,471.29191873027327,False,
05ME003,0.07330412284755372,0.5190232728778901,0.2112837844803136,-66.82280664848895,-66.82280664848895,5.802738909999017,2.440462629171829,0.31347204602829676,413.09493724589413,False,
05ME005,-0.15752842386961707,0.4634933143575733,0.06158094176032125,-70.940288408829,-70.940288408829,0.5801324197110375,0.17053497946603063,0.10939096415957851,459.71840013578674,False,
05ME007,-0.25657878568102666,0.4431487197989429,0.013504546212793178,-76.60315997741473,-76.60315997741473,1.8904970140537236,0.5548156324066332,0.0667705471189154,563.0257072192836,False,
05MF001,0.06484314429760729,0.5167539763266559,0.1323805265566469,-66.08490032460264,-66.08490032460264,8.76502170257193,3.89802330663029,0.2566795035950571,75.5100854426441,False,
05MF008,0.049179760991703625,0.512604893061983,0.10224252630113029,-66.09533377085982,-66.09533377085982,4.773472291791039,2.025548363129803,0.21896212336758455,121.62514788300842,False,
05MG001,-0.2219687042497216,0.4500513432468275,0.00790080864179632,-76.82537795666393,-76.82537795666393,2.2371805154190216,0.7218672372471086,0.08523224435958068,204.3663137412568,False,
05MG003,-0.07128234294887803,0.48279270250346606,0.03304832351344933,-27.834278005077206,-27.834278005077206,1.4682714783902808,0.449604107807479,0.04823222341406289,1777.9211167797516,False,
05MH006,-0.3455398962201177,0.4263410746547177,0.01495663240333378,-71.05903116477913,-71.05903116477913,3.3083905395674025,0.8274138486318442,0.05115044259491291,1130.368638448867,False,
05MH007,0.2871182088477022,0.5838114487324169,-0.678283249211538,14.304983169332743,14.304983169332743,0.9678507546282639,0.4147448817777892,0.11582629131560312,2292.3285668420335,False,
05MH008,-0.45096888625933484,0.4080019153267174,-0.007757844694098903,-84.27223743327141,-84.27223743327141,3.3545270654516566,0.8084284054829437,0.0322039812675124,1796.721732474943,False,
05NB033,-0.38732362220031336,0.4188791124507597,0.05661465825532519,-85.99353373355407,-85.99353373355407,0.3264635394275188,0.052725743164152454,0.10536040824998064,324.2674605445341,False,
05NB035,-0.32535353187223204,0.43004213608537245,0.03888268016849761,-63.102632012641465,-63.102632012641465,0.7909496547702677,0.08212446753698154,0.0694887743288325,485.72524602757284,False,
05ND011,-0.2513163051960936,0.44418458556533147,0.003843416208919481,-55.76176655229123,-55.76176655229123,0.18562952717971765,0.04233530949637226,0.025755770083216306,955.5831528462846,False,
05NE003,-0.01904823622875229,0.495282867470187,0.08701703065429445,-45.651592052957994,-45.651592052957994,4.401579382422529,1.4498578961015667,0.11202469946433641,4474.482992786651,False,
05NF002,-0.17605827085988857,0.4595465173847763,0.021576098738144145,-41.538427686806436,-41.538427686806436,5.148932998477906,1.2899323514596688,0.03521698144420254,1809.3404228208183,False,
05NF006,-0.40499866481989866,0.4158006466398127,0.00275922020903141,-61.377284319879124,-61.377284319879124,2.732471022137161,0.46912064039552315,0.011495996180276951,2084.3510932080844,False,
05NF008,-0.6119669673445169,0.3828532337898056,-0.03099692924169073,-97.29691228063352,-97.29691228063352,2.017103036766461,0.3934592161302155,0.028316006795815495,201.39786089089188,False,
05NF010,0.05804025601076901,0.5149437330486422,-0.2843017078892074,56.66788939636958,56.66788939636958,0.9964301624389323,0.2945208968954471,0.06916114448650863,3055.7243949231884,False,
05NG010,0.24666452328753885,0.5703415081037543,0.047975343081732125,-13.236419164629021,-13.236419164629021,2.7675741535318936,0.9561047972679814,0.1264371063732572,9338.215263502132,False,
05NG012,-0.6152397597407868,0.38237411934235677,-0.04502852093691523,-91.29670523359766,-91.29670523359766,3.514399210581793,0.8100637983702587,0.0022715145390996413,456.12134042200427,False,
05NG020,0.035635531195734815,0.509070498820778,-0.07955868693314039,-11.988726117861939,-11.988726117861939,2.5960210195872295,0.7431631889184979,0.031650206955009634,3132.389966255886,False,
05OA007,-0.01752456928977275,0.49565691304172277,-0.05385806256975112,-27.841027309235983,-27.841027309235983,8.302727573898396,2.6204797393504653,0.0325849616817044,4268.640381148266,False,
05OB010,-0.4325640195788196,0.4110888724618818,-0.042423449419392245,-77.21168866225707,-77.21168866225707,4.463056723042061,0.9435173233613985,0.0053106500113561245,2823.9686389309345,False,
05OB016,-0.11458928873349072,0.47290507207616594,0.08425091822471753,-61.155363308264754,-61.155363308264754,4.253831002485392,1.2877696222919668,0.11192336557049833,3547.674740520978,False,
05OB021,-0.17255907986739594,0.4602866772493183,0.08362684642921236,-65.86010523008387,-65.86010523008387,2.3353328113811753,0.5765059624151405,0.10337728063488384,1407.912533385295,False,
05OC016,-0.46102214821306076,0.4063352297443143,0.008013561722303608,-92.16565664903645,-92.16565664903645,9.243949903863912,2.1031945695429854,0.08289656529235366,522.5462542062655,False,
05OC019,-0.3279183362387299,0.42956833340456546,0.051654514178473,-79.90498318642626,-79.90498318642626,9.43964782586961,2.2126067138171104,0.10190809920277975,803.8934613918565,False,
05OC022,-0.5643215106272821,0.3899667010769569,-0.052612265623684484,-91.8807190651991,-91.8807190651991,3.3737333336013986,0.8936373687429533,0.008494705966662852,489.4058416535423,False,
05OE004,0.28024333066046125,0.5814776112390617,0.1685876193234006,-33.58351381052436,-33.58351381052436,3.292669612494108,1.4138534551998374,0.2264056783786252,303.9525204128529,False,
05OE006,-0.2074593900544961,0.453009466224116,0.024416899723317176,-65.4339162252858,-65.4339162252858,5.341814766453786,1.5835648566121592,0.0704100743396054,463.41753049849956,False,
05OE007,-0.28059806687549926,0.4384814731383315,-0.029242136048334144,-81.76691221753099,-81.76691221753099,4.056375442027248,1.7483306814093953,0.20763626603524293,409.9158632223394,False,
05OE009,0.19816637951398341,0.5549901992228703,0.09667711350289887,-14.127560881396068,-14.127560881396068,2.0083000306376735,0.7896588075583464,0.13006636944096195,2400.492132965114,False,
05OE010,-0.6154941534135241,0.3823369280695519,-0.035333162634499926,-97.15046480220451,-97.15046480220451,21.317955445526533,4.293240861511484,0.027505056844395765,417.8394620550387,False,
05OF009,-0.35391868415914773,0.42482351099448185,0.034901043390627384,-88.62449955522857,-88.62449955522857,2.574256100714584,0.7634216279963637,0.151809754146365,281.65611966291675,False,
05OF011,-0.18563463757277554,0.45753301252149603,0.12072519665826109,-77.27248059349188,-77.27248059349188,3.524353019360353,1.1323585302394954,0.22203795792284178,1067.9381535455968,False,
05OF014,-0.4578192751350556,0.4068647398597078,-0.02219260631961495,-78.14721366074897,-78.14721366074897,6.739928961133192,1.6110690005408852,0.011275706592044825,2130.8973508395175,False,
05OF017,-0.25773271780191886,0.442922225520822,0.08948776189890462,-79.92720986471348,-79.92720986471348,0.9332572718496975,0.2285613373956995,0.1424875004904023,222.52060357097383,False,
05OF018,0.04353001238683174,0.5111246307539675,0.31085097491872904,-67.05024031721378,-67.05024031721378,1.0707148032811298,0.2757625686155388,0.35594142007674845,497.20293589344175,False,
05OF020,-0.19583842551351593,0.4554069135419839,0.04730812217687319,-67.19820662059942,-67.19820662059942,14.68214861726638,4.81164885965414,0.09684393440788976,1952.852726364852,False,
05OH007,-0.0024582231810001964,0.4993861986351218,0.12336253308234735,-60.63672606689617,-60.63672606689617,5.07433525378955,2.246833392109706,0.23829158761115024,313.4603935557007,False,
05OJ008,-0.11219843928374806,0.47344036497778236,0.12308083177776252,-59.657722486562065,-59.657722486562065,5.575317537538519,1.8173515280601489,0.22475149946110928,1127.4433539997726,False,
05OJ016,-0.33518414311763034,0.42823175334898067,-0.0007540415401874334,-74.55157337673805,-74.55157337673805,2.8529523083663157,0.8353760121170622,0.06572951711438647,111.28919076913017,False,
05OJ017,-0.2948082117909563,0.4357662635430269,0.03869970450539573,-73.1783521536857,-73.1783521536857,4.14822123467802,1.1428118496297792,0.09122989689365388,562.2419960966791,False,
05PB014,0.5207847001997286,0.6760341108796153,-0.020296560352053072,-17.32407036990416,-17.32407036990416,36.804010041903254,20.396820452598426,0.4093685834668451,46.13574029378696,False,
05PB018,0.4404634807381448,0.6412161482908463,-0.08327728004528345,-31.787320501925894,-31.787320501925894,2.7582487767456088,1.6722816381114105,0.29355761766971916,79.92988184926165,False,
05PH003,0.10414543002934928,0.5274666189271474,0.19398473835460206,-61.709191638583086,-61.709191638583086,22.751389857573095,11.871661046041504,0.3581663241992267,142.20173291350525,False,
05QA004,0.3190453985394003,0.5949000640059459,-0.6376239956475971,-23.45587175553925,-23.45587175553925,41.81771235653153,22.834002392573392,0.2533642554684354,56.69256423168576,False,
05QE008,-0.12434656181854309,0.47073298583822026,-2.443332227860034,-22.811443644901136,-22.811443644901136,16.732817863251444,8.622821437661411,0.06435133762978504,72.96455182507961,False,
05QE009,0.31239510095100276,0.5925557579048994,-0.44801531059459543,-37.40396173403141,-37.40396173403141,14.241047057082973,7.61060144164107,0.20336074612302016,65.18007054279371,False,
05QE012,-0.23712809289965997,0.44700167289207265,-2.8729031336323323,-22.38481099637593,-22.38481099637593,6.552679304846753,2.9051390194257016,0.07750754814362144,80.71349412728615,False,
05RA001,0.17493836229244997,0.5479266997557927,-0.14966672686456084,-57.42010772734405,-57.42010772734405,10.598145074531715,6.308513273847276,0.20648445677616686,64.84539447609599,False,
05RB003,0.2780862159533164,0.5807491694792593,0.02616737376440814,-50.70826602362914,-50.70826602362914,56.154532747739296,35.05455498574041,0.30621289125557644,58.68980070046942,False,
05RC001,0.5506924042906018,0.689984654024066,0.03805236150446567,-12.267325968539906,-12.267325968539906,53.34981342437344,27.03736461609158,0.4099558698556318,47.56236376122667,False,
05SA002,0.05564414508974058,0.5143091463811055,0.18390111280555266,-63.19151107635736,-63.19151107635736,9.987064006072877,4.733325071391133,0.3188749176027322,467.5859052062178,False,
05SC002,-0.25618607052424625,0.4432258549347574,0.0509459759273565,-73.47947158822711,-73.47947158822711,10.418914442575586,3.0388368802032506,0.18035503729719052,114.61232705253393,False,
05TE002,0.37713079236141844,0.6161926021475806,-0.12440651770780087,-38.7974170514873,-38.7974170514873,29.12810281279028,15.303219567560992,0.26360801472794787,53.14513502104504,False,
05TF002,0.33385586423819824,0.6001881701205733,-0.5674114965256025,-21.586468482755343,-21.586468482755343,4.39391758641499,2.109945849711401,0.2696438141073965,60.05257776491988,False,
05TG002,0.18665210723745762,0.551466160460005,-0.20198837050960372,-48.71098936712474,-48.71098936712474,7.890696586769992,3.944779656343938,0.1364563469418438,108.04359602477784,False,
05TG003,0.5849288309628313,0.7066782377316131,0.2644948213228604,-19.33371694380381,-19.33371694380381,39.74975883976954,20.416571749019223,0.4016503142975104,87.13871201652675,False,
05TG006,0.37641070747593874,0.615919311986458,-0.11572954765971066,-18.848507286845564,-18.848507286845564,4.438171993141437,1.9209579941247759,0.16780253099766912,292.81649795943827,False,
05UF004,0.11261106917242059,0.5298325022821456,0.18207643850531097,-56.77278856070853,-56.77278856070853,17.070035369038532,8.711784160858063,0.35555855194017427,118.11647283679487,False,
05UG001,0.4948731282839408,0.6643958185796375,0.16462729621077254,-2.572744989899859,-2.572744989899859,29.187606931668512,14.049711389558716,0.27039311337866995,127.72625248315606,False,
05UH001,0.4192505371265499,0.6326113172812489,0.1974552064290893,-32.23510696517217,-32.23510696517217,15.989039499184642,6.383006899878628,0.3037886167255408,104.22497583053725,False,
05UH002,0.48205368497217216,0.6587848266436666,0.2256391759256542,-21.732521398154415,-21.732521398154415,21.214699307527148,9.57423864371025,0.315822538758671,135.09254891548062,False,
06037500,-1.4094261250185007,0.2933044927009743,-6.698136522042042,-13.406411655266629,-13.406411655266629,17.3501393492757,10.634572270620101,0.5184644494765326,69.99873337028565,False,
06043500,0.503499090887439,0.6682254543988279,0.44681726162877977,6.154659638935488,6.154659638935488,20.147589864078274,8.96805502442274,0.7959065835123089,37.41897555747729,False,
06154410,0.13561431876187002,0.5363697061521652,-0.2591981426687089,-49.58923084914486,-49.58923084914486,0.21381363959747307,0.08202388178405202,0.09566505781688983,75.90179090896174,False,
06AA001,0.2767129950054583,0.5802863928653413,-0.07078504966407628,-39.75801589094507,-39.75801589094507,6.671248784089353,2.2485857046966347,0.16711997992648983,1899.5803468071067,False,
06AB001,-0.011637543502434733,0.49710744524031586,-0.37265261564099283,-65.92245111720742,-65.92245111720742,21.98849800722664,12.031135497360683,0.07626793353080441,83.75976424391061,False,
06AB002,0.04564753499492802,0.5116784295085712,-0.603117984706673,-39.96961689917657,-39.96961689917657,2.748234011561715,1.1888622876700654,0.019387581650965286,1624.937918643706,False,
06AF001,-0.09990530285876242,0.47621195043349007,-0.4975609333559583,-69.18242114623247,-69.18242114623247,16.669696255879362,12.1555550660666,0.2306454489881681,120.42056372354696,False,
06AG002,0.14989420577564216,0.5405096309204533,-0.5341285611085267,-51.796189936668725,-51.796189936668725,5.0664686837651125,2.9493889536329343,0.10663629133320612,341.6708607745654,False,
06BA002,0.06174887530930606,0.5159290183100397,-0.6082539900254653,-51.2095266772332,-51.2095266772332,14.343820169698455,7.19670930253386,0.04742105361377416,81.7483344525794,False,
06BB005,0.16495907040744928,0.5449469730476465,-0.5228356397981233,-59.22170879919781,-59.22170879919781,10.938278831784162,7.675900767107771,0.18406959448580043,124.00077031647176,False,
06BD001,0.3368917211064534,0.6012837604688568,-0.6113136523654026,-17.464678698874742,-17.464678698874742,17.211249429132742,9.040358215125396,0.2575895407205358,40.09501126643568,False,
06DA004,-0.0407456035437177,0.49001698117762366,-1.8246941792727456,-26.50697142431355,-26.50697142431355,37.071820690339095,21.37675903682198,0.2878028892589992,45.21017879072698,False,
06DA005,-1.0217312030131178,0.3309361199973216,-6.836894090046652,-30.33420174888399,-30.33420174888399,14.847144140406785,9.11860726323396,0.1936906000483942,54.31859725558061,False,
06FA001,0.2890303426282945,0.5844639007427772,-0.7451099276789603,-12.91365071122479,-12.91365071122479,42.66704629414786,19.660721264594066,0.2545894506536692,45.505582875156456,False,
06FB002,0.5689976211801026,0.6988108578999487,0.12362013184590026,-6.643714917188002,-6.643714917188002,42.58878897664136,21.08650925432074,0.3307026742088797,220.06976523206228,False,
06FC001,0.5881724241954476,0.70830179062775,0.16398101846168822,-17.507625902303083,-17.507625902303083,36.214254462698555,18.43433455071697,0.41583957252839043,39.657620197819895,False,
06FD002,0.42304144025412616,0.6341320726659738,0.3280231538131848,-32.42807648484684,-32.42807648484684,22.962475183140207,9.922053297351408,0.3722085598225442,346.2429380594811,False,
06JB001,0.19805873501422255,0.554957045177548,-0.08038461081827575,-34.810989669104686,-34.810989669104686,44.41133414262879,22.386798644372057,0.11675344730615234,70.77489557483221,False,
07AA001,0.018555039224902425,0.5046821989992708,0.1543974607577162,-61.38710991872124,-61.38710991872124,13.834363340968538,6.636320879887888,0.5371956437914254,41.15064319181038,False,
07AA002,0.5047779109911932,0.6687969682570079,0.6698491611381115,-38.99283609491393,-38.99283609491393,58.1590574633277,34.581435451422465,0.8210285506268117,45.16753504563975,False,
07AA007,0.6979473704254663,0.7680181102408786,0.5502189090850678,-2.2210188870939023,-2.2210188870939023,1.555663152515303,1.0961829839602635,0.7203779858163765,60.630973287621906,False,
07AC001,0.4983921108078745,0.6659528144447924,0.354809763668798,-26.597011239235865,-26.597011239235865,8.395792015913658,5.055864124615384,0.4421911143642776,43.600179745168155,False,
07AC007,0.2634214752267541,0.5758449651049181,0.2909852630453085,-51.27723241962982,-51.27723241962982,46.162086226984535,27.296015606919642,0.5431030372469676,50.02125563723413,False,
07AC008,0.1820796587396436,0.5500791081454671,0.17413247353365557,-50.31051909749157,-50.31051909749157,1.7025675390310089,0.849409675222009,0.3073175037522606,54.82336048524411,False,
07AD002,0.43875089160932534,0.6405127757163579,0.5838253711155531,-43.14048063625329,-43.14048063625329,120.51337309037352,76.35834841986909,0.8068502311685908,47.41913316064494,False,
07AF002,0.22449229487914002,0.5632191835134442,0.35498085781158994,-44.75985514563461,-44.75985514563461,23.99934715509465,11.097739197103232,0.52151404989845,53.876284347297755,False,
07AF003,0.17497919519261185,0.5479389590331489,0.11681758474393023,-50.13702006367918,-50.13702006367918,0.5263179672596247,0.26707400978070844,0.23595513947324534,82.89868498874847,False,
07AF010,-0.1535296843929479,0.4643539428535377,-0.41718201610612815,-79.5058257318241,-79.5058257318241,1.497798595353607,0.889211095063892,0.07826616837704387,85.81250733910278,False,
07AF013,0.35203184573045243,0.6068078423780248,0.35872807177458266,-36.55162232472893,-36.55162232472893,5.636027789391356,2.949852215580421,0.4569777005748396,46.97823290234598,False,
07AF014,0.04825182783277726,0.5123611817653705,0.05244251893562091,-59.94264339512227,-59.94264339512227,7.073368631185999,3.3039385053284978,0.20691609012161788,57.61055259795472,False,
07AF015,0.25012376731791,0.5714689881051008,0.25410698564074496,-40.795938823115854,-40.795938823115854,5.4915666779442205,2.65963512316732,0.33084573807776707,69.6920325423258,False,
07AG003,-0.11703591404716529,0.4723585430765257,0.14811310814069334,-75.48542557890998,-75.48542557890998,9.326271413399915,3.4271514560341854,0.3109055413172903,66.11123858251352,False,
07AG004,0.07799332019054384,0.5202895549245115,0.200840037400966,-60.780210399406364,-60.780210399406364,76.92008431458684,40.381459949330015,0.5384990420691832,50.95612883142642,False,
07AG007,0.11175001714309318,0.5295908958447377,0.29177693207739186,-55.83511190889732,-55.83511190889732,57.339323542495514,25.63531540381189,0.5518406772829735,46.70002071414841,False,
07AG008,-0.2065817888279753,0.4531896370499593,0.07904944723526763,-74.56152516578263,-74.56152516578263,2.766207612309923,0.8616688805048826,0.23408713706568604,109.29468376125584,False,
07AH001,-0.18442896066294723,0.4577855439604282,-0.005746785391832043,-75.62122428796218,-75.62122428796218,21.82115109275375,9.972406350207114,0.3005725635445029,73.48839705302046,False,
07AH002,0.08899594812158984,0.5232851280545721,0.16696490094884764,-54.25944765153191,-54.25944765153191,2.91894142217401,1.1575735409008034,0.2289471976775811,182.047823674331,False,
07AH003,-0.12024664715241062,0.4716432408196689,0.05573648206408899,-73.76107981754416,-73.76107981754416,13.08643751618851,5.987115612122809,0.2763177433757432,72.9506973864882,False,
07BA002,-0.05536735725237274,0.4865310312881517,0.08129662952355521,-68.86269431862556,-68.86269431862556,6.20693662009012,2.8000374334913425,0.23329969029345174,72.00057244957591,False,
07BB002,-0.0008812789604997207,0.4997797772986917,0.2107021699460392,-64.42168144631204,-64.42168144631204,35.45584866260354,15.174602760209966,0.5140196464001163,57.303626440503294,False,
07BB005,-0.05624919837073428,0.48632237804267514,0.14665368145616975,-51.942848044139716,-51.942848044139716,3.0729150693469274,0.9340396186703697,0.2201613281685987,1778.9748279540618,False,
07BB011,-0.06861270772285977,0.48341576761403804,0.16190509950976995,-65.30587992787227,-65.30587992787227,2.5004348353028902,0.8159264932539421,0.25935135998433867,245.9585584198671,False,
07BB014,-0.37678931987435926,0.4207356502480672,0.027959450012240206,-80.97044047727906,-80.97044047727906,0.35244022474174014,0.08242424194268234,0.09373844025464174,380.0687108022016,False,
07BC006,0.02070904637347315,0.5052314305624267,0.14111938630280796,-63.86587770934993,-63.86587770934993,1.0688832004411581,0.37992965773004617,0.19580374583267132,607.1021075496946,False,
07BC007,-0.39861818503882973,0.41690670330001345,-0.019947320404432922,-71.66510790652463,-71.66510790652463,1.8325759086061613,0.41828570015237937,0.011278874794042654,1427.012592043712,False,
07BE003,0.15301447509004062,0.5414227596877079,-0.0770766685943316,-60.631157134189294,-60.631157134189294,0.3418619687600095,0.12195954005849323,0.17869875797310725,98.61912122287383,False,
07BE004,-0.42496852806284613,0.41237648589148357,0.0033484373223500175,-91.82505301179724,-91.82505301179724,0.49748589733728055,0.12493308146465892,0.161023781726336,83.17597536333412,False,
07BF001,0.03498951522162719,0.5089031370297176,0.19170849080873187,-48.00006295047087,-48.00006295047087,20.344217723455387,7.844304554207388,0.3425899418146118,463.3844694805088,False,
07BF002,-0.08111708182933097,0.4805111681275453,0.17599398597412386,-64.83282788079806,-64.83282788079806,12.427812741318286,3.7224946759679867,0.29040276265766496,804.4856963109455,False,
07BF009,-0.06886277171163191,0.48335733702273076,0.10994684085329132,-74.56847349124118,-74.56847349124118,2.296683992287197,0.7510241914996405,0.17972275986696332,203.6171232565871,False,
07BG004,-0.2693423475151788,0.44065629899118225,0.04263962175553482,-83.3449912004683,-83.3449912004683,0.49770385104863546,0.17490957498951443,0.17460808266722777,108.39095750916783,False,
07BJ001,-0.10076047992597315,0.476018094188081,0.11680952753929286,-62.6285983900671,-62.6285983900671,28.176623546549166,10.136739506843808,0.2701194835941935,183.2600675719882,False,
07BJ003,-0.22051640687146135,0.45034569296829646,-0.044081196691029945,-74.98463135733182,-74.98463135733182,4.305255348104303,1.8887187763257045,0.14127965412392357,103.62937924018254,False,
07BK005,-0.16166918365948768,0.4626054752314603,-0.03554797814938948,-79.17983958650343,-79.17983958650343,19.475327615790913,9.681485581315231,0.2038102342665142,130.61035460186054,False,
07BK007,-0.15006130763811631,0.46510301657328984,-0.0020163729275743947,-78.11341782491475,-78.11341782491475,11.520639465787658,5.13340733675251,0.15781542700767384,249.47251471806675,False,
07BK009,-0.1433013093605322,0.46656995711832816,0.06219970811496256,-72.04260353453817,-72.04260353453817,4.8455598912831555,2.007022150280589,0.21579544059919667,121.78354933019872,False,
07CA005,0.011569816820898637,0.5029092841475583,0.17121744748212797,-59.125510997740754,-59.125510997740754,3.544725018606521,0.8763518969400498,0.1921198231048407,489.04646132493116,False,
07CA006,0.059946873460376415,0.5154498020286952,-0.36491844435500354,-59.62668257745099,-59.62668257745099,7.033855994091276,3.0815226591148694,0.08131830032995924,212.73367339800845,False,
07CA008,0.14305809026537353,0.5385198076244124,0.04834930467835741,-48.372333690120634,-48.372333690120634,0.6104158759578889,0.13918237613634565,0.14195553206264983,385.12686872641945,False,
07CA012,-0.10720172509116166,0.4745630131622724,-0.2391571150189522,-69.25905464550246,-69.25905464550246,2.88724372553309,1.542664191143233,0.09045935667498162,68.18370873075803,False,
07CA013,0.008745779790378716,0.5021960480238074,-0.8947094974084975,-61.5451057388347,-61.5451057388347,12.011519937518202,6.998849790349572,0.04979120519375455,79.73985609677632,False,
07CB002,0.021587810111342476,0.505455842372402,-0.12488823771022894,-65.05187145000254,-65.05187145000254,5.595618051339805,3.348721650021347,0.18156092523745,73.22908764231121,False,
07CD004,0.1833120046807264,0.550452252988139,0.05801100097031264,-34.40079865259955,-34.40079865259955,6.844039373349457,3.08068019796361,0.14287929879797548,214.15945844404595,False,
07CE002,-0.04106856169489359,0.4899394458212638,-0.12228352519227248,-66.3621196677266,-66.3621196677266,26.484999446485062,15.192633716616385,0.16477630813250557,63.65528924701821,False,
07CE003,-0.17340720932879772,0.4601070594170086,-0.26722085130548767,-69.08167560244831,-69.08167560244831,2.4672439154342882,1.1583732618536149,0.02915165672014944,240.82952438044435,False,
07DA006,0.13172027279154452,0.5352517534909931,0.00925239191262095,-51.11451319879356,-51.11451319879356,8.761378397919666,4.72780031068492,0.1768744347707199,109.55970604137329,False,
07DA008,0.13885554547410228,0.5373038065735403,-0.30982436213397846,-51.02887722385961,-51.02887722385961,7.6951811001696075,3.9563087718203063,0.10284342296367895,98.49059263054095,False,
07DA018,0.1583664557925728,0.5429961911507015,0.06471741405960962,-12.84358152880222,-12.84358152880222,1.3532767778262411,0.579475862606747,0.10486304718939707,273.37594913275336,False,
07DB001,-0.027779310512205058,0.49315031217445743,-0.09126798877632192,-69.77297594896157,-69.77297594896157,27.82974112527244,14.51464108018535,0.14151797998802887,124.97208365894954,False,
07DC001,0.40367157431596357,0.6264375074142364,0.1498404910591219,-38.915855482123135,-38.915855482123135,26.284538209508543,16.0678263914966,0.3620178516762522,46.4797454886256,False,
07DD002,-0.2874001710399794,0.4371775488437357,-3.2588431056758873,-25.284250761457034,-25.284250761457034,10.570907904911422,8.24930013693996,0.24498396402670472,46.819840866783075,False,
07EA004,0.6347503211450141,0.7324667535089148,0.400199218537321,17.992231867544756,17.992231867544756,58.56907870483568,30.46824243682198,0.6205130000276446,46.861323932808176,False,
07EA007,0.5030764223693263,0.6680367755198279,0.2695536692373457,25.56190669373659,25.56190669373659,33.11169160042024,17.00921129798318,0.6403585641593277,53.816843708751264,False,
07EB002,0.7386694972495758,0.7928136184920813,0.4917096240660388,6.75199482003432,6.75199482003432,38.62809212001097,19.87371487919151,0.6141268721839173,45.89975375789318,False,
07EC002,0.8265151316618442,0.8521626711865161,0.715822740950119,10.515219401956976,10.515219401956976,68.79770572001397,38.24082038720109,0.7450395068519343,48.65125168770722,False,
07EC003,0.8292851246405729,0.8541789474512187,0.7170083827334264,-5.719970374949695,-5.719970374949695,30.53273126270067,15.652093923188593,0.7260888719630872,32.564293161661354,False,
07EC004,0.7925024799313827,0.8281590507475112,0.7142402359350569,-9.224548321550074,-9.224548321550074,26.10912535515016,13.040534341241656,0.7204332917885334,32.48764086368482,False,
07ED003,0.6689723968890805,0.751299219988202,0.7737870145317621,-19.482810139393237,-19.482810139393237,55.65885530084215,28.212332309461477,0.8165132984631669,36.3708707331779,False,
07EE007,0.5882407272205277,0.7083360593277348,0.33326046297922485,19.298882865100442,19.298882865100442,145.85562563817135,84.44365844418449,0.617979384949981,58.7052441796868,False,
07EE009,0.4882631508553793,0.6614907882716661,0.22194011823925552,2.3105516388580467,2.3105516388580467,7.886815828376444,4.1082002993483675,0.2861049431874138,142.61954922999703,False,
07EE010,0.6620169760516135,0.7473936381113424,0.6564893436637296,-17.001496534367128,-17.001496534367128,34.88608306921385,19.41887227235435,0.6751027846740015,54.97214513791524,False,
07FA003,0.6495611453500145,0.7405000208315139,0.5979311023018579,-0.40959126291923414,-0.40959126291923414,33.07556829459979,17.446341552421348,0.5997530365587804,74.65350263922696,False,
07FA005,0.6801908384024782,0.7576852995849651,0.6655078431706153,-15.710169827131267,-15.710169827131267,18.37118775389418,8.826713057338257,0.6804382666107266,37.17586084559063,False,
07FA006,0.6362542676174409,0.7332745219689377,0.6681169869774894,-1.7104441013420937,-1.7104441013420937,65.75338651250189,33.52531797031282,0.6919077433974398,71.43542793963901,False,
07FB002,0.36422262228502755,0.6113301318526034,0.5205149245769736,-39.446291796121145,-39.446291796121145,73.79135529365847,36.84122134974659,0.7235582392093711,33.93810726268548,False,
07FB003,0.20187334372610377,0.5561343504423734,0.3772491691602551,-48.36376513656138,-48.36376513656138,69.17256792925275,31.292872830665544,0.6322158677462867,43.98734564919838,False,
07FB004,0.06137761755214299,0.5158302148236427,0.16586301886807198,-31.247291678319254,-31.247291678319254,2.021673806593409,0.5257808250479749,0.18425547646490884,522.4286894332934,False,
07FB006,0.38178861470795855,0.6179662367284162,0.5214907420278583,-42.125381767662674,-42.125381767662674,49.35667075625155,25.81637826026774,0.7111427694248599,37.51703113391086,False,
07FB008,0.2953644798266388,0.586635669716832,0.38528629888084265,-36.62493850245974,-36.62493850245974,14.49165259638873,7.159424890666192,0.48768162420813604,259.28950270892557,False,
07FB009,0.10512219550453972,0.5277385157119749,0.2364365923446906,-56.67638242335179,-56.67638242335179,7.039331141440181,3.067605967808819,0.34661211280599785,69.13934613915319,False,
07FC003,0.2367839718337461,0.5671454796381364,0.26888027972364614,-24.632375515721623,-24.632375515721623,13.971001523370253,4.883589260832725,0.2810881561954518,3227.537073764437,False,
07FD001,0.1833089273262335,0.5504513205584379,0.2351694837169268,-31.14542048972206,-31.14542048972206,27.910656028678424,8.446272399955916,0.2505217431903077,284.18974778815385,False,
07FD006,0.02738895184790313,0.5069423092488407,0.1554764016395268,-35.607762768640825,-35.607762768640825,5.625825561411353,1.4718606312791918,0.17482974722716788,5296.892739377743,False,
07FD007,-0.0007390115494465554,0.4998153153546813,0.1416711172560211,-34.33475640645247,-34.33475640645247,28.024502830907362,6.578763150160837,0.16660865572036526,2028.4651860771291,False,
07FD009,0.08324186924333943,0.5217142340255728,0.2023916701874129,-55.97945170601161,-55.97945170601161,14.389683534796065,5.424786025230024,0.25546064353012604,1049.4820645763189,False,
07FD011,0.11066801628020073,0.5292876046226436,-0.16309786956903527,-49.714977127512675,-49.714977127512675,1.9200373641916126,0.6469568417708573,0.08952254265157769,960.498707190097,False,
07FD012,0.09678115298546619,0.525425650113039,0.0014249214230314111,-57.36942319010762,-57.36942319010762,1.2774198339753755,0.4037399027128349,0.13928245990189425,386.77849992412865,False,
07FD013,0.019684152923910347,0.5049699528873067,0.1748928559134285,-55.948392802210805,-55.948392802210805,3.6590326454158197,1.0548350192439824,0.19878296969230996,3920.250727371637,False,
07GA001,0.5170730170977862,0.6743420354000945,0.5109166764437665,-34.54759291620521,-34.54759291620521,70.84838994288853,41.24844923204241,0.6427487873150391,39.50938320911568,False,
07GA002,0.4437324006145491,0.6425630144808557,0.4255122025861843,-29.084323840110816,-29.084323840110816,7.7845488715661855,3.7842047754249744,0.4729793475335863,47.71877613997956,False,
07GB003,0.203827039983563,0.5567392574436979,0.32085740862022494,-45.73082614436113,-45.73082614436113,59.377413131824994,30.596822405188423,0.5549345668927257,56.07126919804366,False,
07GD001,0.26483091245400436,0.5763127104887938,0.28118752044769635,-34.36485840590693,-34.36485840590693,7.297552372110786,2.924651893971142,0.2966863220576189,4210.953684908637,False,
07GD004,0.27433336084845983,0.579486198152194,0.23564704869130237,-42.5485070983251,-42.5485070983251,11.197132382455596,4.708269952325831,0.28420403190127463,245.4623334341985,False,
07GE003,-0.32975696388782905,0.4292293211267968,0.04641726371925314,-79.94901780773499,-79.94901780773499,1.595606237641731,0.39592276235936336,0.1383671430615332,708.3662902034529,False,
07GE007,0.007920632459962995,0.5019880313478031,0.026608193506658218,-36.37448282231747,-36.37448282231747,1.9170881620213769,0.48185105206222967,0.0674378238230925,2449.1045370013217,False,
07GF001,-0.012579883636787192,0.496874687126939,0.23915505610425813,-64.34318521844727,-64.34318521844727,63.86875775267827,23.211779741755425,0.5396268556029313,67.2918460957104,False,
07GG001,-0.07389307044178861,0.4821849372335172,0.17803935033141538,-72.54707564206107,-72.54707564206107,10.6344950589657,3.852585748227594,0.30459868283899105,88.38858114184491,False,
07GG002,-0.05145337171191411,0.48745928802930166,0.07827461723112017,-72.08075922946998,-72.08075922946998,35.22949628631739,18.241913041411582,0.40489219801533677,64.22637047480818,False,
07GG003,-0.11045559562395768,0.47383133863299753,0.08493482702753541,-74.70545220779981,-74.70545220779981,21.70439009735796,10.078160391529888,0.33124885658834313,158.50734755361628,False,
07GH004,-0.3808624969943373,0.4200158561287878,0.04546538268503286,-82.50067074593005,-82.50067074593005,4.207300640229654,0.6977820949170975,0.11373938708733386,1778.0992902015143,False,
07HA003,-0.11301604168627555,0.4732571737609516,0.06831769871730464,-74.26836037055915,-74.26836037055915,7.408708661576476,2.3624254526296697,0.14004055102424431,135.7915681501448,False,
07HA005,0.09100400386904028,0.5238355669821942,0.05256374551089649,-56.16419073740016,-56.16419073740016,9.179483626101705,4.018277453157895,0.1691842660463876,457.7566702238072,False,
07HC001,0.06937797994266448,0.5179677790944818,0.20249441572778182,-61.936089053455895,-61.936089053455895,24.76679716759103,9.824509320837274,0.2764639505194524,1770.0839724212522,False,
07HC002,-0.4204689564918789,0.41314308011177964,-0.01286142479188812,-77.66217130572822,-77.66217130572822,1.5844777563487613,0.40752053079858286,0.02804984142341397,915.4547832992378,False,
07HF002,-0.01923292841363744,0.4952375656758066,0.07944628657555586,-66.03175762367121,-66.03175762367121,5.450136423841858,2.2752982250496108,0.17983063264353344,304.8324180727473,False,
07JA003,-0.14859168433990066,0.4654211441329412,-0.04537301764467694,-67.9942362839091,-67.9942362839091,9.411715803029676,4.558063383187019,0.12827555315299002,105.8846961618666,False,
07JC001,0.01305679095665957,0.5032856477470602,-0.19717789043597045,-66.09813910165765,-66.09813910165765,2.3757809225677766,0.9760515006875917,0.09614718331496228,144.08313932310674,False,
07JC002,0.002801701617824892,0.5007014079723817,-0.974351937249589,-56.20761095003511,-56.20761095003511,3.4358630336016347,1.521738101638042,0.03508470411427875,233.67514470903234,False,
07JD003,0.03050238991290455,0.5077436981280611,-0.13991852431875573,-58.21239347334585,-58.21239347334585,3.9460023506404482,1.5112126435610835,0.08634290759028539,1196.823279830374,False,
07JF002,-0.5625769301699683,0.39023218707181323,-0.9531478930988464,140.27896564534566,140.27896564534566,14.856253730493227,7.4130757900605015,0.23755514917446424,40135.996652693444,False,
07JF003,-0.017974485455312772,0.4955464041827919,0.049438201332718035,-68.82452782018188,-68.82452782018188,19.174420328256044,10.921498575927034,0.42084180797651705,802.0638553773047,False,
07LB002,-1.997330242067672,0.250166971314018,-16.63721685942631,-48.85791465923332,-48.85791465923332,23.21787519168064,15.56081778975439,0.04942345839631594,74.15002272160072,False,
07MA003,0.4612687441772173,0.6498860643896421,-0.24422341983561235,-30.66101738894526,-30.66101738894526,6.401930593645123,4.317776823048907,0.4075100825188639,43.04381950477755,False,
07MB001,-0.33911972703708004,0.4275112506817604,-2.8110252946622594,-25.150791209374805,-25.150791209374805,37.70328737515458,23.726013948783674,0.3748012248010224,44.04337210064608,False,
07OA001,0.10591680755303345,0.5279599143203947,-0.3520342285804652,-49.08628771712258,-49.08628771712258,5.105385323930446,2.1982677149138143,0.06986499255940234,1394.920929938978,False,
07OB004,0.13575485781147423,0.5364101412253394,0.12477533168929233,-48.57967904635652,-48.57967904635652,15.456105776399593,6.827928305056202,0.1991148990784903,1110.9342290220518,False,
07OB006,0.40456753801204115,0.6267893024778803,-0.1253520377910189,-14.495927752130315,-14.495927752130315,1.8894320072344168,0.8862342634945772,0.17917751880096514,1179.0341031619532,False,
07SA004,-0.07766244098441422,0.4813101398349346,-0.1989643677211994,-38.015697087074486,-38.015697087074486,12.379213001055378,5.8752877344879115,0.015435417193889097,73.03954444111135,False,
07SB010,0.29764585525093346,0.5874218376267435,-0.2303107546727916,-7.924710373984548,-7.924710373984548,6.491992223763949,3.38063821494567,0.0977000880376262,73.62987528468136,False,
07SB013,0.18781344980091752,0.5518195684048877,-0.1064009269343078,0.10572603818861011,0.10572603818861011,0.5913643116705857,0.26172597357470095,0.06601059238301672,1497.3174123647393,False,
07SC002,0.15110107153236485,0.5408624476995065,-0.699499791725479,-12.921792392542002,-12.921792392542002,11.122906973824946,5.311674174048465,0.025929307946789493,111.57254800069045,False,
08AA008,0.3759708020800462,0.615752476175178,-0.23893044688525267,-14.856822039773048,-14.856822039773048,7.199273684867518,3.7196693355268424,0.4707259376695828,143.89702412648307,False,
08AA009,-0.11375597397252202,0.4730915073988572,0.009023642418338085,-70.85295398127379,-70.85295398127379,1.1025057465936539,0.5310252240763215,0.2002750019074855,174.2695316300802,False,
08AC001,0.5104708808294269,0.6713531055752964,0.27794184236920916,-24.432138182206305,-24.432138182206305,4.8237101811723715,2.302172761801514,0.3679127651787291,45.388386147556226,False,
08AC002,0.45270776994175244,0.6462903261411421,0.42455518732670683,-37.51846003372885,-37.51846003372885,25.61974587200091,13.374514086263945,0.5351659110068621,44.67067718351056,False,
08CD001,0.40013705050247805,0.6250535399385777,0.46326758991571704,-26.044065121368966,-26.044065121368966,41.28948789784455,19.090373946128864,0.5294237743276327,52.433442005867335,False,
08CG001,0.7087557391816328,0.7744468109900586,0.709116334330388,-24.56167779431954,-24.56167779431954,249.04724704742094,156.1955957484933,0.7704165274907939,39.9605997827081,False,
08DA005,0.43397559855645695,0.6385596540374542,0.4871985808993786,-43.22011163922702,-43.22011163922702,12.9045330591362,7.581274527054629,0.6419640077295404,45.12960601695375,False,
08DB013,0.5868705064284766,0.7076492314038498,0.3033281059546026,-20.80479992271333,-20.80479992271333,0.9069993869299463,0.4970377168765594,0.42113273140249796,49.7572265222652,False,
08ED001,0.4058203234492763,0.6272818645911159,0.5180698589384976,-46.44381594574598,-46.44381594574598,20.47308001698654,13.565825576744642,0.7753665249477583,50.005876563738894,False,
08ED002,0.5864566607858483,0.7074420516571795,0.6507433373904055,-37.23221298916945,-37.23221298916945,38.386461936276326,29.583654698801116,0.8391909476291303,48.86521484906049,False,
08EE003,0.13333026410546278,0.5357134048786538,0.2686678480609206,-54.06530046734475,-54.06530046734475,27.409875452217637,13.013388680855153,0.3874433259845962,200.0010940043023,False,
08EE004,0.4040408539831073,0.6265824551309758,0.5074313746966858,-42.02914194796109,-42.02914194796109,92.04855931956924,56.21484457618925,0.7611424922530737,39.8808026897631,False,
08EE008,-0.0681514550069171,0.48352358217239727,-0.10848267190754757,-72.58617753523787,-72.58617753523787,2.412720753911675,1.3440476466476297,0.18989680173051868,60.12345272806541,False,
08EE012,-0.1460962738101812,0.4659623206113671,-0.024404326415282007,-69.17428090652393,-69.17428090652393,0.41970875650456113,0.20620588960460715,0.19661289643718827,100.72727478285968,False,
08EE013,0.1513306169868418,0.5409296054712031,0.2500825901672672,-52.68661363157635,-52.68661363157635,7.770436342615059,3.2708841746629322,0.32183087147000633,121.81733496316546,False,
08EE020,0.6187361288938389,0.7239746299880901,0.633339401368912,-29.365215759256113,-29.365215759256113,9.649179227500156,5.385361425886203,0.7030925689371815,35.66398623115496,False,
08EF005,0.7763685065482078,0.8172395082600065,0.6562364315450124,-14.809918624021199,-14.809918624021199,64.78566514684793,37.18276529308665,0.6959346282973032,36.55778958019127,False,
08EG012,0.6584918574505494,0.7454296908698324,0.32771798098510274,-10.459458922714214,-10.459458922714214,34.58720238787798,21.79577096918586,0.45611047117523096,53.377341799217625,False,
08FA002,0.722767983344867,0.7829431042754789,0.5077219400668397,-13.423053239502707,-13.423053239502707,152.24296789754493,106.43942848816029,0.6623095438194445,36.21584382954125,False,
08FB004,0.5347786142921921,0.6824907210297969,0.047470582284207086,-23.365817438441034,-23.365817438441034,7.25502419223545,4.490322832484283,0.38860995243347807,49.51285858393791,False,
08FB006,0.24465360363453081,0.5696881265547068,0.353698878605642,-53.05529310485443,-53.05529310485443,24.570091800591932,14.910198253845095,0.7185398471830653,51.21194623378981,False,
08FC003,0.2244301325458704,0.5631994653264942,0.29610836442485844,-46.23517961800382,-46.23517961800382,19.985261907646194,10.232208693914847,0.44321345883227903,53.25488928490656,False,
08FE003,0.6707482238660172,0.7523029255664536,0.4968594201990606,-17.63355206906938,-17.63355206906938,35.51208623724554,20.196546043846798,0.5487355692613591,49.682721994271056,False,
08FF001,0.60760988762131,0.7181895297228517,0.3051836228855809,-14.04395388368399,-14.04395388368399,101.18815387682602,59.878763487687124,0.41043766114104485,44.129047739765284,False,
08FF002,0.609239348549671,0.7190309842007455,0.1773536039739353,4.4819460407268865,4.4819460407268865,20.997804217512968,12.123467307685827,0.38168582805260803,57.30444179735051,False,
08FF003,0.5220698907707344,0.6766219821595595,0.28372990491386485,-19.909447983291706,-19.909447983291706,15.87040971165028,8.853470739582658,0.36461621744285805,49.81258403345403,False,
08FF006,0.3303461145140504,0.5989265252474478,0.23115699252389899,-5.160813222698731,-5.160813222698731,0.5432918787571881,0.29679272563275383,0.23892474846884904,149.32223110722938,False,
08GA071,0.7203371862360377,0.7814558563740941,0.5157912521442525,-11.615090657735202,-11.615090657735202,68.51137249902183,43.728246792871495,0.660477058844064,47.4929877549423,False,
08GA072,0.6804376215201409,0.757827001063795,0.5332159950677935,-6.38577966197812,-6.38577966197812,11.950050645127325,7.5579479193565495,0.7195075111926027,43.4735563864856,False,
08GA075,0.5538974638079359,0.6915138968176079,0.027662399512989988,-10.25106409222509,-10.25106409222509,19.727332949557017,12.448564717024347,0.34794193211921004,49.269216393940354,False,
08GA077,0.32737373832603567,0.5978621900861463,0.2904035083071601,-36.12335818243638,-36.12335818243638,6.329115944853305,3.4472798622538403,0.3889344809493029,52.952539636141914,False,
08GA079,0.2646869836766177,0.5762649104763277,0.2901082583303276,-34.006364396260636,-34.006364396260636,10.380090640790971,4.682612768641988,0.3640692041129389,52.324006199689485,False,
08GB013,0.5464309301477264,0.6879618043204717,0.2485538879957423,-18.519316891467117,-18.519316891467117,13.52255120587026,7.608551552257487,0.36222867638102446,47.74509759914609,False,
08GD004,0.7636684747344747,0.8088445368933155,0.7534225012108686,-10.500686717426253,-10.500686717426253,130.71732682529185,89.87191985752004,0.8422140939315371,47.69499079238063,False,
08GD008,0.11743621738746879,0.5311905016106536,-0.40901029611838746,-54.817425896648764,-54.817425896648764,2.0653497822246822,1.2000684734404512,0.11299461482898349,66.34845456603395,False,
08GE002,0.6892842122033427,0.762941904957918,0.723456379616771,-29.15592070839845,-29.15592070839845,145.49331869899095,103.52085589202395,0.8256299365873558,48.29195498847632,False,
08HA001,0.29975037883894073,0.5881489326944382,0.3864939249186683,-29.358583144273428,-29.358583144273428,25.002905339815683,10.609384721969413,0.4740538030065685,113.42444382814303,False,
08HA003,0.5354799073024046,0.68281753523643,0.5133745508331344,-2.9281509334811417,-2.9281509334811417,12.677693055953862,6.252715381908263,0.5225560718024057,161.8574324906475,False,
08HA010,0.6302541087092677,0.7300624198680273,0.5619470974311984,1.8736593871163658,1.8736593871163658,50.37736288881757,27.82552925373963,0.562556224965239,109.69023299963897,False,
08HA016,0.4661497410075851,0.6519541227296198,0.4032243241413811,6.866821643574565,6.866821643574565,0.7725125677157908,0.34634180937669307,0.4046560573158665,227.0218340317909,False,
08HA068,0.5294574124692029,0.6800211081809675,0.5437570876605771,4.385335884840529,4.385335884840529,0.28456647782732597,0.11712228468495942,0.5670047168413275,97.94844828893727,False,
08HB014,0.47611988979062747,0.6562196023823723,0.5542615438452732,-16.676353614435527,-16.676353614435527,22.738172517722003,10.945058842169448,0.618288656359595,88.72586776136092,False,
08HB025,0.2120375606642254,0.5592958655057085,0.24208738580309153,-36.01658510536546,-36.01658510536546,7.041028556404474,3.1787628559607333,0.3066641822762961,125.50986381899294,False,
08HB048,0.5538491754039705,0.6914908064857909,0.5437964674855068,20.991336600786607,20.991336600786607,1.0854258822994753,0.592654591136349,0.5569844889888353,237.48576987113594,False,
08HB074,0.38426897333948684,0.6189148957960274,0.2095954734623724,-31.97709391591554,-31.97709391591554,17.64498823889108,9.546393027525118,0.31361067618347094,50.64456255782724,False,
08HB075,0.3669049184940205,0.6123342182121063,0.20507749843614553,12.628592257573576,12.628592257573576,3.315679082570023,1.8241193834445228,0.23690232370695077,1589.4635701613022,False,
08HB086,0.3918856690222876,0.6218463331472291,0.4465434029921832,-18.3112355233458,-18.3112355233458,8.928213595127684,4.119038724327941,0.5013983882830328,289.6336381586651,False,
08HD011,0.25863859463579597,0.5742633303572333,0.16095878303519617,-30.975525980808012,-30.975525980808012,15.751907320068314,7.629715906681356,0.23038580791155552,52.67883753626261,False,
08HF004,0.13069227822812368,0.5349574007280736,0.18942850980700543,-38.48278602729759,-38.48278602729759,28.66635889557821,13.160683273840517,0.29376897746539726,53.95422845930153,False,
08HF005,0.5779339838786923,0.7032022343994304,0.4114608208745437,-1.8229241826637779,-1.8229241826637779,51.85859267886199,31.209081142680663,0.4241703149623689,59.66299280685705,False,
08HF006,0.39703830981015487,0.6238452273189175,0.42327460559240226,-19.58247698148926,-19.58247698148926,8.257015805188324,4.446247737572875,0.46494217989036457,73.9144050860481,False,
08JB002,0.39241039878145,0.6220493086307611,0.1593221089390804,-30.919003346735,-30.919003346735,20.777492874754397,10.904111952911576,0.28362659603812884,49.23322838378621,False,
08JB003,0.5214249516196876,0.6763268466456527,0.29658577161774236,-21.687769447066504,-21.687769447066504,29.749436628088393,14.951346627164897,0.37441096309676536,44.66941546315655,False,
08JD006,0.3372307221216909,0.6014063486162062,0.12681680117815386,45.547330467875135,45.547330467875135,12.229591838881625,6.4638790050037604,0.6239253798013461,142.30717778605683,False,
08JE004,-3.6972694326204847,0.17552268008852892,-10.809724407257534,416.8570685014613,416.8570685014613,18.49477949462884,11.660931315994237,0.22721797572469796,1239.452652635603,False,
08KA001,0.7150286851150474,0.7782274891401237,0.6996722995420207,-22.488254655557014,-22.488254655557014,9.129990756519271,5.019545267284038,0.7372834791557218,35.423855933295776,False,
08KA005,0.8265663435006698,0.8521998618850514,0.8394753742945343,-15.61654352922843,-15.61654352922843,85.14953538689643,50.59174031145097,0.8623725738079734,31.932867188795733,False,
08KA007,0.7068255061640157,0.7732908472650651,0.7149819410968795,-21.483268947669774,-21.483268947669774,28.886971697718757,14.62107251614931,0.745739667643836,30.04360803922942,False,
08KA009,0.6616202784787839,0.7471721096187782,0.6570963373202139,-25.14425274015203,-25.14425274015203,6.699302347139885,3.328112392928641,0.6916913654909176,34.53538947130056,False,
08KB003,0.6947446797131187,0.7661336325985713,0.46837374911200413,2.7717636953646965,2.7717636953646965,157.4631268984577,91.13907900366219,0.6520707429987466,40.06617887616065,False,
08KB006,0.6329640090040924,0.7315096358739495,0.27371785609752275,-9.815293118990118,-9.815293118990118,5.419160834632417,2.7355354164112344,0.4184891999716164,51.359344256815874,False,
08KC001,0.506940645664425,0.6697657377760505,0.4892110589242419,-12.229672237917407,-12.229672237917407,32.25339453045904,17.169841099247392,0.5026172815346903,109.48389724643665,False,
08KD007,0.763796781443203,0.8089284876376944,0.607139422690358,3.6493554163349917,3.6493554163349917,44.767469537174534,25.531366859993344,0.7167256110757182,36.9584467022413,False,
08KE016,0.44858256233359084,0.644571844895702,0.37585057426857016,-19.03078696385728,-19.03078696385728,8.084088194088363,3.785361672879776,0.38646020173203083,151.56703078897849,False,
08KE024,0.717660833733091,0.7798248905639819,0.47886411627749714,-6.221502931659322,-6.221502931659322,3.155209883451165,1.5225044074177347,0.5308942545367235,67.39367390945112,False,
08KH001,0.5901643176578375,0.7093025183890213,0.599933158353728,9.61708134984917,9.61708134984917,74.04400169575021,40.49576666625624,0.8368870613587815,30.264443868495434,False,
08KH010,0.865537682618511,0.8814748490792992,0.7674244575770854,-5.879869062043378,-5.879869062043378,12.196636935239875,6.465189620730671,0.796023264931634,34.75571513911589,False,
08KH019,0.6929018346410417,0.765053479916237,0.4994764097591037,9.323093670399778,9.323093670399778,3.9021315017496776,2.237308198414707,0.530077878215786,150.27515760043627,False,
08LB020,0.3315691837974508,0.5993655776965696,0.43324734013868826,-38.78387332397924,-38.78387332397924,15.852398081680771,7.609241984991251,0.5644247095209449,43.808752109767,False,
08LB024,0.11508146672530051,0.5305269073155559,0.11483146681196099,-41.34908521204908,-41.34908521204908,1.3446933908720984,0.6031989501775985,0.17111982254830874,167.19560988902253,False,
08LB038,0.5879644582667463,0.708197471270811,0.6708005233080437,-31.683249258842483,-31.683249258842483,8.227040224413464,4.319666462030255,0.7358203766187535,35.473264020909525,False,
08LB076,0.06091903414018196,0.5157082234349016,0.18327128782507163,-60.939104618394694,-60.939104618394694,5.522429728987308,2.622416598297149,0.4071119228163703,50.1397145839342,False,
08LC040,0.5541256190370012,0.6916230159178614,0.46723122455959853,-4.189911257872471,-4.189911257872471,0.5940875423163967,0.30833298512402596,0.4679126766934846,135.58625055969023,False,
08LD001,0.803615153453237,0.8358514426911985,0.8201256340978409,-10.282092318229552,-10.282092318229552,27.369120333776724,19.09786885501642,0.8802906410309377,33.48107495297783,False,
08LE024,0.7639627349910949,0.8090370964606762,0.6616638789213897,-15.461589678898097,-15.461589678898097,24.181289793527284,14.313736554053529,0.7442661843728737,37.82639514092372,False,
08LE027,0.7412001171346384,0.7944074460221076,0.6836944101723597,-21.371155629641923,-21.371155629641923,23.443706004624293,13.672209413479361,0.7329027745960974,38.27427914339173,False,
08LE077,0.34383701351789353,0.6038053067011978,0.3766768214502214,-26.290133262779122,-26.290133262779122,0.5509938931428481,0.2509352265214724,0.41176609145100956,166.99701448403684,False,
08LE108,0.4520209179402145,0.6460035614107726,0.28224582203891413,-10.516827915179665,-10.516827915179665,0.1668547645470355,0.07346462017401979,0.30682276337075043,130.64307703061596,False,
08LF094,0.32809623049996495,0.5981205487077998,0.14269823165590245,-13.98291487487327,-13.98291487487327,0.7675809489077766,0.4118231214627151,0.1942446762127099,786.058276910585,False,
08LG008,0.17055095745682547,0.546612655911896,0.2666513220762259,-54.25121903119593,-54.25121903119593,12.851808290337052,6.416595395504047,0.42729260050632506,76.78526403954537,False,
08LG016,-0.06747344675493072,0.48368214913211205,0.04138792618854703,-61.83200164374275,-61.83200164374275,1.3683333053726092,0.5506698887628811,0.14198338947085345,65.2255863512933,False,
08LG048,0.28190435186708096,0.582039772399584,0.4255027869673065,-45.221788640641,-45.221788640641,7.858182111906794,3.7350117120803397,0.5825213600958568,68.5354777396232,False,
08LG056,-0.20145164393224912,0.4542457258855764,-0.19328771793936195,-62.335551338068086,-62.335551338068086,0.3903081213179322,0.15344831900199596,0.016087975634050077,76.01546481966136,False,
08MA001,0.5169848650642894,0.6743019517756644,0.642976925715232,-42.03780941151039,-42.03780941151039,51.45872953729026,38.27471163028319,0.852440515254539,56.45564098778155,False,
08MA002,0.48655402161497086,0.6607437690422766,0.5823241629214866,-45.60966041949273,-45.60966041949273,25.99633801415813,20.6768718745246,0.8498227523834758,61.35618335880388,False,
08MA003,0.5719331152685698,0.7002473138280672,0.667891908487871,-36.13250671639909,-36.13250671639909,24.637798999292492,14.91319654576813,0.7746385106110684,53.078812414491516,False,
08MA006,-0.4209258990132634,0.41306510059130125,-0.12051146799948431,-82.97527075549101,-82.97527075549101,1.7917112182035169,0.6919080414916726,0.024194426632766223,62.742903295737804,False,
08MB006,0.4374551883862289,0.6399816456893905,0.44057867951664664,-23.57391051411443,-23.57391051411443,6.706662494250738,3.309659432726978,0.4759564510241626,70.83264527859897,False,
08MB007,0.5213835795606248,0.6763079228505031,0.3594825430585732,-26.177331206886898,-26.177331206886898,3.0159081086101205,1.440716300181453,0.4210185936599295,47.9652470805972,False,
08ME023,0.5892621665207235,0.7088489273260069,0.7107976787225203,-35.602952015860815,-35.602952015860815,8.649481140718116,5.2541430327925305,0.7972386673660492,62.30337695137145,False,
08ME025,0.3122585392809122,0.5925078119334314,0.19230271214830852,-47.20443220755515,-47.20443220755515,3.891355729312348,2.3678833811600106,0.4310643963744665,48.75166899414186,False,
08ME027,0.6705777174518712,0.752206438185526,0.5906259319935055,-26.819511620725336,-26.819511620725336,9.636005090554256,5.428037174773127,0.6647469683101723,43.35522483848887,False,
08ME028,0.7142328695365706,0.7777458112804375,0.7211633230418151,-25.933696030540027,-25.933696030540027,22.003137669020255,13.617109827321535,0.7808506643235036,51.111523804844836,False,
08MF062,0.3277213935142286,0.5979864815118704,0.39055657743643135,-48.63912545999252,-48.63912545999252,3.4159735243980855,1.8452269645425627,0.5617339261384277,46.053688819492585,False,
08MF065,0.7558492915624997,0.80376114663462,0.5744128097406462,-11.862956722243272,-11.862956722243272,24.653683625634862,14.409659427782739,0.6746655199265004,39.63720884442992,False,
08MF068,0.5995378162242135,0.7140499840587625,0.4813945558547478,-30.164787190103663,-30.164787190103663,22.042357427144978,13.299564910267717,0.58492438184178,40.380093871030056,False,
08MG001,0.2784490545302636,0.5808715696921438,0.2409141579890881,-39.25307342208555,-39.25307342208555,36.62285762161894,19.95063287229899,0.3711186814510857,48.356608110868436,False,
08MG005,0.6621129255194724,0.7474472390640878,0.6717309759992196,-31.594234663421865,-31.594234663421865,64.11144823446222,44.83992358885777,0.7957875094294573,52.539519249250134,False,
08MG013,0.6507360729121945,0.7411448419571683,0.4256198242857011,-30.948150617342847,-30.948150617342847,208.73731216545417,167.33984478981017,0.7071212526277356,43.28920478611467,False,
08MH001,0.6231086181872706,0.7262737011858279,0.42211685306374036,-30.143255680993946,-30.143255680993946,36.71761567816405,26.391191520694463,0.6151051857043256,41.90454661100914,False,
08MH006,0.4232827110438988,0.6342291081631197,0.46188384347723355,-13.875818759426828,-13.875818759426828,3.4758848606145083,1.6555042215938431,0.504114727740106,85.90325279986311,False,
08MH029,0.6347613523963342,0.7324726719062996,0.28102407264500906,5.891097738670084,5.891097738670084,3.4695431478421317,2.0179790845984082,0.40908934379259726,55.19637316184903,False,
08MH056,0.45476129712120217,0.6471492062274834,0.16523725945909118,-36.80806794183495,-36.80806794183495,9.097385710919234,5.630755875757794,0.38318948416550697,51.40070644582093,False,
08MH076,0.5725838260537938,0.7005665329091935,0.5682542199741397,2.7889222592032086,2.7889222592032086,2.9351087937387446,1.5220171892593324,0.582420520148716,109.28528382782781,False,
08MH103,0.6026795075619503,0.715655431528952,0.3710135691743014,-33.23316975082562,-33.23316975082562,21.17310576198708,15.586831737534833,0.612634341466812,47.200956275921655,False,
08MH141,0.23970173677424667,0.5680855460071274,0.25630642556131444,-35.777044672331826,-35.777044672331826,7.821087953897318,3.7221226961659797,0.3364461210954191,53.031114931332155,False,
08MH147,0.37422182593685394,0.6150900633023011,0.28044979105915124,-36.07860895141838,-36.07860895141838,30.217331903966713,15.866391816348589,0.40267408265541293,43.66429743118431,False,
08NA002,0.6307433366196424,0.7303232671742098,0.768439454159364,-30.860514675188515,-30.860514675188515,54.101038493606225,34.16139699677921,0.8655743020161465,40.24770528717504,False,
08NA006,0.6317100511160625,0.7308392499818203,0.7518372290198098,-27.02309542808402,-27.02309542808402,24.529280603678263,12.90511038673198,0.8198303228191648,31.951654597365575,False,
08NB005,0.6850670822990685,0.760495069017232,0.8223845733722098,-26.90568645067593,-26.90568645067593,74.58495514523094,47.65130727328106,0.8963961153428739,35.16650967377768,False,
08NB012,0.802008366278576,0.8347303702727993,0.7108306298248522,-6.181186112372363,-6.181186112372363,10.385918559396028,5.550336236047076,0.7833021127945977,33.515737225611055,False,
08NB014,0.780079772747024,0.8197257309617746,0.6701917393245262,-5.936394651831422,-5.936394651831422,12.677505376984417,6.922175610119889,0.7605641859075368,39.18350933527128,False,
08NB016,0.6754646763359644,0.7549817525694369,0.4389962713004856,-9.364564335323319,-9.364564335323319,1.4509134263700283,0.7176239366426129,0.6371190544306227,38.0650423550429,False,
08NB019,0.7487271262838102,0.7991861895240104,0.7114954661174,-21.820859810639426,-21.820859810639426,24.921731071812555,14.669191956027076,0.7663573633436201,40.44097953346001,False,
08NC004,0.6946309267636919,0.7660668699012239,0.788749944252357,-26.812463646470047,-26.812463646470047,7.936246475389005,4.86616605479924,0.8436284001206326,45.79613098113557,False,
08ND012,0.8601298050915858,0.8772928746332801,0.8289609918852868,-9.254350375086062,-9.254350375086062,17.49218782511005,10.57654060956516,0.857933006560907,32.23537301987453,False,
08ND013,0.802427238950419,0.835022332274472,0.7493079806773661,-9.036782032725615,-9.036782032725615,28.99088862440436,17.128180245434514,0.8152962289484244,34.959909059417974,False,
08NE006,0.8351088760288807,0.8584493257970713,0.7070537349260737,-8.184115114939573,-8.184115114939573,9.683986339419754,5.06427453897868,0.7354378297316183,36.06505956706465,False,
08NE008,-1.0775558791968418,0.32493317400331745,-4.436246039586071,73.70232458819301,73.70232458819301,6.0732757257474175,2.2759583904460365,0.6486943952168063,52.21016271287401,False,
08NE039,0.5282922645487331,0.6794827368990977,0.611712263942439,-24.176214274193704,-24.176214274193704,5.68848805857821,2.8886122061065387,0.6625164975849037,107.25246529852379,False,
08NE074,0.8028815619072993,0.8353392347654773,0.6635330688757595,1.705831381785314,1.705831381785314,25.616510436925218,13.18102086098114,0.7408098545355272,47.280071780667264,False,
08NE087,0.681584307686728,0.7584861177171028,0.49960941217234767,-9.176633603951359,-9.176633603951359,1.0441570282162347,0.4854776203218845,0.5243662162412265,67.05371286844262,False,
08NE110,0.5637606490019436,0.6962627777223138,0.5911920259670334,-17.80243577153609,-17.80243577153609,4.103284340811353,2.03151701769192,0.6170001658093774,95.30588322695495,False,
08NE114,0.5902372976808554,0.7093392372737197,0.24590976303909595,7.990212650106596,7.990212650106596,1.9935429653538068,0.9897136882493033,0.5671203377235844,65.80895035545964,False,
08NF001,0.23897298968609337,0.5678504612043106,0.23882340254168455,-42.895528083080656,-42.895528083080656,6.093514749806855,3.0542389493454736,0.3187240749914852,147.13120041382786,False,
08NG076,-0.41065770504526533,0.41482455095433085,-0.30945879859404735,-89.46985928872337,-89.46985928872337,2.1964946182214353,1.183517687129007,0.13358870558071814,81.7079053243476,False,
08NG077,0.7895788797434865,0.8261587502604707,0.6243984644383608,-0.876391092545984,-0.876391092545984,6.436197826574555,2.9118340195309957,0.7126175093681736,37.05959786660928,False,
08NH005,0.3709844191411439,0.6138676706043389,0.5130182962572591,-46.19434818560905,-46.19434818560905,11.587565754245414,6.356557027992353,0.6910204312868635,47.87770825224684,False,
08NH007,0.7833838156859075,0.8219519129311788,0.8344218928071703,-19.65856876834475,-19.65856876834475,25.41270961428277,17.333125002620417,0.8830866293213291,39.22810465635245,False,
08NH016,0.42701279511149814,0.6357330796412187,0.19855574175166424,-38.48494717249491,-38.48494717249491,0.8205769002144307,0.4835545480710259,0.3741869164591738,56.79059595030657,False,
08NH084,0.6562422797284584,0.7441817709504387,0.5278717351727045,-16.682511390722386,-16.682511390722386,1.6916241430392738,0.7352238612091893,0.5510017794933447,35.92011896822389,False,
08NH115,0.41717761901645856,0.6317828279497889,0.013006567371497857,-22.569513569005917,-22.569513569005917,0.08375817760288841,0.03611270545984151,0.22256945884256837,52.327582181263566,False,
08NH119,0.7498017796436272,0.7998731590858823,0.6213993754916037,-5.655961078239298,-5.655961078239298,44.06434737150118,24.61849881421813,0.7391084923229556,38.88317326042247,False,
08NH132,0.5164696568445496,0.6740677766475693,0.6155367503214055,-35.220841888835174,-35.220841888835174,2.8688491501074185,1.4063889429493877,0.6918630755293758,37.87905634932321,False,
08NJ013,0.7799263897224193,0.8196226781534014,0.8316623089995482,-20.78031178334218,-20.78031178334218,42.638154647501224,27.71503195390448,0.8741728431545887,36.173856150664975,False,
08NJ026,0.6992928998793388,0.7688125942475705,0.5786450382950268,-23.25738317562915,-23.25738317562915,1.2269077641855899,0.6467159056970219,0.6571433003550156,41.50721862815611,False,
08NJ061,0.3006160520691017,0.5884485381997163,0.45167118535153505,-46.55486470213022,-46.55486470213022,1.0287373839485134,0.46506442584511587,0.5872110897088159,47.61495442046193,False,
08NJ130,0.7348354919052145,0.7904110442569263,0.5151583131817096,-6.473620683673862,-6.473620683673862,0.12847330937315746,0.0568335523806623,0.5585979713660703,64.6191968273334,False,
08NJ160,0.7632873925817351,0.8085952985371265,0.6823504407281601,-17.681876038014885,-17.681876038014885,3.624076011639287,1.741069908188063,0.7143370549081193,34.0439696547475,False,
08NL004,0.4632388865403686,0.6507192245050706,0.5239225811228556,-20.110399180897417,-20.110399180897417,9.22590502625735,4.141787495363229,0.5737952624511893,71.50953934895684,False,
08NL007,0.40911818308981185,0.6285822047687997,0.5670497084333869,-34.01382305855559,-34.01382305855559,23.36902111053435,11.074797614911542,0.6964500338757326,58.080295364387425,False,
08NL024,0.2651699364602754,0.5764253346864493,0.4418040163206005,-44.065372884080496,-44.065372884080496,24.355991273169252,11.520793995463677,0.6436293586660438,76.5858035908491,False,
08NL038,0.3926000158148133,0.6221226887139195,0.5618405578380967,-33.46381962240172,-33.46381962240172,47.718387896138225,23.445661280461408,0.7229388404535568,59.60886669758849,False,
08NL050,0.3243517883651914,0.596783974736781,0.3435933527509887,-34.83779248790917,-34.83779248790917,4.060382634459334,1.648958768764176,0.3740520245132138,103.66877472637441,False,
08NL069,0.7194000446625399,0.7808839878777623,0.5805091448269446,-9.085446604586686,-9.085446604586686,8.345337300741035,4.323659262861309,0.5932694055258488,68.58430577214793,False,
08NL070,0.30712385853329316,0.5907106701460159,0.4278613398040373,-45.863967979146224,-45.863967979146224,9.210010319265791,4.3636560731921055,0.5534698335599503,52.697668195787074,False,
08NL071,0.45325303807012773,0.6465181601212279,0.5046981192965049,-32.85299859087018,-32.85299859087018,7.739095500410204,3.373982498569114,0.5501625634456253,85.07153789347262,False,
08NM134,0.4443131298636569,0.6428028796774239,-0.16133933880250884,-17.78826232057625,-17.78826232057625,0.2681315771473612,0.10568543100427794,0.23416937940215715,64.2567802973176,False,
08NM171,-0.014215923381743822,0.49647110242334996,-0.005613099830057866,-56.37061204095763,-56.37061204095763,1.8284872815464983,0.7214136967790162,0.10241871157632772,79.71533040812288,False,
08NM174,0.09922922838011639,0.5261023659090546,-0.040600984126782924,-54.22590504643379,-54.22590504643379,1.4715552724045644,0.5727227636607554,0.12671214663916242,89.51576980132062,False,
08NM240,-0.3248266855360922,0.4301395911452236,-0.09354094383560918,-78.80459249167633,-78.80459249167633,0.15681444105003722,0.05851173608544935,0.032413713297498516,116.81607984669596,False,
08NM241,-0.11324752516623415,0.4732053335405359,0.09801645851702456,-61.349952541440636,-61.349952541440636,0.13569563625192313,0.04879232483281197,0.19484974473551214,194.66642013101455,False,
08NM242,-0.23127264719719376,0.4481747227333006,0.008121875076329998,-68.67983871860906,-68.67983871860906,0.12218631841411316,0.04485421072384497,0.09427273610121255,167.3858892608735,False,
08NN002,0.22679696970633456,0.5639512130962167,0.4005016133396755,-45.72675198713652,-45.72675198713652,38.08561211100213,19.26134333050353,0.6232520001729037,114.41985952868185,False,
08NN015,0.3791723043601585,0.6169687269597388,0.38212981607438756,-30.015930923163317,-30.015930923163317,4.990002443071754,2.283801879566457,0.41119597041046685,157.2555161817319,False,
08NN019,0.05802851544686416,0.5149406198567887,0.06239145376204602,-52.95626246518713,-52.95626246518713,2.443053861945095,1.1087977252036858,0.1582176422143112,144.387872676494,False,
08NN023,0.030729984925079057,0.5078023797371205,0.20034010848585282,-60.41887051530615,-60.41887051530615,6.971551574041821,3.201758275730672,0.4014009434430677,145.94687782637706,False,
08OA002,0.29948242929362223,0.5880562584158482,0.344212919126897,-32.01398949299686,-32.01398949299686,27.446132371383708,15.30056382307008,0.4724666840782272,58.15427654381959,False,
08OA003,0.5305786001638484,0.6805399731564447,0.3899464251985292,4.098905478314117,4.098905478314117,0.019327261298707078,0.011087530733254036,0.3976567115986861,108.8808970060119,False,
08OA004,0.25244984001168613,0.5722296406111096,0.2760070226168121,-14.676773098979169,-14.676773098979169,2.621465432798958,1.1854297984026643,0.2962806403999042,129.8577646280933,False,
08OA005,0.35006283124089244,0.6060836854485099,0.29795804718100904,-20.83731234819497,-20.83731234819497,0.6250092608406553,0.3395329662410111,0.32299509661054365,83.23137490371232,False,
08OB002,0.5994696927408338,0.7140152518062941,0.5684276448976795,-25.44715642928217,-25.44715642928217,5.021835049228101,3.0681555357333794,0.6402556823553512,39.110210557149266,False,
09AA012,0.4928413673464911,0.6635001640400628,0.46462126872004483,-38.01745911529191,-38.01745911529191,7.126359988144366,3.8606659965749754,0.5593166725393078,52.374962990508045,False,
09AA013,0.44002489199347894,0.6410358696542866,0.4971442540815202,-44.28934653690303,-44.28934653690303,11.884507689647265,7.613499886591228,0.6906957608142449,50.19682616642649,False,
09AC001,0.6848204068397863,0.7603524303453674,0.6852103949259007,-28.90968074415789,-28.90968074415789,35.568912322336516,24.77398058695737,0.7782323268764243,49.1553096838007,False,
09AC007,0.3912020356753838,0.6215820893456976,-0.027000306462037438,24.34574044072262,24.34574044072262,2.4095726234055106,1.231511174651275,0.5753631112909757,50.60730723051204,False,
09AE003,0.6360558874703078,0.7331678701595118,0.6307716234299406,-27.082986883175344,-27.082986883175344,31.854647656337402,16.91622671400695,0.6887658804122248,32.033740659898825,False,
09AE006,0.5099074520813719,0.671099255812538,0.5364721996755016,-35.6984264311389,-35.6984264311389,15.580378765536446,8.222115176848266,0.6227793901618777,33.19895746339147,False,
09AG001,0.5702330175655344,0.6994146684638772,0.5868165101930944,-30.900636236714117,-30.900636236714117,43.48726381439072,24.573063711682693,0.6937607468061409,33.52864266336562,False,
09AH003,0.16711050224196689,0.5455866276844223,0.16131885141010593,-29.942141297537187,-29.942141297537187,13.678758386787175,6.520274068134133,0.18931294105051538,1138.2352749180097,False,
09AH004,0.05770884954379274,0.5148558699683716,0.0902398315573596,-66.55108250680257,-66.55108250680257,18.925183200527297,10.912468694422381,0.429785055804034,58.40676554401503,False,
09BA001,0.5699064596010848,0.6992549590295027,0.516918760378301,-22.221590211328873,-22.221590211328873,59.94899438031789,29.14150442191692,0.5474719348695634,48.75566371958099,False,
09BB001,0.601091762680562,0.7148431707830826,0.23853286499833026,10.764566509330917,10.764566509330917,23.561043161688243,11.591790322352942,0.5399424980234618,62.95864112273208,False,
09CA004,0.7071911044123906,0.7735095290673093,0.4743391462602129,-15.335302210702988,-15.335302210702988,10.040103974083802,4.891701938903243,0.57801187316662,82.37642931273518,False,
09CA006,0.44673601458720835,0.6438055664660521,0.34578219731510473,-24.123683865280004,-24.123683865280004,40.60936059753762,20.211756351286034,0.38253932866832263,52.53545983329783,False,
09CB001,0.6066073207394391,0.717672781610045,0.6593785274121342,-33.65116808076697,-33.65116808076697,91.81323268193613,53.568147375023145,0.7209995070121069,70.45771516269296,False,
09DB001,0.7199527404452382,0.781221156121868,0.5147684025045818,-11.52547431646816,-11.52547431646816,48.9616505079348,22.653087498699904,0.5628547783146441,36.458630743972606,False,
09DD004,0.5322690912439014,0.6813237999106387,0.3857083220236348,-18.233306248310353,-18.233306248310353,38.1615067996236,18.22585819834366,0.41884749873709526,45.39014059892609,False,
09EA003,0.5483407219703387,0.6888668815986221,0.5099165208498286,-26.48227046275106,-26.48227046275106,58.096679198750564,28.335122349938437,0.5600509896165194,34.76216005330215,False,
09EA004,0.70944767249887,0.774862032860209,0.48476936492691614,-16.16124420050259,-16.16124420050259,11.490963776541525,5.462119935624427,0.5813530626186962,41.36276862848194,False,
09EB003,0.15700597988786802,0.5425953579269659,0.20511029962919103,-51.22149953482281,-51.22149953482281,12.373141270554765,5.44767019049616,0.27159873416992175,4383.382207666147,False,
09FB002,0.22187144050537988,0.5623890323679521,0.1890598970805364,-26.770596832910247,-26.770596832910247,24.569060800570263,9.053822736745836,0.2053885353887292,1264.4830531718053,False,
10AA004,0.8237683544601768,0.8501726711672147,0.66643212465501,-6.205610477901378,-6.205610477901378,34.45652048444782,15.960063518341887,0.7141216398924521,28.319574479692456,False,
10AA005,0.5838072774754879,0.7061185840705317,0.378267372522056,-32.24662790886676,-32.24662790886676,6.421896715213115,3.416186103120929,0.5430666370188563,39.58747745456555,False,
10AC005,0.6282445950943577,0.7289929359299927,0.5344066313720284,-20.97026488132812,-20.97026488132812,16.64574452036575,7.68599060742374,0.5641419949170259,36.16822972559285,False,
10BE004,0.5908361324936791,0.7096406763321402,0.46609466045990633,10.585077370756396,10.585077370756396,34.599637297474196,18.089748881563086,0.7361745755579472,40.52971636525784,False,
10BE007,0.6893346612969126,0.7629712715142882,0.532218234566308,-23.83297000777502,-23.83297000777502,9.906318846621566,5.977631135856393,0.6413303081759743,41.2539774488145,False,
10BE009,-1.4128863282050341,0.2930071217830269,-7.912193712701352,54.716932862850065,54.716932862850065,2.0819049671260896,0.8153148813083383,0.3300807478983738,63.43796179441667,False,
10BE013,-0.06392794955862846,0.4845130374894386,-1.69756941157448,-27.850117330360696,-27.850117330360696,22.43733330687206,13.52235011411606,0.3696342364299791,53.049033690154026,False,
10CA001,0.06156531618788463,0.5158801626647566,0.19488878144507438,-58.31589194430513,-58.31589194430513,51.50344486593643,23.29804083188444,0.2990098620281152,193.187497173269,False,
10CB001,0.8123359154356943,0.8419889200967543,0.6549115853038852,8.198262339405735,8.198262339405735,18.90094261699411,10.559814372937593,0.7036735828932769,47.39169704978206,False,
10CD003,0.05645658280259347,0.5145241372801448,0.1607007226408509,-40.758561249868926,-40.758561249868926,3.5249985904292407,1.2169231171792716,0.18046321794030787,4252.972095571972,False,
10CD004,0.04747953439580166,0.5121585241312975,0.12071363113553168,-28.40192975727405,-28.40192975727405,7.100742447555699,2.538659017473733,0.1293365616015004,7608.446126463021,False,
10CD005,-0.0519779777828544,0.4873346648098494,0.06769709047341221,-18.557672536731804,-18.557672536731804,3.303178498693439,0.8352961914497448,0.06973196941892551,2714.5529647819762,False,
10EA003,0.6874340152442684,0.7618664597544784,0.5988135704407709,-19.50206251179769,-19.50206251179769,67.41271587109917,33.74231764680385,0.633953487929257,34.691349558847804,False,
10ED003,0.1181425211394751,0.5313898694419227,0.2164733724155441,-53.819133014159654,-53.819133014159654,6.170472990517797,2.4329083843431625,0.26736078970831445,712.5054248850031,False,
10ED007,0.03323269940761453,0.508448559063801,0.19848703904694287,-58.23143940722237,-58.23143940722237,20.735917967968085,8.368188407846457,0.29185865948625433,398.0360282449097,False,
10ED009,0.2353665864497425,0.5666899381600764,-0.0620678402391317,-47.02532647467401,-47.02532647467401,1.3807845231088742,0.5445840687082821,0.17270428575649158,1713.1954910407178,False,
10FA002,-0.04610667582264649,0.48873307135755534,0.03037440081834386,-61.44097730715189,-61.44097730715189,60.67508697009644,35.01847656798352,0.25339377998775126,358.61579843464096,False,
10FB005,0.13756237875844068,0.5369307345356182,0.13511029139920394,-53.44479380124726,-53.44479380124726,10.51705465965079,4.437681065085841,0.21872653869791,141.739862666318,False,
10GA001,0.4626574954004524,0.6504731359525401,0.403877915918858,-13.80601537779856,-13.80601537779856,142.18162990939803,57.63673699610088,0.4121486965824399,45.3728864087627,False,
10GC003,0.19086067743493962,0.5527490268588963,0.2992947370251329,-53.227000763117324,-53.227000763117324,18.530722996228402,7.11571283687901,0.3500386059110382,268.61598069029384,False,
10KA007,0.23715012366778232,0.5672632783005881,0.12397715756165406,-34.69799871234912,-34.69799871234912,1.1028695443936642,0.386305239208868,0.19298733198605203,49.95920183165111,False,
10KB001,0.5472027794618586,0.6883273080806023,0.07737745578507293,18.88020514778041,18.88020514778041,99.34490027792356,49.76346625830581,0.374598722228094,57.493604787698885,False,
10LC003,-0.16778386662780465,0.46130060076311746,0.07030601911157341,-58.412787721674434,-58.412787721674434,8.975787964575218,3.157711379287471,0.13652751068389885,873.0118071767288,False,
10LC007,0.010479797660646217,0.502633749998699,0.16667741409709003,-60.82605945680806,-60.82605945680806,3.9088546787702807,1.6194749520374576,0.28453719070769384,209.97360099880567,False,
10MA002,0.19414998735146538,0.5537558451675388,0.13654055731324866,-39.108584972981966,-39.108584972981966,68.01612794787602,23.665480927073293,0.1893117873342288,74.86924968002107,False,
10MA003,0.5388685030202025,0.6844010974145927,-0.0014543876846853099,-6.023953457883738,-6.023953457883738,17.11455478733021,7.039148164536898,0.3109472103371005,109.16592680526766,False,
10ND002,-0.038072058249678076,0.49065978602288113,-0.04092716217013925,-45.14728702396507,-45.14728702396507,0.7879205108856294,0.2526701728012838,0.04787744949090354,576.2276848935171,False,
10PC005,-3.3212887349745976,0.18792440136304195,-25.602596985937502,-29.812445253955424,-29.812445253955424,75.89379371762647,36.19943520889363,0.055798502767635434,96.66934336106917,False,
10QA001,-0.018741039340585353,0.4953582359065958,-1.8733157093064383,-33.334615318130815,-33.334615318130815,66.96774879759762,31.134090533988434,0.08228565785111094,104.7197415655069,False,
10TF001,0.4203944894175894,0.6330694551902986,0.013760675102403197,-32.993974630158306,-32.993974630158306,11.514015069662669,4.109972169143443,0.27415696546233514,2750.5309509023714,False,
10UH001,0.6300931765505644,0.7299766545304099,0.38490232195554286,-5.634561056833716,-5.634561056833716,59.85748721310368,23.0415727069561,0.641925365519399,266.2263960356558,False,
11AA026,-0.14072648959733014,0.4671311374243328,0.026330959244368013,73.15959107353365,73.15959107353365,1.5192180489735834,0.5413458400145524,0.0825399846552676,4821.908533814539,False,
11AB075,-0.7784031951406023,0.35991896415501873,-0.12283412856652065,149.9421678487682,149.9421678487682,0.6276075566057129,0.21577556839222056,0.029894504397436877,4657.295395993732,False,
11AB117,0.35168489269845093,0.6066801156952911,0.20524608940376343,-35.66143833976674,-35.66143833976674,0.6677101494008254,0.26659485837197844,0.28190799122573207,84.43333718737264,False,
11AC025,-0.22369178455927874,0.4497026102914679,-0.08765268021056882,47.920233013441205,47.920233013441205,2.134376630871255,0.7095016748158974,0.004988039729704109,9427.605169169417,False,
12175500,0.6620408584799903,0.7474069790082933,0.34033683041437324,-15.482024984520127,-15.482024984520127,13.001239742957253,8.090360145191498,0.5307221463175068,44.6548789597864,False,
12178100,-0.7233852619205197,0.36719006083436184,-0.017317684947900647,-100.92415885582146,-100.92415885582146,3706.6634679493923,487.7611363892858,0.000532518857419171,50.16721267001623,False,
12186000,0.6240166674087078,0.7267529891635901,0.24091201312696253,-4.452663261592876,-4.452663261592876,27.745987920415175,16.03210293315404,0.3930592446325352,46.38025862269799,False,
12189500,0.7050690387955862,0.7722419418174241,0.406950860238809,-6.256364991430528,-6.256364991430528,80.82098902470942,50.331393493843564,0.507769484271268,38.835187646096855,False,
12358500,0.48452255003475453,0.6598580533302776,0.30133054840871865,22.83553381585721,22.83553381585721,88.63861999753142,44.84269466971032,0.6896757844413117,46.236457563191344,False,
12374250,0.32471648987249946,0.5969138918605443,0.07138827505779255,-21.30719754268626,-21.30719754268626,0.4223149667629311,0.20335520479647862,0.1785361609657407,82.60895917980383,False,
12375900,0.5011977163619784,0.6671994104337192,-0.09237823956293756,7.871616731157485,7.871616731157485,0.7773227464130044,0.4275259329412358,0.39437031905749437,72.3362457143921,False,
12377150,0.5128405119851165,0.6724228356535167,0.229413254951379,-26.818685528658076,-26.818685528658076,1.6600445243657453,0.9905265916042746,0.3643738437474082,73.77902604533573,False,
12381400,0.6694938228437509,0.7515936544821951,0.5392612138953381,11.406725935236327,11.406725935236327,1.7794305630573808,0.6809205879977436,0.7227826988331643,37.92405290884846,False,
12383500,-0.25554170011552624,0.4433524771228043,-2.129218544885794,1.10524906252703,1.10524906252703,0.4143407359890987,0.2246009899797575,0.3742762631988371,77.31362610779087,False,
12388400,-0.38215456189807795,0.41978804230201144,-0.3734087048484378,-84.47827059873313,-84.47827059873313,0.9241218239336911,0.4755695603471054,0.008734486201251503,89.97746975487433,False,
12390700,0.3804043235482274,0.6174380523111858,0.3418561828355752,-41.55900277526461,-41.55900277526461,6.3026410228761796,3.1884160289657184,0.44496466677519214,45.40142032576032,False,
12411000,0.5910469640024509,0.7097468648356988,0.48500339408514803,-18.686171592496194,-18.686171592496194,19.650303035378,9.696465510939019,0.5057290443129048,57.6236559512301,False,
12414500,0.7994514322045833,0.8329525575431848,0.7087249237449627,-12.621803439729982,-12.621803439729982,42.64487646892447,21.244666047663795,0.7277839698732314,33.19016517327696,False,
12447390,0.40175968851570565,0.6256881351411382,0.18062694116896905,-21.0586216819154,-21.0586216819154,1.5435940540398136,0.7140520407694252,0.2521485985784089,93.4746948074632,False,
12451000,0.5817419287332523,0.7050902936916329,0.5288588485966937,-33.12058942711494,-33.12058942711494,30.100218054867117,17.4910342919059,0.6244379709148725,42.62948367099744,False,
12488500,0.1378893276091664,0.537025008677955,0.11090220302550369,-62.498770637949875,-62.498770637949875,6.831627475105037,4.2208954641228695,0.45660670370628237,56.89397192154515,False,
13011500,0.602577279938627,0.7156030781838736,0.2684712550734968,21.051758608957538,21.051758608957538,11.945927498438598,5.652110376697557,0.47732688545310586,88.68515359523562,False,
13011900,0.03742513104616141,0.5095347014878752,-0.43906896041168153,47.69027970240918,47.69027970240918,26.406785760540863,11.443032413794473,0.6664047227796054,57.89554745020644,False,
13018300,-0.31224049721320246,0.43248096433101874,-1.1912165911073993,40.66377956270655,40.66377956270655,0.6502729742044924,0.22315052427859502,0.7712987669298101,45.166295093093005,False,
13023000,-0.4447237240694417,0.4090441754847532,-1.8336610349102775,42.26866077843079,42.26866077843079,33.685883661018295,13.885202758952758,0.6872891169387566,50.983913926993196,False,
13083000,-1.3162498008609589,0.301545438386572,-7.622431669909998,69.39551435150362,69.39551435150362,0.8072558558880999,0.3963430475459495,0.2911949041226952,92.97261101974307,False,
13161500,-1.874221930740327,0.2581163438432422,-6.305480107029487,223.70459028762622,223.70459028762622,13.123322431978387,7.254613414795852,0.27384016201886124,929.7502508939637,False,
13235000,0.1696283710725781,0.546337139516301,-0.1596296383615523,12.165733460658803,12.165733460658803,28.356692120758996,12.915942068880824,0.7466908896612641,45.57726174705713,False,
13240000,0.7873834891913718,0.8246630250260688,0.5776127680840022,-5.381483686225462,-5.381483686225462,4.379520777574456,2.0185232009607943,0.6376332228236036,71.75896962283768,False,
13310700,0.13594724565588712,0.5364655038166346,-0.46507428697405184,31.387368054931596,31.387368054931596,24.674133443826562,11.17322415227988,0.5913194484589099,63.70681981493351,False,
13313000,0.43030672031962924,0.637067134672084,-0.08021526030820048,19.130980318284767,19.130980318284767,16.684983136853035,7.434356578921004,0.48852109446713604,69.48790691336966,False,
13331500,0.23001259934175677,0.5649757730637566,-0.006542011191650765,45.7810471250704,45.7810471250704,16.4317990266323,9.0477758865012,0.6971323968844508,87.59843112091058,False,
13337000,0.8888559519530743,0.8999733218728164,0.805660990225816,1.7106982375701323,1.7106982375701323,44.66244898392951,23.149633777290994,0.8292999097226355,40.003505262147065,False,
13338500,0.002791020378996034,0.5006987301798347,-0.1858392426933626,69.89972161218822,69.89972161218822,36.37432903605553,20.553606759425833,0.7865069207986747,105.67551559013219,False,
13340600,0.7879419297698568,0.8250429781884311,0.7283957426348029,-1.04349165688851,-1.04349165688851,55.71291979468723,28.382271518062215,0.8105932770273282,29.213640787206142,False,
14020000,0.5706548145576965,0.6996210643761012,0.09860568650868218,6.82092422972672,6.82092422972672,8.544121108363642,4.569524067010564,0.33841832495747165,75.91274584024315,False,
14092750,0.10271730019296343,0.5270695822513457,-0.20092371837306433,-56.214281220712614,-56.214281220712614,2.2367131699938927,1.3744796151115581,0.1918943907408305,61.540246794655516,False,
14096850,0.09406779426467238,0.5246776338585402,0.029745130079327775,-41.984399111819435,-41.984399111819435,2.856948951526704,1.1841435345044555,0.14293302611848138,44.887241451595536,False,
14137000,0.6642467999663072,0.7486412909022238,0.32728317380542704,12.20677578627896,12.20677578627896,31.590859662729514,18.531828633737284,0.48572836101838585,49.08360787324752,False,
14138800,0.5349399739561058,0.6825658896040614,0.4411097829995039,-1.4656971141802797,-1.4656971141802797,1.8277179734751992,0.9868147868782969,0.4413961126482149,98.52809975275652,False,
14138870,0.6660174914522485,0.7496350166455004,0.440837290258017,13.433090810461993,13.433090810461993,0.9673581668087194,0.56578626801659,0.49709336196963094,69.19953396908521,False,
14138900,0.5537896731506786,0.6914623560865975,0.522055434618925,-19.56456244705927,-19.56456244705927,1.8134723476726795,0.9383542678210743,0.5471187678957273,47.84263453908012,False,
14139800,0.6708148395561526,0.7523406292514397,0.5116399983420512,-0.8683537790138669,-0.8683537790138669,2.9213391288655712,1.6099254541397188,0.5218629849400133,52.61581735098301,False,
14141500,0.7328073828461574,0.7891460117926142,0.5307223474617613,14.935495117527404,14.935495117527404,3.2388923095453275,1.9018409019311777,0.610790677489406,51.345046620626256,False,
14154500,0.5939691506132507,0.7112219482496827,0.5537835879509592,-5.215221971110241,-5.215221971110241,17.105969227422584,9.17462983706824,0.5585581248809431,127.04317050403908,False,
14158500,0.20590268659261846,0.5573833662906401,-0.6008608731672436,-18.873265328680112,-18.873265328680112,8.470593514822209,6.086080197345604,0.5164917343383091,56.34228863787298,False,
14158790,0.604480908490878,0.7165792328348547,0.4956803829050309,-8.859775750446358,-8.859775750446358,2.4773194942966046,1.2877603975441645,0.5012106307785831,74.96447638521308,False,
14166500,0.5123720948059886,0.6722111063583358,0.563047316227269,-19.67595157287124,-19.67595157287124,6.685349885921756,2.8749021483429464,0.6041799466068873,59.25178568399946,False,
14182500,0.6601816101473015,0.746369812187711,0.5997087001655154,-5.226159367274704,-5.226159367274704,18.188655987401393,9.516567283958913,0.6016918270343803,61.51080401537138,False,
14185000,0.7462310455311314,0.7975951202457615,0.5831107930250028,14.17574262832425,14.17574262832425,20.176447714094387,11.663540238532823,0.6262990817659149,67.27536614470367,False,
14185900,0.553789944497403,0.6914624858229692,0.5876189757308465,-19.716744660976648,-19.716744660976648,16.891067410526595,8.617530234312747,0.6226103517362781,55.97789787966442,False,
14187000,0.7012368969813161,0.7699633579639921,0.5489298702766257,19.72857069690321,19.72857069690321,5.315392500771342,3.0507557164152552,0.6045036364004772,118.79302306613823,False,
14216500,0.5090820372702494,0.6707277160770675,0.4136454212688174,-28.35554168125132,-28.35554168125132,19.526141935700405,10.705232685382628,0.4884769872693181,40.695796223670655,False,
14222500,0.7966713286137797,0.8310281503124262,0.6130287562175566,6.475613995038335,6.475613995038335,16.33315494727978,8.890754119991577,0.6516954940990504,44.40020933430738,False,
14236200,0.5473863161710213,0.6884142777480082,0.6050747717638452,-23.87855128566788,-23.87855128566788,18.76659902290773,9.178512746624975,0.6614505738628127,33.67626770460063,False,
