 MESH 1.5 ---  (1.5.5)
 
 READING: MESH_drainage_database.nc
   WARNING: The variable 'LandUse' is an unknown or unsupported data format (Code: 1).
   4 attributes found in the file.
   33 variables found in the file.
   35 valid fields found in the file.
   INFO: Found the variable 'author'.
   INFO: Found the variable 'license'.
   INFO: Found the variable 'purpose'.
   INFO: Found the variable 'featureType'.
   INFO: Found the variable 'subbasin'.
   INFO: Found the variable 'ChnlSlope'.
   INFO: Found the variable 'ChnlLength'.
   INFO: Found the variable 'IAK'.
   INFO: Found the variable 'oldRank'.
   INFO: Found the variable 'oldNext'.
   INFO: Found the variable 'GridArea'.
   INFO: Found the variable 'lat'.
   INFO: Found the variable 'lon'.
   INFO: Found the variable 'grid_mapping_name'.
   INFO: Found the variable 'semi_major_axis'.
   INFO: Found the variable 'inverse_flattening'.
   INFO: Found the variable 'NGRU'.
   INFO: Found the variable 'GRU 1'.
   INFO: Found the variable 'GRU 2'.
   INFO: Found the variable 'GRU 3'.
   INFO: Found the variable 'GRU 4'.
   INFO: Found the variable 'GRU 5'.
   INFO: Found the variable 'GRU 6'.
   INFO: Found the variable 'GRU 7'.
   INFO: Found the variable 'GRU 8'.
   INFO: Found the variable 'GRU 9'.
   INFO: Found the variable 'GRU 10'.
   INFO: Found the variable 'GRU 11'.
   INFO: Found the variable 'GRU 12'.
   INFO: Found the variable 'GRU 13'.
   INFO: Found the variable 'GRU 14'.
   INFO: Found the variable 'GRU 15'.
   INFO: Found the variable 'GRU 16'.
   INFO: Found the variable 'Rank'.
   INFO: Found the variable 'Next'.
   INFO: Assigned the variable 'ChnlSlope'.
   INFO: Assigned the variable 'ChnlLength'.
   INFO: Assigned the variable 'GridArea'.
   INFO: Assigned the variable 'Next'.
   INFO: 'SHDPADOUTLETS' is active.
   REMARK: Re-routing outflows at 0 in-basin outlets to 'Rank 520'.
   Total number of grids: 520
   Total number of grids inside the basin: 519
   Total number of Columns: 520
   Total number of Rows: 1
   Side length of grid: 1.000000 m
   REMARK: 'GRU 3' has zero coverage in the basin and is not active.
   REMARK: 'GRU 4' has zero coverage in the basin and is not active.
   REMARK: 'GRU 11' has zero coverage in the basin and is not active.
   REMARK: 'GRU 13' has zero coverage in the basin and is not active.
   REMARK: 'GRU 15' has zero coverage in the basin and is not active.
   Number of GRUs: 15
   Number of land-based tiles: 2242
   Number of land tiles (NML): 2242
           Tile ID            Grid             GRU    GRU Fraction
                 1               1               1   0.3685773
                 2               1               5   0.6699270E-01
                 3               1               6   0.2598877
                 4               1              10   0.1437067
                 5               1              14   0.1608356
                 6               2               1   0.5144423
                 7               2               5   0.9726594E-01
                 8               2               6   0.1292121
                 9               2              10   0.9656818E-01
                10               2              14   0.1625115
                11               3               1   0.4966929
                12               3               5   0.6156324E-01
                13               3               6   0.7114217E-01
                14               3              10   0.1361053
                15               3              14   0.2344964
                16               4               1   0.4807758
                17               4               5   0.5337310E-01
                18               4               6   0.1154093
                19               4              10   0.1065319
                20               4              14   0.2439099
                21               5               1   0.6065910
                22               5               5   0.7974076E-01
                23               5              10   0.1030072
                24               5              14   0.2106610
                25               6               1   0.4859286
                26               6               5   0.2479299
                27               6               6   0.1146595
                28               6              10   0.6972375E-01
                29               6              14   0.8175820E-01
                30               7               1   0.5610417
                31               7               5   0.9603316E-01
                32               7               6   0.6112311E-01
                33               7              10   0.1525671
                34               7              14   0.1292349
                35               8               1   0.4653978
                36               8               5   0.1096491
                37               8               6   0.8174989E-01
                38               8              10   0.1299696
                39               8              14   0.2132337
                40               9               1   0.4461304
                41               9               5   0.7583122E-01
                42               9               6   0.1496547
                43               9              10   0.9888581E-01
                44               9              14   0.2294978
                45              10               1   0.3730723
                46              10               5   0.5266656E-01
                47              10               6   0.2945513
                48              10              10   0.3662273E-01
                49              10              14   0.2430872
                50              11               1   0.4404049
                51              11               5   0.2452001
                52              11               6   0.1404401
                53              11              10   0.8512767E-01
                54              11              14   0.8882716E-01
                55              12               1   0.4545468
                56              12               5   0.1330415
                57              12               6   0.1234723
                58              12              10   0.9714016E-01
                59              12              14   0.1917993
                60              13               1   0.5169108
                61              13               5   0.1293488
                62              13               6   0.9014108E-01
                63              13              10   0.1079029
                64              13              14   0.1556965
                65              14               1   0.6325111
                66              14               5   0.6237098E-01
                67              14               6   0.1044377
                68              14              10   0.8987538E-01
                69              14              14   0.1108049
                70              15               1   0.5842046
                71              15               5   0.1255075
                72              15               6   0.8238082E-01
                73              15              10   0.7550726E-01
                74              15              14   0.1323997
                75              16               1   0.4653400
                76              16               5   0.2160855
                77              16               6   0.1403733
                78              16              10   0.8849522E-01
                79              16              14   0.8970594E-01
                80              17               1   0.4281983
                81              17               5   0.9852178E-01
                82              17               6   0.1179892
                83              17              10   0.9584703E-01
                84              17              14   0.2594437
                85              18               1   0.4303664
                86              18               5   0.1115107
                87              18               6   0.2048751
                88              18              10   0.1092162
                89              18              14   0.1440316
                90              19               1   0.4374887
                91              19               6   0.1087219
                92              19              10   0.1388386
                93              19              14   0.3149507
                94              20               1   0.3329818
                95              20               5   0.4130153
                96              20               6   0.5148645E-01
                97              20              14   0.2025166
                98              21               1   0.6895807
                99              21               5   0.1515927
               100              21              14   0.1588266
               101              22               1   0.4683087
               102              22               5   0.1960289
               103              22               6   0.7811545E-01
               104              22              10   0.4927921E-01
               105              22              14   0.2082677
               106              23               1   0.5716656
               107              23               5   0.5716566E-01
               108              23               6   0.5454223E-01
               109              23              10   0.1101789
               110              23              14   0.2064475
               111              24               1   0.5973727
               112              24               5   0.1454923
               113              24               6   0.7612397E-01
               114              24              10   0.3811105E-01
               115              24              14   0.1428999
               116              25               1   0.6283486
               117              25               5   0.8677733E-01
               118              25               6   0.7642972E-01
               119              25              10   0.8358876E-01
               120              25              14   0.1248556
               121              26               1   0.4822148
               122              26               5   0.1919222
               123              26               6   0.1202797
               124              26              10   0.6319524E-01
               125              26              14   0.1423880
               126              27               1   0.5634125
               127              27               5   0.5205241E-01
               128              27               6   0.7351745E-01
               129              27              10   0.2070917
               130              27              14   0.1039260
               131              28               1   0.2455451
               132              28               5   0.1212471
               133              28               6   0.3473581
               134              28              10   0.8882844E-01
               135              28              14   0.1970212
               136              29               1   0.4592304
               137              29               5   0.3362650
               138              29              14   0.2045047
               139              30               1   0.6234853
               140              30               5   0.1747324
               141              30              10   0.2207199E-01
               142              30              14   0.1797103
               143              31               1   0.6617795
               144              31               5   0.8427011E-01
               145              31              10   0.2082340E-01
               146              31              14   0.2331270
               147              32               1   0.4511413
               148              32               5   0.9514499E-01
               149              32               6   0.1249648
               150              32              10   0.2276627
               151              32              14   0.1010863
               152              33               1   0.4276682
               153              33               5   0.1012161
               154              33               6   0.1290804
               155              33              10   0.9969152E-01
               156              33              14   0.2423439
               157              34               1   0.4799325
               158              34               5   0.1767575
               159              34               6   0.1877961
               160              34              10   0.2522609E-01
               161              34              14   0.1302878
               162              35               1   0.4337476
               163              35               5   0.2091668
               164              35               6   0.1365728
               165              35              14   0.2205128
               166              36               1   0.7816606
               167              36               5   0.1084835
               168              36              14   0.1098559
               169              37               1   0.5949407
               170              37               5   0.6305390E-01
               171              37               6   0.6881786E-01
               172              37              10   0.1435577
               173              37              14   0.1296298
               174              38               1   0.3342788
               175              38               5   0.1826840
               176              38               6   0.1485882
               177              38              10   0.1551878
               178              38              14   0.1792613
               179              39               1   0.4850194
               180              39               6   0.7705501E-01
               181              39              10   0.1026159
               182              39              14   0.3353097
               183              40               1   0.4719433
               184              40               5   0.1777550
               185              40               6   0.1316234
               186              40              10   0.3967632E-01
               187              40              14   0.1790019
               188              41               1   0.6664888
               189              41               5   0.1110196
               190              41               6   0.5894342E-01
               191              41              10   0.9529004E-01
               192              41              14   0.6825811E-01
               193              42               1   0.5115489
               194              42               5   0.1253847
               195              42               6   0.9833515E-01
               196              42              14   0.2647312
               197              43               1   0.6630231
               198              43               5   0.6327787E-01
               199              43               6   0.1062915
               200              43              10   0.9221722E-01
               201              43              14   0.7519031E-01
               202              44               1   0.5650724
               203              44               5   0.1309080
               204              44               6   0.7719527E-01
               205              44              10   0.9063075E-01
               206              44              14   0.1361937
               207              45               1   0.4067479
               208              45               5   0.1993409
               209              45               6   0.2150877
               210              45              10   0.1281812
               211              45              14   0.5064207E-01
               212              46               1   0.3109108
               213              46               5   0.1583822
               214              46               6   0.1704077
               215              46              10   0.1437411
               216              46              14   0.2165583
               217              47               1   0.4312568
               218              47               5   0.1669646
               219              47               6   0.2259559
               220              47              10   0.2984682E-01
               221              47              14   0.1459759
               222              48               1   0.4780927
               223              48               5   0.1421005
               224              48               6   0.1545126
               225              48              10   0.3041273E-01
               226              48              14   0.1948815
               227              49               1   0.7045082
               228              49               5   0.1310625
               229              49              10   0.3198268E-01
               230              49              14   0.1324466
               231              50               1   0.4508596
               232              50               5   0.1302391
               233              50               6   0.1771809
               234              50              10   0.2883060E-01
               235              50              14   0.2128898
               236              51               1   0.3557737
               237              51               5   0.6681193E-01
               238              51               6   0.3316928
               239              51              10   0.7041590E-01
               240              51              14   0.1753057
               241              52               1   0.4974677
               242              52               2   0.5762308E-01
               243              52               6   0.7316464E-01
               244              52              10   0.1056127
               245              52              14   0.2661318
               246              53               1   0.3883498
               247              53               5   0.2136237
               248              53               6   0.1478309
               249              53              10   0.5386050E-01
               250              53              14   0.1963351
               251              54               1   0.3992332
               252              54               5   0.1141480
               253              54               6   0.2548058
               254              54              10   0.3167243E-01
               255              54              14   0.2001406
               256              55               1   0.4008364
               257              55               5   0.2708468
               258              55               6   0.7942023E-01
               259              55              10   0.3616807E-01
               260              55              14   0.2127285
               261              56               1   0.6873106
               262              56               5   0.7567640E-01
               263              56               6   0.1017012
               264              56              10   0.9911618E-01
               265              56              14   0.3619552E-01
               266              57               1   0.6140154
               267              57               5   0.7194141E-01
               268              57               6   0.1447341
               269              57              10   0.8915792E-01
               270              57              14   0.8015113E-01
               271              58               1   0.5073025
               272              58               6   0.1862530
               273              58              10   0.3131729E-01
               274              58              14   0.2751272
               275              59               1   0.5098864
               276              59               5   0.1268886
               277              59               6   0.1262551
               278              59              10   0.3646458E-01
               279              59              14   0.2005054
               280              60               1   0.5700939
               281              60               5   0.1496473
               282              60               6   0.1121552
               283              60              10   0.2029227E-01
               284              60              14   0.1478114
               285              61               1   0.3870434
               286              61               5   0.1141611
               287              61               6   0.1436077
               288              61              10   0.2882810E-01
               289              61              14   0.3263597
               290              62               1   0.4414555
               291              62               5   0.2029727
               292              62               6   0.1811431
               293              62              10   0.3964040E-01
               294              62              14   0.1347883
               295              63               1   0.3005472
               296              63               5   0.1934805
               297              63               6   0.2705937
               298              63              10   0.3500802E-01
               299              63              14   0.2003706
               300              64               1   0.3292427
               301              64               5   0.1935256
               302              64               6   0.2892805
               303              64              14   0.1879511
               304              65               1   0.5553789
               305              65               5   0.1560169
               306              65              10   0.5703185E-01
               307              65              14   0.2315724
               308              66               1   0.7554622
               309              66               5   0.6952991E-01
               310              66               6   0.5968079E-01
               311              66              10   0.7933193E-01
               312              66              14   0.3599513E-01
               313              67               1   0.6595840
               314              67               6   0.6587822E-01
               315              67              10   0.6956839E-01
               316              67              14   0.2049694
               317              68               1   0.2990745
               318              68               5   0.1258044
               319              68               6   0.1765825
               320              68               8   0.1025303
               321              68              10   0.3025999E-01
               322              68              14   0.2657484
               323              69               1   0.3980634
               324              69               5   0.7895099E-01
               325              69               6   0.2537045
               326              69              14   0.2692811
               327              70               1   0.3617663
               328              70               5   0.2020450
               329              70               6   0.1797838
               330              70              10   0.5978565E-01
               331              70              14   0.1966192
               332              71               1   0.3747065
               333              71               5   0.2057237
               334              71               6   0.2309850
               335              71              10   0.2964521E-01
               336              71              14   0.1589395
               337              72               1   0.4594087
               338              72               5   0.1407325
               339              72               6   0.1168263
               340              72              10   0.3120636E-01
               341              72              14   0.2518261
               342              73               1   0.2321051
               343              73               5   0.2634737
               344              73               6   0.2931342
               345              73              10   0.2663149E-01
               346              73              14   0.1846556
               347              74               1   0.5712847
               348              74               5   0.1391957
               349              74              10   0.7331815E-01
               350              74              14   0.2162015
               351              75               1   0.8219519
               352              75               5   0.5139753E-01
               353              75              10   0.6294177E-01
               354              75              14   0.6370885E-01
               355              76               1   0.8214291
               356              76               6   0.5719598E-01
               357              76              10   0.8841664E-01
               358              76              14   0.3295829E-01
               359              77               1   0.4167480
               360              77               5   0.9187981E-01
               361              77               6   0.9736314E-01
               362              77              10   0.8379947E-01
               363              77              14   0.3102095
               364              78               1   0.1116285
               365              78               5   0.8892304E-01
               366              78               6   0.4845584
               367              78              14   0.3148901
               368              79               1   0.2024644
               369              79               5   0.7698507E-01
               370              79               6   0.3333618
               371              79               8   0.7099564E-01
               372              79              14   0.3161931
               373              80               1   0.3940821
               374              80               5   0.2357175
               375              80               6   0.1305123
               376              80               8   0.5789077E-01
               377              80              14   0.1817973
               378              81               1   0.3207763
               379              81               5   0.1693674
               380              81               6   0.2479924
               381              81              14   0.2618639
               382              82               1   0.4038031
               383              82               5   0.2402116
               384              82               6   0.1580337
               385              82              10   0.2299567E-01
               386              82              14   0.1749559
               387              83               1   0.7217854
               388              83               6   0.1143984
               389              83              10   0.1142804
               390              83              14   0.4953587E-01
               391              84               1   0.8063838
               392              84              10   0.1936161
               393              85               1   0.7576199
               394              85               6   0.7005366E-01
               395              85              10   0.1022322
               396              85              14   0.7009427E-01
               397              86               1   0.6903981
               398              86               6   0.1063437
               399              86              10   0.4862021E-01
               400              86              14   0.1546381
               401              87               1   0.6796124
               402              87               5   0.1182182
               403              87               6   0.6177602E-01
               404              87              10   0.5554345E-01
               405              87              14   0.8484989E-01
               406              88               1   0.6392298
               407              88               5   0.8068318E-01
               408              88               6   0.9725820E-01
               409              88              10   0.7939695E-01
               410              88              14   0.1034319
               411              89               1   0.5715972
               412              89               6   0.7788987E-01
               413              89              10   0.8911149E-01
               414              89              14   0.2614015
               415              90               1   0.1991463
               416              90               5   0.1543766
               417              90               6   0.3433311
               418              90               8   0.1054907
               419              90              10   0.3484066E-01
               420              90              14   0.1628146
               421              91               1   0.1766728
               422              91               5   0.1233589
               423              91               6   0.4000597
               424              91               8   0.8262771E-01
               425              91              10   0.2748456E-01
               426              91              14   0.1897964
               427              92               1   0.4459146
               428              92               5   0.6311507E-01
               429              92               6   0.2716814
               430              92              14   0.2192889
               431              93               1   0.3891656
               432              93               5   0.2280797
               433              93               6   0.1721405
               434              93              10   0.2299643E-01
               435              93              14   0.1876177
               436              94               1   0.5097615
               437              94               5   0.1747451
               438              94               6   0.1674636
               439              94              10   0.3269565E-01
               440              94              14   0.1153342
               441              95               1   0.5212171
               442              95               5   0.1935742
               443              95               6   0.8278436E-01
               444              95              10   0.2420336E-01
               445              95              14   0.1782211
               446              96               1   0.6713420
               447              96               5   0.5975860E-01
               448              96              10   0.2233518
               449              96              14   0.4554769E-01
               450              97               1   0.7465546
               451              97               5   0.8606770E-01
               452              97              10   0.9003953E-01
               453              97              14   0.7733821E-01
               454              98               1   0.7059014
               455              98               6   0.7706837E-01
               456              98              10   0.1433760
               457              98              14   0.7365428E-01
               458              99               1   0.7818917
               459              99               5   0.5836773E-01
               460              99               6   0.5174849E-01
               461              99              10   0.3350006E-01
               462              99              14   0.7449201E-01
               463             100               1   0.6916879
               464             100               6   0.1581738
               465             100              10   0.5491949E-01
               466             100              14   0.9521885E-01
               467             101               1   0.8699253
               468             101              10   0.2181335E-01
               469             101              14   0.1082613
               470             102               1   0.5540686
               471             102               5   0.1386229
               472             102               6   0.1151928
               473             102              10   0.1437081
               474             102              14   0.4840768E-01
               475             103               1   0.5477731
               476             103               5   0.1616042
               477             103               6   0.1208089
               478             103              10   0.5177502E-01
               479             103              14   0.1180388
               480             104               1   0.8179671
               481             104              10   0.9983964E-01
               482             104              14   0.8219325E-01
               483             105               1   0.1101047
               484             105               5   0.1729185
               485             105               6   0.5022714
               486             105              10   0.3643791E-01
               487             105              14   0.1782675
               488             106               1   0.8381125
               489             106               5   0.7118950E-01
               490             106              10   0.4113446E-01
               491             106              14   0.4956349E-01
               492             107               1   0.5352393
               493             107               5   0.5164859E-01
               494             107               6   0.1698874
               495             107              10   0.3032396E-01
               496             107              14   0.2129007
               497             108               1   0.3058572
               498             108               5   0.9777941E-01
               499             108               6   0.2762473
               500             108               8   0.6957652E-01
               501             108              10   0.2800853E-01
               502             108              14   0.2225311
               503             109               1   0.1953011
               504             109               5   0.1419110
               505             109               6   0.4271462
               506             109              10   0.4443701E-01
               507             109              14   0.1912047
               508             110               1   0.6827462
               509             110               6   0.1280046
               510             110              10   0.2349310E-01
               511             110              14   0.1657562
               512             111               1   0.6848036
               513             111               6   0.5441446E-01
               514             111              10   0.2669219E-01
               515             111              14   0.2340897
               516             112               1   0.8189371
               517             112               5   0.6650793E-01
               518             112              10   0.7753825E-01
               519             112              14   0.3701668E-01
               520             113               1   0.7860900
               521             113               5   0.8828521E-01
               522             113              10   0.6492430E-01
               523             113              14   0.6070046E-01
               524             114               1   0.6544867
               525             114               5   0.8147726E-01
               526             114              14   0.2640361
               527             115               1   0.7495121
               528             115               5   0.7965194E-01
               529             115              10   0.6371363E-01
               530             115              14   0.1071223
               531             116               1   0.8571522
               532             116              14   0.1428478
               533             117               1   0.8315143
               534             117              10   0.1198851
               535             117              14   0.4860060E-01
               536             118               1   0.3203447
               537             118               5   0.2104887
               538             118               6   0.2704171
               539             118              10   0.5795432E-01
               540             118              14   0.1407952
               541             119               1   0.3913471
               542             119               5   0.1192385
               543             119               6   0.2494924
               544             119              10   0.8195420E-01
               545             119              14   0.1579678
               546             120               1   0.6536019
               547             120               5   0.5979091E-01
               548             120               6   0.5805458E-01
               549             120              10   0.2798049E-01
               550             120              14   0.2005721
               551             121               1   0.3672023
               552             121               5   0.2766453
               553             121               6   0.1760617
               554             121              14   0.1800907
               555             122               1   0.2562812
               556             122               5   0.1154227
               557             122               6   0.2338627
               558             122              14   0.3944334
               559             123               1   0.4564572
               560             123               5   0.5812426E-01
               561             123               6   0.1319781
               562             123              10   0.4498127E-01
               563             123              14   0.3084592
               564             124               1   0.6071152
               565             124               5   0.1105899
               566             124               6   0.9223716E-01
               567             124              10   0.2367740E-01
               568             124              14   0.1663803
               569             125               1   0.6483663
               570             125               5   0.1304129
               571             125              10   0.2989961E-01
               572             125              14   0.1913211
               573             126               1   0.7877655
               574             126              10   0.2451358E-01
               575             126              14   0.1877209
               576             127               1   0.6843904
               577             127               5   0.1541942
               578             127              10   0.8551211E-01
               579             127              14   0.7590339E-01
               580             128               1   0.6698245
               581             128               5   0.1823041
               582             128              10   0.4548132E-01
               583             128              14   0.1023900
               584             129               1   0.8612635
               585             129              14   0.1387365
               586             130               1   0.7094809
               587             130               5   0.1377722
               588             130              10   0.3979222E-01
               589             130              14   0.1129547
               590             131               1   0.1416030
               591             131               5   0.6722221E-01
               592             131               6   0.2289069
               593             131               7   0.6206762E-01
               594             131               8   0.2464561
               595             131              14   0.2537442
               596             132               1   0.8154213E-01
               597             132               6   0.6505813E-01
               598             132               8   0.5301597
               599             132              14   0.3232401
               600             133               1   0.1198595
               601             133               7   0.8872884E-01
               602             133               8   0.5568098
               603             133              14   0.2346019
               604             134               1   0.7995492
               605             134              10   0.1188294
               606             134              14   0.8162143E-01
               607             135               1   0.1935029
               608             135               5   0.3098513
               609             135               6   0.1326471
               610             135              10   0.5213559E-01
               611             135              14   0.3118631
               612             136               1   0.5604824
               613             136               5   0.1044818
               614             136               6   0.1033116
               615             136              10   0.1160192
               616             136              14   0.1157050
               617             137               1   0.4755935
               618             137               5   0.8666071E-01
               619             137               6   0.1478748
               620             137              10   0.3419334E-01
               621             137              14   0.2556776
               622             138               1   0.3311742
               623             138               6   0.2675163
               624             138               8   0.1392967
               625             138              10   0.3490936E-01
               626             138              14   0.2271035
               627             139               1   0.1523254
               628             139               5   0.6539580E-01
               629             139               6   0.3774354
               630             139               8   0.1574708
               631             139              10   0.2202702E-01
               632             139              14   0.2253456
               633             140               1   0.2505647
               634             140               5   0.2751159
               635             140               6   0.2180266
               636             140              14   0.2562927
               637             141               1   0.3177227
               638             141               5   0.1583334
               639             141               6   0.1730399
               640             141              10   0.2850401E-01
               641             141              14   0.3224000
               642             142               1   0.3410747
               643             142               5   0.1268613
               644             142               6   0.2196082
               645             142              14   0.3124559
               646             143               1   0.4831271
               647             143               5   0.1980164
               648             143               6   0.1656150
               649             143              14   0.1532415
               650             144               1   0.7917733
               651             144              14   0.2082267
               652             145               1   0.7831357
               653             145              14   0.2168643
               654             146               1   0.7717159
               655             146              10   0.2945077E-01
               656             146              14   0.1988333
               657             147               1   0.1187724
               658             147               5   0.9242610E-01
               659             147               6   0.1807142
               660             147               7   0.8533907E-01
               661             147               8   0.2012338
               662             147              14   0.3215145
               663             148               1   0.7575903E-01
               664             148               7   0.1355561
               665             148               8   0.5269839
               666             148              14   0.2617010
               667             149               1   0.7655028E-01
               668             149               8   0.6967541
               669             149              14   0.2266956
               670             150               1   0.6003351
               671             150               5   0.1251864
               672             150               6   0.8838506E-01
               673             150              10   0.1042406
               674             150              14   0.8185294E-01
               675             151               1   0.2373109
               676             151               5   0.1527525
               677             151               6   0.3249426
               678             151              10   0.4396221E-01
               679             151              14   0.2410318
               680             152               1   0.1830988
               681             152               5   0.3095728
               682             152               6   0.3029907
               683             152              10   0.4081347E-01
               684             152              14   0.1635242
               685             153               1   0.3092430
               686             153               5   0.1313539
               687             153               6   0.1903705
               688             153              10   0.2662129E-01
               689             153              14   0.3424113
               690             154               1   0.5537437
               691             154               2   0.1231351
               692             154               6   0.5996795E-01
               693             154               8   0.5729427E-01
               694             154              10   0.8280673E-01
               695             154              14   0.1230523
               696             155               1   0.4053745
               697             155               2   0.1452333
               698             155               6   0.1159336
               699             155               8   0.1465203
               700             155              10   0.4624276E-01
               701             155              14   0.1406955
               702             156               1   0.2472183
               703             156               6   0.3160416
               704             156               8   0.1842636
               705             156              10   0.2090223E-01
               706             156              14   0.2315744
               707             157               1   0.1428380
               708             157               5   0.9446133E-01
               709             157               6   0.2769839
               710             157               8   0.2631125
               711             157              10   0.2075597E-01
               712             157              14   0.2018482
               713             158               1   0.4577277
               714             158               5   0.1403270
               715             158               6   0.1092545
               716             158              10   0.3385791E-01
               717             158              14   0.2588330
               718             159               1   0.5287898
               719             159               5   0.1784611
               720             159               6   0.8188155E-01
               721             159              10   0.8117579E-01
               722             159              14   0.1296917
               723             160               1   0.7415247
               724             160              14   0.2584753
               725             161               1   0.1366634
               726             161               5   0.8880521E-01
               727             161               6   0.2080593
               728             161               7   0.6981789E-01
               729             161               8   0.1712701
               730             161              14   0.3253840
               731             162               7   0.1302858
               732             162               8   0.4851014
               733             162              14   0.3846128
               734             163               7   0.6893895E-01
               735             163               8   0.6759784
               736             163              14   0.2550827
               737             164               1   0.9424498E-01
               738             164               7   0.1265017
               739             164               8   0.5674289
               740             164              14   0.2118244
               741             165               8   0.6875837
               742             165              14   0.3124162
               743             166               1   0.4057741
               744             166               5   0.1861033
               745             166               6   0.1309200
               746             166              10   0.4508221E-01
               747             166              14   0.2321204
               748             167               1   0.7113639E-01
               749             167               5   0.3293270
               750             167               6   0.3880647
               751             167              10   0.3740085E-01
               752             167              14   0.1740711
               753             168               1   0.6754266
               754             168               5   0.6431757E-01
               755             168              10   0.1707822
               756             168              14   0.8947366E-01
               757             169               1   0.7183084
               758             169               6   0.1357477
               759             169              10   0.1073010
               760             169              14   0.3864275E-01
               761             170               1   0.7029737
               762             170               5   0.7343420E-01
               763             170               6   0.5145447E-01
               764             170              10   0.1016584
               765             170              14   0.7047932E-01
               766             171               1   0.5224851
               767             171               5   0.5447748E-01
               768             171               6   0.1524967
               769             171              10   0.9267677E-01
               770             171              14   0.1778641
               771             172               1   0.6914973
               772             172               6   0.1180859
               773             172              10   0.1079654
               774             172              14   0.8245143E-01
               775             173               1   0.3384441
               776             173               5   0.6697550E-01
               777             173               6   0.3765647
               778             173              10   0.1054409
               779             173              14   0.1125749
               780             174               1   0.3695741
               781             174               5   0.5135340E-01
               782             174               6   0.3041610
               783             174              10   0.2911815E-01
               784             174              14   0.2457934
               785             175               1   0.4365408
               786             175               2   0.6926527E-01
               787             175               5   0.5744551E-01
               788             175               6   0.1641834
               789             175              10   0.5816280E-01
               790             175              14   0.2144022
               791             176               1   0.3461052
               792             176               2   0.1803576
               793             176               6   0.1250044
               794             176               8   0.7401005E-01
               795             176              10   0.3399434E-01
               796             176              14   0.2405283
               797             177               1   0.4792849
               798             177               2   0.1211793
               799             177               6   0.8513835E-01
               800             177               8   0.5282034E-01
               801             177              10   0.3667550E-01
               802             177              14   0.2249015
               803             178               1   0.3596453
               804             178               2   0.8385789E-01
               805             178               6   0.1451153
               806             178              10   0.5848648E-01
               807             178              14   0.3528950
               808             179               1   0.3517357
               809             179               2   0.6330272E-01
               810             179               6   0.1829761
               811             179               8   0.1512037
               812             179              10   0.5748340E-01
               813             179              14   0.1932984
               814             180               1   0.7454791
               815             180              10   0.4034017E-01
               816             180              14   0.2141807
               817             181               1   0.8068838
               818             181              10   0.1222560
               819             181              14   0.7086019E-01
               820             182               1   0.5546052
               821             182               5   0.1868575
               822             182               6   0.7068439E-01
               823             182              10   0.9644510E-01
               824             182              14   0.9140781E-01
               825             183               1   0.6828848
               826             183               5   0.1111233
               827             183               6   0.6034436E-01
               828             183              10   0.5065995E-01
               829             183              14   0.9498765E-01
               830             184               1   0.7403791
               831             184               5   0.7607851E-01
               832             184              14   0.1835424
               833             185               1   0.1442404
               834             185               8   0.5563313
               835             185              14   0.2994284
               836             186               1   0.2386664
               837             186               5   0.7131432E-01
               838             186               6   0.1984326
               839             186               8   0.1888685
               840             186              14   0.3027182
               841             187               1   0.8846307E-01
               842             187               8   0.5552874
               843             187              14   0.3562496
               844             188               7   0.1125554
               845             188               8   0.4599052
               846             188              14   0.4275394
               847             189               1   0.6387727
               848             189               6   0.9090684E-01
               849             189              10   0.8038718E-01
               850             189              14   0.1899333
               851             190               1   0.2036327
               852             190               5   0.1935627
               853             190               6   0.2996454
               854             190              10   0.3338198E-01
               855             190              14   0.2697773
               856             191               1   0.5138978
               857             191               5   0.1161996
               858             191               6   0.1912879
               859             191              10   0.8089907E-01
               860             191              14   0.9771559E-01
               861             192               1   0.4373913
               862             192               6   0.3423429
               863             192              10   0.9433759E-01
               864             192              14   0.1259282
               865             193               1   0.3243298
               866             193               5   0.7103742E-01
               867             193               6   0.3184648
               868             193              10   0.1924694
               869             193              14   0.9369858E-01
               870             194               1   0.3455666
               871             194               5   0.1304323
               872             194               6   0.2471244
               873             194              10   0.3016399E-01
               874             194              14   0.2467127
               875             195               1   0.6635599
               876             195               6   0.1194592
               877             195              10   0.6898440E-01
               878             195              14   0.1479965
               879             196               1   0.4263000
               880             196               6   0.3258699
               881             196              10   0.4837120E-01
               882             196              14   0.1994590
               883             197               1   0.3981785
               884             197              10   0.2751148E-01
               885             197              14   0.5743101
               886             198               1   0.2844444
               887             198               5   0.1449677
               888             198               6   0.3151283
               889             198               8   0.7258399E-01
               890             198              10   0.4518854E-01
               891             198              14   0.1376871
               892             199               1   0.5901852
               893             199               5   0.8882872E-01
               894             199               6   0.9920927E-01
               895             199              10   0.4255584E-01
               896             199              14   0.1792209
               897             200               1   0.7926692
               898             200              10   0.1088383
               899             200              14   0.9849247E-01
               900             201               1   0.6182137
               901             201               5   0.5075350E-01
               902             201               6   0.6460451E-01
               903             201              10   0.6053382E-01
               904             201              14   0.2058945
               905             202               1   0.8218103
               906             202              10   0.4870497E-01
               907             202              14   0.1294847
               908             203               1   0.6519473
               909             203               5   0.1580760
               910             203              10   0.7309881E-01
               911             203              14   0.1168779
               912             204               1   0.7456951
               913             204               5   0.1000313
               914             204              10   0.3168053E-01
               915             204              14   0.1225931
               916             205               1   0.3375084
               917             205               2   0.8921324E-01
               918             205               6   0.6436279E-01
               919             205               8   0.2532576
               920             205              14   0.2556580
               921             206               1   0.1885370
               922             206               8   0.5474873
               923             206              14   0.2639757
               924             207               1   0.2511293
               925             207               8   0.4530098
               926             207              14   0.2958609
               927             208               1   0.1023016
               928             208               7   0.5910172E-01
               929             208               8   0.5225559
               930             208              14   0.3160407
               931             209               1   0.1790547
               932             209               8   0.5749371
               933             209              14   0.2460082
               934             210               7   0.1146864
               935             210               8   0.3980207
               936             210              14   0.4872928
               937             211               1   0.6484534
               938             211               6   0.7315499E-01
               939             211              10   0.7030711E-01
               940             211              14   0.2080846
               941             212               1   0.1205104
               942             212               5   0.1197440
               943             212               6   0.2837386
               944             212              14   0.4760070
               945             213               1   0.2629934
               946             213               5   0.1434724
               947             213               6   0.3623903
               948             213              10   0.9080065E-01
               949             213              14   0.1403432
               950             214               1   0.3844200
               951             214               5   0.1196270
               952             214               6   0.2276000
               953             214              10   0.3107710E-01
               954             214              14   0.2372758
               955             215               1   0.3162648
               956             215               5   0.1390380
               957             215               6   0.2895484
               958             215              10   0.3501248E-01
               959             215              14   0.2201363
               960             216               1   0.4982029
               961             216               5   0.1135481
               962             216               6   0.1243928
               963             216              10   0.4762777E-01
               964             216              14   0.2162285
               965             217               1   0.4724952
               966             217               5   0.5204794E-01
               967             217               6   0.1015721
               968             217              10   0.5010064E-01
               969             217              14   0.3237842
               970             218               1   0.4466971
               971             218               5   0.9439302E-01
               972             218               6   0.2151378
               973             218              10   0.4195550E-01
               974             218              14   0.2018165
               975             219               1   0.6034214
               976             219               6   0.1347039
               977             219              10   0.2937335E-01
               978             219              14   0.2325013
               979             220               1   0.5521045
               980             220               5   0.1775789
               981             220               6   0.7043412E-01
               982             220              10   0.8567055E-01
               983             220              14   0.1142120
               984             221               1   0.6891942
               985             221               5   0.1894286
               986             221              10   0.6352049E-01
               987             221              14   0.5785672E-01
               988             222               1   0.3519041
               989             222               8   0.2383503
               990             222              14   0.4097456
               991             223               1   0.1502900
               992             223               8   0.5021248
               993             223              14   0.3475852
               994             224               1   0.1429666
               995             224               7   0.5492086E-01
               996             224               8   0.5179842
               997             224              14   0.2841284
               998             225               1   0.5592787E-01
               999             225               7   0.1160313
              1000             225               8   0.5300774
              1001             225              14   0.2979634
              1002             226               1   0.2893693
              1003             226               5   0.8373233E-01
              1004             226               6   0.2474164
              1005             226              10   0.2295249E-01
              1006             226              14   0.3565295
              1007             227               1   0.1441118
              1008             227               5   0.1566122
              1009             227               6   0.3339571
              1010             227              10   0.2927101E-01
              1011             227              14   0.3360479
              1012             228               1   0.6415640
              1013             228               2   0.5875511E-01
              1014             228              10   0.4901147E-01
              1015             228              14   0.2506694
              1016             229               1   0.2943191
              1017             229               5   0.1526029
              1018             229               6   0.1924299
              1019             229              10   0.4096207E-01
              1020             229              14   0.3196861
              1021             230               1   0.5534871
              1022             230               6   0.1746020
              1023             230              10   0.5062641E-01
              1024             230              14   0.2212844
              1025             231               1   0.4209767
              1026             231               5   0.1585315
              1027             231               6   0.1034639
              1028             231              14   0.3170279
              1029             232               1   0.7662255
              1030             232              10   0.1171946
              1031             232              14   0.1165799
              1032             233               1   0.7591365
              1033             233              10   0.1418614
              1034             233              14   0.9900215E-01
              1035             234               1   0.7881642
              1036             234              10   0.1304768
              1037             234              14   0.8135907E-01
              1038             235               1   0.5585786
              1039             235               5   0.8138573E-01
              1040             235               6   0.1067401
              1041             235              10   0.1066142
              1042             235              14   0.1466814
              1043             236               1   0.3339293
              1044             236               5   0.2627996
              1045             236               6   0.1684372
              1046             236              10   0.4576683E-01
              1047             236              14   0.1890670
              1048             237               1   0.5407138
              1049             237               5   0.1895197
              1050             237               6   0.1098464
              1051             237              10   0.3570583E-01
              1052             237              14   0.1242143
              1053             238               1   0.1658765
              1054             238               7   0.6987035E-01
              1055             238               8   0.4447808
              1056             238              14   0.3194724
              1057             239               1   0.7544494E-01
              1058             239               7   0.7960059E-01
              1059             239               8   0.5231180
              1060             239              14   0.3218364
              1061             240               1   0.2121062
              1062             240               8   0.3973854
              1063             240              14   0.3905084
              1064             241               1   0.1649400
              1065             241               8   0.4006871
              1066             241              14   0.4343729
              1067             242               1   0.6073782E-01
              1068             242               7   0.6543543E-01
              1069             242               8   0.4583394
              1070             242              14   0.4154873
              1071             243               1   0.7261636
              1072             243               6   0.6229987E-01
              1073             243              10   0.4652006E-01
              1074             243              14   0.1650165
              1075             244               1   0.6244844
              1076             244               6   0.7498598E-01
              1077             244              10   0.5608723E-01
              1078             244              14   0.2444424
              1079             245               1   0.5552673
              1080             245               6   0.9178632E-01
              1081             245              10   0.4541603E-01
              1082             245              14   0.3075303
              1083             246               1   0.3514940
              1084             246               5   0.1250608
              1085             246               6   0.9990413E-01
              1086             246              10   0.8127858E-01
              1087             246              14   0.3422624
              1088             247               1   0.6033220
              1089             247              10   0.3763108E-01
              1090             247              14   0.3590469
              1091             248               1   0.5705001
              1092             248              10   0.7948895E-01
              1093             248              14   0.3500109
              1094             249               1   0.6327174
              1095             249               6   0.6364004E-01
              1096             249              10   0.1090037
              1097             249              14   0.1946389
              1098             250               1   0.3914681
              1099             250               5   0.2507273
              1100             250               6   0.1717163
              1101             250              10   0.4172403E-01
              1102             250              14   0.1443643
              1103             251               1   0.3376593
              1104             251               2   0.9988584E-01
              1105             251               6   0.2541966
              1106             251               8   0.6909145E-01
              1107             251              10   0.4827898E-01
              1108             251              14   0.1908879
              1109             252               8   0.3840759
              1110             252              14   0.6159241
              1111             253               1   0.5095979
              1112             253               5   0.1614677
              1113             253               6   0.6854355E-01
              1114             253              14   0.2603908
              1115             254               1   0.3379222
              1116             254               5   0.1524268
              1117             254               6   0.1949959
              1118             254              10   0.3661568E-01
              1119             254              14   0.2780393
              1120             255               1   0.2492568
              1121             255               5   0.9740577E-01
              1122             255               6   0.9906866E-01
              1123             255              10   0.4348589E-01
              1124             255              14   0.5107829
              1125             256               1   0.2640598
              1126             256               2   0.8015572E-01
              1127             256               6   0.2878866
              1128             256               8   0.1634092
              1129             256              14   0.2044887
              1130             257               1   0.3535289
              1131             257               2   0.1578196
              1132             257               6   0.1418092
              1133             257               8   0.1103253
              1134             257              10   0.2968250E-01
              1135             257              14   0.2068345
              1136             258               1   0.3842007
              1137             258               2   0.8649314E-01
              1138             258               6   0.2324765
              1139             258              10   0.5259965E-01
              1140             258              14   0.2442301
              1141             259               1   0.3147945
              1142             259               8   0.4243382
              1143             259              14   0.2608673
              1144             260               1   0.2074707
              1145             260               5   0.3131700
              1146             260               6   0.1654291
              1147             260              10   0.7778057E-01
              1148             260              14   0.2361496
              1149             261               1   0.3692787
              1150             261               5   0.1721539
              1151             261               6   0.5832546E-01
              1152             261              10   0.7534724E-01
              1153             261              14   0.3248947
              1154             262               1   0.2322284
              1155             262               5   0.2537596
              1156             262               6   0.1909449
              1157             262              10   0.2299658E-01
              1158             262              14   0.3000707
              1159             263               1   0.4572430
              1160             263               5   0.1540917
              1161             263              10   0.6110371E-01
              1162             263              14   0.3275616
              1163             264               1   0.4673637
              1164             264               2   0.1577029
              1165             264               6   0.6633966E-01
              1166             264              10   0.8390833E-01
              1167             264              14   0.2246855
              1168             265               1   0.3013690
              1169             265               5   0.7820121E-01
              1170             265               6   0.2083850
              1171             265              10   0.6038014E-01
              1172             265              14   0.3516647
              1173             266               1   0.4379886
              1174             266               2   0.7437325E-01
              1175             266               6   0.7158948E-01
              1176             266               8   0.1708065
              1177             266              10   0.2633605E-01
              1178             266              14   0.2189061
              1179             267               1   0.4334570
              1180             267               2   0.1030747
              1181             267               6   0.7202177E-01
              1182             267               8   0.9690017E-01
              1183             267              10   0.2163029E-01
              1184             267              14   0.2729161
              1185             268               1   0.3203541
              1186             268               7   0.5921774E-01
              1187             268               8   0.3780680
              1188             268              14   0.2423601
              1189             269               1   0.2820282
              1190             269               5   0.4275774
              1191             269               6   0.1482772
              1192             269              10   0.3906924E-01
              1193             269              14   0.1030480
              1194             270               1   0.3816661
              1195             270               5   0.2530471
              1196             270               6   0.1681317
              1197             270              10   0.5425464E-01
              1198             270              14   0.1429005
              1199             271               1   0.2828862
              1200             271               6   0.4368600
              1201             271              10   0.5308728E-01
              1202             271              14   0.2271665
              1203             272               1   0.3233210
              1204             272               6   0.4297484
              1205             272              10   0.6717220E-01
              1206             272              14   0.1797584
              1207             273               1   0.3148185
              1208             273               5   0.2805335
              1209             273               6   0.2566973
              1210             273              14   0.1479507
              1211             274               1   0.4260136
              1212             274               5   0.1962262
              1213             274               6   0.1252504
              1214             274              10   0.4944217E-01
              1215             274              14   0.2030676
              1216             275               1   0.4854604
              1217             275               6   0.3610784
              1218             275              10   0.5467572E-01
              1219             275              14   0.9878549E-01
              1220             276               1   0.2914947
              1221             276               5   0.6230605E-01
              1222             276               6   0.3636727
              1223             276              10   0.5983422E-01
              1224             276              14   0.2226923
              1225             277               1   0.3154229
              1226             277               5   0.6076963E-01
              1227             277               6   0.1073920
              1228             277               7   0.6268563E-01
              1229             277               8   0.1366893
              1230             277              14   0.3170405
              1231             278               1   0.2026060
              1232             278               5   0.4110027
              1233             278               6   0.2240585
              1234             278              10   0.4374531E-01
              1235             278              14   0.1185875
              1236             279               1   0.2936920
              1237             279               6   0.3987503
              1238             279              10   0.4436069E-01
              1239             279              14   0.2631971
              1240             280               1   0.3363482
              1241             280               5   0.8070575E-01
              1242             280               6   0.2208312
              1243             280              10   0.6098675E-01
              1244             280              14   0.3011281
              1245             281               1   0.3528228
              1246             281               5   0.7699995E-01
              1247             281               7   0.7718107E-01
              1248             281               8   0.2854107
              1249             281              14   0.2075855
              1250             282               1   0.4654642
              1251             282               2   0.5176768E-01
              1252             282               5   0.6643013E-01
              1253             282               6   0.7663818E-01
              1254             282               8   0.7247091E-01
              1255             282              10   0.5932982E-01
              1256             282              14   0.2078992
              1257             283               1   0.4069331
              1258             283               5   0.7736412E-01
              1259             283               8   0.1023898
              1260             283              10   0.5121030E-01
              1261             283              14   0.3621026
              1262             284               1   0.3555726
              1263             284               5   0.2854996
              1264             284               6   0.1037071
              1265             284              10   0.1323948
              1266             284              14   0.1228259
              1267             285               1   0.3499907
              1268             285               5   0.6142741E-01
              1269             285               6   0.1368448
              1270             285              10   0.9036037E-01
              1271             285              14   0.3613768
              1272             286               1   0.2392893
              1273             286               6   0.1262199
              1274             286               7   0.8452590E-01
              1275             286               8   0.3569272
              1276             286              14   0.1930377
              1277             287               1   0.2241607
              1278             287               5   0.9025324E-01
              1279             287               6   0.3565823
              1280             287               7   0.1082630
              1281             287               8   0.7090895E-01
              1282             287              14   0.1498319
              1283             288               1   0.5585097
              1284             288               5   0.8993787E-01
              1285             288               6   0.6689820E-01
              1286             288              10   0.9955809E-01
              1287             288              14   0.1850961
              1288             289               1   0.3282096
              1289             289               5   0.7116687E-01
              1290             289               6   0.8281283E-01
              1291             289               8   0.8125257E-01
              1292             289              10   0.2997437E-01
              1293             289              14   0.4065838
              1294             290               1   0.5959744
              1295             290               5   0.5762313E-01
              1296             290               6   0.9229626E-01
              1297             290              10   0.7144217E-01
              1298             290              14   0.1826641
              1299             291               1   0.1870471
              1300             291               5   0.2121787
              1301             291               6   0.3579966
              1302             291              10   0.8103140E-01
              1303             291              14   0.1617463
              1304             292               1   0.3342838
              1305             292               5   0.1198190
              1306             292               6   0.1421666
              1307             292              10   0.1184907
              1308             292              14   0.2852398
              1309             293               1   0.1842878
              1310             293               5   0.8947919E-01
              1311             293               6   0.5748480
              1312             293               7   0.5564960E-01
              1313             293              14   0.9573536E-01
              1314             294               1   0.3132328
              1315             294               5   0.1601750
              1316             294               6   0.3084041
              1317             294              10   0.7290758E-01
              1318             294              14   0.1452806
              1319             295               1   0.4105348
              1320             295               5   0.7595389E-01
              1321             295               6   0.2426229
              1322             295              10   0.6563386E-01
              1323             295              14   0.2052546
              1324             296               1   0.2537691
              1325             296               5   0.1612120
              1326             296               6   0.2299622
              1327             296              10   0.5371391E-01
              1328             296              14   0.3013428
              1329             297               1   0.2242349
              1330             297               5   0.1316884
              1331             297               6   0.4360946
              1332             297              14   0.2079822
              1333             298               1   0.6379230
              1334             298               5   0.1120256
              1335             298               6   0.8806158E-01
              1336             298               8   0.5541459E-01
              1337             298              14   0.1065752
              1338             299               1   0.3155627
              1339             299               5   0.1224209
              1340             299               6   0.3205566
              1341             299              10   0.9110355E-01
              1342             299              12   0.2576902E-01
              1343             299              14   0.1245874
              1344             300               1   0.3673058
              1345             300               5   0.1308332
              1346             300               6   0.3433429
              1347             300              10   0.2859516E-01
              1348             300              14   0.1299229
              1349             301               1   0.3725484
              1350             301               5   0.1015200
              1351             301               6   0.3578664
              1352             301              10   0.2515580E-01
              1353             301              14   0.1429094
              1354             302               1   0.2855357
              1355             302               5   0.2543413
              1356             302               6   0.2406832
              1357             302              10   0.4151076E-01
              1358             302              14   0.1779290
              1359             303               1   0.3921905
              1360             303               5   0.1076277
              1361             303               6   0.3179661
              1362             303              10   0.5378338E-01
              1363             303              14   0.1284322
              1364             304               1   0.3808425
              1365             304               5   0.1784216
              1366             304               6   0.8247169E-01
              1367             304               8   0.1078698
              1368             304              10   0.2308013E-01
              1369             304              14   0.2273143
              1370             305               1   0.2820457
              1371             305               5   0.1610693
              1372             305               6   0.3597027
              1373             305              10   0.3448495E-01
              1374             305              14   0.1626974
              1375             306               1   0.5801172
              1376             306               5   0.1951854
              1377             306               6   0.1221700
              1378             306              10   0.3060117E-01
              1379             306              14   0.7192624E-01
              1380             307               1   0.2448047
              1381             307               5   0.2390531
              1382             307               6   0.2208043
              1383             307               7   0.5646644E-01
              1384             307               8   0.8580648E-01
              1385             307              14   0.1530650
              1386             308               1   0.2075948
              1387             308               5   0.2711037
              1388             308               6   0.3825167
              1389             308              14   0.1387848
              1390             309               1   0.1781276
              1391             309               5   0.2700194
              1392             309               6   0.1209396
              1393             309               7   0.1787948
              1394             309               8   0.1163215
              1395             309              14   0.1357971
              1396             310               1   0.5655058
              1397             310               5   0.1291042
              1398             310               6   0.8702308E-01
              1399             310              10   0.2312143E-01
              1400             310              14   0.1952455
              1401             311               1   0.3733848
              1402             311               5   0.3667195
              1403             311               6   0.1626737
              1404             311              10   0.2690130E-01
              1405             311              14   0.7032075E-01
              1406             312               1   0.2543487
              1407             312               5   0.1797070
              1408             312               6   0.1750300
              1409             312               7   0.7190440E-01
              1410             312               8   0.1776842
              1411             312              14   0.1413257
              1412             313               1   0.4275461
              1413             313               5   0.3605042
              1414             313               6   0.8999591E-01
              1415             313              10   0.2972927E-01
              1416             313              14   0.9222444E-01
              1417             314               1   0.4612536
              1418             314               5   0.8143687E-01
              1419             314               6   0.7347028E-01
              1420             314               8   0.6871790E-01
              1421             314              10   0.2386912
              1422             314              14   0.7643008E-01
              1423             315               1   0.2935199
              1424             315               5   0.1610809
              1425             315               6   0.8549672E-01
              1426             315               7   0.8834589E-01
              1427             315               8   0.1120117
              1428             315              10   0.7290385E-01
              1429             315              14   0.1866411
              1430             316               1   0.3072334
              1431             316               6   0.9934025E-01
              1432             316               8   0.3791283
              1433             316              10   0.6146353E-01
              1434             316              14   0.1528345
              1435             317               1   0.3117193
              1436             317               2   0.1137960
              1437             317               5   0.7228728E-01
              1438             317               6   0.8318178E-01
              1439             317               8   0.8447061E-01
              1440             317              10   0.2408837
              1441             317              14   0.9366131E-01
              1442             318               1   0.4244426
              1443             318               5   0.1580822
              1444             318               6   0.1210384
              1445             318               8   0.6253240E-01
              1446             318              10   0.8981475E-01
              1447             318              14   0.1440897
              1448             319               1   0.1277771
              1449             319               6   0.8727575E-01
              1450             319               7   0.1288086
              1451             319               8   0.4808794
              1452             319              10   0.6155131E-01
              1453             319              14   0.1137078
              1454             320               1   0.2771833
              1455             320               5   0.1679122
              1456             320               6   0.1800530
              1457             320               8   0.1818478
              1458             320              10   0.7256878E-01
              1459             320              14   0.1204350
              1460             321               1   0.4307507
              1461             321               5   0.9146703E-01
              1462             321               6   0.1290898
              1463             321               8   0.1339486
              1464             321              10   0.5419140E-01
              1465             321              14   0.1605525
              1466             322               1   0.1583838
              1467             322               5   0.5586899E-01
              1468             322               6   0.7046443E-01
              1469             322               7   0.9490686E-01
              1470             322               8   0.4011460
              1471             322              10   0.4954094E-01
              1472             322              14   0.1696891
              1473             323               1   0.1798913
              1474             323               5   0.6275603E-01
              1475             323               6   0.9397051E-01
              1476             323               7   0.7669429E-01
              1477             323               8   0.3004366
              1478             323              10   0.3836207E-01
              1479             323              14   0.2478891
              1480             324               1   0.1432436
              1481             324               2   0.5893147E-01
              1482             324               6   0.9513421E-01
              1483             324               7   0.1453346
              1484             324               8   0.3215022
              1485             324              10   0.4596009E-01
              1486             324              14   0.1898939
              1487             325               6   0.2123751
              1488             325               7   0.2734462
              1489             325               8   0.2941805
              1490             325               9   0.9150620E-01
              1491             325              14   0.1284920
              1492             326               6   0.9707019E-01
              1493             326               7   0.2090954
              1494             326               8   0.3900630
              1495             326               9   0.8170875E-01
              1496             326              10   0.3477919E-01
              1497             326              14   0.1872834
              1498             327               7   0.3583537
              1499             327               8   0.4499601
              1500             327              14   0.1916862
              1501             328               7   0.2863111
              1502             328               8   0.4347233
              1503             328              14   0.2789656
              1504             329               7   0.2027119
              1505             329               8   0.4756479
              1506             329              14   0.3216403
              1507             330               7   0.2922499
              1508             330               8   0.2857256
              1509             330               9   0.5686056E-01
              1510             330              14   0.3651640
              1511             331               7   0.2277101
              1512             331               8   0.3814956
              1513             331               9   0.5864394E-01
              1514             331              14   0.3321504
              1515             332               7   0.3631998
              1516             332               8   0.3386348
              1517             332              14   0.2981654
              1518             333               7   0.3737443
              1519             333               8   0.2514869
              1520             333              14   0.3747688
              1521             334               1   0.1360583
              1522             334               2   0.8907029E-01
              1523             334               6   0.1049768
              1524             334               7   0.5873698E-01
              1525             334               8   0.3106788
              1526             334               9   0.5469117E-01
              1527             334              10   0.3673273E-01
              1528             334              14   0.2090549
              1529             335               1   0.1672915
              1530             335               2   0.8535332E-01
              1531             335               5   0.6055506E-01
              1532             335               6   0.5359744E-01
              1533             335               7   0.1253408
              1534             335               8   0.3259416
              1535             335              10   0.5653790E-01
              1536             335              14   0.1253823
              1537             336               7   0.9317346E-01
              1538             336               8   0.5798208
              1539             336              14   0.3270057
              1540             337               1   0.1597733
              1541             337               7   0.2059540
              1542             337               8   0.4885833
              1543             337              14   0.1456894
              1544             338               7   0.3832426
              1545             338               8   0.3659628
              1546             338              14   0.2507946
              1547             339               7   0.1578361
              1548             339               8   0.6650257
              1549             339              14   0.1771382
              1550             340               7   0.4899671
              1551             340               8   0.3194467
              1552             340              14   0.1905863
              1553             341               1   0.1117390
              1554             341               7   0.2441337
              1555             341               8   0.5207880
              1556             341              14   0.1233392
              1557             342               7   0.1852543
              1558             342               8   0.5928684
              1559             342              14   0.2218773
              1560             343               1   0.2812690
              1561             343               7   0.1373703
              1562             343               8   0.4132995
              1563             343              14   0.1680612
              1564             344               7   0.4499663
              1565             344               8   0.1859388
              1566             344              14   0.3640949
              1567             345               7   0.3345386
              1568             345               8   0.4979232
              1569             345              14   0.1675383
              1570             346               1   0.1523597
              1571             346               7   0.3135033
              1572             346               8   0.3981722
              1573             346              14   0.1359648
              1574             347               1   0.2429104
              1575             347               7   0.1163788
              1576             347               8   0.4394372
              1577             347              14   0.2012735
              1578             348               7   0.6193182
              1579             348               8   0.1065662
              1580             348              14   0.2741155
              1581             349               1   0.1048815
              1582             349               7   0.3736621
              1583             349               8   0.3700148
              1584             349              14   0.1514415
              1585             350               1   0.2840387
              1586             350               7   0.1532134
              1587             350               8   0.4962457
              1588             350              14   0.6650225E-01
              1589             351               1   0.5721273E-01
              1590             351               7   0.2180231
              1591             351               8   0.5600120
              1592             351              14   0.1647521
              1593             352               1   0.5869087E-01
              1594             352               7   0.4967133
              1595             352               8   0.2289474
              1596             352              14   0.2156484
              1597             353               1   0.6208308
              1598             353               6   0.6840350E-01
              1599             353               8   0.1696480
              1600             353              14   0.1411177
              1601             354               1   0.6014134
              1602             354               7   0.9048585E-01
              1603             354               8   0.2237478
              1604             354              14   0.8435288E-01
              1605             355               1   0.9361381E-01
              1606             355               7   0.1477495
              1607             355               8   0.6230312
              1608             355              14   0.1356054
              1609             356               1   0.2437190
              1610             356               7   0.9504543E-01
              1611             356               8   0.4653464
              1612             356              14   0.1958892
              1613             357               7   0.2045446
              1614             357               8   0.6251386
              1615             357              14   0.1703168
              1616             358               7   0.2965350
              1617             358               8   0.5992621
              1618             358              14   0.1042031
              1619             359               1   0.1233830
              1620             359               7   0.4172142
              1621             359               8   0.2785504
              1622             359              14   0.1808524
              1623             360               1   0.4670529
              1624             360               5   0.7424431E-01
              1625             360               6   0.1158026
              1626             360               8   0.1087425
              1627             360              14   0.2341577
              1628             361               1   0.6055909
              1629             361               7   0.1767087
              1630             361               8   0.1549161
              1631             361              14   0.6278424E-01
              1632             362               7   0.2290383
              1633             362               8   0.6726799
              1634             362              14   0.9828176E-01
              1635             363               7   0.2601715
              1636             363               8   0.6270277
              1637             363              14   0.1128008
              1638             364               1   0.7584770E-01
              1639             364               7   0.3404852
              1640             364               8   0.4312634
              1641             364              14   0.1524037
              1642             365               1   0.2229702
              1643             365               6   0.1169091
              1644             365               7   0.8579357E-01
              1645             365               8   0.2739760
              1646             365               9   0.1053125
              1647             365              14   0.1950386
              1648             366               1   0.1410076
              1649             366               6   0.5922649E-01
              1650             366               7   0.1751465
              1651             366               8   0.3855271
              1652             366               9   0.9715908E-01
              1653             366              14   0.1419333
              1654             367               1   0.2722787
              1655             367               6   0.2135202
              1656             367               7   0.9303120E-01
              1657             367               8   0.2142051
              1658             367               9   0.6665982E-01
              1659             367              14   0.1403049
              1660             368               1   0.3760258
              1661             368               6   0.5775416E-01
              1662             368               7   0.1847843
              1663             368               8   0.3212162
              1664             368              14   0.6021961E-01
              1665             369               1   0.2092451
              1666             369               6   0.5705268E-01
              1667             369               7   0.2722616
              1668             369               8   0.4012531
              1669             369              14   0.6018753E-01
              1670             370               1   0.7912677E-01
              1671             370               7   0.1830294
              1672             370               8   0.4342100
              1673             370               9   0.6899803E-01
              1674             370              14   0.2346359
              1675             371               7   0.2175951
              1676             371               8   0.4245885
              1677             371               9   0.7024408E-01
              1678             371              14   0.2875724
              1679             372               1   0.1851384
              1680             372               5   0.1162437
              1681             372               6   0.1853269
              1682             372               7   0.2339329
              1683             372               8   0.1688273
              1684             372              14   0.1105307
              1685             373               1   0.1055860
              1686             373               7   0.1893188
              1687             373               8   0.3297656
              1688             373               9   0.1059758
              1689             373              14   0.2693538
              1690             374               7   0.1274468
              1691             374               8   0.4667842
              1692             374               9   0.1464176
              1693             374              14   0.2593514
              1694             375               7   0.2055909
              1695             375               8   0.5049472
              1696             375               9   0.1073841
              1697             375              14   0.1820778
              1698             376               1   0.1395317
              1699             376               6   0.1607836
              1700             376               7   0.1887890
              1701             376               8   0.1958199
              1702             376               9   0.1006447
              1703             376              14   0.2144310
              1704             377               7   0.1699562
              1705             377               8   0.4572842
              1706             377              10   0.4983636E-01
              1707             377              14   0.3229233
              1708             378               7   0.3271305
              1709             378               8   0.4352194
              1710             378               9   0.7197377E-01
              1711             378              14   0.1656764
              1712             379               6   0.5294767E-01
              1713             379               7   0.3115609
              1714             379               8   0.4263975
              1715             379               9   0.6943532E-01
              1716             379              14   0.1396587
              1717             380               1   0.1235700
              1718             380               6   0.7705510E-01
              1719             380               7   0.1933327
              1720             380               8   0.2635332
              1721             380               9   0.1372099
              1722             380              14   0.2052992
              1723             381               7   0.1961787
              1724             381               8   0.4736293
              1725             381               9   0.1000163
              1726             381              14   0.2301757
              1727             382               7   0.3561792
              1728             382               8   0.4008113
              1729             382               9   0.7473611E-01
              1730             382              14   0.1682734
              1731             383               1   0.5980965E-01
              1732             383               7   0.2068793
              1733             383               8   0.2734340
              1734             383               9   0.2070621
              1735             383              14   0.2528150
              1736             384               7   0.4314949
              1737             384               8   0.2935185
              1738             384              14   0.2749866
              1739             385               7   0.1981435
              1740             385               8   0.3714390
              1741             385               9   0.1517400
              1742             385              14   0.2786775
              1743             386               7   0.3395062
              1744             386               8   0.3279623
              1745             386               9   0.1158365
              1746             386              14   0.2166950
              1747             387               7   0.5649499
              1748             387               8   0.1666163
              1749             387              14   0.2684339
              1750             388               7   0.3011817
              1751             388               8   0.2694927
              1752             388               9   0.8861226E-01
              1753             388              14   0.3407134
              1754             389               7   0.2753529
              1755             389               8   0.4446494
              1756             389               9   0.7489901E-01
              1757             389              14   0.2050987
              1758             390               7   0.8110894E-01
              1759             390               8   0.2328660
              1760             390               9   0.3453032
              1761             390              14   0.3407219
              1762             391               7   0.3384499
              1763             391               8   0.4380796
              1764             391              14   0.2234705
              1765             392               7   0.3002490
              1766             392               8   0.4692634
              1767             392              14   0.2304875
              1768             393               7   0.2078231
              1769             393               8   0.3671816
              1770             393               9   0.6340072E-01
              1771             393              14   0.3615946
              1772             394               7   0.1586270
              1773             394               8   0.4211280
              1774             394               9   0.1162046
              1775             394              14   0.3040404
              1776             395               7   0.2395380
              1777             395               8   0.4208440
              1778             395               9   0.5492966E-01
              1779             395              14   0.2846884
              1780             396               7   0.1613363
              1781             396               8   0.3591114
              1782             396               9   0.1091733
              1783             396              14   0.3703790
              1784             397               1   0.1067468
              1785             397               5   0.6385984E-01
              1786             397               6   0.7720433E-01
              1787             397               7   0.1232542
              1788             397               8   0.3930434
              1789             397              14   0.2358915
              1790             398               1   0.6308836E-01
              1791             398               6   0.7958210E-01
              1792             398               7   0.1757244
              1793             398               8   0.4572537
              1794             398               9   0.5741853E-01
              1795             398              10   0.2906622E-01
              1796             398              14   0.1378667
              1797             399               7   0.1963172
              1798             399               8   0.5508546
              1799             399              10   0.3219450E-01
              1800             399              14   0.2206337
              1801             400               6   0.8901853E-01
              1802             400               7   0.7587598E-01
              1803             400               8   0.3527992
              1804             400               9   0.1787749
              1805             400              10   0.2454868E-01
              1806             400              14   0.2789828
              1807             401               6   0.6462713E-01
              1808             401               7   0.1039514
              1809             401               8   0.2706475
              1810             401               9   0.2484933
              1811             401              14   0.3122807
              1812             402               6   0.5453206E-01
              1813             402               7   0.5611435
              1814             402               8   0.1677835
              1815             402              10   0.2962906E-01
              1816             402              14   0.1869120
              1817             403               7   0.6364414
              1818             403               8   0.1349540
              1819             403              10   0.3216768E-01
              1820             403              14   0.1964369
              1821             404               1   0.5938019E-01
              1822             404               6   0.1566506
              1823             404               7   0.1098368
              1824             404               8   0.3071702
              1825             404               9   0.1353691
              1826             404              14   0.2315930
              1827             405               2   0.2280517
              1828             405               5   0.6528830E-01
              1829             405               6   0.9077933E-01
              1830             405              10   0.3593883
              1831             405              14   0.2564923
              1832             406               2   0.3105402
              1833             406              10   0.3119805
              1834             406              14   0.3774793
              1835             407               2   0.2793474
              1836             407               5   0.5198453E-01
              1837             407               6   0.5549535E-01
              1838             407              10   0.3859708
              1839             407              14   0.2272018
              1840             408               2   0.3510260
              1841             408              10   0.3919620
              1842             408              14   0.2570120
              1843             409               2   0.3827516
              1844             409              10   0.3735433
              1845             409              14   0.2437051
              1846             410               2   0.1024045
              1847             410               6   0.1755755
              1848             410              10   0.4613476
              1849             410              14   0.2606724
              1850             411               2   0.1399821
              1851             411               5   0.1020462
              1852             411              10   0.5980595
              1853             411              14   0.1599121
              1854             412               2   0.6204732E-01
              1855             412               5   0.1213867
              1856             412               6   0.2261343
              1857             412              10   0.4502553
              1858             412              14   0.1401765
              1859             413               2   0.1886585
              1860             413               5   0.5244422E-01
              1861             413               6   0.1051254
              1862             413              10   0.4500315
              1863             413              14   0.2037404
              1864             414               2   0.3165080
              1865             414              10   0.4137128
              1866             414              14   0.2697793
              1867             415               2   0.2824384
              1868             415               6   0.9794926E-01
              1869             415              10   0.4329737
              1870             415              14   0.1866386
              1871             416               2   0.2695286
              1872             416               5   0.5411505E-01
              1873             416               6   0.6235346E-01
              1874             416              10   0.3857358
              1875             416              14   0.2282672
              1876             417               2   0.2368651
              1877             417              10   0.5413138
              1878             417              14   0.2218211
              1879             418               2   0.3233435
              1880             418              10   0.4824355
              1881             418              14   0.1942210
              1882             419               2   0.2264793
              1883             419              10   0.7220060
              1884             419              14   0.5151476E-01
              1885             420               2   0.2832340
              1886             420               6   0.6644935E-01
              1887             420              10   0.5435061
              1888             420              14   0.1068106
              1889             421               2   0.3762177
              1890             421              10   0.4487831
              1891             421              14   0.1749993
              1892             422               2   0.3761941
              1893             422              10   0.4178860
              1894             422              14   0.2059199
              1895             423               2   0.1216394
              1896             423               6   0.1144240
              1897             423              10   0.6467586
              1898             423              14   0.1171780
              1899             424               2   0.3409810
              1900             424              10   0.5027739
              1901             424              14   0.1562452
              1902             425               1   0.8056144E-01
              1903             425               2   0.2840586
              1904             425              10   0.5037461
              1905             425              14   0.1316339
              1906             426               2   0.3834620
              1907             426              10   0.5222344
              1908             426              14   0.9430354E-01
              1909             427               1   0.5568799
              1910             427               5   0.2318780
              1911             427              14   0.2112421
              1912             428               1   0.2922894
              1913             428               5   0.4905232
              1914             428               6   0.1369794
              1915             428              10   0.2275427E-01
              1916             428              14   0.5745378E-01
              1917             429               1   0.4352108
              1918             429               5   0.5382250E-01
              1919             429               6   0.1433650
              1920             429              14   0.3676017
              1921             430               1   0.4377806
              1922             430               5   0.3746352
              1923             430              14   0.1875841
              1924             431               1   0.4378459
              1925             431               5   0.4134954
              1926             431              14   0.1486587
              1927             432               1   0.5373236
              1928             432               5   0.4067201
              1929             432               6   0.5595633E-01
              1930             433               1   0.4024281
              1931             433               5   0.2677202
              1932             433               6   0.9359384E-01
              1933             433              14   0.2362579
              1934             434               1   0.1451342
              1935             434               5   0.4557410
              1936             434               6   0.3450669
              1937             434              14   0.5405793E-01
              1938             435               1   0.4572222
              1939             435               5   0.3773995
              1940             435              14   0.1653783
              1941             436               1   0.3732929
              1942             436               5   0.5560810
              1943             436              14   0.7062605E-01
              1944             437               1   0.6781350
              1945             437               5   0.2370641
              1946             437              12   0.2282717E-01
              1947             437              14   0.6197372E-01
              1948             438               1   0.3986208
              1949             438               5   0.4399338
              1950             438              14   0.1614454
              1951             439               1   0.2104170
              1952             439               5   0.5369931
              1953             439              14   0.2525899
              1954             440               1   0.3241362
              1955             440               5   0.3663032
              1956             440               6   0.1674976
              1957             440              14   0.1420630
              1958             441               1   0.6488554
              1959             441               5   0.2427734
              1960             441              14   0.1083713
              1961             442               1   0.2754688
              1962             442               5   0.4806417
              1963             442               6   0.1675726
              1964             442              14   0.7631692E-01
              1965             443               1   0.4173763
              1966             443               5   0.3427280
              1967             443              12   0.2873512E-01
              1968             443              14   0.2111606
              1969             444               1   0.4600688
              1970             444               5   0.4232494
              1971             444              12   0.2412013E-01
              1972             444              14   0.9256166E-01
              1973             445               1   0.4635100
              1974             445               5   0.4104418
              1975             445              14   0.1260482
              1976             446               1   0.4499136
              1977             446               5   0.3446673
              1978             446              14   0.2054192
              1979             447               1   0.4314303
              1980             447               5   0.4682262
              1981             447              14   0.1003435
              1982             448               1   0.3413995
              1983             448               5   0.1649034
              1984             448               6   0.2415180
              1985             448              14   0.2521791
              1986             449               1   0.3407383
              1987             449               5   0.4024697
              1988             449              14   0.2567921
              1989             450               1   0.2601439
              1990             450               5   0.5353099
              1991             450               6   0.8649386E-01
              1992             450              14   0.1180524
              1993             451               1   0.4113638
              1994             451               5   0.4578604
              1995             451              14   0.1307758
              1996             452               1   0.3224691
              1997             452               5   0.3633981
              1998             452               6   0.1225024
              1999             452              14   0.1916304
              2000             453               1   0.8091894
              2001             453               5   0.1448747
              2002             453              14   0.4593594E-01
              2003             454               1   0.4722841
              2004             454               5   0.2786252
              2005             454              14   0.2490907
              2006             455               1   0.5319828
              2007             455               5   0.2999650
              2008             455              14   0.1680522
              2009             456               1   0.4851976
              2010             456               5   0.1103215
              2011             456              14   0.4044809
              2012             457               1   0.2026435
              2013             457               5   0.5886342
              2014             457              14   0.2087223
              2015             458               1   0.6592111
              2016             458               6   0.1194217
              2017             458              10   0.3157823E-01
              2018             458              14   0.1897890
              2019             459               1   0.7050607
              2020             459              10   0.4064163E-01
              2021             459              14   0.2542977
              2022             460               1   0.2840684
              2023             460               5   0.5754279
              2024             460              14   0.1405036
              2025             461               1   0.4902226
              2026             461               5   0.3680786
              2027             461              14   0.1416988
              2028             462               1   0.7543523
              2029             462               5   0.1874298
              2030             462              10   0.2155954E-01
              2031             462              14   0.3665838E-01
              2032             463               1   0.1582952
              2033             463               5   0.2680399
              2034             463              14   0.5736649
              2035             464               1   0.7527328
              2036             464              10   0.2413754E-01
              2037             464              14   0.2231296
              2038             465               1   0.5946288
              2039             465               5   0.2067190
              2040             465               6   0.8663064E-01
              2041             465              14   0.1120216
              2042             466               1   0.5245699
              2043             466               5   0.1441743
              2044             466               6   0.1446869
              2045             466              14   0.1865689
              2046             467               1   0.7358736
              2047             467               5   0.6755357E-01
              2048             467              14   0.1965729
              2049             468               1   0.6920319
              2050             468               5   0.1511840
              2051             468              10   0.2550117E-01
              2052             468              14   0.1312829
              2053             469               1   0.3390012
              2054             469               5   0.5138779
              2055             469              14   0.1471209
              2056             470               1   0.4534616
              2057             470               5   0.2397249
              2058             470               6   0.8937791E-01
              2059             470              14   0.2174356
              2060             471               1   0.6661855
              2061             471               5   0.1241112
              2062             471              10   0.2428553E-01
              2063             471              14   0.1854179
              2064             472               1   0.4691852
              2065             472               5   0.1003739
              2066             472               6   0.2581843
              2067             472              14   0.1722566
              2068             473               1   0.6513692
              2069             473               5   0.1527815
              2070             473               6   0.1042766
              2071             473              14   0.9157274E-01
              2072             474               1   0.5413329
              2073             474               5   0.2857449
              2074             474              14   0.1729222
              2075             475               1   0.7180260
              2076             475              14   0.2819739
              2077             476               1   0.4372063
              2078             476               5   0.5036287
              2079             476              14   0.5916495E-01
              2080             477               1   0.2834023
              2081             477               5   0.5747377
              2082             477              14   0.1418601
              2083             478               1   0.2291257
              2084             478               5   0.6149741
              2085             478              14   0.1559001
              2086             479               1   0.5628573
              2087             479               5   0.1338855
              2088             479               6   0.1513054
              2089             479              10   0.2648151E-01
              2090             479              14   0.1254703
              2091             480               1   0.3146395
              2092             480               5   0.5635941
              2093             480              14   0.1217663
              2094             481               1   0.4961965
              2095             481               5   0.2016953
              2096             481               6   0.9779634E-01
              2097             481              10   0.3093404E-01
              2098             481              14   0.1733778
              2099             482               1   0.3011038
              2100             482               5   0.1659806
              2101             482               6   0.3893723
              2102             482              14   0.1435433
              2103             483               1   0.2500357
              2104             483               5   0.5142840
              2105             483              14   0.2356803
              2106             484               1   0.3059627
              2107             484               5   0.3469490
              2108             484               6   0.2163440
              2109             484              14   0.1307443
              2110             485               1   0.7020203
              2111             485               5   0.8459435E-01
              2112             485              14   0.2133854
              2113             486               1   0.6887541
              2114             486               5   0.1083504
              2115             486               6   0.8474509E-01
              2116             486              14   0.1181504
              2117             487               1   0.4081612
              2118             487               5   0.4668837
              2119             487              14   0.1249551
              2120             488               1   0.1872640
              2121             488               5   0.7174749
              2122             488               6   0.6083575E-01
              2123             488              14   0.3442539E-01
              2124             489               1   0.1661855
              2125             489               5   0.6813890
              2126             489              14   0.1524254
              2127             490               1   0.4453852
              2128             490               5   0.4192972
              2129             490              10   0.3196115E-01
              2130             490              14   0.1033564
              2131             491               1   0.3284823
              2132             491               5   0.4800422
              2133             491               6   0.1019018
              2134             491              14   0.8957361E-01
              2135             492               1   0.2479995
              2136             492               5   0.1115765
              2137             492               6   0.4113135
              2138             492              14   0.2291105
              2139             493               1   0.4221530
              2140             493               5   0.3324259
              2141             493               6   0.9109794E-01
              2142             493              14   0.1543232
              2143             494               1   0.1833958
              2144             494               5   0.6780763
              2145             494              14   0.1385279
              2146             495               1   0.3859984
              2147             495               5   0.3387296
              2148             495              14   0.2752720
              2149             496               1   0.4335338
              2150             496               5   0.8923046E-01
              2151             496               6   0.1837178
              2152             496              14   0.2935179
              2153             497               1   0.3971293
              2154             497               5   0.4458442
              2155             497              14   0.1570265
              2156             498               1   0.2562376
              2157             498               5   0.5056936
              2158             498               6   0.9820639E-01
              2159             498              14   0.1398624
              2160             499               1   0.2289057
              2161             499               5   0.4596657
              2162             499              14   0.3114285
              2163             500               1   0.3859742
              2164             500               5   0.3516573
              2165             500               6   0.9069677E-01
              2166             500              14   0.1716718
              2167             501               1   0.4153929
              2168             501               5   0.3278321
              2169             501              14   0.2567750
              2170             502               1   0.5097799
              2171             502               5   0.1028627
              2172             502               6   0.2408542
              2173             502              14   0.1465032
              2174             503               1   0.7263307
              2175             503               5   0.1598172
              2176             503              10   0.2420724E-01
              2177             503              14   0.8964483E-01
              2178             504               1   0.3001625
              2179             504               5   0.1852830
              2180             504               6   0.3126767
              2181             504              14   0.2018777
              2182             505               1   0.2958728
              2183             505               5   0.3960143
              2184             505               6   0.2005212
              2185             505              14   0.1075916
              2186             506               1   0.3101747
              2187             506               5   0.3708639
              2188             506               6   0.1264316
              2189             506              14   0.1925298
              2190             507               1   0.3777670
              2191             507               5   0.2227746
              2192             507               6   0.2751236
              2193             507              14   0.1243349
              2194             508               1   0.6034832
              2195             508               5   0.2064722
              2196             508               6   0.9069085E-01
              2197             508              14   0.9935375E-01
              2198             509               1   0.4302823
              2199             509               5   0.2581873
              2200             509               6   0.1529616
              2201             509              10   0.3108554E-01
              2202             509              14   0.1274832
              2203             510               1   0.9627471
              2204             510              14   0.3725289E-01
              2205             511               1   0.3442444
              2206             511               5   0.2198378
              2207             511               6   0.1490058
              2208             511              14   0.2869120
              2209             512               1   0.2643181
              2210             512               5   0.2168050
              2211             512               6   0.3220195
              2212             512              14   0.1968574
              2213             513               1   0.2036471
              2214             513               5   0.2202843
              2215             513               6   0.2408446
              2216             513              14   0.3352240
              2217             514               1   0.5114723
              2218             514               5   0.1303223
              2219             514               6   0.2104201
              2220             514              14   0.1477853
              2221             515               1   0.3138347
              2222             515               5   0.4479980
              2223             515              14   0.2381674
              2224             516               1   0.4663616
              2225             516               5   0.4049364
              2226             516              10   0.3211085E-01
              2227             516              14   0.9659120E-01
              2228             517               1   0.4023136
              2229             517               5   0.8602455E-01
              2230             517               6   0.3984873
              2231             517              14   0.1131746
              2232             518               1   0.2153889
              2233             518               5   0.2158943
              2234             518              14   0.5687168
              2235             519               1   0.2771495
              2236             519               5   0.3707795
              2237             519              10   0.3379896E-01
              2238             519              14   0.3182721
              2239             520               1   0.4570272
              2240             520               5   0.6463824E-01
              2241             520               6   0.1040514
              2242             520              14   0.3742831
   Number of water tiles (NMW): 0
 READING: MESH_input_soil_levels.txt
   Number of soil layers: 4
             Level   Thickness (m)      Bottom (m)
                 1   0.1000000       0.1000000
                 2   0.2500000       0.3500000
                 3   0.8500000        1.200000
                 4    2.900000        4.100000
 READING: MESH_parameters_CLASS.ini
 READING: MESH_parameters_hydrology.ini
 READING: MESH_parameters.nc
   The projection of the file is 'LATLONG'.
   ERROR: The dimension 'lon' was not found (Code: -46).
   ERROR: The dimension 'lat' was not found (Code: -46).
   Active parameters in file: 14
 
 READING: Resume run configuration
   RESUMEFLAG is not active: RESUMEFLAG off
   SAVERESUMEFLAG is not active: SAVERESUMEFLAG off
 READING: MESH_forcing_subbasin.nc
   Checking the spatial reference of the file.
   WARNING: A CRS projection 'crs' was not found in the file (Code -49).
   9 attributes found in the file.
   14 variables found in the file.
   22 valid fields found in the file.
   INFO: Found the variable 'CDI'.
   INFO: Found the variable 'Conventions'.
   INFO: Found the variable 'Author'.
   INFO: Found the variable 'License'.
   INFO: Found the variable 'History'.
   INFO: Found the variable 'easymore_hash'.
   INFO: Found the variable 'Source'.
   INFO: Found the variable 'history'.
   INFO: Found the variable 'CDO'.
   INFO: Found the variable 'CaSR_v3.2_A_PR0_SFC'.
   INFO: Found the variable 'CaSR_v3.2_P_FB_SFC'.
   REMARK: Mapping the field 'CaSR_v3.2_P_FB_SFC' to the 'FSIN' variable.
   INFO: Found the variable 'CaSR_v3.2_P_FI_SFC'.
   INFO: Found the variable 'CaSR_v3.2_P_HU_09975'.
   INFO: Found the variable 'CaSR_v3.2_P_P0_SFC'.
   INFO: Found the variable 'CaSR_v3.2_P_PR0_SFC'.
   INFO: Found the variable 'CaSR_v3.2_P_TT_09975'.
   INFO: Found the variable 'CaSR_v3.2_P_UUC_09975'.
   INFO: Found the variable 'CaSR_v3.2_P_UVC_09975'.
   INFO: Found the variable 'CaSR_v3.2_P_VVC_09975'.
   INFO: Found the variable 'latitude'.
   INFO: Found the variable 'longitude'.
   INFO: Found the variable 'subbasin'.
   INFO: Activated the variable 'CaSR_v3.2_P_FB_SFC'.
   REMARK: 'INTERPOLATIONFLAG' is enabled for temporal linear interpolation to the model time-step between records.
 READING: MESH_forcing_subbasin.nc
   Checking the spatial reference of the file.
   WARNING: A CRS projection 'crs' was not found in the file (Code -49).
   9 attributes found in the file.
   14 variables found in the file.
   22 valid fields found in the file.
   INFO: Found the variable 'CDI'.
   INFO: Found the variable 'Conventions'.
   INFO: Found the variable 'Author'.
   INFO: Found the variable 'License'.
   INFO: Found the variable 'History'.
   INFO: Found the variable 'easymore_hash'.
   INFO: Found the variable 'Source'.
   INFO: Found the variable 'history'.
   INFO: Found the variable 'CDO'.
   INFO: Found the variable 'CaSR_v3.2_A_PR0_SFC'.
   INFO: Found the variable 'CaSR_v3.2_P_FB_SFC'.
   INFO: Found the variable 'CaSR_v3.2_P_FI_SFC'.
   REMARK: Mapping the field 'CaSR_v3.2_P_FI_SFC' to the 'FLIN' variable.
   INFO: Found the variable 'CaSR_v3.2_P_HU_09975'.
   INFO: Found the variable 'CaSR_v3.2_P_P0_SFC'.
   INFO: Found the variable 'CaSR_v3.2_P_PR0_SFC'.
   INFO: Found the variable 'CaSR_v3.2_P_TT_09975'.
   INFO: Found the variable 'CaSR_v3.2_P_UUC_09975'.
   INFO: Found the variable 'CaSR_v3.2_P_UVC_09975'.
   INFO: Found the variable 'CaSR_v3.2_P_VVC_09975'.
   INFO: Found the variable 'latitude'.
   INFO: Found the variable 'longitude'.
   INFO: Found the variable 'subbasin'.
   INFO: Activated the variable 'CaSR_v3.2_P_FI_SFC'.
   REMARK: 'INTERPOLATIONFLAG' is enabled for temporal linear interpolation to the model time-step between records.
 READING: MESH_forcing_subbasin.nc
   Checking the spatial reference of the file.
   WARNING: A CRS projection 'crs' was not found in the file (Code -49).
   9 attributes found in the file.
   14 variables found in the file.
   22 valid fields found in the file.
   INFO: Found the variable 'CDI'.
   INFO: Found the variable 'Conventions'.
   INFO: Found the variable 'Author'.
   INFO: Found the variable 'License'.
   INFO: Found the variable 'History'.
   INFO: Found the variable 'easymore_hash'.
   INFO: Found the variable 'Source'.
   INFO: Found the variable 'history'.
   INFO: Found the variable 'CDO'.
   INFO: Found the variable 'CaSR_v3.2_A_PR0_SFC'.
   REMARK: Mapping the field 'CaSR_v3.2_A_PR0_SFC' to the 'PRE' variable.
   INFO: Found the variable 'CaSR_v3.2_P_FB_SFC'.
   INFO: Found the variable 'CaSR_v3.2_P_FI_SFC'.
   INFO: Found the variable 'CaSR_v3.2_P_HU_09975'.
   INFO: Found the variable 'CaSR_v3.2_P_P0_SFC'.
   INFO: Found the variable 'CaSR_v3.2_P_PR0_SFC'.
   INFO: Found the variable 'CaSR_v3.2_P_TT_09975'.
   INFO: Found the variable 'CaSR_v3.2_P_UUC_09975'.
   INFO: Found the variable 'CaSR_v3.2_P_UVC_09975'.
   INFO: Found the variable 'CaSR_v3.2_P_VVC_09975'.
   INFO: Found the variable 'latitude'.
   INFO: Found the variable 'longitude'.
   INFO: Found the variable 'subbasin'.
   INFO: Activated the variable 'CaSR_v3.2_A_PR0_SFC'.
   REMARK: 'INTERPOLATIONFLAG' is enabled for temporal linear interpolation to the model time-step between records.
 READING: MESH_forcing_subbasin.nc
   Checking the spatial reference of the file.
   WARNING: A CRS projection 'crs' was not found in the file (Code -49).
   9 attributes found in the file.
   14 variables found in the file.
   22 valid fields found in the file.
   INFO: Found the variable 'CDI'.
   INFO: Found the variable 'Conventions'.
   INFO: Found the variable 'Author'.
   INFO: Found the variable 'License'.
   INFO: Found the variable 'History'.
   INFO: Found the variable 'easymore_hash'.
   INFO: Found the variable 'Source'.
   INFO: Found the variable 'history'.
   INFO: Found the variable 'CDO'.
   INFO: Found the variable 'CaSR_v3.2_A_PR0_SFC'.
   INFO: Found the variable 'CaSR_v3.2_P_FB_SFC'.
   INFO: Found the variable 'CaSR_v3.2_P_FI_SFC'.
   INFO: Found the variable 'CaSR_v3.2_P_HU_09975'.
   INFO: Found the variable 'CaSR_v3.2_P_P0_SFC'.
   INFO: Found the variable 'CaSR_v3.2_P_PR0_SFC'.
   INFO: Found the variable 'CaSR_v3.2_P_TT_09975'.
   REMARK: Mapping the field 'CaSR_v3.2_P_TT_09975' to the 'TA' variable.
   INFO: Found the variable 'CaSR_v3.2_P_UUC_09975'.
   INFO: Found the variable 'CaSR_v3.2_P_UVC_09975'.
   INFO: Found the variable 'CaSR_v3.2_P_VVC_09975'.
   INFO: Found the variable 'latitude'.
   INFO: Found the variable 'longitude'.
   INFO: Found the variable 'subbasin'.
   INFO: Activated the variable 'CaSR_v3.2_P_TT_09975'.
   REMARK: 'INTERPOLATIONFLAG' is enabled for temporal linear interpolation to the model time-step between records.
 READING: MESH_forcing_subbasin.nc
   Checking the spatial reference of the file.
   WARNING: A CRS projection 'crs' was not found in the file (Code -49).
   9 attributes found in the file.
   14 variables found in the file.
   22 valid fields found in the file.
   INFO: Found the variable 'CDI'.
   INFO: Found the variable 'Conventions'.
   INFO: Found the variable 'Author'.
   INFO: Found the variable 'License'.
   INFO: Found the variable 'History'.
   INFO: Found the variable 'easymore_hash'.
   INFO: Found the variable 'Source'.
   INFO: Found the variable 'history'.
   INFO: Found the variable 'CDO'.
   INFO: Found the variable 'CaSR_v3.2_A_PR0_SFC'.
   INFO: Found the variable 'CaSR_v3.2_P_FB_SFC'.
   INFO: Found the variable 'CaSR_v3.2_P_FI_SFC'.
   INFO: Found the variable 'CaSR_v3.2_P_HU_09975'.
   INFO: Found the variable 'CaSR_v3.2_P_P0_SFC'.
   INFO: Found the variable 'CaSR_v3.2_P_PR0_SFC'.
   INFO: Found the variable 'CaSR_v3.2_P_TT_09975'.
   INFO: Found the variable 'CaSR_v3.2_P_UUC_09975'.
   INFO: Found the variable 'CaSR_v3.2_P_UVC_09975'.
   REMARK: Mapping the field 'CaSR_v3.2_P_UVC_09975' to the 'UV' variable.
   INFO: Found the variable 'CaSR_v3.2_P_VVC_09975'.
   INFO: Found the variable 'latitude'.
   INFO: Found the variable 'longitude'.
   INFO: Found the variable 'subbasin'.
   INFO: Activated the variable 'CaSR_v3.2_P_UVC_09975'.
   REMARK: 'INTERPOLATIONFLAG' is enabled for temporal linear interpolation to the model time-step between records.
 READING: MESH_forcing_subbasin.nc
   Checking the spatial reference of the file.
   WARNING: A CRS projection 'crs' was not found in the file (Code -49).
   9 attributes found in the file.
   14 variables found in the file.
   22 valid fields found in the file.
   INFO: Found the variable 'CDI'.
   INFO: Found the variable 'Conventions'.
   INFO: Found the variable 'Author'.
   INFO: Found the variable 'License'.
   INFO: Found the variable 'History'.
   INFO: Found the variable 'easymore_hash'.
   INFO: Found the variable 'Source'.
   INFO: Found the variable 'history'.
   INFO: Found the variable 'CDO'.
   INFO: Found the variable 'CaSR_v3.2_A_PR0_SFC'.
   INFO: Found the variable 'CaSR_v3.2_P_FB_SFC'.
   INFO: Found the variable 'CaSR_v3.2_P_FI_SFC'.
   INFO: Found the variable 'CaSR_v3.2_P_HU_09975'.
   INFO: Found the variable 'CaSR_v3.2_P_P0_SFC'.
   REMARK: Mapping the field 'CaSR_v3.2_P_P0_SFC' to the 'PRES' variable.
   INFO: Found the variable 'CaSR_v3.2_P_PR0_SFC'.
   INFO: Found the variable 'CaSR_v3.2_P_TT_09975'.
   INFO: Found the variable 'CaSR_v3.2_P_UUC_09975'.
   INFO: Found the variable 'CaSR_v3.2_P_UVC_09975'.
   INFO: Found the variable 'CaSR_v3.2_P_VVC_09975'.
   INFO: Found the variable 'latitude'.
   INFO: Found the variable 'longitude'.
   INFO: Found the variable 'subbasin'.
   INFO: Activated the variable 'CaSR_v3.2_P_P0_SFC'.
   REMARK: 'INTERPOLATIONFLAG' is enabled for temporal linear interpolation to the model time-step between records.
 READING: MESH_forcing_subbasin.nc
   Checking the spatial reference of the file.
   WARNING: A CRS projection 'crs' was not found in the file (Code -49).
   9 attributes found in the file.
   14 variables found in the file.
   22 valid fields found in the file.
   INFO: Found the variable 'CDI'.
   INFO: Found the variable 'Conventions'.
   INFO: Found the variable 'Author'.
   INFO: Found the variable 'License'.
   INFO: Found the variable 'History'.
   INFO: Found the variable 'easymore_hash'.
   INFO: Found the variable 'Source'.
   INFO: Found the variable 'history'.
   INFO: Found the variable 'CDO'.
   INFO: Found the variable 'CaSR_v3.2_A_PR0_SFC'.
   INFO: Found the variable 'CaSR_v3.2_P_FB_SFC'.
   INFO: Found the variable 'CaSR_v3.2_P_FI_SFC'.
   INFO: Found the variable 'CaSR_v3.2_P_HU_09975'.
   REMARK: Mapping the field 'CaSR_v3.2_P_HU_09975' to the 'QA' variable.
   INFO: Found the variable 'CaSR_v3.2_P_P0_SFC'.
   INFO: Found the variable 'CaSR_v3.2_P_PR0_SFC'.
   INFO: Found the variable 'CaSR_v3.2_P_TT_09975'.
   INFO: Found the variable 'CaSR_v3.2_P_UUC_09975'.
   INFO: Found the variable 'CaSR_v3.2_P_UVC_09975'.
   INFO: Found the variable 'CaSR_v3.2_P_VVC_09975'.
   INFO: Found the variable 'latitude'.
   INFO: Found the variable 'longitude'.
   INFO: Found the variable 'subbasin'.
   INFO: Activated the variable 'CaSR_v3.2_P_HU_09975'.
   REMARK: 'INTERPOLATIONFLAG' is enabled for temporal linear interpolation to the model time-step between records.
 
 
 The simulation starts at: 1980/10/01 00:00:00.000000
 Checking the start dates of the input files...
   INFO: The records in 'MESH_forcing_subbasin.nc' start at: 1979/12/31 06:00:00.000000
   Skipping 6594 records in 'MESH_forcing_subbasin.nc'.
   REMARK: 'INTERPOLATIONFLAG' is enabled but the frame length in the file is the same as the model time-step. The option has no effect.
   INFO: The records in 'MESH_forcing_subbasin.nc' start at: 1979/12/31 06:00:00.000000
   Skipping 6594 records in 'MESH_forcing_subbasin.nc'.
   REMARK: 'INTERPOLATIONFLAG' is enabled but the frame length in the file is the same as the model time-step. The option has no effect.
   INFO: The records in 'MESH_forcing_subbasin.nc' start at: 1979/12/31 06:00:00.000000
   Skipping 6594 records in 'MESH_forcing_subbasin.nc'.
   REMARK: 'INTERPOLATIONFLAG' is enabled but the frame length in the file is the same as the model time-step. The option has no effect.
   INFO: The records in 'MESH_forcing_subbasin.nc' start at: 1979/12/31 06:00:00.000000
   Skipping 6594 records in 'MESH_forcing_subbasin.nc'.
   REMARK: 'INTERPOLATIONFLAG' is enabled but the frame length in the file is the same as the model time-step. The option has no effect.
   INFO: The records in 'MESH_forcing_subbasin.nc' start at: 1979/12/31 06:00:00.000000
   Skipping 6594 records in 'MESH_forcing_subbasin.nc'.
   REMARK: 'INTERPOLATIONFLAG' is enabled but the frame length in the file is the same as the model time-step. The option has no effect.
   INFO: The records in 'MESH_forcing_subbasin.nc' start at: 1979/12/31 06:00:00.000000
   Skipping 6594 records in 'MESH_forcing_subbasin.nc'.
   REMARK: 'INTERPOLATIONFLAG' is enabled but the frame length in the file is the same as the model time-step. The option has no effect.
   INFO: The records in 'MESH_forcing_subbasin.nc' start at: 1979/12/31 06:00:00.000000
   Skipping 6594 records in 'MESH_forcing_subbasin.nc'.
   REMARK: 'INTERPOLATIONFLAG' is enabled but the frame length in the file is the same as the model time-step. The option has no effect.
 
 RUNCLASS36 is active.
   ICEBAL_FREEZE_THRESHOLD (FREZTH) override is ACTIVE.
       GRU value:     0.000000        0.000000        0.000000        0.000000        0.000000        0.000000        0.000000        0.000000        0.000000        0.000000        0.000000        0.000000        0.000000        0.000000       -2.000000
   ICEBAL_SWE_LIMIT (SWELIM) override is ACTIVE.
       GRU value:     0.000000        0.000000        0.000000        0.000000        0.000000        0.000000        0.000000        0.000000        0.000000        0.000000        0.000000        0.000000        0.000000        0.000000        2500.000
   ICEBAL_SNOW_DENSITY_LIMIT (SNDENLIM) override is ACTIVE.
       GRU value:     0.000000        0.000000        0.000000        0.000000        0.000000        0.000000        0.000000        0.000000        0.000000        0.000000        0.000000        0.000000        0.000000        0.000000        650.0000
   BASEFLOW component is ACTIVE.
     BASEFLOWFLAG  wf_lzs grid hf=60
     pwr_grid (min.,    1.000000        1.000000
     flz_grid (min.,   0.1000000E-04   0.1000000E-04
 READING: outputs_balance.txt
   Reading output variable: SNO
   Reading output variable: LQWSSNO
   Reading output variable: ALWSSOL
   Reading output variable: ET
   Reading output variable: RFF
   Output variables: 5
 Reached simulation end date.
 
 End of run prognostic states
    Number of GRUs:   15
 
 Average values
    GRU   1:
      8.587     9.141     9.722     7.101     8.030     0.000     0.000  !> TBAR(1:4)/TCAN/TSNO/TPND
      0.287     0.245     0.219     0.219     0.000     0.000     0.000     0.000     0.000  !> THLQ(1:4)/THIC(1:4)/ZPND
      0.362     0.000     0.001     0.573   285.016    -0.546  !> RCAN/SNCAN/SNO/ALBS/RHOS/GRO
    GRU   2:
      9.180     9.754     9.673     5.664     9.234     0.000     0.000  !> TBAR(1:4)/TCAN/TSNO/TPND
      0.254     0.241     0.244     0.227     0.000     0.000     0.000     0.000     0.000  !> THLQ(1:4)/THIC(1:4)/ZPND
      0.139     0.000     0.000     0.000     0.000     0.113  !> RCAN/SNCAN/SNO/ALBS/RHOS/GRO
    GRU   3:
   -273.160  -273.160  -273.160  -273.160     0.000     0.000     0.000  !> TBAR(1:4)/TCAN/TSNO/TPND
      0.000     0.000     0.000     0.000     0.000     0.000     0.000     0.000     0.000  !> THLQ(1:4)/THIC(1:4)/ZPND
      0.000     0.000     0.000     0.000     0.000     0.000  !> RCAN/SNCAN/SNO/ALBS/RHOS/GRO
    GRU   4:
   -273.160  -273.160  -273.160  -273.160     0.000     0.000     0.000  !> TBAR(1:4)/TCAN/TSNO/TPND
      0.000     0.000     0.000     0.000     0.000     0.000     0.000     0.000     0.000  !> THLQ(1:4)/THIC(1:4)/ZPND
      0.000     0.000     0.000     0.000     0.000     0.000  !> RCAN/SNCAN/SNO/ALBS/RHOS/GRO
    GRU   5:
      8.208     8.997     9.767     7.313     7.157     0.000     0.000  !> TBAR(1:4)/TCAN/TSNO/TPND
      0.281     0.253     0.236     0.227     0.000     0.000     0.000     0.000     0.000  !> THLQ(1:4)/THIC(1:4)/ZPND
      0.229     0.000     0.000     0.000     0.000    -0.420  !> RCAN/SNCAN/SNO/ALBS/RHOS/GRO
    GRU   6:
      7.854     8.580     9.354     7.096     7.085     0.000     0.000  !> TBAR(1:4)/TCAN/TSNO/TPND
      0.287     0.249     0.232     0.217     0.000     0.000     0.000     0.000     0.000  !> THLQ(1:4)/THIC(1:4)/ZPND
      0.125     0.000     0.000     0.500   200.000    -0.572  !> RCAN/SNCAN/SNO/ALBS/RHOS/GRO
    GRU   7:
      7.783     7.949     8.351     6.000     7.595     0.000     0.000  !> TBAR(1:4)/TCAN/TSNO/TPND
      0.289     0.243     0.255     0.232     0.000     0.000     0.000     0.000     0.000  !> THLQ(1:4)/THIC(1:4)/ZPND
      0.135     0.000     0.000     0.500   200.000    -0.378  !> RCAN/SNCAN/SNO/ALBS/RHOS/GRO
    GRU   8:
      7.604     7.881     8.385     6.098     7.087     0.000     0.000  !> TBAR(1:4)/TCAN/TSNO/TPND
      0.292     0.244     0.253     0.226     0.000     0.000     0.000     0.000     0.000  !> THLQ(1:4)/THIC(1:4)/ZPND
      0.136     0.000     0.000     0.500   200.000    -0.485  !> RCAN/SNCAN/SNO/ALBS/RHOS/GRO
    GRU   9:
      8.359     8.260     8.365     5.771     8.672     0.000     0.000  !> TBAR(1:4)/TCAN/TSNO/TPND
      0.285     0.233     0.247     0.235     0.000     0.000     0.000     0.000     0.000  !> THLQ(1:4)/THIC(1:4)/ZPND
      0.030     0.000     0.000     0.000     0.000    -0.164  !> RCAN/SNCAN/SNO/ALBS/RHOS/GRO
    GRU  10:
      8.378     8.814     8.425     2.656     7.500     0.000     5.224  !> TBAR(1:4)/TCAN/TSNO/TPND
      0.640     0.721     0.824     0.829     0.000     0.000     0.000     0.000     0.000  !> THLQ(1:4)/THIC(1:4)/ZPND
      0.257     0.000     0.002     0.722   339.791    -0.555  !> RCAN/SNCAN/SNO/ALBS/RHOS/GRO
    GRU  11:
   -273.160  -273.160  -273.160  -273.160     0.000     0.000     0.000  !> TBAR(1:4)/TCAN/TSNO/TPND
      0.000     0.000     0.000     0.000     0.000     0.000     0.000     0.000     0.000  !> THLQ(1:4)/THIC(1:4)/ZPND
      0.000     0.000     0.000     0.000     0.000     0.000  !> RCAN/SNCAN/SNO/ALBS/RHOS/GRO
    GRU  12:
      8.302     9.150     9.886     6.836     0.000     0.000     0.000  !> TBAR(1:4)/TCAN/TSNO/TPND
      0.275     0.292     0.294     0.293     0.000     0.000     0.000     0.000     0.000  !> THLQ(1:4)/THIC(1:4)/ZPND
      0.000     0.000     0.000     0.000     0.000     1.000  !> RCAN/SNCAN/SNO/ALBS/RHOS/GRO
    GRU  13:
   -273.160  -273.160  -273.160  -273.160     0.000     0.000     0.000  !> TBAR(1:4)/TCAN/TSNO/TPND
      0.000     0.000     0.000     0.000     0.000     0.000     0.000     0.000     0.000  !> THLQ(1:4)/THIC(1:4)/ZPND
      0.000     0.000     0.000     0.000     0.000     0.000  !> RCAN/SNCAN/SNO/ALBS/RHOS/GRO
    GRU  14:
      8.170     9.078     9.607     7.529     0.000     0.000     7.613  !> TBAR(1:4)/TCAN/TSNO/TPND
      0.273     0.291     0.349     0.375     0.000     0.000     0.000     0.000     0.008  !> THLQ(1:4)/THIC(1:4)/ZPND
      0.000     0.000     0.004     0.813   333.277     1.000  !> RCAN/SNCAN/SNO/ALBS/RHOS/GRO
    GRU  15:
   -273.160  -273.160  -273.160  -273.160     0.000     0.000     0.000  !> TBAR(1:4)/TCAN/TSNO/TPND
      0.000     0.000     0.000     0.000     0.000     0.000     0.000     0.000     0.000  !> THLQ(1:4)/THIC(1:4)/ZPND
      0.000     0.000     0.000     0.000     0.000     0.000  !> RCAN/SNCAN/SNO/ALBS/RHOS/GRO
 
 Minimum values
    GRU   1:
      6.451     7.201     7.966     4.579     5.135    -0.000     0.000  !> TBAR(1:4)/TCAN/TSNO/TPND
      0.202     0.197     0.149     0.152     0.000     0.000     0.000     0.000     0.000  !> THLQ(1:4)/THIC(1:4)/ZPND
      0.000     0.000     0.000     0.500   200.000    -0.922  !> RCAN/SNCAN/SNO/ALBS/RHOS/GRO
    GRU   2:
      7.153     7.788     8.600     4.189     5.951     0.000     0.000  !> TBAR(1:4)/TCAN/TSNO/TPND
      0.164     0.211     0.185     0.198     0.000     0.000     0.000     0.000     0.000  !> THLQ(1:4)/THIC(1:4)/ZPND
      0.000     0.000     0.000     0.000     0.000    -0.903  !> RCAN/SNCAN/SNO/ALBS/RHOS/GRO
    GRU   3:
   -273.160  -273.160  -273.160  -273.160     0.000     0.000     0.000  !> TBAR(1:4)/TCAN/TSNO/TPND
      0.000     0.000     0.000     0.000     0.000     0.000     0.000     0.000     0.000  !> THLQ(1:4)/THIC(1:4)/ZPND
      0.000     0.000     0.000     0.000     0.000     0.000  !> RCAN/SNCAN/SNO/ALBS/RHOS/GRO
    GRU   4:
   -273.160  -273.160  -273.160  -273.160     0.000     0.000     0.000  !> TBAR(1:4)/TCAN/TSNO/TPND
      0.000     0.000     0.000     0.000     0.000     0.000     0.000     0.000     0.000  !> THLQ(1:4)/THIC(1:4)/ZPND
      0.000     0.000     0.000     0.000     0.000     0.000  !> RCAN/SNCAN/SNO/ALBS/RHOS/GRO
    GRU   5:
      5.910     6.823     7.705     4.497     1.328     0.000     0.000  !> TBAR(1:4)/TCAN/TSNO/TPND
      0.164     0.210     0.183     0.164     0.000     0.000     0.000     0.000     0.000  !> THLQ(1:4)/THIC(1:4)/ZPND
      0.000     0.000     0.000     0.000     0.000    -0.922  !> RCAN/SNCAN/SNO/ALBS/RHOS/GRO
    GRU   6:
      5.840     6.862     7.743     3.846     1.024     0.000     0.000  !> TBAR(1:4)/TCAN/TSNO/TPND
      0.165     0.211     0.183     0.165     0.000     0.000     0.000     0.000     0.000  !> THLQ(1:4)/THIC(1:4)/ZPND
      0.000     0.000     0.000     0.500   200.000    -0.922  !> RCAN/SNCAN/SNO/ALBS/RHOS/GRO
    GRU   7:
      6.123     6.993     7.617     5.208     2.013     0.000     0.000  !> TBAR(1:4)/TCAN/TSNO/TPND
      0.247     0.228     0.226     0.207     0.000     0.000     0.000     0.000     0.000  !> THLQ(1:4)/THIC(1:4)/ZPND
      0.135     0.000     0.000     0.500   200.000    -0.922  !> RCAN/SNCAN/SNO/ALBS/RHOS/GRO
    GRU   8:
      6.119     6.934     7.601     5.160     1.024     0.000     0.000  !> TBAR(1:4)/TCAN/TSNO/TPND
      0.247     0.224     0.221     0.203     0.000     0.000     0.000     0.000     0.000  !> THLQ(1:4)/THIC(1:4)/ZPND
      0.135     0.000     0.000     0.500   200.000    -0.922  !> RCAN/SNCAN/SNO/ALBS/RHOS/GRO
    GRU   9:
      7.381     7.545     7.547     4.891     7.436     0.000     0.000  !> TBAR(1:4)/TCAN/TSNO/TPND
      0.246     0.222     0.224     0.208     0.000     0.000     0.000     0.000     0.000  !> THLQ(1:4)/THIC(1:4)/ZPND
      0.030     0.000     0.000     0.000     0.000    -0.922  !> RCAN/SNCAN/SNO/ALBS/RHOS/GRO
    GRU  10:
      6.703     7.404     5.827     1.117     4.658    -0.000     0.000  !> TBAR(1:4)/TCAN/TSNO/TPND
      0.272     0.499     0.799     0.829     0.000     0.000     0.000     0.000     0.000  !> THLQ(1:4)/THIC(1:4)/ZPND
      0.000     0.000     0.000     0.718   295.807    -0.922  !> RCAN/SNCAN/SNO/ALBS/RHOS/GRO
    GRU  11:
   -273.160  -273.160  -273.160  -273.160     0.000     0.000     0.000  !> TBAR(1:4)/TCAN/TSNO/TPND
      0.000     0.000     0.000     0.000     0.000     0.000     0.000     0.000     0.000  !> THLQ(1:4)/THIC(1:4)/ZPND
      0.000     0.000     0.000     0.000     0.000     0.000  !> RCAN/SNCAN/SNO/ALBS/RHOS/GRO
    GRU  12:
      7.704     7.214     7.520     5.366     0.000     0.000     0.000  !> TBAR(1:4)/TCAN/TSNO/TPND
      0.261     0.234     0.224     0.204     0.000     0.000     0.000     0.000     0.000  !> THLQ(1:4)/THIC(1:4)/ZPND
      0.000     0.000     0.000     0.000     0.000     1.000  !> RCAN/SNCAN/SNO/ALBS/RHOS/GRO
    GRU  13:
   -273.160  -273.160  -273.160  -273.160     0.000     0.000     0.000  !> TBAR(1:4)/TCAN/TSNO/TPND
      0.000     0.000     0.000     0.000     0.000     0.000     0.000     0.000     0.000  !> THLQ(1:4)/THIC(1:4)/ZPND
      0.000     0.000     0.000     0.000     0.000     0.000  !> RCAN/SNCAN/SNO/ALBS/RHOS/GRO
    GRU  14:
      6.090     7.295     7.909     5.114     0.000    -0.000     5.914  !> TBAR(1:4)/TCAN/TSNO/TPND
      0.161     0.211     0.241     0.375     0.000     0.000     0.000     0.000     0.000  !> THLQ(1:4)/THIC(1:4)/ZPND
      0.000     0.000     0.000     0.692   238.337     1.000  !> RCAN/SNCAN/SNO/ALBS/RHOS/GRO
    GRU  15:
   -273.160  -273.160  -273.160  -273.160     0.000     0.000     0.000  !> TBAR(1:4)/TCAN/TSNO/TPND
      0.000     0.000     0.000     0.000     0.000     0.000     0.000     0.000     0.000  !> THLQ(1:4)/THIC(1:4)/ZPND
      0.000     0.000     0.000     0.000     0.000     0.000  !> RCAN/SNCAN/SNO/ALBS/RHOS/GRO
 
 Maximum values
    GRU   1:
     11.780    11.808    11.949     9.042    14.062     0.000     0.000  !> TBAR(1:4)/TCAN/TSNO/TPND
      0.324     0.282     0.281     0.313     0.000     0.000     0.000     0.000     0.000  !> THLQ(1:4)/THIC(1:4)/ZPND
      0.476     0.000     0.023     0.585   357.365     1.000  !> RCAN/SNCAN/SNO/ALBS/RHOS/GRO
    GRU   2:
     10.706    11.298    10.548     7.321    12.291     0.000     0.000  !> TBAR(1:4)/TCAN/TSNO/TPND
      0.318     0.256     0.258     0.247     0.000     0.000     0.000     0.000     0.000  !> THLQ(1:4)/THIC(1:4)/ZPND
      0.274     0.000     0.000     0.000     0.000     1.000  !> RCAN/SNCAN/SNO/ALBS/RHOS/GRO
    GRU   3:
   -273.160  -273.160  -273.160  -273.160     0.000     0.000     0.000  !> TBAR(1:4)/TCAN/TSNO/TPND
      0.000     0.000     0.000     0.000     0.000     0.000     0.000     0.000     0.000  !> THLQ(1:4)/THIC(1:4)/ZPND
      0.000     0.000     0.000     0.000     0.000     0.000  !> RCAN/SNCAN/SNO/ALBS/RHOS/GRO
    GRU   4:
   -273.160  -273.160  -273.160  -273.160     0.000     0.000     0.000  !> TBAR(1:4)/TCAN/TSNO/TPND
      0.000     0.000     0.000     0.000     0.000     0.000     0.000     0.000     0.000  !> THLQ(1:4)/THIC(1:4)/ZPND
      0.000     0.000     0.000     0.000     0.000     0.000  !> RCAN/SNCAN/SNO/ALBS/RHOS/GRO
    GRU   5:
     10.665    11.148    11.854     8.989    11.729     0.000     0.000  !> TBAR(1:4)/TCAN/TSNO/TPND
      0.322     0.320     0.322     0.321     0.000     0.000     0.000     0.000     0.000  !> THLQ(1:4)/THIC(1:4)/ZPND
      0.278     0.000     0.000     0.000     0.000     1.000  !> RCAN/SNCAN/SNO/ALBS/RHOS/GRO
    GRU   6:
     10.095    10.996    11.775     9.032    11.720     0.000     0.000  !> TBAR(1:4)/TCAN/TSNO/TPND
      0.322     0.317     0.318     0.318     0.000     0.000     0.000     0.000     0.000  !> THLQ(1:4)/THIC(1:4)/ZPND
      0.146     0.000     0.012     0.500   200.000     1.000  !> RCAN/SNCAN/SNO/ALBS/RHOS/GRO
    GRU   7:
      9.244     9.449     9.536     6.480     9.243     0.000     0.000  !> TBAR(1:4)/TCAN/TSNO/TPND
      0.321     0.261     0.290     0.267     0.000     0.000     0.000     0.000     0.000  !> THLQ(1:4)/THIC(1:4)/ZPND
      0.143     0.000     0.012     0.500   200.000     1.000  !> RCAN/SNCAN/SNO/ALBS/RHOS/GRO
    GRU   8:
      9.289     9.586     9.731     6.899     9.257     0.000     0.000  !> TBAR(1:4)/TCAN/TSNO/TPND
      0.321     0.261     0.290     0.268     0.000     0.000     0.000     0.000     0.000  !> THLQ(1:4)/THIC(1:4)/ZPND
      0.146     0.000     0.012     0.500   200.000     1.000  !> RCAN/SNCAN/SNO/ALBS/RHOS/GRO
    GRU   9:
      9.168     9.482     9.514     6.267     9.188     0.000     0.000  !> TBAR(1:4)/TCAN/TSNO/TPND
      0.317     0.239     0.262     0.255     0.000     0.000     0.000     0.000     0.000  !> THLQ(1:4)/THIC(1:4)/ZPND
      0.030     0.000     0.000     0.000     0.000     1.000  !> RCAN/SNCAN/SNO/ALBS/RHOS/GRO
    GRU  10:
     11.086    10.645    10.331     4.334    13.273     0.000     7.515  !> TBAR(1:4)/TCAN/TSNO/TPND
      0.856     0.880     0.830     0.829     0.000     0.000     0.000     0.000     0.026  !> THLQ(1:4)/THIC(1:4)/ZPND
      0.313     0.000     0.061     0.730   409.678     1.000  !> RCAN/SNCAN/SNO/ALBS/RHOS/GRO
    GRU  11:
   -273.160  -273.160  -273.160  -273.160     0.000     0.000     0.000  !> TBAR(1:4)/TCAN/TSNO/TPND
      0.000     0.000     0.000     0.000     0.000     0.000     0.000     0.000     0.000  !> THLQ(1:4)/THIC(1:4)/ZPND
      0.000     0.000     0.000     0.000     0.000     0.000  !> RCAN/SNCAN/SNO/ALBS/RHOS/GRO
    GRU  12:
      8.545     9.822    10.724     7.390     0.000     0.000     0.000  !> TBAR(1:4)/TCAN/TSNO/TPND
      0.308     0.313     0.319     0.323     0.000     0.000     0.000     0.000     0.000  !> THLQ(1:4)/THIC(1:4)/ZPND
      0.000     0.000     0.000     0.000     0.000     1.000  !> RCAN/SNCAN/SNO/ALBS/RHOS/GRO
    GRU  13:
   -273.160  -273.160  -273.160  -273.160     0.000     0.000     0.000  !> TBAR(1:4)/TCAN/TSNO/TPND
      0.000     0.000     0.000     0.000     0.000     0.000     0.000     0.000     0.000  !> THLQ(1:4)/THIC(1:4)/ZPND
      0.000     0.000     0.000     0.000     0.000     0.000  !> RCAN/SNCAN/SNO/ALBS/RHOS/GRO
    GRU  14:
     10.203    11.561    12.257     9.781     0.000     0.000     9.346  !> TBAR(1:4)/TCAN/TSNO/TPND
      0.361     0.376     0.376     0.376     0.000     0.000     0.000     0.000     0.100  !> THLQ(1:4)/THIC(1:4)/ZPND
      0.000     0.000     0.061     0.837   637.309     1.000  !> RCAN/SNCAN/SNO/ALBS/RHOS/GRO
    GRU  15:
   -273.160  -273.160  -273.160  -273.160     0.000     0.000     0.000  !> TBAR(1:4)/TCAN/TSNO/TPND
      0.000     0.000     0.000     0.000     0.000     0.000     0.000     0.000     0.000  !> THLQ(1:4)/THIC(1:4)/ZPND
      0.000     0.000     0.000     0.000     0.000     0.000  !> RCAN/SNCAN/SNO/ALBS/RHOS/GRO
 
 Basin water balance end of run totals (mm)
   Total precipitation              =   23933.50
   Total evapotranspiration         =   14888.43
   Total runoff                     =   7085.887
     Overland         =   1849.453
     Lateral          =   476.9879
     Drainage (soil)  =   6523.985
   Change in storage                =   1515.827
     Initial          =   818.4131
     Final            =   2334.240
 
 
 Program has terminated normally.
 
 Time = 2.157296 hours (averaging 2.941767 minutes per simulation year).
