StationID,COMID_WSC,COMID_GAGE,COMID_CAMELS,COMID_CLRHNA,COMID
01010000,,,,72040098.0,72040098.0
01010000,,,,72040098.0,72040098.0
01010070,,,,72041316.0,72041316.0
01010100,,,,72041782.0,72041782.0
01010100,,,,72041782.0,72041782.0
01010500,,,,72040057.0,72040057.0
01010500,,,,72040057.0,72040057.0
01011000,,72040788.0,,72040788.0,72040788.0
01011500,,,,72040181.0,72040181.0
01012500,,,,72040043.0,72040043.0
01012500,,,,72040043.0,72040043.0
01012515,,,,72043955.0,72043955.0
01012515,,,,72043955.0,72043955.0
01012525,,,,72043955.0,72043955.0
01012570,,,,72042383.0,72042383.0
01012570,,,,72042383.0,72042383.0
01013500,,72040863.0,72040863.0,72040863.0,72040863.0
01013500,,72040863.0,72040863.0,72040863.0,72040863.0
01014000,,,,72040039.0,72040039.0
01015000,,,,72040015.0,72040015.0
01015010,,,,72040012.0,72040012.0
01015800,,72040358.0,,72040358.0,72040358.0
01015800,,72040358.0,,72040358.0,72040358.0
01016500,,72041030.0,,72041030.0,72041030.0
01016500,,72041030.0,,72041030.0,72041030.0
01017000,,72040306.0,,72040306.0,72040306.0
01017000,,72040306.0,,72040306.0,72040306.0
01017060,,72040288.0,,72040288.0,72040288.0
01017060,,72040288.0,,72040288.0,72040288.0
01017290,,72041257.0,,72041257.0,72041257.0
01017290,,72041257.0,,72041257.0,72041257.0
01017500,,,,72040258.0,72040258.0
01017500,,,,72040258.0,72040258.0
01017550,,72043806.0,,72043806.0,72043806.0
01017550,,72043806.0,,72043806.0,72043806.0
01017900,,,,72050551.0,72050551.0
01017960,,72047863.0,,72047863.0,72047863.0
01017960,,72047863.0,,72047863.0,72047863.0
01018000,,72047630.0,,72047630.0,72047630.0
01018000,,72047630.0,,72047630.0,72047630.0
01018009,,72047548.0,,72047548.0,72047548.0
01018009,,72047548.0,,72047548.0,72047548.0
01018035,,,,72047548.0,72047548.0
01018035,,,,72047548.0,72047548.0
01019000,,,,73000706.0,73000706.0
01021000,,,,73000446.0,73000446.0
01027200,,73000125.0,,73000125.0,73000125.0
01028000,,,,73000053.0,73000053.0
01029200,,73000123.0,,73000123.0,73000123.0
01029500,,73000064.0,,73000064.0,73000064.0
01030000,,,,73000049.0,73000049.0
01030350,,,,73000182.0,73000182.0
01030500,,73000453.0,73000453.0,73000453.0,73000453.0
01031000,,,,73000001.0,73000001.0
01031300,,,,73000771.0,73000771.0
01031450,,,,73000795.0,73000795.0
01031500,,,,73000663.0,73000663.0
01031510,,,,73001455.0,73001455.0
01031600,,,,73000643.0,73000643.0
01033000,,,,73000495.0,73000495.0
01033500,,,,73000500.0,73000500.0
01034000,,,,73000492.0,73000492.0
01034500,,,,73000437.0,73000437.0
01035000,,,,73000659.0,73000659.0
01035500,,,,73001546.0,73001546.0
01036000,,,,73000435.0,73000435.0
01036500,,,,73000715.0,73000715.0
01037000,,,,73000715.0,73000715.0
01127880,,73000950.0,,73000950.0,73000950.0
01128500,,,,73000950.0,73000950.0
01129300,,,,73000844.0,73000844.0
01129440,,,,73001354.0,73001354.0
01129500,,,,73000604.0,73000604.0
01130000,,,,73000700.0,73000700.0
01131500,,,,73000573.0,73000573.0
01133000,,73000962.0,,73000962.0,73000962.0
01133500,,,,73000746.0,73000746.0
01134500,,73000849.0,73000849.0,73000849.0,73000849.0
01134800,,,,73000849.0,73000849.0
01135000,,73000849.0,,73000849.0,73000849.0
01135150,,73001155.0,,,73001155.0
01135300,,73000977.0,,73000977.0,73000977.0
01135500,,73000692.0,,73000692.0,73000692.0
01136000,,,,73001102.0,73001102.0
01137500,,,,73000783.0,73000783.0
01137940,,,,73000642.0,73000642.0
01138000,,,,73000615.0,73000615.0
01138500,,,,73000562.0,73000562.0
01139000,,73000925.0,73000925.0,73000925.0,73000925.0
01139500,,,,73000557.0,73000557.0
01139800,,73001025.0,73001025.0,73001025.0,73001025.0
01140000,,,,73000528.0,73000528.0
01140500,,,,73001712.0,73001712.0
01141500,,73002081.0,,73002081.0,73002081.0
01141800,,73002840.0,,73002840.0,73002840.0
01142000,,,,73001987.0,73001987.0
01142500,,73001843.0,73001843.0,73001843.0,73001843.0
01143500,,,,73001778.0,73001778.0
01144000,,73001771.0,73001771.0,73001771.0,73001771.0
01144500,,,,73001697.0,73001697.0
01145000,,,,73002141.0,73002141.0
01150500,,,,73002034.0,73002034.0
01150800,,,,73002832.0,73002832.0
01150900,,73002832.0,,73002832.0,73002832.0
01151000,,,,73002083.0,73002083.0
01151500,,73001980.0,,73001980.0,73001980.0
01152500,,,,73002047.0,73002047.0
01152800,,,,73002024.0,73002024.0
01152860,,,,73002758.0,73002758.0
01153000,,73001951.0,,73001951.0,73001951.0
01153015,,,,73002708.0,73002708.0
01153500,,73002124.0,,73002124.0,73002124.0
01153550,,73002124.0,,73002124.0,73002124.0
01154000,,73002170.0,,73002170.0,73002170.0
01154500,,,,73001671.0,73001671.0
01154950,,,,73002071.0,73002071.0
01155000,,73002071.0,,73002071.0,73002071.0
01155200,,,,73002544.0,73002544.0
01155300,,,,73002661.0,73002661.0
01155349,,,,73002138.0,73002138.0
01155500,,,,73002065.0,73002065.0
01155910,,,,73001979.0,73001979.0
01156000,,,,73001943.0,73001943.0
01157000,,,,73002100.0,73002100.0
01158000,,,,73002100.0,73002100.0
01158110,,,,73001934.0,73001934.0
01158500,,,,73002247.0,73002247.0
01158600,,,,73002247.0,73002247.0
01159000,,,,73002504.0,73002504.0
01159500,,,,73002504.0,73002504.0
01159600,,,,73002505.0,73002505.0
01160000,,73002288.0,,73002288.0,73002288.0
01160350,,,,73001926.0,73001926.0
01161000,,,,73001880.0,73001880.0
01161400,,,,73002377.0,73002377.0
01161500,,73002275.0,,,73002275.0
01162000,,,,73002069.0,73002069.0
01162100,,,,73002069.0,73002069.0
01162500,,73002241.0,73002241.0,,73002241.0
01162900,,,,73002305.0,73002305.0
01163000,,,,73002305.0,73002305.0
01163200,,,,73002305.0,73002305.0
01163400,,,,73002152.0,73002152.0
01163500,,,,73002026.0,73002026.0
01164000,,,,73001992.0,73001992.0
01165000,,73002223.0,,73002223.0,73002223.0
01165090,,,,73002366.0,73002366.0
01165300,,,,73002304.0,73002304.0
01165500,,73002344.0,,73002344.0,73002344.0
01166105,,,,73001908.0,73001908.0
01166500,,,,73001908.0,73001908.0
01167000,,,,73001643.0,73001643.0
01167200,,,,73002395.0,73002395.0
01168151,,,,73001930.0,73001930.0
01168300,,,,73002363.0,73002363.0
01168400,,,,73002324.0,73002324.0
01168500,,,,73001886.0,73001886.0
01168650,,,,73002321.0,73002321.0
01168950,,,,73002389.0,73002389.0
01169000,,73002067.0,73002067.0,73002067.0,73002067.0
01169600,,,,73002303.0,73002303.0
01169801,,,,73002294.0,73002294.0
01169900,,73002294.0,,73002294.0,73002294.0
01170000,,,,73001863.0,73001863.0
01170070,,,,73002442.0,73002442.0
01170100,,73002442.0,73002442.0,73002442.0,73002442.0
01170140,,,,73002442.0,73002442.0
01170500,,,,73001642.0,73001642.0
01170580,,,,73001729.0,73001729.0
01170930,,73005049.0,,73005049.0,73005049.0
01171290,,,,73004960.0,73004960.0
01171300,,73003941.0,,73003941.0,73003941.0
01171420,,,,73005011.0,73005011.0
01171500,,73005011.0,,73005011.0,73005011.0
01171780,,,,73003714.0,73003714.0
01171950,,,,73004937.0,73004937.0
01172000,,,,73003006.0,73003006.0
01172003,,,,73003006.0,73003006.0
01172010,,,,73003006.0,73003006.0
01172500,,,,73003758.0,73003758.0
01172800,,,,73005037.0,73005037.0
01173000,,,,73003701.0,73003701.0
01173260,,,,73004973.0,73004973.0
01173500,,,,73003449.0,73003449.0
01174000,,73003299.0,,,73003299.0
01174500,,73005058.0,,,73005058.0
01174565,,73005044.0,,73005044.0,73005044.0
01174600,,73005044.0,,,73005044.0
01174900,,73005044.0,,,73005044.0
01175500,,73003222.0,,,73003222.0
01175670,,73004908.0,,,73004908.0
01175710,,,,73004940.0,73004940.0
01175850,,,,73004928.0,73004928.0
01176000,,,,73003594.0,73003594.0
01176410,,,,73004777.0,73004777.0
01176780,,73004829.0,,73004829.0,73004829.0
01177000,,,,73003185.0,73003185.0
01178000,,,,73003906.0,73003906.0
01178300,,,,73003302.0,73003302.0
01178500,,,,73003219.0,73003219.0
01179500,,,,73003201.0,73003201.0
01180000,,73003201.0,,,73003201.0
01180500,,,,73005010.0,73005010.0
01181000,,,,73003733.0,73003733.0
01183000,,,,73003899.0,73003899.0
01183400,,,,73004730.0,73004730.0
01183450,,,,73004730.0,73004730.0
01183500,,,,73003163.0,73003163.0
01183994,,,,73004716.0,73004716.0
01184000,,,,73002999.0,73002999.0
01184100,,73004678.0,,73004678.0,73004678.0
01184205,,,,73004736.0,73004736.0
01184277,,,,73004751.0,73004751.0
01184280,,,,73004751.0,73004751.0
01184300,,,,73004751.0,73004751.0
01184470,,,,73004653.0,73004653.0
01184490,,73004653.0,,73004653.0,73004653.0
01184500,,,,73003524.0,73003524.0
01184855,,,,73004890.0,73004890.0
01185100,,,,73004841.0,73004841.0
01185490,,,,73004827.0,73004827.0
01185500,,,,73003677.0,73003677.0
01186000,,,,73003600.0,73003600.0
01186100,,,,73004669.0,73004669.0
01186400,,,,73004745.0,73004745.0
01186500,,,,73003753.0,73003753.0
01187000,,,,73003530.0,73003530.0
01187300,,73004772.0,73004772.0,73004772.0,73004772.0
01187400,,73004772.0,,73004772.0,73004772.0
01187680,,,,73004611.0,73004611.0
01187800,,,,73004593.0,73004593.0
01187980,,,,73003423.0,73003423.0
01188090,,,,73003423.0,73003423.0
01189000,,,,73003787.0,73003787.0
01189200,,,,73004613.0,73004613.0
01189210,,,,73004613.0,73004613.0
01189390,,,,73004721.0,73004721.0
01189500,,,,73003802.0,73003802.0
01189995,,,,73003349.0,73003349.0
01190000,,,,73003349.0,73003349.0
01190055,,,,73004577.0,73004577.0
01190057,,,,73004577.0,73004577.0
01190070,,,,73002995.0,73002995.0
01190300,,,,73004534.0,73004534.0
01190500,,,,73004534.0,73004534.0
01190620,,,,73004583.0,73004583.0
01191000,,73003972.0,,73003972.0,73003972.0
01191500,,,,73003798.0,73003798.0
01192480,,,,73004522.0,73004522.0
01192500,,,,73003588.0,73003588.0
01192610,,,,73004486.0,73004486.0
01192650,,,,73004465.0,73004465.0
01192700,,,,73003903.0,73003903.0
01192704,,,,73003903.0,73003903.0
01192883,,,,73004293.0,73004293.0
01192890,,,,73004293.0,73004293.0
01193000,,,,73002987.0,73002987.0
01193050,,,,73002987.0,73002987.0
01193340,,,,73004457.0,73004457.0
01193500,,,,73003729.0,73003729.0
01194000,,73004312.0,,73004312.0,73004312.0
01194500,,,,73004299.0,73004299.0
01194750,,,,73002982.0,73002982.0
01194796,,,,73002982.0,73002982.0
01194820,,,,73002982.0,73002982.0
01528700,,,,72058601.0,72058601.0
01AA002,72041515.0,,,72041515.0,72041515.0
01AD001,72034808.0,,,72034808.0,72034808.0
01AD002,72040039.0,,72040039.0,72040831.0,72040039.0
01AD003,72040181.0,,72040181.0,72040181.0,72040181.0
01AD004,72040030.0,,,72040030.0,72040030.0
01AD005,72034817.0,,,72034817.0,72034817.0
01AD008,72035003.0,,,,72035003.0
01AD008&01AD009,,,,72035003.0,72035003.0
01AD009,72035003.0,,,,72035003.0
01AD012,72037491.0,,,72037491.0,72037491.0
01AD013,72037491.0,,,72037491.0,72037491.0
01AD014,72040234.0,,,,72040234.0
01AD015,72034808.0,,,72034808.0,72034808.0
01AE001,72040863.0,,72040863.0,72040863.0,72040863.0
01AF002,72040005.0,,,72040005.0,72040005.0
01AF003,72040465.0,,,72040465.0,72040465.0
01AF006,72044984.0,,,72044984.0,72044984.0
01AF007,72041746.0,,72041746.0,72041746.0,72041746.0
01AF008,72040005.0,,,72040005.0,72040005.0
01AF009,72040491.0,,72040491.0,72040491.0,72040491.0
01AF010,72040563.0,,,72040563.0,72040563.0
01AF011,72041641.0,,,72041641.0,72041641.0
01AG002,72042119.0,,,72042119.0,72042119.0
01AG003,72040253.0,,,72040253.0,72040253.0
01AH001,72040769.0,,,72040769.0,72040769.0
01AH002,72041002.0,,,72041002.0,72041002.0
01AH003,72040830.0,,,72040830.0,72040830.0
01AH004,72040717.0,,,72040717.0,72040717.0
01AH005,72042393.0,,,72042393.0,72042393.0
01AJ001,72039969.0,,,72039969.0,72039969.0
01AJ002,72046325.0,,,,72046325.0
01AJ003,72046739.0,,72046739.0,72046739.0,72046739.0
01AJ004,72041555.0,,72041555.0,72041555.0,72041555.0
01AJ005,72039959.0,,,,72039959.0
01AJ006,72043574.0,,,72043574.0,72043574.0
01AJ007,72043574.0,,,72043574.0,72043574.0
01AJ008,72039959.0,,,,72039959.0
01AJ009,72039963.0,,,72039963.0,72039963.0
01AJ010,72040216.0,,72040216.0,72040216.0,72040216.0
01AJ011,72042726.0,,,72042726.0,72042726.0
01AJ012,72039975.0,,,72039975.0,72039975.0
01AJ013,72042838.0,,,72042838.0,72042838.0
01AK001,72047734.0,,72047734.0,72047734.0,72047734.0
01AK002,72046312.0,,,72046298.0,72046312.0
01AK003,72046294.0,,,72046294.0,72046294.0
01AK004,72046298.0,,,72046298.0,72046298.0
01AK005,72050334.0,,,72050334.0,72050334.0
01AK006,72050334.0,,72050334.0,72050334.0,72050334.0
01AK007,72047702.0,,72047702.0,72047702.0,72047702.0
01AK008,72047347.0,,,72047347.0,72047347.0
01AK009,72046298.0,,,72046298.0,72046298.0
01AK010,72046298.0,,,72046298.0,72046298.0
01AL001,72046616.0,,,72046616.0,72046616.0
01AL002,72046658.0,,72046658.0,72046658.0,72046658.0
01AL003,72041796.0,,,72041796.0,72041796.0
01AL004,72041796.0,,72041796.0,72041796.0,72041796.0
01AL005,72046860.0,,,,72046860.0
01AL006,72046860.0,,,,72046860.0
01AL007,72041796.0,,,72041796.0,72041796.0
01AL008,72041174.0,,,72041174.0,72041174.0
01AM001,72047261.0,,72047261.0,72047261.0,72047261.0
01AN001,72042817.0,,,72042817.0,72042817.0
01AN002,72046809.0,,72046809.0,72046809.0,72046809.0
01AO001,72046290.0,,,72046290.0,72046290.0
01AO002,72046290.0,,,72046290.0,72046290.0
01AO003,72046550.0,,,72046550.0,72046550.0
01AO004,72046550.0,,,72046550.0,72046550.0
01AO009,72050333.0,,,72050333.0,72050333.0
01AO010,72047161.0,,,72047161.0,72047161.0
01AO011,72046288.0,,,72046289.0,72046288.0
01AO012,72046287.0,,,72046287.0,72046287.0
01AP001,72047146.0,,,72047146.0,72047146.0
01AP002,72046253.0,,72046253.0,72046253.0,72046253.0
01AP003,72046214.0,,,,72046214.0
01AP004,72047146.0,,72047146.0,72047146.0,72047146.0
01AP005,72046207.0,,,,72046207.0
01AP006,72047717.0,,72047717.0,72047717.0,72047717.0
01AP009,72049512.0,,,72049512.0,72049512.0
01AP010,72049598.0,,,72049598.0,72049598.0
01AQ001,73000830.0,,73000830.0,73000830.0,73000830.0
01AQ002,73000507.0,,,73000507.0,73000507.0
01AQ003,73000932.0,,,73000932.0,73000932.0
01AQ004,73000893.0,,,73000893.0,73000893.0
01AQ005,73000502.0,,,73000502.0,73000502.0
01AQ006,73001482.0,,,73001482.0,73001482.0
01AQ007,73000134.0,,,73000134.0,73000134.0
01AQ008,73000526.0,,,73000526.0,73000526.0
01AQ009,73000990.0,,,73000990.0,73000990.0
01AR001,73001562.0,,,73001562.0,73001562.0
01AR002,86030157.0,,,86030157.0,86030157.0
01AR003,73000447.0,,,,73000447.0
01AR004,73000454.0,,,73000454.0,73000454.0
01AR005,73000446.0,,,73000446.0,73000446.0
01AR006,73001562.0,,,73001562.0,73001562.0
01AR007,73001503.0,,,73001503.0,73001503.0
01AR008,73001503.0,,,73001503.0,73001503.0
01AR009,73000121.0,,,73000121.0,73000121.0
01AR010,73000454.0,,,73000454.0,73000454.0
01AR011,73000121.0,,,73000121.0,73000121.0
01AR012,86030283.0,,,86030283.0,86030283.0
01AR013,73000447.0,,,73000447.0,73000447.0
01AR014,73000444.0,,,73000444.0,73000444.0
01BA001,72034730.0,,,72034730.0,72034730.0
01BC001,72034728.0,,72034728.0,72034728.0,72034728.0
01BD001,72035288.0,,,72035288.0,72035288.0
01BD002,72035288.0,,,72035288.0,72035288.0
01BD004,72035823.0,,,72035823.0,72035823.0
01BD005,72035675.0,,,72035675.0,72035675.0
01BD008,72035823.0,,72035823.0,,72035823.0
01BD009,72035288.0,,,72035288.0,72035288.0
01BE001,72034794.0,,72034794.0,72034796.0,72034794.0
01BF001,72035481.0,,,72035481.0,72035481.0
01BF002,72035481.0,,,72035481.0,72035481.0
01BF003,72035643.0,,,72035643.0,72035643.0
01BF004,72035481.0,,,72035481.0,72035481.0
01BG001,72034776.0,,,72034776.0,72034776.0
01BG002,72034773.0,,,72034773.0,72034773.0
01BG003,72034855.0,,,72034855.0,72034855.0
01BG004,72034786.0,,,72034786.0,72034786.0
01BG005,72034840.0,,72034840.0,72034840.0,72034840.0
01BG006,86021061.0,,,86021061.0,86021061.0
01BG008,72034784.0,,72034784.0,72034784.0,72034784.0
01BG009,72034783.0,,72034783.0,72034783.0,72034783.0
01BG010,72034784.0,,,72034784.0,72034784.0
01BH001,72030828.0,,,72030828.0,72030828.0
01BH002,72030649.0,,,72030649.0,72030649.0
01BH003,72032302.0,,,72032302.0,72032302.0
01BH005,72030925.0,,,72030925.0,72030925.0
01BH007,72035592.0,,,72035592.0,72035592.0
01BH008,72029964.0,,,72029964.0,72029964.0
01BH009,72030649.0,,,72030649.0,72030649.0
01BH010,72030894.0,,72030894.0,72030894.0,72030894.0
01BH011,72030894.0,,,72030894.0,72030894.0
01BH012,72029964.0,,,72029964.0,72029964.0
01BJ001,72035770.0,,,72035770.0,72035770.0
01BJ002,72036372.0,,,72036372.0,72036372.0
01BJ003,72035842.0,,,72035842.0,72035842.0
01BJ004,72036372.0,,,72036372.0,72036372.0
01BJ006,72036315.0,,,72036315.0,72036315.0
01BJ007,72034703.0,,72034703.0,72034703.0,72034703.0
01BJ008,72037216.0,,,72037216.0,72037216.0
01BJ009,72037946.0,,,72037946.0,72037946.0
01BJ010,72035781.0,,72035781.0,72035781.0,72035781.0
01BJ011,72036786.0,,,72036786.0,72036786.0
01BJ012,72037904.0,,72037904.0,72037904.0,72037904.0
01BK001,72040373.0,,,72040373.0,72040373.0
01BK002,72040373.0,,,72040373.0,72040373.0
01BK003,72040373.0,,,72040373.0,72040373.0
01BK004,72034755.0,,,72035047.0,72034755.0
01BK005,72040593.0,,,72040593.0,72040593.0
01BK006,72040593.0,,,72040593.0,72040593.0
01BL001,72035027.0,,,86021891.0,72035027.0
01BL002,72036358.0,,,72036358.0,72036358.0
01BL003,72040458.0,,,72040458.0,72040458.0
01BO001,72040296.0,,72040296.0,72040296.0,72040296.0
01BO002,72041173.0,,,72041173.0,72041173.0
01BO003,72041288.0,,,72041288.0,72041288.0
01BO004,72041551.0,,,72041551.0,72041551.0
01BP001,72040947.0,,72040947.0,72040947.0,72040947.0
01BP002,72044316.0,,72044316.0,72044316.0,72044316.0
01BQ001,72040957.0,,72040957.0,72040957.0,72040957.0
01BQ002,72045335.0,,,72045335.0,72045335.0
01BQ003,72045335.0,,,72045335.0,72045335.0
01BQ006,72045253.0,,,72045253.0,72045253.0
01BQ007,72042200.0,,,72042200.0,72042200.0
01BR001,72041755.0,,,72041755.0,72041755.0
01BS001,72042331.0,,72042331.0,72042331.0,72042331.0
01BT001,72050519.0,,,72050519.0,72050519.0
01BU001,72047203.0,,,72047203.0,72047203.0
01BU002,72047379.0,,72047379.0,72047379.0,72047379.0
01BU003,72048032.0,,,72048032.0,72048032.0
01BU004,72050001.0,,,72050001.0,72050001.0
01BU005,72050002.0,,,72050002.0,72050002.0
01BU006,72050002.0,,,72050002.0,72050002.0
01BU007,72050002.0,,,72050002.0,72050002.0
01BU008,72050002.0,,,72050002.0,72050002.0
01BU009,72050055.0,,72050055.0,72050055.0,72050055.0
01BU013,72047170.0,,,72047170.0,72047170.0
01BU014,72047009.0,,,72047009.0,72047009.0
01BU015,72046981.0,,,,72046981.0
01BV001,72048217.0,,,72048217.0,72048217.0
01BV002,72048154.0,,,72048154.0,72048154.0
01BV003,72048154.0,,,72048154.0,72048154.0
01BV004,72048858.0,,,72048858.0,72048858.0
01BV005,72048954.0,,,72048954.0,72048954.0
01BV006,72049422.0,,,72049422.0,72049422.0
01BV007,72048154.0,,,72048154.0,72048154.0
01BV008,72047645.0,,,72047645.0,72047645.0
01BV009,86021149.0,,,86021149.0,86021149.0
01BV010,86021149.0,,,86021149.0,86021149.0
01CA001,72043969.0,,,72043969.0,72043969.0
01CA002,72043551.0,,,72043551.0,72043551.0
01CA003,72043969.0,,,72043969.0,72043969.0
01CA004,86020596.0,,,86020596.0,86020596.0
01CA005,72044277.0,,,72044277.0,72044277.0
01CB001,72042940.0,,,72042940.0,72042940.0
01CB002,72042940.0,,,72042940.0,72042940.0
01CB003,86020596.0,,,86020596.0,86020596.0
01CB004,72043082.0,,,72043082.0,72043082.0
01CB005,72042940.0,,,72042940.0,72042940.0
01CB006,72042940.0,,,72042940.0,72042940.0
01CB007,72042940.0,,,72042940.0,72042940.0
01CB008,72042940.0,,,72042940.0,72042940.0
01CB009,72042940.0,,,72042940.0,72042940.0
01CB010,72042940.0,,,72042940.0,72042940.0
01CB011,72042940.0,,,72042940.0,72042940.0
01CB012,72042940.0,,,72042940.0,72042940.0
01CB013,72042940.0,,,72042940.0,72042940.0
01CB014,72042940.0,,,72042940.0,72042940.0
01CB015,86020202.0,,,86020202.0,86020202.0
01CB018,86020596.0,,,86020596.0,86020596.0
01CC001,72042939.0,,,72042939.0,72042939.0
01CC002,72042891.0,,,72042891.0,72042891.0
01CC003,72042891.0,,,72042891.0,72042891.0
01CC004,86020202.0,,,86020202.0,86020202.0
01CC005,72046864.0,,,72046864.0,72046864.0
01CC006,72050779.0,,,72050779.0,72050779.0
01CC007,72042846.0,,,72042846.0,72042846.0
01CC008,72042782.0,,,72042782.0,72042782.0
01CC009,86020202.0,,,86020202.0,86020202.0
01CC010,72042891.0,,,72042891.0,72042891.0
01CC011,72042809.0,,,72042809.0,72042809.0
01CD001,72042334.0,,,72042334.0,72042334.0
01CD002,72042334.0,,,72042334.0,72042334.0
01CD003,72042334.0,,,72042334.0,72042334.0
01CD004,72042912.0,,,72042912.0,72042912.0
01CD005,86019776.0,,,86019776.0,86019776.0
01CE001,72050706.0,,,72050706.0,72050706.0
01CE002,72050534.0,,,72050534.0,72050534.0
01CE003,72050705.0,,,72050705.0,72050705.0
01CE004,72050705.0,,,72050705.0,72050705.0
01CE005,72050534.0,,,72050534.0,72050534.0
01CE006,72050775.0,,,72050775.0,72050775.0
01DA001,72052290.0,,,72052290.0,72052290.0
01DB001,72051855.0,,,72051855.0,72051855.0
01DB002,72052348.0,,,72052348.0,72052348.0
01DC001,72052495.0,,,72052495.0,72052495.0
01DC002,72051972.0,,,72051972.0,72051972.0
01DC003,72054448.0,,,72054614.0,72054448.0
01DC005,72051031.0,,,72051031.0,72051031.0
01DC006,72046453.0,,,72046453.0,72046453.0
01DC007,72051024.0,,,72051024.0,72051024.0
01DD001,72046706.0,,,72046706.0,72046706.0
01DD002,72048426.0,,,72048426.0,72048426.0
01DD003,72046706.0,,,72046706.0,72046706.0
01DD004,72048416.0,,,72048416.0,72048416.0
01DD005,72048559.0,,,72048559.0,72048559.0
01DE002,72052038.0,,,72052356.0,72052038.0
01DF001,72048060.0,,,72048060.0,72048060.0
01DG001,72047582.0,,,72047582.0,72047582.0
01DG002,72054543.0,,,72054543.0,72054543.0
01DG003,72054611.0,,72054611.0,72054611.0,72054611.0
01DG004,72054711.0,,,72054711.0,72054711.0
01DG006,72052247.0,,,72052247.0,72052247.0
01DG007,72052683.0,,,,72052683.0
01DG007&01DG041,,,,72052683.0,72052683.0
01DG017,72054469.0,,,72054469.0,72054469.0
01DG018,72048846.0,,,72048846.0,72048846.0
01DG019,72052091.0,,,72052091.0,72052091.0
01DG020,72054711.0,,,72054711.0,72054711.0
01DG021,72054711.0,,,72054711.0,72054711.0
01DG022,72054711.0,,,72054711.0,72054711.0
01DG023,72054711.0,,,72054711.0,72054711.0
01DG024,72054711.0,,,72054711.0,72054711.0
01DG025,72054711.0,,,72054711.0,72054711.0
01DG026,72054711.0,,,72054711.0,72054711.0
01DG027,72054711.0,,,72054711.0,72054711.0
01DG028,72054711.0,,,72054711.0,72054711.0
01DG029,72054711.0,,,72054711.0,72054711.0
01DG030,72054543.0,,,72054543.0,72054543.0
01DG031,72054711.0,,,72054711.0,72054711.0
01DG032,72054711.0,,,72054711.0,72054711.0
01DG033,72054711.0,,,72054711.0,72054711.0
01DG035,72052793.0,,,72052793.0,72052793.0
01DG041,72052793.0,,,,72052793.0
01DG043,72048517.0,,,72048517.0,72048517.0
01DH001,72047750.0,,,72047750.0,72047750.0
01DH002,72047538.0,,,72047538.0,72047538.0
01DH003,72048931.0,,,72048931.0,72048931.0
01DH004,72047994.0,,,72047994.0,72047994.0
01DH005,72047750.0,,,72047750.0,72047750.0
01DH006,72048854.0,,,72048854.0,72048854.0
01DJ001,72048321.0,,,72048321.0,72048321.0
01DJ003,72048283.0,,,72048283.0,72048283.0
01DJ004,72049218.0,,,72049218.0,72049218.0
01DJ005,72048321.0,,,72048321.0,72048321.0
01DL001,72049269.0,,,72049269.0,72049269.0
01DL002,72049355.0,,,72049355.0,72049355.0
01DN001,72047691.0,,,72047691.0,72047691.0
01DN002,72047691.0,,,72047691.0,72047691.0
01DN003,72047508.0,,,72047508.0,72047508.0
01DN004,72047637.0,,,72047637.0,72047637.0
01DN005,72048255.0,,,72048255.0,72048255.0
01DN006,72049403.0,,,72049403.0,72049403.0
01DN007,72048351.0,,,72048351.0,72048351.0
01DN008,72049345.0,,,72049345.0,72049345.0
01DO001,72047868.0,,,72047868.0,72047868.0
01DP001,72049026.0,,,72049026.0,72049026.0
01DP002,72048267.0,,,72048267.0,72048267.0
01DP003,72047313.0,,,72047313.0,72047313.0
01DP004,72049050.0,,72049050.0,72049050.0,72049050.0
01DQ001,72049336.0,,,72049336.0,72049336.0
01DR001,72047867.0,,72047867.0,72047867.0,72047867.0
01DR002,72049438.0,,,72049438.0,72049438.0
01DR003,72049591.0,,,72049591.0,72049591.0
01EA001,72051657.0,,,72051657.0,72051657.0
01EA002,72051988.0,,,72051657.0,72051988.0
01EA003,72051771.0,,,72051771.0,72051771.0
01EC001,72051729.0,,,72051729.0,72051729.0
01EC002,72052878.0,,,72052878.0,72052878.0
01ED001,72051639.0,,,72051639.0,72051639.0
01ED002,72051605.0,,,72051605.0,72051605.0
01ED003,72051605.0,,,72051605.0,72051605.0
01ED005,72051832.0,,,,72051832.0
01ED005&01ED006,,,,72051832.0,72051832.0
01ED006,72051832.0,,,,72051832.0
01ED007,72052096.0,,,72052096.0,72052096.0
01ED008,72053706.0,,,72053706.0,72053706.0
01ED009,72053951.0,,,72053951.0,72053951.0
01ED010,72053951.0,,,72053951.0,72053951.0
01ED011,72053951.0,,,72053951.0,72053951.0
01ED013,72051938.0,,,72051938.0,72051938.0
01EE001,72051654.0,,,72051654.0,72051654.0
01EE002,72052022.0,,,72052022.0,72052022.0
01EE003,72053373.0,,,72053373.0,72053373.0
01EE004,72052398.0,,,72052398.0,72052398.0
01EE005,72053913.0,,72053913.0,72053913.0,72053913.0
01EE006,72054039.0,,,72054039.0,72054039.0
01EE007,72053717.0,,,72053717.0,72053717.0
01EF001,72051848.0,,,72051848.0,72051848.0
01EF003,72051989.0,,,72051989.0,72051989.0
01EG001,72052250.0,,,72052250.0,72052250.0
01EG002,72052250.0,,,72052250.0,72052250.0
01EH001,72052236.0,,,72052236.0,72052236.0
01EH002,72052496.0,,,86020875.0,72052496.0
01EH003,72054322.0,,,72054322.0,72054322.0
01EH006,72054326.0,,,72054326.0,72054326.0
01EJ001,72054595.0,,,72054595.0,72054595.0
01EJ002,72054346.0,,,72054346.0,72054346.0
01EJ004,72054595.0,,,72054595.0,72054595.0
01EJ005,72054157.0,,,,72054157.0
01EJ005&01EJ006,,,,72054157.0,72054157.0
01EJ006,72054157.0,,,,72054157.0
01EK001,72051353.0,,,72051353.0,72051353.0
01EK002,72054509.0,,,72054509.0,72054509.0
01EK003,72051420.0,,,72051420.0,72051420.0
01EK004,72048034.0,,,72048034.0,72048034.0
01EM001,72051422.0,,,72051422.0,72051422.0
01EM002,72054735.0,,,72054735.0,72054735.0
01EN001,72047251.0,,,72047251.0,72047251.0
01EN002,72047251.0,,,72047251.0,72047251.0
01EN003,72054646.0,,,72054646.0,72054646.0
01EO001,72047019.0,,,72047019.0,72047019.0
01EO002,72048647.0,,,72048647.0,72048647.0
01EO003,72047583.0,,,72047583.0,72047583.0
01ER001,72049175.0,,,72049175.0,72049175.0
01ER002,72049237.0,,,72049237.0,72049237.0
01FA001,72047986.0,,,72047986.0,72047986.0
01FA002,72049450.0,,,72049450.0,72049450.0
01FA003,72049450.0,,,72049450.0,72049450.0
01FB001,72041533.0,,,72041533.0,72041533.0
01FB003,72047652.0,,,72047652.0,72047652.0
01FB004,72047877.0,,,72047877.0,72047877.0
01FB005,72047652.0,,,72047652.0,72047652.0
01FB006,72042797.0,,,72042797.0,72042797.0
01FC002,72041773.0,,,72041773.0,72041773.0
01FC003,72043773.0,,,,72043773.0
01FE002,72041908.0,,,72041908.0,72041908.0
01FF001,72046460.0,,,72046460.0,72046460.0
01FG001,72049971.0,,,72049971.0,72049971.0
01FH001,72049803.0,,,72049803.0,72049803.0
01FJ001,72047696.0,,,72047696.0,72047696.0
01FJ002,72050523.0,,,72050523.0,72050523.0
01FJ004,72050640.0,,,72050640.0,72050640.0
01FJ006,72042768.0,,,72042768.0,72042768.0
02AA001,72035311.0,,,,72035311.0
02AA002,72035740.0,,,72035740.0,72035740.0
02AB001,72034888.0,,,72034888.0,72034888.0
02AB002,72034427.0,,,72034427.0,72034427.0
02AB003,72034424.0,,,72034425.0,72034424.0
02AB004,72034955.0,,,72034955.0,72034955.0
02AB005,72034427.0,,,72034427.0,72034427.0
02AB006,72034425.0,,,72039408.0,72034425.0
02AB007,72034421.0,,,72034422.0,72034421.0
02AB008,72036265.0,,72036265.0,72036265.0,72036265.0
02AB009,72034427.0,,,72034427.0,72034427.0
02AB010,72034423.0,,,72039042.0,72034423.0
02AB011,72034431.0,,,72034431.0,72034431.0
02AB012,72036367.0,,,72039292.0,72036367.0
02AB013,72034438.0,,,72034438.0,72034438.0
02AB014,72039443.0,,72039443.0,72039443.0,72039443.0
02AB015,72034660.0,,,72034660.0,72034660.0
02AB016,72036164.0,,,72036164.0,72036164.0
02AB017,72036611.0,,72036611.0,72036611.0,72036611.0
02AB018,72039710.0,,,,72039710.0
02AB019,72039124.0,,,72039124.0,72039124.0
02AB020,72039330.0,,,72039125.0,72039330.0
02AB021,72034667.0,,72034667.0,72034667.0,72034667.0
02AB022,72039112.0,,,72039112.0,72039112.0
02AB023,72036038.0,,,72036038.0,72036038.0
02AB024,72039136.0,,,72039136.0,72039136.0
02AB025,72034418.0,,,72034419.0,72034418.0
02AB026,72034418.0,,,72034418.0,72034418.0
02AB027,72035673.0,,,72035673.0,72035673.0
02AC001,72030936.0,,72030936.0,72030936.0,72030936.0
02AC002,72030584.0,,72030584.0,72030584.0,72030584.0
02AD002,,,,72029764.0,72029764.0
02AD007,72029763.0,,,,72029763.0
02AD008,72029763.0,,,,72029763.0
02AD008&02AD007,,,,72029763.0,72029763.0
02AD009,71034212.0,,,72028518.0,71034212.0
02AD010,72030851.0,,72030851.0,72030851.0,72030851.0
02AD011,72030565.0,,,72030565.0,72030565.0
02AD012,72029762.0,,,72031697.0,72029762.0
02AE001,72030961.0,,72030961.0,72030961.0,72030961.0
02BA002,72035056.0,,,72035056.0,72035056.0
02BA003,72035055.0,,72035055.0,72035055.0,72035055.0
02BA004,72039710.0,,,,72039710.0
02BA005,72032282.0,,72032282.0,72032282.0,72032282.0
02BA006,72035056.0,,,72035056.0,72035056.0
02BB002,72034656.0,,,72034656.0,72034656.0
02BB003,72034959.0,,72035053.0,72035053.0,72034959.0
02BB004,72034969.0,,,72034969.0,72034969.0
02BC002,72034563.0,,,,72034563.0
02BC003,72034946.0,,,,72034946.0
02BC004,72034563.0,,,,72034563.0
02BC005,72035683.0,,,72035683.0,72035683.0
02BC006,72035683.0,,,72035683.0,72035683.0
02BC007,72034563.0,,,,72034563.0
02BC007&02BC003&02BC002&02BC004,,,,72034563.0,72034563.0
02BC008,72034544.0,,,72034544.0,72034544.0
02BD001,72035263.0,,,72035263.0,72035263.0
02BD002,72035159.0,,,72035168.0,72035159.0
02BD003,72035222.0,,,72035222.0,72035222.0
02BD004,72039710.0,,,,72039710.0
02BD005,72035653.0,,,72035653.0,72035653.0
02BD006,72038043.0,,,72038043.0,72038043.0
02BD007,72035222.0,,,72035222.0,72035222.0
02BE001,72039820.0,,,72039820.0,72039820.0
02BE002,72039820.0,,,72039820.0,72039820.0
02BF001,72040848.0,,72040848.0,72040848.0,72040848.0
02BF002,72041007.0,,72041007.0,72041007.0,72041007.0
02BF003,72043432.0,,,72043432.0,72043432.0
02BF004,72043410.0,,72043410.0,72043410.0,72043410.0
02BF005,72044865.0,,72044865.0,72044865.0,72044865.0
02BF006,72044865.0,,72044865.0,72044865.0,72044865.0
02BF007,72044865.0,,72044865.0,72044865.0,72044865.0
02BF008,72044865.0,,72044865.0,,72044865.0
02BF009,72044865.0,,72044865.0,72044865.0,72044865.0
02BF010,72039710.0,,,,72039710.0
02BF011,72039709.0,,,,72039709.0
02BF012,72044865.0,,72044865.0,72044865.0,72044865.0
02BF013,72044865.0,,72044865.0,72044865.0,72044865.0
02BF014,72040827.0,,,72040827.0,72040827.0
02CA001,72039709.0,,,,72039709.0
02CA002,72042549.0,,72042549.0,72042549.0,72042549.0
02CA003,72039708.0,,,,72039708.0
02CA004,72039708.0,,,,72039708.0
02CA005,72039709.0,,,,72039709.0
02CA006,72054933.0,,,,72054933.0
02CA007,72041558.0,,,72041558.0,72041558.0
02CB001,72040094.0,,,72040094.0,72040094.0
02CB002,72040738.0,,,72040738.0,72040738.0
02CB003,72040329.0,,72040329.0,72040329.0,72040329.0
02CC002,72040049.0,,,72040049.0,72040049.0
02CC003,72046281.0,,,72046281.0,72046281.0
02CC004,72046281.0,,,72046281.0,72046281.0
02CC005,72040837.0,,,72040837.0,72040837.0
02CC006,72040056.0,,,72040056.0,72040056.0
02CC007,72040056.0,,,72040056.0,72040056.0
02CC008,72046281.0,,,72046281.0,72046281.0
02CC009,72040049.0,,,72040049.0,72040049.0
02CC010,72041012.0,,,72041012.0,72041012.0
02CD001,72046622.0,,,72046622.0,72046622.0
02CD002,72043431.0,,,72043431.0,72043431.0
02CD003,72041517.0,,,72041517.0,72041517.0
02CD004,72041046.0,,,72041046.0,72041046.0
02CD005,72042699.0,,,72043430.0,72042699.0
02CD006,72041725.0,,,72041725.0,72041725.0
02CD007,72042961.0,,,72042961.0,72042961.0
02CD008,72042961.0,,,72042961.0,72042961.0
02CD009,72042961.0,,,72042961.0,72042961.0
02CE001,72046799.0,,,72040643.0,72046799.0
02CE002,72046805.0,,,72046805.0,72046805.0
02CE003,72046799.0,,,72040643.0,72046799.0
02CE004,72040650.0,,,72040650.0,72040650.0
02CE007,72043588.0,,,72043588.0,72043588.0
02CE103,72043588.0,,,72043588.0,72043588.0
02CF001,72040703.0,,,72040715.0,72040703.0
02CF002,72040675.0,,,72042853.0,72040675.0
02CF004,72040675.0,,,72040643.0,72040675.0
02CF005,72043488.0,,,72043488.0,72043488.0
02CF007,72041562.0,,72041562.0,72041562.0,72041562.0
02CF008,72042068.0,,72042068.0,72042068.0,72042068.0
02CF009,72043488.0,,,72043488.0,72043488.0
02CF010,72041024.0,,,72040828.0,72041024.0
02CF011,72041240.0,,72041240.0,72041240.0,72041240.0
02CF012,72041948.0,,,72041948.0,72041948.0
02CF013,72043775.0,,,72043775.0,72043775.0
02CF014,72041240.0,,,72041240.0,72041240.0
02CF100,72041240.0,,,72041240.0,72041240.0
02CG001,72047860.0,,,72047860.0,72047860.0
02CG002,72054933.0,,,,72054933.0
02CG003,72049458.0,,72049458.0,72049458.0,72049458.0
02CG004,72049670.0,,,72049670.0,72049670.0
02CG005,72049678.0,,,72049678.0,72049678.0
02CH001,72046130.0,,,72046130.0,72046130.0
02CH002,72046146.0,,,72046141.0,72046146.0
02DA001,72040749.0,,,72040749.0,72040749.0
02DA002,72040749.0,,,72040749.0,72040749.0
02DB001,72040718.0,,,,72040718.0
02DB001&02DB006,,,,72040718.0,72040718.0
02DB002,72040668.0,,,72040668.0,72040668.0
02DB003,72040685.0,,,72040685.0,72040685.0
02DB004,72043409.0,,,72043409.0,72043409.0
02DB005,72040672.0,,,72040672.0,72040672.0
02DB006,72040718.0,,,,72040718.0
02DB007,72043409.0,,72043409.0,72043409.0,72043409.0
02DB008,72046673.0,,,,72046673.0
02DC001,72040673.0,,,72040681.0,72040673.0
02DC002,72040673.0,,,72040681.0,72040673.0
02DC003,72040673.0,,,72040681.0,72040673.0
02DC004,72040746.0,,,72040780.0,72040746.0
02DC005,72041106.0,,,72040932.0,72041106.0
02DC006,72041232.0,,,72041232.0,72041232.0
02DC007,72041106.0,,,72044227.0,72041106.0
02DC008,72041106.0,,,72040959.0,72041106.0
02DC009,72041667.0,,,72041328.0,72041667.0
02DC010,72041203.0,,,72041106.0,72041203.0
02DC011,72040904.0,,,72040904.0,72040904.0
02DC012,72040927.0,,72040927.0,72040927.0,72040927.0
02DC013,72041917.0,,,72041917.0,72041917.0
02DD001,72047055.0,,,72047055.0,72047055.0
02DD002,72047267.0,,,72047267.0,72047267.0
02DD004,72046184.0,,,72046185.0,72046184.0
02DD005,72047055.0,,,72047055.0,72047055.0
02DD006,72046195.0,,,,72046195.0
02DD006&02DD017,,,,72046196.0,72046196.0
02DD007,72046195.0,,,,72046195.0
02DD007&02DD016,,,,72046196.0,72046196.0
02DD008,72043136.0,,,72043136.0,72043136.0
02DD009,72047525.0,,,72047525.0,72047525.0
02DD010,72046184.0,,,72046858.0,72046184.0
02DD012,72041155.0,,72041155.0,72041155.0,72041155.0
02DD013,72046841.0,,72046841.0,72046841.0,72046841.0
02DD014,72042864.0,,,72042864.0,72042864.0
02DD015,72049870.0,,72049870.0,72049870.0,72049870.0
02DD016,72046195.0,,,,72046195.0
02DD017,72046195.0,,,,72046195.0
02DD019,72050482.0,,,72050566.0,72050482.0
02DD020,72050482.0,,,72050566.0,72050482.0
02DD021,72046195.0,,,72046195.0,72046195.0
02DD022,72047149.0,,,72047149.0,72047149.0
02DD023,72047525.0,,,72047525.0,72047525.0
02DD024,72047619.0,,,72047619.0,72047619.0
02DD025,72046182.0,,,72046180.0,72046182.0
02DD026,72047491.0,,,72047491.0,72047491.0
02DD027,72046195.0,,,,72046195.0
02DD028,72047013.0,,,,72047013.0
02DD029,72046184.0,,,,72046184.0
02DD030,72046184.0,,,,72046184.0
02DD031,72046184.0,,,,72046184.0
02DD032,72046195.0,,,,72046195.0
02E901,,,,72037195.0,72037195.0
02EA001,72047354.0,,,72047354.0,72047354.0
02EA005,72047573.0,,72047573.0,72047573.0,72047573.0
02EA006,72047200.0,,,72047200.0,72047200.0
02EA007,72046899.0,,,72047672.0,72046899.0
02EA008,72046978.0,,,72046937.0,72046978.0
02EA009,72046920.0,,,72046920.0,72046920.0
02EA010,72048209.0,,72048209.0,72048209.0,72048209.0
02EA011,72046899.0,,,72047672.0,72046899.0
02EA012,72047445.0,,,72047445.0,72047445.0
02EA014,72054933.0,,,,72054933.0
02EA015,72047015.0,,,72047015.0,72047015.0
02EA016,72048260.0,,,72048260.0,72048260.0
02EA017,72046978.0,,,,72046978.0
02EA017&02EA019,,,,72046978.0,72046978.0
02EA018,72047283.0,,,72047283.0,72047283.0
02EA019,72046978.0,,,,72046978.0
02EA020,72049780.0,,,72049780.0,72049780.0
02EA021,72049377.0,,,72049377.0,72049377.0
02EB002,72046517.0,,,72046517.0,72046517.0
02EB003,72046517.0,,,72046517.0,72046517.0
02EB004,72047034.0,,,72047034.0,72047034.0
02EB005,72051157.0,,,,72051157.0
02EB005&02EB006&02EB018,,,,72051157.0,72051157.0
02EB006,72051157.0,,,,72051157.0
02EB007,72047007.0,,,72047007.0,72047007.0
02EB008,72047079.0,,,72047079.0,72047079.0
02EB009,72051157.0,,,72051157.0,72051157.0
02EB010,72051157.0,,,72051157.0,72051157.0
02EB011,72051157.0,,,72048461.0,72051157.0
02EB012,72051157.0,,,72051157.0,72051157.0
02EB013,72047288.0,,,72047288.0,72047288.0
02EB014,72047226.0,,72047226.0,72047226.0,72047226.0
02EB015,72051157.0,,,72051157.0,72051157.0
02EB016,72047118.0,,,72047118.0,72047118.0
02EB017,72047567.0,,,72047567.0,72047567.0
02EB018,72051157.0,,,,72051157.0
02EB019,72047079.0,,,72047079.0,72047079.0
02EB020,72047464.0,,,72047464.0,72047464.0
02EB021,72047034.0,,,72047034.0,72047034.0
02EB022,72048339.0,,,72048339.0,72048339.0
02EB023,72051157.0,,,72051157.0,72051157.0
02EB103,72048311.0,,,72048311.0,72048311.0
02EB104,72054776.0,,,72054776.0,72054776.0
02EB105,72048129.0,,,72048129.0,72048129.0
02EC001,72051267.0,,,72051280.0,72051267.0
02EC002,72051284.0,,72051294.0,72051294.0,72051284.0
02EC003,72051259.0,,,72051259.0,72051259.0
02EC004,72051634.0,,,72051634.0,72051634.0
02EC006,72051634.0,,,72051634.0,72051634.0
02EC007,72051634.0,,,,72051634.0
02EC007&02EC015,,,,72051634.0,72051634.0
02EC008,72052142.0,,,72052142.0,72052142.0
02EC009,72052396.0,,,72052396.0,72052396.0
02EC010,72053154.0,,72053154.0,72053154.0,72053154.0
02EC011,72051928.0,,72051928.0,72051928.0,72051928.0
02EC012,72052142.0,,,72052142.0,72052142.0
02EC014,72051267.0,,,72051280.0,72051267.0
02EC015,72051634.0,,,,72051634.0
02EC018,72052064.0,,72052064.0,72052064.0,72052064.0
02EC019,72051426.0,,,72051426.0,72051426.0
02EC020,72054030.0,,,72054030.0,72054030.0
02EC021,72053351.0,,,72053351.0,72053351.0
02EC022,72052046.0,,,72052046.0,72052046.0
02EC023,72051634.0,,,,72051634.0
02EC101,72053351.0,,,72053351.0,72053351.0
02EC103,72052064.0,,,72052064.0,72052064.0
02EC918,72051267.0,,,72051280.0,72051267.0
02ED001,72051816.0,,,72051816.0,72051816.0
02ED003,72051740.0,,72051740.0,72051740.0,72051740.0
02ED004,72052352.0,,,72052352.0,72052352.0
02ED005,72051891.0,,,72051891.0,72051891.0
02ED006,72053868.0,,,72053868.0,72053868.0
02ED007,72052534.0,,72052534.0,72052534.0,72052534.0
02ED008,72053868.0,,,72053868.0,72053868.0
02ED009,72053948.0,,,72053948.0,72053948.0
02ED010,72053948.0,,,72053948.0,72053948.0
02ED011,72052284.0,,,72052284.0,72052284.0
02ED012,72054933.0,,,,72054933.0
02ED013,72052492.0,,72052492.0,72052492.0,72052492.0
02ED014,72052515.0,,72052515.0,72052515.0,72052515.0
02ED015,72052095.0,,72052095.0,72052095.0,72052095.0
02ED016,72054185.0,,,72054185.0,72054185.0
02ED017,72054315.0,,72054315.0,72054315.0,72054315.0
02ED018,72054184.0,,,72054184.0,72054184.0
02ED019,72054466.0,,,72054466.0,72054466.0
02ED022,72051933.0,,,72051933.0,72051933.0
02ED023,72052119.0,,,72052119.0,72052119.0
02ED024,72052119.0,,72052119.0,72052119.0,72052119.0
02ED025,72054004.0,,,72054004.0,72054004.0
02ED026,72052405.0,,72052405.0,72052405.0,72052405.0
02ED027,72051614.0,,,72051614.0,72051614.0
02ED028,72054292.0,,,72054292.0,72054292.0
02ED029,72052115.0,,,72052115.0,72052115.0
02ED030,72054292.0,,,72054292.0,72054292.0
02ED031,72053887.0,,,72053887.0,72053887.0
02ED032,72052132.0,,,72052132.0,72052132.0
02ED033,72054933.0,,,,72054933.0
02ED100,72052769.0,,,72052769.0,72052769.0
02ED101,72051937.0,,72051937.0,72051937.0,72051937.0
02ED102,72051968.0,,72051968.0,72051968.0,72051968.0
02FA001,72051711.0,,,72051711.0,72051711.0
02FA002,72051442.0,,72051442.0,72051442.0,72051442.0
02FA003,72054933.0,,,,72054933.0
02FA004,72052065.0,,72052065.0,72052065.0,72052065.0
02FA005,72052186.0,,,72052186.0,72052186.0
02FB001,72052121.0,,,72052121.0,72052121.0
02FB003,72052121.0,,,72052121.0,72052121.0
02FB004,72052707.0,,,72052707.0,72052707.0
02FB005,72051999.0,,,72051999.0,72051999.0
02FB006,72053872.0,,,72053872.0,72053872.0
02FB007,72052462.0,,72052462.0,72052462.0,72052462.0
02FB008,72052230.0,,,72052230.0,72052230.0
02FB009,72051857.0,,,72051857.0,72051857.0
02FB010,72052372.0,,72052372.0,72052372.0,72052372.0
02FB012,72053872.0,,,72053872.0,72053872.0
02FB013,72052121.0,,,72052121.0,72052121.0
02FB014,72053924.0,,,72053924.0,72053924.0
02FC001,72051491.0,,,72051506.0,72051491.0
02FC002,72051598.0,,,72051598.0,72051598.0
02FC004,72052102.0,,,72052102.0,72052102.0
02FC005,72053712.0,,,72053712.0,72053712.0
02FC009,72053712.0,,,72053712.0,72053712.0
02FC011,72052314.0,,72052314.0,72052314.0,72052314.0
02FC012,72051801.0,,,72051801.0,72051801.0
02FC013,72052177.0,,,72052177.0,72052177.0
02FC014,72051751.0,,,72051751.0,72051751.0
02FC015,72051736.0,,,72051736.0,72051736.0
02FC016,72052131.0,,72052131.0,72052131.0,72052131.0
02FC017,72053415.0,,72053415.0,72053415.0,72053415.0
02FC018,72052177.0,,,72052177.0,72052177.0
02FC019,72053858.0,,,72053858.0,72053858.0
02FC020,72052489.0,,,72052489.0,72052489.0
02FC021,72053377.0,,,72053377.0,72053377.0
02FD001,72052241.0,,72052241.0,72052241.0,72052241.0
02FD002,72053164.0,,72053164.0,72053164.0,72053164.0
02FD003,72052361.0,,,72052361.0,72052361.0
02FE001,72055206.0,,,72050976.0,72055206.0
02FE002,72051324.0,,,72051324.0,72051324.0
02FE003,72057716.0,,,72057716.0,72057716.0
02FE004,72055240.0,,,72055240.0,72055240.0
02FE005,72051783.0,,,72051783.0,72051783.0
02FE007,72051941.0,,,72051941.0,72051941.0
02FE008,72051402.0,,72051402.0,72051402.0,72051402.0
02FE009,72055814.0,,72055814.0,72055814.0,72055814.0
02FE010,72056188.0,,,72056188.0,72056188.0
02FE011,72052364.0,,72052364.0,72052364.0,72052364.0
02FE012,72054933.0,,,,72054933.0
02FE013,72055915.0,,72055915.0,72055915.0,72055915.0
02FE014,72055242.0,,72055242.0,72055242.0,72055242.0
02FE015,72055206.0,,,72050976.0,72055206.0
02FE016,72056194.0,,,72056194.0,72056194.0
02FE017,72053030.0,,,72053030.0,72053030.0
02FE018,72053030.0,,,72053030.0,72053030.0
02FF001,72055514.0,,,72055514.0,72055514.0
02FF002,72055583.0,,,72055583.0,72055583.0
02FF003,72057171.0,,,72057171.0,72057171.0
02FF004,72057000.0,,72057000.0,72057000.0,72057000.0
02FF005,72057098.0,,,72057098.0,72057098.0
02FF006,72057150.0,,,72057150.0,72057150.0
02FF007,72055690.0,,72055690.0,72055690.0,72055690.0
02FF008,72057171.0,,72057171.0,72057171.0,72057171.0
02FF009,72057322.0,,,72057322.0,72057322.0
02FF010,72055514.0,,,72055514.0,72055514.0
02FF011,72057424.0,,,72057424.0,72057424.0
02FF012,72056237.0,,,72056237.0,72056237.0
02FF013,72056321.0,,,72056321.0,72056321.0
02FF014,72057326.0,,,72057326.0,72057326.0
02FF015,72057517.0,,,72057517.0,72057517.0
02FF016,72056321.0,,,72056321.0,72056321.0
02GA001,72055346.0,,,72055346.0,72055346.0
02GA002,72055129.0,,,72055129.0,72055129.0
02GA003,72055097.0,,,72055097.0,72055097.0
02GA004,72055097.0,,,72055097.0,72055097.0
02GA005,72055153.0,,,72055153.0,72055153.0
02GA006,72055282.0,,,72055282.0,72055282.0
02GA007,72055295.0,,,72055295.0,72055295.0
02GA008,72055270.0,,,72055270.0,72055270.0
02GA009,72057365.0,,,72057365.0,72057365.0
02GA010,72055428.0,,72055476.0,72055476.0,72055428.0
02GA011,72055277.0,,,72055277.0,72055277.0
02GA012,72055290.0,,,72055290.0,72055290.0
02GA013,72055269.0,,,72055269.0,72055269.0
02GA014,72051868.0,,,72051868.0,72051868.0
02GA015,72055277.0,,,72055277.0,72055277.0
02GA016,72055346.0,,,72055346.0,72055346.0
02GA017,72055355.0,,,72055355.0,72055355.0
02GA018,72055698.0,,72055698.0,72055698.0,72055698.0
02GA020,72055290.0,,,72055290.0,72055290.0
02GA022,72051868.0,,,72051868.0,72051868.0
02GA023,72056241.0,,,72056241.0,72056241.0
02GA024,72057389.0,,,72057389.0,72057389.0
02GA027,72055346.0,,,72055346.0,72055346.0
02GA028,72055305.0,,,72055305.0,72055305.0
02GA029,72055944.0,,,72055944.0,72055944.0
02GA030,72057300.0,,,72057300.0,72057300.0
02GA031,72057550.0,,,72057550.0,72057550.0
02GA033,72057650.0,,,72057650.0,72057650.0
02GA034,72055136.0,,,72055136.0,72055136.0
02GA035,72057595.0,,,72057595.0,72057595.0
02GA036,72057595.0,,,72057595.0,72057595.0
02GA037,72057336.0,,,72057336.0,72057336.0
02GA038,72055897.0,,72055897.0,72055897.0,72055897.0
02GA039,72052222.0,,,72052222.0,72052222.0
02GA040,72055295.0,,,72055295.0,72055295.0
02GA041,72052797.0,,72052797.0,72052797.0,72052797.0
02GA042,72055365.0,,,72055365.0,72055365.0
02GA043,72055698.0,,72055698.0,72055698.0,72055698.0
02GA044,72055698.0,,,72055698.0,72055698.0
02GA045,72055698.0,,,72055698.0,72055698.0
02GA046,72055698.0,,,72055698.0,72055698.0
02GA047,72055267.0,,,72055267.0,72055267.0
02GA048,72055112.0,,,72055112.0,72055112.0
02GA049,72056328.0,,,72056328.0,72056328.0
02GA050,72057549.0,,,72057549.0,72057549.0
02GB001,72055090.0,,,72055090.0,72055090.0
02GB002,72055074.0,,,72055074.0,72055074.0
02GB003,72055760.0,,,72055760.0,72055760.0
02GB004,72055866.0,,,72055866.0,72055866.0
02GB005,72055623.0,,,72055623.0,72055623.0
02GB006,72056282.0,,,72056282.0,72056282.0
02GB007,72055866.0,,72055866.0,72055866.0,72055866.0
02GB008,72055760.0,,,72055760.0,72055760.0
02GB009,72056969.0,,,72056969.0,72056969.0
02GB010,72056898.0,,,72056898.0,72056898.0
02GB011,72056898.0,,,72056898.0,72056898.0
02GC001,72055567.0,,,72055567.0,72055567.0
02GC002,72058086.0,,72058086.0,72056632.0,72058086.0
02GC004,72055591.0,,,72055591.0,72055591.0
02GC005,72056303.0,,,72056303.0,72056303.0
02GC006,72055693.0,,,72055693.0,72055693.0
02GC007,72055677.0,,,72055677.0,72055677.0
02GC008,72056106.0,,,72056106.0,72056106.0
02GC009,72056570.0,,,72056570.0,72056570.0
02GC010,72056848.0,,72055914.0,72055914.0,72056848.0
02GC011,72056848.0,,,72056848.0,72056848.0
02GC012,72056720.0,,,72056720.0,72056720.0
02GC013,72056253.0,,,72056253.0,72056253.0
02GC014,72056576.0,,,72056576.0,72056576.0
02GC015,72056651.0,,,72056651.0,72056651.0
02GC016,72056181.0,,,72056181.0,72056181.0
02GC017,72056841.0,,,72056841.0,72056841.0
02GC018,72055908.0,,72055908.0,72055908.0,72055908.0
02GC021,72056570.0,,72056570.0,72056570.0,72056570.0
02GC022,72056793.0,,,72056793.0,72056793.0
02GC023,72055503.0,,,72055503.0,72055503.0
02GC024,72058092.0,,,72058092.0,72058092.0
02GC025,72056181.0,,,72056181.0,72056181.0
02GC026,72055591.0,,,72055591.0,72055591.0
02GC027,72054889.0,,,,72054889.0
02GC028,72054889.0,,,,72054889.0
02GC029,72056000.0,,72056000.0,72056000.0,72056000.0
02GC030,72056292.0,,72056292.0,72056292.0,72056292.0
02GC031,72056632.0,,72056632.0,72056632.0,72056632.0
02GC032,72056681.0,,,72056681.0,72056681.0
02GC033,72056681.0,,,72056681.0,72056681.0
02GC034,72056793.0,,,72056793.0,72056793.0
02GC035,72056743.0,,,72056743.0,72056743.0
02GC036,72058092.0,,,72058092.0,72058092.0
02GC037,72056793.0,,,72056793.0,72056793.0
02GC038,72056570.0,,,72056570.0,72056570.0
02GD001,72055542.0,,,72055542.0,72055542.0
02GD003,72055558.0,,,72055558.0,72055558.0
02GD004,72055898.0,,72055898.0,72055898.0,72055898.0
02GD005,72055687.0,,,72055687.0,72055687.0
02GD006,72055670.0,,,72055670.0,72055670.0
02GD007,72055515.0,,,72055515.0,72055515.0
02GD008,72056019.0,,,72056019.0,72056019.0
02GD009,72056227.0,,,72056227.0,72056227.0
02GD010,72057225.0,,72057225.0,72057225.0,72057225.0
02GD011,72056902.0,,,72056902.0,72056902.0
02GD012,72055839.0,,,72055839.0,72055839.0
02GD013,72056976.0,,,72056976.0,72056976.0
02GD014,72055921.0,,,72055921.0,72055921.0
02GD015,72055604.0,,,72055604.0,72055604.0
02GD016,72055670.0,,,72055670.0,72055670.0
02GD018,72056210.0,,,72056210.0,72056210.0
02GD019,72057215.0,,72057215.0,72057215.0,72057215.0
02GD020,72056999.0,,,72056999.0,72056999.0
02GD021,72055990.0,,72055990.0,72055990.0,72055990.0
02GD022,72056985.0,,,72056985.0,72056985.0
02GD023,72057187.0,,,72057187.0,72057187.0
02GD024,72057104.0,,,72057104.0,72057104.0
02GD025,72057187.0,,,72057187.0,72057187.0
02GD026,72057274.0,,,72057274.0,72057274.0
02GD027,72056781.0,,,72056781.0,72056781.0
02GD028,72056886.0,,,72056886.0,72056886.0
02GE001,72055480.0,,,72055509.0,72055480.0
02GE002,72055509.0,,,72055509.0,72055509.0
02GE003,72055400.0,,,72056333.0,72055400.0
02GE004,72058046.0,,,72058046.0,72058046.0
02GE005,72056760.0,,,72056760.0,72056760.0
02GE006,72055407.0,,,72055407.0,72055407.0
02GE007,72058563.0,,72058563.0,72058563.0,72058563.0
02GE008,72056908.0,,,72056908.0,72056908.0
02GE009,72059228.0,,,72059228.0,72059228.0
02GF002,72054889.0,,,,72054889.0
02GG002,72055599.0,,72055599.0,72055599.0,72055599.0
02GG003,72055486.0,,72055511.0,72055511.0,72055486.0
02GG004,72055588.0,,,72055588.0,72055588.0
02GG005,72056032.0,,72056032.0,72056032.0,72056032.0
02GG006,72056882.0,,72056882.0,72056882.0,72056882.0
02GG007,72055486.0,,,72055486.0,72055486.0
02GG008,72055414.0,,,72055414.0,72055414.0
02GG009,72055588.0,,72055588.0,72055588.0,72055588.0
02GG010,72054933.0,,,,72054933.0
02GG011,72054927.0,,,,72054927.0
02GG013,72055988.0,,,72055988.0,72055988.0
02GG014,72054933.0,,,,72054933.0
02GH001,72059113.0,,,72059113.0,72059113.0
02GH002,72058531.0,,72058531.0,72058531.0,72058531.0
02GH003,72058424.0,,72058424.0,72058424.0,72058424.0
02GH004,72059296.0,,,72059271.0,72059296.0
02GH005,72057815.0,,,,72057815.0
02GH006,72057815.0,,,,72057815.0
02GH007,72057811.0,,,,72057811.0
02GH008,72057809.0,,,,72057809.0
02GH009,72054889.0,,,,72054889.0
02GH010,72054889.0,,,,72054889.0
02GH011,72058634.0,,,72058634.0,72058634.0
02GH015,72057813.0,,,,72057813.0
02GH016,72059296.0,,,72059296.0,72059296.0
02HA003,72054884.0,,,,72054884.0
02HA006,72055624.0,,72055624.0,72055624.0,72055624.0
02HA007,72055945.0,,,72055945.0,72055945.0
02HA008,72054889.0,,,,72054889.0
02HA013,72054889.0,,,,72054889.0
02HA014,72057059.0,,,72057059.0,72057059.0
02HA015,72056979.0,,,72056979.0,72056979.0
02HA016,72057015.0,,,72057015.0,72057015.0
02HA017,72054889.0,,,,72054889.0
02HA018,72050825.0,,,,72050825.0
02HA020,72057015.0,,72057015.0,72057015.0,72057015.0
02HA021,72056979.0,,,72056979.0,72056979.0
02HA022,72057100.0,,,72057100.0,72057100.0
02HA023,72057059.0,,,72057059.0,72057059.0
02HA024,72056838.0,,,72056838.0,72056838.0
02HA025,72055506.0,,,72055551.0,72055506.0
02HA026,72056778.0,,,72056778.0,72056778.0
02HA027,72056957.0,,,72056957.0,72056957.0
02HA028,72055661.0,,,72055661.0,72055661.0
02HA029,72056812.0,,,72056812.0,72056812.0
02HA030,72057068.0,,,72057211.0,72057068.0
02HA031,72056957.0,,,72056957.0,72056957.0
02HA032,72056937.0,,,72056937.0,72056937.0
02HB001,72052328.0,,,72052509.0,72052328.0
02HB002,72055268.0,,,72055268.0,72055268.0
02HB004,72056014.0,,,72056014.0,72056014.0
02HB005,72057450.0,,,72057450.0,72057450.0
02HB006,72057219.0,,,72057219.0,72057219.0
02HB007,72055947.0,,,72055947.0,72055947.0
02HB008,72056058.0,,,72056058.0,72056058.0
02HB010,72055947.0,,,72055947.0,72055947.0
02HB011,72055800.0,,,72055800.0,72055800.0
02HB012,72057219.0,,72057219.0,72057219.0,72057219.0
02HB013,72053033.0,,,72053033.0,72053033.0
02HB015,72057267.0,,,72057267.0,72057267.0
02HB016,72057307.0,,,72057383.0,72057307.0
02HB017,72050825.0,,,,72050825.0
02HB018,72055353.0,,,72055353.0,72055353.0
02HB019,72052766.0,,,72052766.0,72052766.0
02HB020,72052825.0,,,72052825.0,72052825.0
02HB021,72057126.0,,,72057126.0,72057126.0
02HB022,72057307.0,,72057383.0,72057383.0,72057307.0
02HB023,72055947.0,,72055947.0,72055947.0,72055947.0
02HB024,72057574.0,,,72057574.0,72057574.0
02HB025,72055291.0,,,72055291.0,72055291.0
02HB026,72055268.0,,,72055268.0,72055268.0
02HB027,72057321.0,,,72057321.0,72057321.0
02HB028,72057219.0,,,72057219.0,72057219.0
02HB029,72055271.0,,,72055271.0,72055271.0
02HB030,72057503.0,,,72057503.0,72057503.0
02HB031,72052825.0,,,72052825.0,72052825.0
02HB032,72057383.0,,,72057383.0,72057383.0
02HB033,72057383.0,,,72057383.0,72057383.0
02HB034,72057219.0,,,,72057219.0
02HC002,72055190.0,,,72055190.0,72055190.0
02HC003,72055137.0,,,72055137.0,72055137.0
02HC004,72055372.0,,,72055372.0,72055372.0
02HC005,72055154.0,,,72055154.0,72055154.0
02HC006,72055351.0,,,72055351.0,72055351.0
02HC007,72051951.0,,,72051951.0,72051951.0
02HC008,72055156.0,,,72055156.0,72055156.0
02HC009,72052069.0,,,72052069.0,72052069.0
02HC010,72052390.0,,,72052390.0,72052390.0
02HC011,72051746.0,,,72051746.0,72051746.0
02HC012,72052299.0,,,72052299.0,72052299.0
02HC013,72052687.0,,,72052687.0,72052687.0
02HC014,72052807.0,,,72052807.0,72052807.0
02HC015,72052519.0,,,72052519.0,72052519.0
02HC016,72052906.0,,,72052906.0,72052906.0
02HC017,72055243.0,,,72055243.0,72055243.0
02HC018,72052485.0,,,72052485.0,72052485.0
02HC019,72052775.0,,72052775.0,72052775.0,72052775.0
02HC022,72052519.0,,,72052519.0,72052519.0
02HC023,72052773.0,,72052773.0,72052773.0,72052773.0
02HC024,72055140.0,,,72055140.0,72055140.0
02HC025,72051951.0,,72051951.0,72051951.0,72051951.0
02HC026,72052552.0,,,72052552.0,72052552.0
02HC027,72057713.0,,,72057713.0,72057713.0
02HC028,72052807.0,,,72052807.0,72052807.0
02HC029,72055372.0,,,72055372.0,72055372.0
02HC030,72055190.0,,,72055190.0,72055190.0
02HC031,72055156.0,,,72055156.0,72055156.0
02HC032,72053057.0,,,72053057.0,72053057.0
02HC033,72057680.0,,,72057680.0,72057680.0
02HC034,72055156.0,,,72055156.0,72055156.0
02HC035,72053061.0,,,72053061.0,72053061.0
02HC036,72052807.0,,,72052807.0,72052807.0
02HC037,72052552.0,,,72052552.0,72052552.0
02HC038,72053132.0,,72053132.0,72053132.0,72053132.0
02HC039,72053061.0,,,72053061.0,72053061.0
02HC040,72053061.0,,,72053061.0,72053061.0
02HC041,72053132.0,,,72053132.0,72053132.0
02HC042,72052936.0,,,72052936.0,72052936.0
02HC043,72052936.0,,,72052936.0,72052936.0
02HC044,72052775.0,,,72052775.0,72052775.0
02HC045,72053081.0,,,72053081.0,72053081.0
02HC046,72053132.0,,,72053132.0,72053132.0
02HC047,72052299.0,,72052299.0,72052299.0,72052299.0
02HC048,72050825.0,,,,72050825.0
02HC049,72055351.0,,72055351.0,72055351.0,72055351.0
02HC050,72052967.0,,,72052967.0,72052967.0
02HC051,72052967.0,,,72052967.0,72052967.0
02HC053,72052807.0,,,72052807.0,72052807.0
02HC054,72053109.0,,,72053109.0,72053109.0
02HC055,72053054.0,,,72053054.0,72053054.0
02HC056,72052904.0,,,72052904.0,72052904.0
02HC057,72053067.0,,,72053067.0,72053067.0
02HC058,72052812.0,,,72052812.0,72052812.0
02HC059,72053067.0,,,72053067.0,72053067.0
02HC060,72052967.0,,,,72052967.0
02HC103,72052519.0,,,72052519.0,72052519.0
02HC104,72052807.0,,,72052807.0,72052807.0
02HC105,72052854.0,,,72052807.0,72052854.0
02HC106,72052552.0,,,72052552.0,72052552.0
02HC114,72052936.0,,,72052936.0,72052936.0
02HD001,72052141.0,,,72052141.0,72052141.0
02HD002,72052141.0,,,72052141.0,72052141.0
02HD003,72052441.0,,,72052441.0,72052441.0
02HD004,72053228.0,,,72053228.0,72053228.0
02HD006,72052681.0,,,72052681.0,72052681.0
02HD007,72053105.0,,,72053105.0,72053105.0
02HD008,72052697.0,,,72052697.0,72052697.0
02HD009,72053187.0,,72053187.0,72053187.0,72053187.0
02HD010,72055356.0,,,72055356.0,72055356.0
02HD012,72052141.0,,72052141.0,72052141.0,72052141.0
02HD013,72052986.0,,,72052986.0,72052986.0
02HD014,72053037.0,,,72053037.0,72053037.0
02HD015,72050825.0,,,,72050825.0
02HD018,72053211.0,,,72053211.0,72053211.0
02HD019,72055358.0,,,72055358.0,72055358.0
02HD020,72053236.0,,,72053236.0,72053236.0
02HD021,72053187.0,,,72053187.0,72053187.0
02HD022,72053150.0,,,72053150.0,72053150.0
02HD023,72053105.0,,,72053105.0,72053105.0
02HD024,72053125.0,,,72053125.0,72053125.0
02HE001,72053111.0,,,72053111.0,72053111.0
02HE002,72053224.0,,,72053216.0,72053224.0
02HE003,72053318.0,,,72053318.0,72053318.0
02HE004,72055362.0,,,72053059.0,72055362.0
02HF002,72051339.0,,,72051339.0,72051339.0
02HF003,72051121.0,,,72051121.0,72051121.0
02HF004,72054715.0,,,72054715.0,72054715.0
02HF005,72051124.0,,,,72051124.0
02HG001,72052301.0,,72052301.0,72052301.0,72052301.0
02HG002,72053270.0,,,72053270.0,72053270.0
02HG003,72053345.0,,,72053345.0,72053345.0
02HG006,72051982.0,,,,72051982.0
02HH001,72052446.0,,,72052446.0,72052446.0
02HH002,72052323.0,,,72052323.0,72052323.0
02HH003,72053342.0,,,72053342.0,72053342.0
02HH005,72052228.0,,,72053661.0,72052228.0
02HH006,72051117.0,,,,72051117.0
02HJ001,72052577.0,,72052577.0,72052577.0,72052577.0
02HJ002,72051096.0,,,72051096.0,72051096.0
02HJ003,72052136.0,,,72052136.0,72052136.0
02HJ005,72053383.0,,,72053383.0,72053383.0
02HJ006,72052577.0,,,72052577.0,72052577.0
02HJ007,72053366.0,,,72053366.0,72053366.0
02HJ009,72052506.0,,,72052506.0,72052506.0
02HJ010,72051094.0,,,72051094.0,72051094.0
02HJ011,72053989.0,,,,72053989.0
02HJ012,72052506.0,,,,72052506.0
02HK002,72051086.0,,,72051086.0,72051086.0
02HK003,72051254.0,,,72051254.0,72051254.0
02HK004,72051078.0,,,72051078.0,72051078.0
02HK005,72051323.0,,,72051323.0,72051323.0
02HK006,72051864.0,,,72051864.0,72051864.0
02HK007,72052635.0,,72052635.0,72052635.0,72052635.0
02HK008,72053843.0,,72053843.0,72053843.0,72053843.0
02HK009,72053382.0,,,72053382.0,72053382.0
02HK010,72051076.0,,,72051076.0,72051076.0
02HK011,72053332.0,,,72053332.0,72053332.0
02HK012,72051078.0,,,72051078.0,72051078.0
02HK014,72051076.0,,,72051076.0,72051076.0
02HK015,72053395.0,,,72053395.0,72053395.0
02HK016,72053637.0,,,72053637.0,72053637.0
02HK017,72052649.0,,,72052649.0,72052649.0
02HK018,72051078.0,,,,72051078.0
02HK019,72051078.0,,,,72051078.0
02HK802,72051086.0,,,72051086.0,72051086.0
02HK902,72051086.0,,,72051254.0,72051086.0
02HL001,72051564.0,,,72051564.0,72051564.0
02HL003,72051901.0,,72051901.0,72051901.0,72051901.0
02HL004,72051656.0,,72051656.0,72051656.0,72051656.0
02HL005,72051969.0,,72051969.0,72051969.0,72051969.0
02HL006,72052586.0,,,72052586.0,72052586.0
02HL007,72051623.0,,,72051623.0,72051623.0
02HL008,72052156.0,,,72052308.0,72052156.0
02HL101,72051623.0,,,72051623.0,72051623.0
02HL102,72052377.0,,,72052377.0,72052377.0
02HL103,72052586.0,,,72052586.0,72052586.0
02HL104,72051603.0,,,72051603.0,72051603.0
02HM001,72051974.0,,,72051974.0,72051974.0
02HM002,72054207.0,,,72054207.0,72054207.0
02HM003,72051581.0,,,72051581.0,72051581.0
02HM004,72053821.0,,72053821.0,72053821.0,72053821.0
02HM005,72052278.0,,72052278.0,72052278.0,72052278.0
02HM006,72053998.0,,,72053998.0,72053998.0
02HM007,72051974.0,,,72051974.0,72051974.0
02HM008,72050825.0,,,,72050825.0
02HM009,72053607.0,,,72053607.0,72053607.0
02HM010,72051763.0,,,72051763.0,72051763.0
02HM011,72053998.0,,,72053998.0,72053998.0
02JA001,72034364.0,,,72034362.0,72034364.0
02JA003,72034370.0,,,,72034370.0
02JA005,72034370.0,,,,72034370.0
02JA005&02JA003,,,,72034370.0,72034370.0
02JA006,72035304.0,,,,72035304.0
02JB001,72034319.0,,,72034319.0,72034319.0
02JB002,72034333.0,,,72034334.0,72034333.0
02JB003,72035346.0,,,72035346.0,72035346.0
02JB004,72035403.0,,,72035403.0,72035403.0
02JB005,72034340.0,,,72034340.0,72034340.0
02JB006,72034334.0,,,72034335.0,72034334.0
02JB008,72034319.0,,,72034319.0,72034319.0
02JB009,72034359.0,,,,72034359.0
02JB009&43003,,,,72034359.0,72034359.0
02JB010,72034319.0,,,72034319.0,72034319.0
02JB011,72034320.0,,,,72034320.0
02JB012,72034320.0,,,,72034320.0
02JB013,72035180.0,,72035180.0,72035180.0,72035180.0
02JB017,72034320.0,,,,72034320.0
02JB017&02JB012&02JB011&43004,,,,72034320.0,72034320.0
02JB021,72034318.0,,,72034318.0,72034318.0
02JB022,72034319.0,,,,72034319.0
02JB023,72034319.0,,,72034318.0,72034319.0
02JC001,72035391.0,,,72035391.0,72035391.0
02JC003,72035533.0,,,72035533.0,72035533.0
02JC007,72038225.0,,,72038225.0,72038225.0
02JC008,72035330.0,,72035330.0,72035330.0,72035330.0
02JC009,72035868.0,,,72035868.0,72035868.0
02JC010,72036205.0,,,72036205.0,72036205.0
02JD002,72034465.0,,,,72034465.0
02JD004,72034465.0,,,,72034465.0
02JD004&02JD002,,,,72034447.0,72034447.0
02JD005,72034485.0,,,72034485.0,72034485.0
02JD006,72034485.0,,,72034485.0,72034485.0
02JD008,72039844.0,,,72039844.0,72039844.0
02JD009,72034445.0,,,72034445.0,72034445.0
02JD010,72039844.0,,,72039784.0,72039844.0
02JD011,72040891.0,,,72040891.0,72040891.0
02JD012,72034521.0,,,72034521.0,72034521.0
02JD013,72039850.0,,,,72039850.0
02JD014,72039847.0,,,,72039847.0
02JD014&02JD013,,,,72039847.0,72039847.0
02JE001,72040693.0,,,72044821.0,72040693.0
02JE002,72040693.0,,,72040693.0,72040693.0
02JE003,72039770.0,,,,72039770.0
02JE005,72040693.0,,,72040693.0,72040693.0
02JE008,72040519.0,,,72040519.0,72040519.0
02JE011,72039776.0,,,72039777.0,72039776.0
02JE012,72039759.0,,,,72039759.0
02JE013,72039755.0,,,72039755.0,72039755.0
02JE014,72040371.0,,,72040385.0,72040371.0
02JE015,72040693.0,,,72044821.0,72040693.0
02JE016,72040693.0,,,,72040693.0
02JE017,72040693.0,,,72044706.0,72040693.0
02JE018,72045558.0,,,72045558.0,72045558.0
02JE019,72040483.0,,,72040483.0,72040483.0
02JE020,72040431.0,,,72040431.0,72040431.0
02JE021,72041128.0,,,72041128.0,72041128.0
02JE022,72040683.0,,,72040683.0,72040683.0
02JE023,72040898.0,,,72040776.0,72040898.0
02JE024,72039772.0,,,72039775.0,72039772.0
02JE025,72039772.0,,,72039775.0,72039772.0
02JE026,72039776.0,,,,72039776.0
02JE027,72047265.0,,,72047265.0,72047265.0
02JE028,72041543.0,,,72041543.0,72041543.0
02JE029,72040693.0,,,72040710.0,72040693.0
02JE030,72040693.0,,,,72040693.0
02JE031,72040683.0,,,72040683.0,72040683.0
02JE032,72039770.0,,,,72039770.0
02JE032&02JE012&02JE003,,,,72039759.0,72039759.0
02KA002,72046019.0,,,72046019.0,72046019.0
02KA003,72046010.0,,,72046010.0,72046010.0
02KA005,72046010.0,,,72046010.0,72046010.0
02KA009,72046010.0,,,72046010.0,72046010.0
02KA010,72046010.0,,,72046010.0,72046010.0
02KA011,72046802.0,,,72046802.0,72046802.0
02KA012,72041212.0,,,72041212.0,72041212.0
02KA013,72041212.0,,,72041337.0,72041212.0
02KA014,72041212.0,,,72041212.0,72041212.0
02KA015,72040522.0,,,72040522.0,72040522.0
02KB001,72046898.0,,,72046898.0,72046898.0
02KC001,72046961.0,,,72046961.0,72046961.0
02KC002,72047021.0,,,72047021.0,72047021.0
02KC003,72046911.0,,,72046911.0,72046911.0
02KC005,72046000.0,,,,72046000.0
02KC005&02KC013,,,,72045998.0,72045998.0
02KC009,72046911.0,,,72046911.0,72046911.0
02KC010,72047086.0,,,72047086.0,72047086.0
02KC011,72045993.0,,,72045993.0,72045993.0
02KC012,72045987.0,,,,72045987.0
02KC012&02KC016&02KF009,,,,72045985.0,72045985.0
02KC013,72046003.0,,,,72046003.0
02KC014,72047289.0,,,72047289.0,72047289.0
02KC015,72047351.0,,,72047362.0,72047351.0
02KC016,72045989.0,,,,72045989.0
02KC017,72045999.0,,,72047854.0,72045999.0
02KC018,72047289.0,,,72047289.0,72047289.0
02KD001,72047091.0,,,72047091.0,72047091.0
02KD002,72047166.0,,,72047166.0,72047166.0
02KD004,72046376.0,,,72046376.0,72046376.0
02KD006,72047271.0,,,72047271.0,72047271.0
02KD007,72047003.0,,,72047003.0,72047003.0
02KD008,72047207.0,,,72047207.0,72047207.0
02KD009,72046425.0,,,72046425.0,72046425.0
02KE002,72046335.0,,,,72046335.0
02KE003,72046339.0,,,72046339.0,72046339.0
02KE004,72046335.0,,,,72046335.0
02KE004&02KE002,,,,72046333.0,72046333.0
02KE005,72046335.0,,,72046335.0,72046335.0
02KF001,72046509.0,,,72046509.0,72046509.0
02KF002,72046471.0,,,72046471.0,72046471.0
02KF003,72051273.0,,,72051273.0,72051273.0
02KF004,72045983.0,,,72045983.0,72045983.0
02KF005,72045974.0,,,72045974.0,72045974.0
02KF006,72046480.0,,,72046488.0,72046480.0
02KF007,72051275.0,,,72051287.0,72051275.0
02KF009,72045985.0,,,,72045985.0
02KF010,72051418.0,,,72051418.0,72051418.0
02KF011,72047608.0,,,72047608.0,72047608.0
02KF012,72047556.0,,,72047556.0,72047556.0
02KF013,72047775.0,,,72047775.0,72047775.0
02KF014,72051997.0,,,72051997.0,72051997.0
02KF015,72048826.0,,,72048826.0,72048826.0
02KF016,72051361.0,,72051361.0,72051361.0,72051361.0
02KF017,72051385.0,,72051385.0,72051385.0,72051385.0
02KF018,72051997.0,,,72051997.0,72051997.0
02KF019,72051256.0,,,72051256.0,72051256.0
02KF020,72054476.0,,,72054476.0,72054476.0
02KG001,72046389.0,,,72046389.0,72046389.0
02KG003,72046678.0,,,72046678.0,72046678.0
02KG005,72046389.0,,,72046389.0,72046389.0
02KH001,72046248.0,,,72046248.0,72046248.0
02KH002,72046238.0,,,72046238.0,72046238.0
02KH003,72046248.0,,,72046248.0,72046248.0
02KH004,72040872.0,,,72040872.0,72040872.0
02KJ003,72040933.0,,,72040933.0,72040933.0
02KJ004,72040725.0,,,72040725.0,72040725.0
02LA001,72051725.0,,,72054428.0,72051725.0
02LA003,72045974.0,,,72045974.0,72045974.0
02LA004,72046481.0,,,72046481.0,72046481.0
02LA005,72051625.0,,,,72051625.0
02LA006,72046761.0,,,72046761.0,72046761.0
02LA007,72047191.0,,72047191.0,72047191.0,72047191.0
02LA008,72048826.0,,,72048826.0,72048826.0
02LA009,72051359.0,,,72051359.0,72051359.0
02LA010,72046514.0,,,72046514.0,72046514.0
02LA011,72051319.0,,,72051319.0,72051319.0
02LA012,72046487.0,,,72046487.0,72046487.0
02LA013,72046481.0,,,72046481.0,72046481.0
02LA014,72052008.0,,,,72052008.0
02LA014&02LA005,,,,72051625.0,72051625.0
02LA015,72045974.0,,,72045974.0,72045974.0
02LA016,72051672.0,,,72051672.0,72051672.0
02LA017,72052100.0,,,72052100.0,72052100.0
02LA018,72051319.0,,,72051319.0,72051319.0
02LA019,72045974.0,,,72045974.0,72045974.0
02LA024,72051693.0,,,72051693.0,72051693.0
02LA026,72047787.0,,,72047787.0,72047787.0
02LA027,72046481.0,,,72046481.0,72046481.0
02LA028,72045974.0,,,72045974.0,72045974.0
02LA029,72052100.0,,,,72052100.0
02LB001,72045953.0,,,72045951.0,72045953.0
02LB005,72046222.0,,,72046222.0,72046222.0
02LB006,72047474.0,,72047474.0,72047474.0,72047474.0
02LB007,72051053.0,,72051053.0,72051053.0,72051053.0
02LB008,72047278.0,,72047278.0,72047278.0,72047278.0
02LB009,72046263.0,,,72046271.0,72046263.0
02LB010,72045966.0,,,72045966.0,72045966.0
02LB012,72048897.0,,,72048965.0,72048897.0
02LB013,72046244.0,,,72046244.0,72046244.0
02LB014,72046244.0,,,72046244.0,72046244.0
02LB015,72046240.0,,,72046240.0,72046240.0
02LB016,72048130.0,,,72048130.0,72048130.0
02LB017,72046775.0,,72046775.0,72046775.0,72046775.0
02LB018,72047719.0,,,72047719.0,72047719.0
02LB019,72048865.0,,,72048865.0,72048865.0
02LB020,72048064.0,,72048064.0,72048064.0,72048064.0
02LB021,72046605.0,,,72046605.0,72046605.0
02LB022,72048619.0,,72048619.0,72048619.0,72048619.0
02LB024,72045950.0,,,72045950.0,72045950.0
02LB025,72045950.0,,,72045950.0,72045950.0
02LB026,72045950.0,,,72045950.0,72045950.0
02LB027,72046240.0,,,72047278.0,72046240.0
02LB028,72047704.0,,,72047704.0,72047704.0
02LB029,72046228.0,,,72046228.0,72046228.0
02LB030,72046235.0,,,72046235.0,72046235.0
02LB031,72046280.0,,,72046280.0,72046280.0
02LB032,72047275.0,,,72047275.0,72047275.0
02LB033,72049142.0,,,72045966.0,72049142.0
02LB035,72045950.0,,,,72045950.0
02LB035&43212&02OA107&02OA102&02OA021&02OA015,,,,72045942.0,72045942.0
02LB036,72049142.0,,,72049142.0,72049142.0
02LB101,72048842.0,,,72048912.0,72048842.0
02LC001,72047071.0,,,72047071.0,72047071.0
02LC002,72046531.0,,,72046531.0,72046531.0
02LC003,72047659.0,,,72047659.0,72047659.0
02LC004,72046803.0,,,72046803.0,72046803.0
02LC005,72047584.0,,,72047584.0,72047584.0
02LC006,72047515.0,,,72047515.0,72047515.0
02LC007,72040821.0,,,72040821.0,72040821.0
02LC008,72047259.0,,,72047259.0,72047259.0
02LC009,72050327.0,,,72050327.0,72050327.0
02LC010,72048110.0,,,72048110.0,72048110.0
02LC011,72050623.0,,,72050623.0,72050623.0
02LC012,72050446.0,,,72050446.0,72050446.0
02LC013,72050411.0,,,72050411.0,72050411.0
02LC014,72050529.0,,,,72050529.0
02LC015,72047941.0,,,72047941.0,72047941.0
02LC016,72050319.0,,,,72050319.0
02LC017,72050232.0,,,,72050232.0
02LC017&02LC039,,,,72050232.0,72050232.0
02LC019,72049684.0,,,72049684.0,72049684.0
02LC020,72046986.0,,,72046986.0,72046986.0
02LC021,72047832.0,,,72047832.0,72047832.0
02LC022,72046973.0,,,72046973.0,72046973.0
02LC023,72047659.0,,,72047659.0,72047659.0
02LC024,72048096.0,,,72048096.0,72048096.0
02LC025,72047822.0,,,72047822.0,72047822.0
02LC026,72049868.0,,,72049868.0,72049868.0
02LC027,72050643.0,,72050643.0,72050643.0,72050643.0
02LC028,72046554.0,,,72046554.0,72046554.0
02LC029,72046531.0,,,72046531.0,72046531.0
02LC031,72048238.0,,,,72048238.0
02LC032,72047446.0,,,72047446.0,72047446.0
02LC033,72048238.0,,,,72048238.0
02LC033&02LC031,,,,72048238.0,72048238.0
02LC034,72050004.0,,,72050004.0,72050004.0
02LC035,72050004.0,,,,72050004.0
02LC038,72047259.0,,,72047259.0,72047259.0
02LC039,72050232.0,,,,72050232.0
02LC040,72047259.0,,,72047259.0,72047259.0
02LC042,72047584.0,,,72047584.0,72047584.0
02LC043,72042997.0,,72042997.0,72042997.0,72042997.0
02LC062,72046752.0,,,,72046752.0
02LC064,72043336.0,,,72043336.0,72043336.0
02LC066,72041905.0,,,72041905.0,72041905.0
02LC067,72046817.0,,,72046817.0,72046817.0
02LC068,72047584.0,,,,72047584.0
02LC069,72049868.0,,,,72049868.0
02LC070,72048110.0,,,,72048110.0
02LC073,72046607.0,,,,72046607.0
02LD001,72046528.0,,,72046528.0,72046528.0
02LD002,72046565.0,,,72046565.0,72046565.0
02LD004,72046528.0,,,72046528.0,72046528.0
02LD005,72046536.0,,72046565.0,72046565.0,72046536.0
02LD006,72050023.0,,,72050023.0,72050023.0
02LD007,72046591.0,,,,72046591.0
02LD008,72046565.0,,,,72046565.0
02LD008&02LD007,,,,72046565.0,72046565.0
02LD011,72050005.0,,,72050005.0,72050005.0
02LD012,72046883.0,,,72046883.0,72046883.0
02LE001,72040156.0,,,72040156.0,72040156.0
02LE003,72040156.0,,,72040156.0,72040156.0
02LE006,72040885.0,,,72042236.0,72040885.0
02LE008,72040196.0,,,72040196.0,72040196.0
02LE011,72040155.0,,,,72040155.0
02LE011&02LF002,,,,72046422.0,72046422.0
02LE013,72040180.0,,,72040180.0,72040180.0
02LE014,72040196.0,,,,72040196.0
02LE015,72040196.0,,,,72040196.0
02LE017,72041181.0,,,,72041181.0
02LE018,72041181.0,,,72041181.0,72041181.0
02LE019,72040885.0,,,72040885.0,72040885.0
02LE020,72042281.0,,,,72042281.0
02LE021,72042281.0,,,72042281.0,72042281.0
02LE022,72042281.0,,,,72042281.0
02LE022&02LE020,,,,72042281.0,72042281.0
02LE023,72042281.0,,,,72042281.0
02LE024,72040164.0,,,72040164.0,72040164.0
02LE025,72041018.0,,,72041018.0,72041018.0
02LF001,72046378.0,,,72046378.0,72046378.0
02LF002,72046422.0,,,,72046422.0
02LF003,72046372.0,,,72046372.0,72046372.0
02LF004,72046417.0,,,72046417.0,72046417.0
02LF016,72046372.0,,,72046372.0,72046372.0
02LG002,72040314.0,,,72040379.0,72040314.0
02LG003,72040314.0,,,,72040314.0
02LG005,72039843.0,,72039843.0,72039843.0,72039843.0
02LG006,72039836.0,,,,72039836.0
02LG007,72039836.0,,,,72039836.0
02LG007&02LG006,,,,72039836.0,72039836.0
02LH001,72039830.0,,,72039830.0,72039830.0
02LH002,72040692.0,,,72040692.0,72040692.0
02LH003,72047442.0,,,72047442.0,72047442.0
02LH004,72047030.0,,,72047030.0,72047030.0
02LH006,72046051.0,,,72046051.0,72046051.0
02LH007,72046064.0,,,72046064.0,72046064.0
02LH008,72046066.0,,,72046066.0,72046066.0
02LH009,72046055.0,,,72046055.0,72046055.0
02LH011,72049614.0,,,72049614.0,72049614.0
02LH012,72049339.0,,,72049339.0,72049339.0
02LH013,72049339.0,,,72049339.0,72049339.0
02LH019,72040498.0,,,,72040498.0
02LH029,72040498.0,,,,72040498.0
02LH029&02LH019,,,,72046524.0,72046524.0
02LH030,72046048.0,,,72046048.0,72046048.0
02LH032,72047030.0,,,72047030.0,72047030.0
02LH033,72040709.0,,,72040709.0,72040709.0
02MA001,72052475.0,,,72052475.0,72052475.0
02MA002,72051927.0,,,72051927.0,72051927.0
02MA004,72051892.0,,,,72051892.0
02MA005,72051892.0,,,72051717.0,72051892.0
02MA006,72051645.0,,,72051645.0,72051645.0
02MA008,72051892.0,,,,72051892.0
02MA008&02MA004,,,,72051892.0,72051892.0
02MB003,72050815.0,,,72050816.0,72050815.0
02MB005,72050812.0,,,72050813.0,72050812.0
02MB006,72052703.0,,72052703.0,72052703.0,72052703.0
02MB007,72050815.0,,,72050816.0,72050815.0
02MB008,72050812.0,,,72050813.0,72050812.0
02MB009,72050812.0,,,72050813.0,72050812.0
02MB010,72054226.0,,,72054226.0,72054226.0
02MC001,72047350.0,,72047350.0,72047350.0,72047350.0
02MC002,72045865.0,,,72045866.0,72045865.0
02MC005,72045853.0,,,72048873.0,72045853.0
02MC007,72048490.0,,,72048490.0,72048490.0
02MC016,72045853.0,,,,72045853.0
02MC017,72045853.0,,,,72045853.0
02MC018,72045853.0,,,,72045853.0
02MC018&02MC017&02MC029,,,,72047031.0,72047031.0
02MC021,72045853.0,,,,72045853.0
02MC022,72045865.0,,,72045866.0,72045865.0
02MC023,72045862.0,,,,72045862.0
02MC023&02MC021&02MC016,,,,72045854.0,72045854.0
02MC026,72048686.0,,72048686.0,72048686.0,72048686.0
02MC027,72048342.0,,,72048342.0,72048342.0
02MC028,72048739.0,,72048739.0,72048739.0,72048739.0
02MC029,72045853.0,,,,72045853.0
02MC030,72048414.0,,,72048414.0,72048414.0
02MC036,72047616.0,,,72047616.0,72047616.0
02MC037,72048766.0,,,72048766.0,72048766.0
02NA001,72034637.0,,,72034637.0,72034637.0
02NA003,72034637.0,,,72034637.0,72034637.0
02NB001,72034716.0,,,72034716.0,72034716.0
02NB002,72034731.0,,,72034731.0,72034731.0
02NB003,72034758.0,,,72034758.0,72034758.0
02NB004,72035049.0,,,72035049.0,72035049.0
02NB005,72035000.0,,,72035000.0,72035000.0
02NB006,72034731.0,,,72034731.0,72034731.0
02NC001,72034608.0,,,72034605.0,72034608.0
02NC002,72034585.0,,,72034585.0,72034585.0
02NC003,72034582.0,,,72034582.0,72034582.0
02ND001,72034727.0,,,72034727.0,72034727.0
02ND002,72034727.0,,,72034727.0,72034727.0
02ND003,72034727.0,,,72034727.0,72034727.0
02NE001,72039913.0,,,,72039913.0
02NE002,72039912.0,,,,72039912.0
02NE002&02NE001,,,,72039912.0,72039912.0
02NE003,72034577.0,,,72034579.0,72034577.0
02NE007,72040558.0,,,72040558.0,72040558.0
02NE009,72040448.0,,,72040448.0,72040448.0
02NE011,72035302.0,,72035302.0,72035302.0,72035302.0
02NF001,72040666.0,,,72040666.0,72040666.0
02NF002,72040807.0,,,72040807.0,72040807.0
02NF003,72040974.0,,72040974.0,72040974.0,72040974.0
02NF004,72041072.0,,,72041072.0,72041072.0
02NF005,72040807.0,,,72040807.0,72040807.0
02NG001,72039891.0,,,72039891.0,72039891.0
02NG002,72041095.0,,,72041172.0,72041095.0
02NG004,72039897.0,,,72039897.0,72039897.0
02NG005,72039889.0,,,72039889.0,72039889.0
02NG006,72039891.0,,,72039892.0,72039891.0
02NG009,72041409.0,,,72041409.0,72041409.0
02NG012,72041095.0,,,72041172.0,72041095.0
02NG014,72043578.0,,,72043578.0,72043578.0
02NG017,72043820.0,,,,72043820.0
02NG019,72043820.0,,,,72043820.0
02NG019&02NG017,,,,72043820.0,72043820.0
02OA001,72046542.0,,,72046542.0,72046542.0
02OA002,72045942.0,,,72049259.0,72045942.0
02OA003,72045942.0,,,72047905.0,72045942.0
02OA004,72045942.0,,,72049254.0,72045942.0
02OA006,72045942.0,,,72049353.0,72045942.0
02OA012,72046542.0,,,72046542.0,72046542.0
02OA013,72045942.0,,,72045942.0,72045942.0
02OA015,72045942.0,,,,72045942.0
02OA016,72045846.0,,,72045847.0,72045846.0
02OA017,72045847.0,,,72045848.0,72045847.0
02OA018,72045942.0,,,72049254.0,72045942.0
02OA019,72045942.0,,,72049254.0,72045942.0
02OA020,72045942.0,,,72047749.0,72045942.0
02OA021,72045942.0,,,,72045942.0
02OA025,72049505.0,,,72049505.0,72049505.0
02OA026,72049505.0,,,72049505.0,72049505.0
02OA028,72049505.0,,,72049505.0,72049505.0
02OA030,72049684.0,,,72049604.0,72049684.0
02OA031,72049459.0,,,72049459.0,72049459.0
02OA032,72049465.0,,,72049459.0,72049465.0
02OA033,72045942.0,,,72045942.0,72045942.0
02OA034,72046546.0,,,72046546.0,72046546.0
02OA035,72045942.0,,,72047487.0,72045942.0
02OA036,72045942.0,,,72049209.0,72045942.0
02OA038,72045942.0,,,72048261.0,72045942.0
02OA039,72045846.0,,,72045847.0,72045846.0
02OA040,72045847.0,,,72045848.0,72045847.0
02OA041,72045842.0,,,,72045842.0
02OA043,72045846.0,,,,72045846.0
02OA044,72045842.0,,,72049112.0,72045842.0
02OA045,72045842.0,,,,72045842.0
02OA045&02OA043&02OA041,,,,72045842.0,72045842.0
02OA046,72045842.0,,,72045842.0,72045842.0
02OA047,72045841.0,,,72045842.0,72045841.0
02OA048,72045841.0,,,72045842.0,72045841.0
02OA049,72045841.0,,,72045842.0,72045841.0
02OA050,72045840.0,,,72045841.0,72045840.0
02OA054,72046542.0,,,72046542.0,72046542.0
02OA055,72048087.0,,,72048087.0,72048087.0
02OA056,72048087.0,,,72048087.0,72048087.0
02OA057,72046621.0,,72046621.0,72046621.0,72046621.0
02OA059,72046621.0,,,72046621.0,72046621.0
02OA060,72047804.0,,,72047804.0,72047804.0
02OA061,72047804.0,,,72047804.0,72047804.0
02OA062,72046687.0,,,72046687.0,72046687.0
02OA065,72045942.0,,,72047487.0,72045942.0
02OA069,72045942.0,,,72049135.0,72045942.0
02OA072,72045942.0,,,72047795.0,72045942.0
02OA075,72045942.0,,,72048261.0,72045942.0
02OA076,72045942.0,,,72047749.0,72045942.0
02OA078,72049505.0,,,72049505.0,72049505.0
02OA079,72048329.0,,,72048329.0,72048329.0
02OA080,72047828.0,,,72047828.0,72047828.0
02OA081,72047828.0,,,72047828.0,72047828.0
02OA082,72047514.0,,,72047514.0,72047514.0
02OA083,72047514.0,,,72047514.0,72047514.0
02OA085,72048087.0,,,72048087.0,72048087.0
02OA087,72046764.0,,,72046764.0,72046764.0
02OA088,72045942.0,,,72047905.0,72045942.0
02OA090,72048978.0,,,72048978.0,72048978.0
02OA091,72048980.0,,,72048980.0,72048980.0
02OA092,72047828.0,,,72047828.0,72047828.0
02OA094,72045942.0,,,72047487.0,72045942.0
02OA095,72045942.0,,,72047487.0,72045942.0
02OA096,72045840.0,,,72045841.0,72045840.0
02OA102,72045942.0,,,,72045942.0
02OA105,72045942.0,,,,72045942.0
02OA107,72045942.0,,,,72045942.0
02OA108,72046642.0,,,72046642.0,72046642.0
02OA109,72047828.0,,,,72047828.0
02OA110,72048449.0,,,,72048449.0
02OA111,72046648.0,,,,72046648.0
02OB001,72041355.0,,,72041355.0,72041355.0
02OB002,72046631.0,,,72046631.0,72046631.0
02OB003,72046317.0,,,72046317.0,72046317.0
02OB004,72046296.0,,,72046299.0,72046296.0
02OB006,72046299.0,,,72046299.0,72046299.0
02OB007,72046631.0,,,72046631.0,72046631.0
02OB008,72046631.0,,,72046631.0,72046631.0
02OB009,72045839.0,,,72045840.0,72045839.0
02OB010,72045837.0,,,72045838.0,72045837.0
02OB011,72045837.0,,,72045838.0,72045837.0
02OB012,72050225.0,,,,72050225.0
02OB013,72050225.0,,,,72050225.0
02OB014,72050225.0,,,,72050225.0
02OB014&02OB013&02OB012,,,,72050225.0,72050225.0
02OB016,72046317.0,,,72046317.0,72046317.0
02OB017,72046317.0,,,72046317.0,72046317.0
02OB018,72050225.0,,,72050225.0,72050225.0
02OB019,72041961.0,,,72041961.0,72041961.0
02OB020,72050515.0,,,72050515.0,72050515.0
02OB028,72041961.0,,,72041961.0,72041961.0
02OB032,72042166.0,,72042166.0,72042166.0,72042166.0
02OB033,72047624.0,,,72047624.0,72047624.0
02OB034,72047377.0,,,72047377.0,72047377.0
02OB035,72050181.0,,,72050181.0,72050181.0
02OB036,72049988.0,,,72049988.0,72049988.0
02OB037,72047180.0,,72047180.0,72047180.0,72047180.0
02OB038,72050358.0,,,72050358.0,72050358.0
02OB039,72050097.0,,,72050097.0,72050097.0
02OB040,72050097.0,,,72050097.0,72050097.0
02OB045,72050225.0,,,,72050225.0
02OB046,72047935.0,,,,72047935.0
02OC001,72040991.0,,,72040991.0,72040991.0
02OC002,72046806.0,,,72046806.0,72046806.0
02OC003,72039703.0,,,,72039703.0
02OC004,72041206.0,,,72041310.0,72041206.0
02OC005,72040991.0,,,72040991.0,72040991.0
02OC006,72041065.0,,,72041065.0,72041065.0
02OC007,72041135.0,,,72041135.0,72041135.0
02OC009,72043380.0,,,,72043380.0
02OC010,72043380.0,,,,72043380.0
02OC011,72043380.0,,,,72043380.0
02OC011&02OC010&02OC009,,,,72043380.0,72043380.0
02OC016,72039703.0,,,,72039703.0
02OC016&02OC003,,,,72039704.0,72039704.0
02OC019,72046804.0,,,72046804.0,72046804.0
02OC021,72041929.0,,,,72041929.0
02OD001,72047544.0,,,72047544.0,72047544.0
02OD003,72047032.0,,72047032.0,72047032.0,72047032.0
02OD004,72046932.0,,,72046932.0,72046932.0
02OD008,72047544.0,,,72047544.0,72047544.0
02OD009,72047248.0,,,,72047248.0
02OD010,72047248.0,,,72047248.0,72047248.0
02OD011,72047693.0,,,72047693.0,72047693.0
02OD012,72047248.0,,,72047248.0,72047248.0
02OD013,72050487.0,,,72050487.0,72050487.0
02OD014,72050487.0,,,72050487.0,72050487.0
02OD015,72049909.0,,,72049909.0,72049909.0
02OD017,72049657.0,,,72049657.0,72049657.0
02OD018,72047835.0,,,72047835.0,72047835.0
02OD019,72050056.0,,,72050056.0,72050056.0
02OE001,72047258.0,,,72047258.0,72047258.0
02OE003,72046980.0,,,72046987.0,72046980.0
02OE004,72046931.0,,,72046931.0,72046931.0
02OE005,72046383.0,,,72046386.0,72046383.0
02OE006,72046575.0,,,72046575.0,72046575.0
02OE007,72046970.0,,,72046970.0,72046970.0
02OE009,72046441.0,,,72046441.0,72046441.0
02OE010,72046441.0,,,72046441.0,72046441.0
02OE011,72047940.0,,,72047940.0,72047940.0
02OE012,72046619.0,,,72046619.0,72046619.0
02OE013,72047440.0,,,72047440.0,72047440.0
02OE015,72048583.0,,,72048583.0,72048583.0
02OE016,72047205.0,,,72047205.0,72047205.0
02OE017,72047041.0,,,72047041.0,72047041.0
02OE018,73000844.0,,,,73000844.0
02OE019,72046566.0,,,72046566.0,72046566.0
02OE021,72047984.0,,,72047984.0,72047984.0
02OE022,72046406.0,,,72046406.0,72046406.0
02OE024,72047258.0,,,,72047258.0
02OE025,72047098.0,,,,72047098.0
02OE026,72047440.0,,,,72047440.0
02OE027,72047440.0,,72047440.0,72047440.0,72047440.0
02OE028,72047453.0,,,72047453.0,72047453.0
02OE031,72047920.0,,,72047920.0,72047920.0
02OE032,72047249.0,,,72047249.0,72047249.0
02OE033,72047880.0,,,72047880.0,72047880.0
02OE034,72048791.0,,,72048791.0,72048791.0
02OE035,72047700.0,,,72047700.0,72047700.0
02OE036,72047707.0,,,72047707.0,72047707.0
02OE037,72048232.0,,,72048232.0,72048232.0
02OE038,72048232.0,,,72048232.0,72048232.0
02OE040,72046406.0,,,72046406.0,72046406.0
02OE042,72047984.0,,,72047984.0,72047984.0
02OE043,72046388.0,,,72046388.0,72046388.0
02OE045,72046566.0,,,72046566.0,72046566.0
02OE050,72047440.0,,,72047440.0,72047440.0
02OE051,72048723.0,,,72048723.0,72048723.0
02OE054,72046702.0,,,72046702.0,72046702.0
02OE059,72046575.0,,,72046575.0,72046575.0
02OE060,72046619.0,,,72046619.0,72046619.0
02OE061,72049775.0,,,72049775.0,72049775.0
02OE062,72047041.0,,,72047041.0,72047041.0
02OE066,72047056.0,,,72047056.0,72047056.0
02OE067,72049148.0,,,72049148.0,72049148.0
02OE070,72047098.0,,,,72047098.0
02OE071,72047098.0,,,72047098.0,72047098.0
02OE072,72047098.0,,,,72047098.0
02OE072&02OE025,,,,72047098.0,72047098.0
02OE073,72048419.0,,,72048419.0,72048419.0
02OF001,72046358.0,,,72046358.0,72046358.0
02OF002,72046344.0,,,72046344.0,72046344.0
02OF003,72047424.0,,,72047424.0,72047424.0
02OF004,72046366.0,,,72046366.0,72046366.0
02OF006,72047521.0,,,72047521.0,72047521.0
02OF008,72047521.0,,,72047521.0,72047521.0
02OF009,72046377.0,,,72046377.0,72046377.0
02OF010,72046377.0,,,72046377.0,72046377.0
02OF014,72046341.0,,,72046341.0,72046341.0
02OF015,72049009.0,,,,72049009.0
02OF019,72046344.0,,,72046344.0,72046344.0
02OF020,72047511.0,,,72047511.0,72047511.0
02OF021,72049088.0,,,72049088.0,72049088.0
02OF023,72049009.0,,,,72049009.0
02OF027,72049386.0,,,72049386.0,72049386.0
02OF028,72049088.0,,,72049088.0,72049088.0
02OF029,72047511.0,,,72047511.0,72047511.0
02OG001,72047899.0,,,,72047899.0
02OG002,72047133.0,,,72047133.0,72047133.0
02OG005,72046976.0,,,72046976.0,72046976.0
02OG006,72047537.0,,,72047537.0,72047537.0
02OG007,72048876.0,,,72048876.0,72048876.0
02OG009,72048876.0,,,72048876.0,72048876.0
02OG010,72046963.0,,,72046963.0,72046963.0
02OG011,72048876.0,,,72048876.0,72048876.0
02OG012,72048876.0,,,72048876.0,72048876.0
02OG014,72047902.0,,,72047902.0,72047902.0
02OG016,72048812.0,,,72048812.0,72048812.0
02OG017,72047836.0,,,72047836.0,72047836.0
02OG018,72047172.0,,,72047172.0,72047172.0
02OG019,72047029.0,,,72047029.0,72047029.0
02OG020,72049496.0,,,72049496.0,72049496.0
02OG021,72047899.0,,,,72047899.0
02OG022,72047899.0,,,,72047899.0
02OG023,72047899.0,,,,72047899.0
02OG024,72047899.0,,,,72047899.0
02OG024&02OG023&02OG022&02OG021&02OG001,,,,72047899.0,72047899.0
02OG026,72047492.0,,72047492.0,72047492.0,72047492.0
02OG030,72048988.0,,,72048988.0,72048988.0
02OG031,72048847.0,,,72048847.0,72048847.0
02OG032,72049356.0,,,72049356.0,72049356.0
02OG033,72049356.0,,,72047260.0,72049356.0
02OG034,72049356.0,,,72049356.0,72049356.0
02OG035,72050204.0,,,72050204.0,72050204.0
02OG036,72048246.0,,,72049864.0,72048246.0
02OG037,72049082.0,,,72049082.0,72049082.0
02OG038,72048876.0,,,,72048876.0
02OG039,72047463.0,,,72047463.0,72047463.0
02OG040,72047902.0,,,72047902.0,72047902.0
02OG041,72047260.0,,,72047260.0,72047260.0
02OG042,72047537.0,,,72047537.0,72047537.0
02OG043,72046976.0,,,72046976.0,72046976.0
02OG044,72048876.0,,,,72048876.0
02OG045,72048876.0,,,,72048876.0
02OG045&02OG044&02OG038,,,,72048876.0,72048876.0
02OG046,72047829.0,,,72047829.0,72047829.0
02OG047,72046963.0,,,72046963.0,72046963.0
02OG048,72047260.0,,,72047260.0,72047260.0
02OH001,72046279.0,,,,72046279.0
02OH004,72048864.0,,,,72048864.0
02OH006,72048864.0,,,,72048864.0
02OH006&02OH004,,,,72048864.0,72048864.0
02OH007,72046612.0,,,72046612.0,72046612.0
02OH008,72046612.0,,,72046612.0,72046612.0
02OH009,72048864.0,,,72048864.0,72048864.0
02OH011,72046569.0,,,72046569.0,72046569.0
02OH012,72048691.0,,,72048691.0,72048691.0
02OH013,72046588.0,,,,72046588.0
02OH014,72051208.0,,,,72051208.0
02OH015,72048531.0,,,,72048531.0
02OJ001,72046251.0,,,72046251.0,72046251.0
02OJ003,72046226.0,,,72046226.0,72046226.0
02OJ006,72046279.0,,,72046279.0,72046279.0
02OJ007,72046250.0,,,72046250.0,72046250.0
02OJ012,72046250.0,,,72046250.0,72046250.0
02OJ013,72046250.0,,,,72046250.0
02OJ016,72046256.0,,,72046256.0,72046256.0
02OJ018,72046226.0,,,72046226.0,72046226.0
02OJ020,72045839.0,,,72045840.0,72045839.0
02OJ021,72045837.0,,,72045838.0,72045837.0
02OJ022,72045834.0,,,72045835.0,72045834.0
02OJ023,72047874.0,,,72047874.0,72047874.0
02OJ024,72047874.0,,72047874.0,72047874.0,72047874.0
02OJ026,72047252.0,,72047252.0,72047252.0,72047252.0
02OJ027,72045837.0,,,72045838.0,72045837.0
02OJ031,72046241.0,,,72046241.0,72046241.0
02OJ032,72045834.0,,,72045835.0,72045834.0
02OJ033,72045835.0,,,72045836.0,72045835.0
02OJ034,72045839.0,,,72049796.0,72045839.0
02PA001,72040273.0,,,72040273.0,72040273.0
02PA002,72041351.0,,,72041351.0,72041351.0
02PA003,72040240.0,,,72040250.0,72040240.0
02PA005,72039695.0,,,72039696.0,72039695.0
02PA006,72040317.0,,,72040317.0,72040317.0
02PA007,72040250.0,,72040254.0,72040254.0,72040250.0
02PA009,72044488.0,,,72044488.0,72044488.0
02PB001,72040880.0,,,72040880.0,72040880.0
02PB002,72040880.0,,,72040880.0,72040880.0
02PB003,72041169.0,,,72041169.0,72041169.0
02PB004,72041037.0,,,72041037.0,72041037.0
02PB005,72041169.0,,,72041169.0,72041169.0
02PB006,72041252.0,,72041252.0,72041252.0,72041252.0
02PB007,72041169.0,,,72041169.0,72041169.0
02PB008,72040985.0,,,72040985.0,72040985.0
02PB019,72040985.0,,,72040985.0,72040985.0
02PB020,72040985.0,,,72040985.0,72040985.0
02PB024,72042152.0,,,72042152.0,72042152.0
02PB025,72041618.0,,,72041618.0,72041618.0
02PB026,72045530.0,,,72045530.0,72045530.0
02PB033,72041070.0,,,72041070.0,72041070.0
02PB034,72040906.0,,,72040906.0,72040906.0
02PB036,72044289.0,,,72044289.0,72044289.0
02PB037,72040792.0,,,72040792.0,72040792.0
02PC002,72040104.0,,,72040104.0,72040104.0
02PC004,72040585.0,,,72040585.0,72040585.0
02PC005,72039691.0,,,72039692.0,72039691.0
02PC009,72041538.0,,,72041538.0,72041538.0
02PC010,72041808.0,,,,72041808.0
02PC011,72041808.0,,,72041808.0,72041808.0
02PC012,72041808.0,,,72041808.0,72041808.0
02PC013,72036937.0,,,72036937.0,72036937.0
02PC014,72040141.0,,,72040141.0,72040141.0
02PC015,72044748.0,,,72044748.0,72044748.0
02PC016,72044120.0,,,72044120.0,72044120.0
02PC017,72041538.0,,,72041538.0,72041538.0
02PC018,72044604.0,,72044604.0,72044604.0,72044604.0
02PC019,72042086.0,,72042086.0,72042086.0,72042086.0
02PC020,72043963.0,,,,72043963.0
02PD001,72040989.0,,,72041121.0,72040989.0
02PD002,72040963.0,,72040989.0,72040989.0,72040963.0
02PD003,72039678.0,,,72039679.0,72039678.0
02PD004,72040404.0,,72042363.0,72042363.0,72040404.0
02PD005,72040451.0,,,72040451.0,72040451.0
02PD006,72045536.0,,,72045536.0,72045536.0
02PD007,72042247.0,,,72042247.0,72042247.0
02PD008,72041673.0,,,72041673.0,72041673.0
02PD009,72041673.0,,,72041673.0,72041673.0
02PD010,72041673.0,,,72041470.0,72041673.0
02PD011,72044209.0,,,72044209.0,72044209.0
02PD012,72042363.0,,72042363.0,72042363.0,72042363.0
02PD013,72042363.0,,72042363.0,72042363.0,72042363.0
02PD014,72042363.0,,72042363.0,72042363.0,72042363.0
02PD015,72042363.0,,72042363.0,72042363.0,72042363.0
02PD016,72044092.0,,,72044092.0,72044092.0
02PD017,72045403.0,,,72045403.0,72045403.0
02PD018,72045403.0,,,72045403.0,72045403.0
02PD020,72045799.0,,,72045799.0,72045799.0
02PD023,72044455.0,,,,72044455.0
02PD024,72044800.0,,,,72044800.0
02PE001,72040188.0,,,72040188.0,72040188.0
02PE002,72044799.0,,,72044799.0,72044799.0
02PE003,72040179.0,,,72040179.0,72040179.0
02PE004,72045696.0,,,72045696.0,72045696.0
02PE005,72044782.0,,,72044782.0,72044782.0
02PE009,72040484.0,,,72040484.0,72040484.0
02PE014,72044561.0,,,72044561.0,72044561.0
02PE015,86024886.0,,,86024886.0,86024886.0
02PF001,72035169.0,,,72035169.0,72035169.0
02PF003,72037181.0,,,72037181.0,72037181.0
02PG001,72034804.0,,,72034804.0,72034804.0
02PG002,72041279.0,,,72041279.0,72041279.0
02PG003,72036145.0,,,72036145.0,72036145.0
02PG004,72034925.0,,,72034925.0,72034925.0
02PG005,72034860.0,,,72034860.0,72034860.0
02PG006,72034925.0,,72034925.0,72034925.0,72034925.0
02PG007,72034860.0,,,72034860.0,72034860.0
02PG008,72034826.0,,,72034826.0,72034826.0
02PG009,72036145.0,,,,72036145.0
02PG009&22501,,,,72036145.0,72036145.0
02PG010,72034804.0,,,72034804.0,72034804.0
02PG014,72034925.0,,,72034925.0,72034925.0
02PG015,72034860.0,,,72034860.0,72034860.0
02PG016,72034860.0,,,72034860.0,72034860.0
02PG017,72034837.0,,,72034837.0,72034837.0
02PG018,72041279.0,,,72041279.0,72041279.0
02PG019,72041279.0,,,72041279.0,72041279.0
02PG020,72045042.0,,,72045042.0,72045042.0
02PG022,72041279.0,,,72041279.0,72041279.0
02PG023,72034962.0,,,72034962.0,72034962.0
02PG024,72037195.0,,,,72037195.0
02PH001,72041239.0,,,72041239.0,72041239.0
02PH002,72040964.0,,,72040964.0,72040964.0
02PH003,72041413.0,,,72041779.0,72041413.0
02PH004,72041109.0,,,72041109.0,72041109.0
02PH007,72041716.0,,,72044752.0,72041716.0
02PH009,72040873.0,,,72040873.0,72040873.0
02PH010,72041239.0,,,72041239.0,72041239.0
02PH011,72041109.0,,,72041109.0,72041109.0
02PH012,72043886.0,,,72043886.0,72043886.0
02PH014,72042420.0,,,72042420.0,72042420.0
02PJ001,72047338.0,,,,72047338.0
02PJ002,72047135.0,,,72047135.0,72047135.0
02PJ003,72039873.0,,,72039874.0,72039873.0
02PJ004,72039865.0,,,72039865.0,72039865.0
02PJ005,72039864.0,,,72039864.0,72039864.0
02PJ006,72039867.0,,,72039867.0,72039867.0
02PJ007,72041157.0,,72041157.0,72041157.0,72041157.0
02PJ008,72042559.0,,,72042559.0,72042559.0
02PJ011,72047338.0,,,,72047338.0
02PJ012,72047338.0,,,,72047338.0
02PJ012&02PJ011&02PJ001,,,,72047338.0,72047338.0
02PJ013,72047135.0,,,72047135.0,72047135.0
02PJ014,72046954.0,,,72046954.0,72046954.0
02PJ015,72046954.0,,,72046954.0,72046954.0
02PJ017,72046954.0,,,72046954.0,72046954.0
02PJ018,72046260.0,,,72046260.0,72046260.0
02PJ020,72039878.0,,,72039878.0,72039878.0
02PJ021,72039878.0,,,72039878.0,72039878.0
02PJ022,72039870.0,,,72039870.0,72039870.0
02PJ023,72039865.0,,,72039866.0,72039865.0
02PJ025,72047971.0,,,72047971.0,72047971.0
02PJ026,72040504.0,,,72040504.0,72040504.0
02PJ027,72047441.0,,,72047441.0,72047441.0
02PJ028,72047197.0,,,72047197.0,72047197.0
02PJ029,72047197.0,,,72047197.0,72047197.0
02PJ030,72046270.0,,72046270.0,72046270.0,72046270.0
02PJ031,72040515.0,,,72040515.0,72040515.0
02PJ033,72050042.0,,,72050042.0,72050042.0
02PJ034,72041964.0,,,72041964.0,72041964.0
02PJ035,72047639.0,,,72047639.0,72047639.0
02PJ036,72042969.0,,,72042969.0,72042969.0
02PJ037,72040504.0,,,72040504.0,72040504.0
02PJ038,72048207.0,,,72048207.0,72048207.0
02PJ039,72050296.0,,,72050296.0,72050296.0
02PJ040,72048726.0,,,72048726.0,72048726.0
02PK003,72043684.0,,,72043684.0,72043684.0
02PK004,72043003.0,,,72043003.0,72043003.0
02PK005,72041663.0,,,72041663.0,72041663.0
02PK006,72041780.0,,,72041780.0,72041780.0
02PK007,72041502.0,,,72041502.0,72041502.0
02PK008,72041502.0,,,72041502.0,72041502.0
02PK009,72041663.0,,,72041663.0,72041663.0
02PL001,72040347.0,,,72040347.0,72040347.0
02PL005,72040514.0,,72040514.0,72040514.0,72040514.0
02PL007,72039859.0,,,72039859.0,72039859.0
02PL009,72047793.0,,,72047793.0,72047793.0
02PL010,72040530.0,,,72040530.0,72040530.0
02PL011,72040475.0,,,72040475.0,72040475.0
02PL012,72050611.0,,,72050611.0,72050611.0
02PL013,72050611.0,,,72050611.0,72050611.0
02PL015,72050617.0,,,72050617.0,72050617.0
02PL016,72046199.0,,,72046199.0,72046199.0
02QA001,72035795.0,,,72035795.0,72035795.0
02QA002,72035297.0,,,72035297.0,72035297.0
02QA003,72035398.0,,,86023616.0,72035398.0
02QA004,72036443.0,,,72036443.0,72036443.0
02QA005,72038256.0,,,72038256.0,72038256.0
02QA006,72035532.0,,,72035532.0,72035532.0
02QA007,72035814.0,,,72035814.0,72035814.0
02QA010,72035297.0,,,72035297.0,72035297.0
02QA011,72035795.0,,,72035795.0,72035795.0
02QA016,72035546.0,,,72035546.0,72035546.0
02QA017,72036000.0,,,72036000.0,72036000.0
02QA026,72036350.0,,,72036350.0,72036350.0
02QA036,72038821.0,,,72038821.0,72038821.0
02QB001,72030083.0,,,72030083.0,72030083.0
02QB003,72030080.0,,,72032001.0,72030080.0
02QB004,72030083.0,,,72030083.0,72030083.0
02QB005,72030080.0,,,72030080.0,72030080.0
02QB007,72034821.0,,,72034821.0,72034821.0
02QB008,72030083.0,,,86023465.0,72030083.0
02QB009,72035082.0,,,,72035082.0
02QB009&21607,,,,72035082.0,72035082.0
02QB010,72039569.0,,,72039569.0,72039569.0
02QB011,72030118.0,,,72030118.0,72030118.0
02QB016,72039582.0,,,,72039582.0
02QB018,72030083.0,,,72030083.0,72030083.0
02QC001,72030672.0,,,72030672.0,72030672.0
02QC002,72030672.0,,,72030672.0,72030672.0
02QC003,72031239.0,,,72031239.0,72031239.0
02QC004,72031239.0,,,72031239.0,72031239.0
02QC007,72030860.0,,,72030860.0,72030860.0
02QC008,72030860.0,,,,72030860.0
02QC009,72030860.0,,,72030860.0,72030860.0
02QC010,72031597.0,,,72031597.0,72031597.0
02QC011,72032482.0,,,72032482.0,72032482.0
02QC012,72032015.0,,,72032015.0,72032015.0
02QC013,72032345.0,,,72032345.0,72032345.0
02QC014,72032345.0,,,72032345.0,72032345.0
02QC017,72032634.0,,,72032634.0,72032634.0
02RB001,72025707.0,,,72025707.0,72025707.0
02RB003,72029994.0,,,,72029994.0
02RB003&02SB002&02SB003,,,,72029994.0,72029994.0
02RB004,72030032.0,,,,72030032.0
02RC002,72034327.0,,,,72034327.0
02RC002&02RC009,,,,72034327.0,72034327.0
02RC003,72029880.0,,,72029880.0,72029880.0
02RC005,72029880.0,,,72029880.0,72029880.0
02RC007,72029785.0,,,,72029785.0
02RC007&02RC008,,,,72029785.0,72029785.0
02RC008,72029785.0,,,,72029785.0
02RC009,72034327.0,,,,72034327.0
02RC010,72030219.0,,,72030219.0,72030219.0
02RC011,72030660.0,,72030660.0,72030660.0,72030660.0
02RD002,72029886.0,,,72029886.0,72029886.0
02RD003,72030181.0,,72030181.0,72030181.0,72030181.0
02RD006,72031221.0,,,72031221.0,72031221.0
02RD007,72029886.0,,,72029886.0,72029886.0
02RE001,72030239.0,,,72030239.0,72030239.0
02RE002,72030239.0,,,72030239.0,72030239.0
02RE003,72030200.0,,,72030200.0,72030200.0
02RE004,72030200.0,,,72030200.0,72030200.0
02RE006,72030656.0,,,72030656.0,72030656.0
02RF001,72034437.0,,72034439.0,72034437.0,72034437.0
02RF002,72030193.0,,,72030196.0,72030193.0
02RF006,72030580.0,,,72030580.0,72030580.0
02RF009,72034739.0,,72034739.0,72034739.0,72034739.0
02RF010,72032024.0,,,,72032024.0
02RG002,72034278.0,,,,72034278.0
02RG003,72034278.0,,,,72034278.0
02RG005,72034469.0,,72034469.0,72034469.0,72034469.0
02RG006,72034457.0,,,72034457.0,72034457.0
02RG007,72035942.0,,,,72035942.0
02RG008,72035942.0,,,,72035942.0
02RG009,72035942.0,,,,72035942.0
02RG010,72034278.0,,,,72034278.0
02RG011,72036754.0,,,72036754.0,72036754.0
02RG012,72035802.0,,,72035802.0,72035802.0
02RG013,72034280.0,,,,72034280.0
02RG014,72038920.0,,,72038920.0,72038920.0
02RG015,72038920.0,,,72038920.0,72038920.0
02RG016,72038920.0,,,72038920.0,72038920.0
02RG018,72035820.0,,,72035820.0,72035820.0
02RG019,72038920.0,,,72038920.0,72038920.0
02RG020,72034278.0,,,,72034278.0
02RH001,72034280.0,,,,72034280.0
02RH002,72035172.0,,,,72035172.0
02RH003,72034964.0,,,72034964.0,72034964.0
02RH004,72030789.0,,,72035060.0,72030789.0
02RH006,72035060.0,,,72035060.0,72035060.0
02RH008,72035164.0,,,72035164.0,72035164.0
02RH011,72034964.0,,,72034964.0,72034964.0
02RH012,72034964.0,,,72034964.0,72034964.0
02RH014,72035172.0,,,,72035172.0
02RH015,72035172.0,,,,72035172.0
02RH017,72034275.0,,,,72034275.0
02RH018,72034275.0,,,,72034275.0
02RH019,72034275.0,,,,72034275.0
02RH019&02RH020&02RH018&02RH017&02RG002&02RG003&02RG010&02RG013&02RG020,,,,72034275.0,72034275.0
02RH020,72034274.0,,,,72034274.0
02RH023,72035172.0,,,,72035172.0
02RH023&02RH014&61002&61004&61012&02RH015&02RH002,,,,72035172.0,72035172.0
02RH027,72035551.0,,72035551.0,72035551.0,72035551.0
02RH029,72035172.0,,,72038949.0,72035172.0
02RH034,72035438.0,,,72035438.0,72035438.0
02RH035,72035438.0,,72035438.0,,72035438.0
02RH045,72034853.0,,72034853.0,72034853.0,72034853.0
02RH046,72035411.0,,,72035411.0,72035411.0
02RH047,72035411.0,,,72035411.0,72035411.0
02RH048,72035760.0,,,72035760.0,72035760.0
02RH049,72035442.0,,,72035442.0,72035442.0
02RH052,72036803.0,,,72036803.0,72036803.0
02RH053,72036803.0,,,72036803.0,72036803.0
02RH054,72036803.0,,,72036803.0,72036803.0
02RH056,72035420.0,,,72035420.0,72035420.0
02RH057,72036747.0,,,72036747.0,72036747.0
02RH059,72034944.0,,,72034944.0,72034944.0
02RH061,72035172.0,,,72038949.0,72035172.0
02RH062,72034280.0,,,,72034280.0
02RH062&02RH001,,,,72034280.0,72034280.0
02RH063,72036746.0,,,72036746.0,72036746.0
02RH065,72035995.0,,,72035995.0,72035995.0
02RH066,72035672.0,,,72035672.0,72035672.0
02RH067,72035603.0,,,72035603.0,72035603.0
02RH068,72035420.0,,,72035420.0,72035420.0
02RH069,72035854.0,,,,72035854.0
02RH070,72035782.0,,,,72035782.0
02RH071,72035221.0,,,72035221.0,72035221.0
02RH072,72035172.0,,,72038949.0,72035172.0
02RH073,72035411.0,,,72035411.0,72035411.0
02SB001,72029987.0,,,72029987.0,72029987.0
02SB002,72029994.0,,,,72029994.0
02SB003,72029994.0,,,,72029994.0
02SB004,72029987.0,,,72029987.0,72029987.0
02SB005,72029987.0,,,72029987.0,72029987.0
02SB006,72029987.0,,,,72029987.0
02SC001,72035402.0,,,72035402.0,72035402.0
02SC002,72034376.0,,,72034376.0,72034376.0
02SC003,72038994.0,,,72038994.0,72038994.0
02SC004,72035402.0,,,72035402.0,72035402.0
02SC005,72035402.0,,,72035402.0,72035402.0
02TB001,72021007.0,,,72021007.0,72021007.0
02TC001,72029808.0,,,72029808.0,72029808.0
02TC002,72025679.0,,,72025678.0,72025679.0
02TC003,72029813.0,,,72029811.0,72029813.0
02TC004,72025401.0,,,72025401.0,72025401.0
02TE001,72029888.0,,,,72029888.0
02TE001&02TE003,,,,72029888.0,72029888.0
02TE002,72029917.0,,,72029917.0,72029917.0
02TE003,72029906.0,,,,72029906.0
02UA001,72031229.0,,,72031229.0,72031229.0
02UA003,72030220.0,,,72030220.0,72030220.0
02UA006,72030949.0,,,72030949.0,72030949.0
02UB001,72026590.0,,,72026590.0,72026590.0
02UB002,72025494.0,,,72025494.0,72025494.0
02UC002,72025375.0,,,72025375.0,72025375.0
02UC003,72021334.0,,,72021334.0,72021334.0
02UC004,72027049.0,,,72027049.0,72027049.0
02UC005,72026657.0,,,72026657.0,72026657.0
02UC006,72026515.0,,,72026515.0,72026515.0
02UC007,72027049.0,,,72027049.0,72027049.0
02VA001,72026382.0,,,72026382.0,72026382.0
02VA002,72026382.0,,,72026382.0,72026382.0
02VA003,72026382.0,,,72026382.0,72026382.0
02VB001,72025517.0,,,72025517.0,72025517.0
02VB003,72025517.0,,,72025517.0,72025517.0
02VB004,72025536.0,,72025536.0,72025536.0,72025536.0
02VC001,72025628.0,,,72025628.0,72025628.0
02VC002,72021154.0,,,72021157.0,72021154.0
02VC003,72021206.0,,,72021184.0,72021206.0
02WA001,72025797.0,,,72025797.0,72025797.0
02WA002,72025795.0,,,72025795.0,72025795.0
02WA003,72027042.0,,,72027042.0,72027042.0
02WB001,72025613.0,,,72025617.0,72025613.0
02WB002,72025662.0,,,72025662.0,72025662.0
02WB003,72025623.0,,72025624.0,72025624.0,72025623.0
02WC001,72026122.0,,,72026122.0,72026122.0
02WC002,72025337.0,,,72025337.0,72025337.0
02WD001,72031470.0,,,72031470.0,72031470.0
02WD002,72031601.0,,,72031601.0,72031601.0
02WD003,72030904.0,,,72030904.0,72030904.0
02XA003,72021217.0,,72021217.0,72021217.0,72021217.0
02XA004,72021092.0,,,72021092.0,72021092.0
02XA006,72025532.0,,,72025549.0,72025532.0
02XA007,72021083.0,,,,72021083.0
02XA008,72025532.0,,,72025549.0,72025532.0
02XB001,72021296.0,,,72021296.0,72021296.0
02XB002,72021713.0,,,,72021713.0
02XC001,72020898.0,,72020899.0,72020899.0,72020898.0
02XD001,72022698.0,,,72022698.0,72022698.0
02XD002,72023954.0,,,72023954.0,72023954.0
02YA001,72026695.0,,,72029570.0,72026695.0
02YA002,72023224.0,,,86010953.0,72023224.0
02YC001,72026561.0,,,72026561.0,72026561.0
02YD001,72027176.0,,,72027176.0,72027176.0
02YD002,72027373.0,,,72027373.0,72027373.0
02YE001,72027626.0,,,72027626.0,72027626.0
02YF001,72025586.0,,,,72025586.0
02YF002,72025586.0,,,,72025586.0
02YF002&02YF001,,,,72025586.0,72025586.0
02YG001,72031106.0,,72031106.0,72031106.0,72031106.0
02YG002,72031462.0,,,72031462.0,72031462.0
02YH001,72033568.0,,,72033568.0,72033568.0
02YJ001,72034863.0,,,72034863.0,72034863.0
02YJ002,72036495.0,,,72036495.0,72036495.0
02YJ003,72031798.0,,,72031798.0,72031798.0
02YK001,72029818.0,,,72029812.0,72029818.0
02YK002,72035799.0,,72035799.0,72035799.0,72035799.0
02YK003,72031222.0,,,72031222.0,72031222.0
02YK004,,,,72031304.0,72031304.0
02YK005,72031222.0,,72031222.0,,72031222.0
02YK006,72031304.0,,,72031304.0,72031304.0
02YK007,72032498.0,,,72032498.0,72032498.0
02YK008,72032933.0,,72032933.0,72032933.0,72032933.0
02YK009,72029818.0,,,,72029818.0
02YK010,72029818.0,,,,72029818.0
02YK010&02YK009,,,,72029818.0,72029818.0
02YL001,72030611.0,,,72030611.0,72030611.0
02YL002,72031650.0,,,72031650.0,72031650.0
02YL003,72029804.0,,,72029805.0,72029804.0
02YL004,72032343.0,,72032343.0,72032343.0,72032343.0
02YL005,86013540.0,,,86013540.0,86013540.0
02YL006,72029804.0,,,72029804.0,72029804.0
02YL007,72029804.0,,,72029805.0,72029804.0
02YL008,72031125.0,,,72031125.0,72031125.0
02YL009,72032042.0,,,72032042.0,72032042.0
02YL010,72032042.0,,,72032042.0,72032042.0
02YL011,72032042.0,,72032042.0,72032042.0,72032042.0
02YL012,72032295.0,,,72032295.0,72032295.0
02YM002,72031828.0,,,72031828.0,72031828.0
02YM003,72034028.0,,,72034028.0,72034028.0
02YM004,72031828.0,,72031828.0,72031828.0,72031828.0
02YN002,72035654.0,,72035654.0,72035654.0,72035654.0
02YN003,72035904.0,,,72035904.0,72035904.0
02YN004,72035952.0,,,72039673.0,72035952.0
02YN005,72035307.0,,,72035307.0,72035307.0
02YO001,72030092.0,,,72030092.0,72030092.0
02YO002,72031242.0,,,72031242.0,72031242.0
02YO003,72031242.0,,,72031242.0,72031242.0
02YO004,72030371.0,,,72030371.0,72030371.0
02YO005,72030091.0,,,72030091.0,72030091.0
02YO006,72031513.0,,,72031513.0,72031513.0
02YO007,72032497.0,,,72032497.0,72032497.0
02YO008,72030415.0,,72030415.0,72030415.0,72030415.0
02YO009,86010704.0,,,86010704.0,86010704.0
02YO010,72032515.0,,,72032515.0,72032515.0
02YO011,72030115.0,,,72030115.0,72030115.0
02YO012,72032697.0,,,72032697.0,72032697.0
02YO013,72030106.0,,,72030106.0,72030106.0
02YO014,72039475.0,,,72039475.0,72039475.0
02YO015,72039550.0,,,72039550.0,72039550.0
02YO016,72030135.0,,,72030135.0,72030135.0
02YO017,72030140.0,,,72030140.0,72030140.0
02YO018,72030097.0,,,72030097.0,72030097.0
02YO019,72030905.0,,,72030905.0,72030905.0
02YP001,72033005.0,,,72033005.0,72033005.0
02YQ001,72030124.0,,,72030124.0,72030124.0
02YQ002,72030128.0,,,72030128.0,72030128.0
02YQ003,72030108.0,,,72030109.0,72030108.0
02YQ004,72030165.0,,,72030165.0,72030165.0
02YQ005,72032368.0,,72032368.0,72032368.0,72032368.0
02YQ006,72035701.0,,,72035701.0,72035701.0
02YR001,72032058.0,,,72032058.0,72032058.0
02YR002,72031216.0,,,72031216.0,72031216.0
02YR003,72030930.0,,,72030930.0,72030930.0
02YR004,72036545.0,,,72036545.0,72036545.0
02YS001,72035282.0,,,72035282.0,72035282.0
02YS002,72039245.0,,,72039245.0,72039245.0
02YS003,72039368.0,,,72039368.0,72039368.0
02YS004,72035677.0,,,72035677.0,72035677.0
02YS005,72035170.0,,,72035170.0,72035170.0
02YS006,72035536.0,,,72035536.0,72035536.0
02ZA001,72035579.0,,,72035579.0,72035579.0
02ZA002,72038162.0,,72038162.0,72038162.0,72038162.0
02ZA003,72036312.0,,,72036312.0,72036312.0
02ZB001,72036257.0,,,72036257.0,72036257.0
02ZC002,72036322.0,,72036322.0,72036322.0,72036322.0
02ZC003,72035284.0,,,72035284.0,72035284.0
02ZC004,72035280.0,,,72035424.0,72035280.0
02ZD002,72035259.0,,,72035259.0,72035259.0
02ZD003,72035280.0,,,72035491.0,72035280.0
02ZE002,72035378.0,,,72035378.0,72035378.0
02ZE003,72035245.0,,,72035245.0,72035245.0
02ZE004,72036733.0,,72036733.0,72036733.0,72036733.0
02ZE005,72035611.0,,,72035611.0,72035611.0
02ZF001,72035479.0,,,72035479.0,72035479.0
02ZG001,72042144.0,,,72042144.0,72042144.0
02ZG002,72042083.0,,,72042083.0,72042083.0
02ZG003,72042181.0,,,72042181.0,72042181.0
02ZG004,72045751.0,,,72045751.0,72045751.0
02ZG005,86011120.0,,,86011120.0,86011120.0
02ZG007,86010391.0,,,86010391.0,86010391.0
02ZH001,72035620.0,,72035601.0,72035601.0,72035620.0
02ZH002,72037921.0,,,72037921.0,72037921.0
02ZJ001,72038815.0,,,72038815.0,72038815.0
02ZJ002,72039094.0,,,72039094.0,72039094.0
02ZJ003,72038500.0,,,72038500.0,72038500.0
02ZK001,72041714.0,,,72041714.0,72041714.0
02ZK002,72045518.0,,,72045518.0,72045518.0
02ZK003,72045089.0,,,72045089.0,72045089.0
02ZK004,72042081.0,,,72042081.0,72042081.0
02ZK005,72037068.0,,,72037068.0,72037068.0
02ZK006,72045619.0,,,72045619.0,72045619.0
02ZK007,72045619.0,,,72045619.0,72045619.0
02ZK008,72045619.0,,,72045619.0,72045619.0
02ZL003,86009056.0,,,86009056.0,86009056.0
02ZL004,72037042.0,,,72037042.0,72037042.0
02ZL005,86009056.0,,86009056.0,86009056.0,86009056.0
02ZM001,72042395.0,,,72042395.0,72042395.0
02ZM002,72042692.0,,,72042692.0,72042692.0
02ZM003,72042664.0,,,72042664.0,72042664.0
02ZM006,86009018.0,,86009018.0,86009018.0,86009018.0
02ZM007,72037149.0,,,86009018.0,72037149.0
02ZM008,72036943.0,,,72036943.0,72036943.0
02ZM009,72044349.0,,,72044349.0,72044349.0
02ZM010,72036943.0,,,72036943.0,72036943.0
02ZM011,72036943.0,,,72036943.0,72036943.0
02ZM016,72045535.0,,,72045535.0,72045535.0
02ZM017,72037047.0,,,72037047.0,72037047.0
02ZM018,72037047.0,,,72037047.0,72037047.0
02ZM019,72037047.0,,,72037047.0,72037047.0
02ZM020,72037047.0,,,72037047.0,72037047.0
02ZM021,72036943.0,,,72036943.0,72036943.0
02ZM022,72045630.0,,,72045630.0,72045630.0
02ZM023,86009018.0,,,,86009018.0
02ZM023&02ZM024,,,,86009018.0,86009018.0
02ZM024,86009018.0,,,,86009018.0
02ZN001,72044567.0,,,72044567.0,72044567.0
02ZN002,72043925.0,,,72043925.0,72043925.0
0302A1,,,,72047378.0,72047378.0
03AA002,72030294.0,,,,72030294.0
03AA003,72030294.0,,,,72030294.0
03AA004,72030294.0,,,,72030294.0
03AA005,72030294.0,,,,72030294.0
03AA006,72030331.0,,,,72030331.0
03AA006&80712&03AA007,,,,72030331.0,72030331.0
03AA007,72030331.0,,,,72030331.0
03AA008,72030240.0,,,72030294.0,72030240.0
03AB001,72029802.0,,,72029802.0,72029802.0
03AB002,72029794.0,,72029794.0,72029794.0,72029794.0
03AB003,72029810.0,,,72029810.0,72029810.0
03AC001,72035195.0,,,72035195.0,72035195.0
03AC002,72034589.0,,,72034589.0,72034589.0
03AC004,72029938.0,,72029938.0,72029938.0,72029938.0
03AC005,72035195.0,,,72035195.0,72035195.0
03AC006,72035174.0,,,72035174.0,72035174.0
03AC007,72034589.0,,,72034589.0,72034589.0
03AC008,72035174.0,,,72035174.0,72035174.0
03AC009,72029960.0,,,72029960.0,72029960.0
03AC010,72036254.0,,,72035267.0,72036254.0
03AD001,72025330.0,,,72025330.0,72025330.0
03AD002,72030609.0,,,72030609.0,72030609.0
03BA001,72025400.0,,,,72025400.0
03BA003,72025565.0,,,72025565.0,72025565.0
03BB001,72025400.0,,,,72025400.0
03BB002,72025400.0,,,,72025400.0
03BB003,72020984.0,,,72020984.0,72020984.0
03BD001,72026082.0,,,72026082.0,72026082.0
03BD002,72026086.0,,72026086.0,,72026086.0
03BE001,72026063.0,,,72026063.0,72026063.0
03BF001,72021479.0,,72021479.0,72021479.0,72021479.0
03CA001,72020795.0,,,72020795.0,72020795.0
03CB002,72021488.0,,,72021488.0,72021488.0
03CB003,72021488.0,,,72021488.0,72021488.0
03CB004,72020780.0,,,72020780.0,72020780.0
03CC002,72025065.0,,,72025065.0,72025065.0
03CD001,72016848.0,,,,72016848.0
03CD002,72016752.0,,,72016792.0,72016752.0
03CE001,72016342.0,,,,72016342.0
03DA001,72016452.0,,,72016452.0,72016452.0
03DA002,72016232.0,,,72016232.0,72016232.0
03DB004,72012487.0,,,72012487.0,72012487.0
03DC005,72012055.0,,,72012858.0,72012055.0
03DD001,72016705.0,,,72016706.0,72016705.0
03DD002,72016709.0,,,72016710.0,72016709.0
03DD003,72016693.0,,,,72016693.0
03DD004,72016705.0,,,72016706.0,72016705.0
03EC001,72009115.0,,,72009115.0,72009115.0
03ED001,72008832.0,,,72008832.0,72008832.0
03ED004,72009326.0,,,72009326.0,72009326.0
03EE001,72012489.0,,,72012489.0,72012489.0
03EE003,72012504.0,,,72012504.0,72012504.0
03FA002,72006222.0,,,72006222.0,72006222.0
03FA003,72006237.0,,72006237.0,72006237.0,72006237.0
03FB001,72008991.0,,,72008991.0,72008991.0
03FB002,72006537.0,,,72006537.0,72006537.0
03FB004,72008974.0,,,72008975.0,72008974.0
03FC001,72009300.0,,,72009017.0,72009300.0
03FC002,72009308.0,,,72010165.0,72009308.0
03FC003,72009308.0,,,72009295.0,72009308.0
03FC005,72009300.0,,,72009381.0,72009300.0
03FC006,72009300.0,,,72009302.0,72009300.0
03FC007,72009300.0,,,72009302.0,72009300.0
03FC008,72009298.0,,,72009298.0,72009298.0
03GB001,72003898.0,,,72003898.0,72003898.0
03GC001,72001994.0,,,72001994.0,72001994.0
03GD001,72001984.0,,,72001984.0,72001984.0
03GD002,72000747.0,,,72000745.0,72000747.0
03GD003,72003389.0,,,72003389.0,72003389.0
03HA001,72000761.0,,,72000761.0,72000761.0
03HA002,72000752.0,,,72000752.0,72000752.0
03HA003,72000753.0,,,72000753.0,72000753.0
03HA004,72000761.0,,,72000761.0,72000761.0
03HA007,72000962.0,,,72000962.0,72000962.0
03HA009,72000939.0,,,72000939.0,72000939.0
03HA010,72000939.0,,,72000939.0,72000939.0
03HA011,72002241.0,,,72002241.0,72002241.0
03HA012,72002244.0,,,72002241.0,72002244.0
03HA015,72000833.0,,,72000833.0,72000833.0
03HA016,72002093.0,,,72002092.0,72002093.0
03HB001,72000853.0,,,72000857.0,72000853.0
03HB002,72002058.0,,,72002058.0,72002058.0
03HB003,72002053.0,,,72002053.0,72002053.0
03HB004,72000764.0,,,72000765.0,72000764.0
03HB005,72000764.0,,,72000764.0,72000764.0
03JA001,72004037.0,,,72004037.0,72004037.0
03JA002,72004009.0,,,,72004009.0
03JB001,72003684.0,,,72003684.0,72003684.0
03JB002,72003684.0,,,72003684.0,72003684.0
03JB004,72003697.0,,,72003697.0,72003697.0
03KA001,72006510.0,,,72006513.0,72006510.0
03KC002,72003723.0,,,72003723.0,72003723.0
03KC003,72003743.0,,,72003747.0,72003743.0
03KC004,72003723.0,,72003723.0,72003723.0,72003723.0
03KE001,72004332.0,,,72004332.0,72004332.0
03LA001,72012090.0,,,72012092.0,72012090.0
03LA002,72012085.0,,,72012085.0,72012085.0
03LD004,72006194.0,,,72006194.0,72006194.0
03LD006,72006181.0,,,72006181.0,72006181.0
03LF002,72006039.0,,,72006039.0,72006039.0
03MA002,72006289.0,,,72006289.0,72006289.0
03MB001,72003876.0,,,72003876.0,72003876.0
03MB002,72003771.0,,72003771.0,72003771.0,72003771.0
03MB003,72003773.0,,,72003773.0,72003773.0
03MC001,72003827.0,,,72003827.0,72003827.0
03MD001,72006079.0,,72006079.0,72006079.0,72006079.0
03MD002,72008914.0,,,72008914.0,72008914.0
03ME002,72003646.0,,,72003646.0,72003646.0
03NE001,72007598.0,,,72007598.0,72007598.0
03NE002,72007528.0,,,72007528.0,72007528.0
03NE003,72007528.0,,,72007528.0,72007528.0
03NE004,72007544.0,,,72007544.0,72007544.0
03NE005,72007544.0,,,72007544.0,72007544.0
03NE006,72007580.0,,,72007580.0,72007580.0
03NE007,72009686.0,,,72009686.0,72009686.0
03NE008,72007528.0,,,,72007528.0
03NE009,72007480.0,,,72007480.0,72007480.0
03NE010,72007528.0,,,,72007528.0
03NE010&03NE008,,,,72007528.0,72007528.0
03NE011,72007055.0,,,72007055.0,72007055.0
03NE012,72007055.0,,,72007055.0,72007055.0
03NE013,72009121.0,,,72009127.0,72009121.0
03NF001,72009146.0,,72009146.0,72009146.0,72009146.0
03NG001,72012170.0,,,72012170.0,72012170.0
03OA001,72012147.0,,,72012148.0,72012147.0
03OA002,72012147.0,,,72012148.0,72012147.0
03OA003,72012704.0,,,72012704.0,72012704.0
03OA004,72016358.0,,,72016358.0,72016358.0
03OA005,72017105.0,,,,72017105.0
03OA006,72016990.0,,,,72016990.0
03OA007,72016891.0,,,,72016891.0
03OA008,72016891.0,,,,72016891.0
03OA008&03OA007&03OA006,,,,72016891.0,72016891.0
03OA009,72017312.0,,,72017312.0,72017312.0
03OA010,72018128.0,,,72017168.0,72018128.0
03OA011,72019441.0,,,72019441.0,72019441.0
03OA012,72019441.0,,,72019441.0,72019441.0
03OA013,72019441.0,,,72019441.0,72019441.0
03OA014,72017221.0,,,,72017221.0
03OA014&03OA005,,,,72017105.0,72017105.0
03OA015,72018128.0,,,72017221.0,72018128.0
03OA016,72019441.0,,,72019441.0,72019441.0
03OA017,72017312.0,,,72017312.0,72017312.0
03OB003,72013058.0,,,72013058.0,72013058.0
03OB004,72015788.0,,,72015788.0,72015788.0
03OB005,72015788.0,,,72015788.0,72015788.0
03OB006,72016070.0,,,72016070.0,72016070.0
03OB007,72012363.0,,,72012363.0,72012363.0
03OB008,72015627.0,,,72015627.0,72015627.0
03OB009,72012458.0,,,72012458.0,72012458.0
03OC003,72016461.0,,72016461.0,72016461.0,72016461.0
03OC004,72016489.0,,,72016489.0,72016489.0
03OC005,72021486.0,,,72021486.0,72021486.0
03OC006,72012223.0,,,72012223.0,72012223.0
03OC007,72016461.0,,,72016461.0,72016461.0
03OD004,72016985.0,,,72016985.0,72016985.0
03OD005,72016310.0,,,72016310.0,72016310.0
03OD007,72017223.0,,,72017223.0,72017223.0
03OD008,72016310.0,,,72016786.0,72016310.0
03OD009,72016302.0,,,72016302.0,72016302.0
03OD010,72016309.0,,,72016310.0,72016309.0
03OE001,72016271.0,,,72016272.0,72016271.0
03OE002,72016372.0,,,72016372.0,72016372.0
03OE003,72016369.0,,,72016369.0,72016369.0
03OE004,72016270.0,,,,72016270.0
03OE005,72016271.0,,,72016272.0,72016271.0
03OE006,72016282.0,,,72016283.0,72016282.0
03OE007,72016271.0,,,,72016271.0
03OE008,72016282.0,,,72016283.0,72016282.0
03OE009,72017193.0,,,72017193.0,72017193.0
03OE010,72020272.0,,72020272.0,72020272.0,72020272.0
03OE011,72017063.0,,,72017063.0,72017063.0
03OE012,72016282.0,,,72016283.0,72016282.0
03OE013,72016282.0,,,72016283.0,72016282.0
03OE014,72016270.0,,,,72016270.0
03OE014&03OE007&03OE004,,,,72016269.0,72016269.0
03OE015,72016271.0,,,72016272.0,72016271.0
03OE016,72016267.0,,,72016267.0,72016267.0
03OE017,72017447.0,,,72017447.0,72017447.0
03OE018,72016266.0,,,72016266.0,72016266.0
03OE019,72016266.0,,,72016267.0,72016266.0
03PB002,72012600.0,,,72012600.0,72012600.0
03PC001,72016266.0,,,86012879.0,72016266.0
03PD001,72016266.0,,,,72016266.0
03PD002,72016266.0,,,,72016266.0
03QC001,72016722.0,,,72016722.0,72016722.0
03QC002,72016400.0,,72016400.0,72016400.0,72016400.0
03QC003,72021505.0,,,72021505.0,72021505.0
03QC004,72017082.0,,,72017082.0,72017082.0
04010500,,,,72035311.0,72035311.0
04010500,,,,72035311.0,72035311.0
04010510,,,,72037945.0,72037945.0
04010510,,,,72037945.0,72037945.0
04010520,,,,72037674.0,72037674.0
04010528,,,,72037796.0,72037796.0
04010528,,,,72037796.0,72037796.0
04010530,,,,72037796.0,72037796.0
04010530,,,,72037796.0,72037796.0
04010850,,,,72036379.0,72036379.0
04010900,,,,72037924.0,72037924.0
04011000,,,,72035541.0,72035541.0
04011370,,,,72036057.0,72036057.0
04011500,,,,72036057.0,72036057.0
04011990,,,,72040568.0,72040568.0
04012500,,,,72040567.0,72040567.0
04012500,,,,72040567.0,72040567.0
04012600,,,,72036076.0,72036076.0
04012700,,,,72040562.0,72040562.0
04013000,,,,72040572.0,72040572.0
04013200,,,,72040614.0,72040614.0
04013300,,,,72040586.0,72040586.0
04013400,,,,72039964.0,72039964.0
04014500,,72040426.0,,72040426.0,72040426.0
04015330,,72041760.0,72041760.0,72041760.0,72041760.0
04015410,,,,72044064.0,72044064.0
04015455,,,,72037018.0,72037018.0
04015475,,,,72036269.0,72036269.0
04015500,,72040594.0,,72040594.0,72040594.0
04016000,,72040594.0,,,72040594.0
04016500,,72040107.0,,72040107.0,72040107.0
04017000,,,,72040565.0,72040565.0
04018000,,,,72040478.0,72040478.0
04018750,,72040088.0,,72040088.0,72040088.0
04018900,,,,72040605.0,72040605.0
04019000,,72040432.0,,72040432.0,72040432.0
04019500,,,,72041683.0,72041683.0
04020000,,,,72041451.0,72041451.0
04021520,,,,72042113.0,72042113.0
04021530,,,,72042113.0,72042113.0
04023000,,,,72040771.0,72040771.0
04023150,,,,72044056.0,72044056.0
04024000,,,,72040035.0,72040035.0
04024015,,,,72043872.0,72043872.0
04024093,,,,72043392.0,72043392.0
04024098,,72041614.0,,72041614.0,72041614.0
04024430,,,,72041048.0,72041048.0
04025000,,,,72041423.0,72041423.0
04025436,,,,72042450.0,72042450.0
04025500,,,,72041865.0,72041865.0
04026000,,,,72041717.0,72041717.0
04026112,,,,72041606.0,72041606.0
04026190,,,,72044213.0,72044213.0
04026300,,,,72042462.0,72042462.0
040263205,,,,72043735.0,72043735.0
04026346,,,,72042282.0,72042282.0
04026347,,,,72043530.0,72043530.0
040263491,,,,72041856.0,72041856.0
04026350,,,,72041856.0,72041856.0
04026390,,,,72043603.0,72043603.0
04026450,,,,72040488.0,72040488.0
04026500,,,,72040488.0,72040488.0
04026870,,,,72043118.0,72043118.0
04027500,,,,72041161.0,72041161.0
04028000,,,,72042333.0,72042333.0
04028500,,,,72042187.0,72042187.0
04029000,,,,72042187.0,72042187.0
04029500,,,,72042187.0,72042187.0
04029990,,,,72041256.0,72041256.0
04030000,,,,72041256.0,72041256.0
04031000,,,,72041436.0,72041436.0
04031500,,,,72041870.0,72041870.0
04032000,,,,72041336.0,72041336.0
04032500,,,,72041881.0,72041881.0
04033000,,,,72040364.0,72040364.0
04034500,,,,72040348.0,72040348.0
04035000,,72041209.0,,72041209.0,72041209.0
04035500,,,,72041209.0,72041209.0
04035995,,,,72041664.0,72041664.0
04036000,,72041664.0,,72041664.0,72041664.0
04037400,,,,72040526.0,72040526.0
04037500,,,,72040526.0,72040526.0
04038600,,,,72050684.0,72050684.0
04039500,,,,72040346.0,72040346.0
04040000,,,,72040301.0,72040301.0
04040500,,72041505.0,72041505.0,72041505.0,72041505.0
04041500,,72041026.0,,72041026.0,72041026.0
04042000,,,,72040980.0,72040980.0
04042500,,72041803.0,,72041803.0,72041803.0
04043000,,72040839.0,,,72040839.0
04043050,,72042638.0,72042638.0,72042638.0,72042638.0
04043126,,,,72043846.0,72043846.0
04043140,,72042531.0,,,72042531.0
04043150,,72042103.0,,72042103.0,72042103.0
04043238,,72044127.0,,,72044127.0
04043244,,72044127.0,,72044127.0,72044127.0
04043275,,72043976.0,,72043976.0,72043976.0
04044340,,,,72043282.0,72043282.0
04044400,,72043282.0,,72043282.0,72043282.0
04044563,,,,72043096.0,72043096.0
04044573,,,,72043293.0,72043293.0
04044595,,,,72041579.0,72041579.0
04044609,,,,72043155.0,72043155.0
04044724,,72041960.0,,72041960.0,72041960.0
04045500,,72040114.0,72040114.0,72040114.0,72040114.0
04046000,,72048333.0,,72048333.0,72048333.0
04047200,,,,72039877.0,72039877.0
04049500,,72046153.0,,72046153.0,72046153.0
04052000,,,,72046823.0,72046823.0
04052500,,,,72042948.0,72042948.0
04053500,,,,72043078.0,72043078.0
04054000,,,,72050651.0,72050651.0
04054500,,,,72046661.0,72046661.0
04055000,,72046133.0,,72046133.0,72046133.0
04055500,,,,72046827.0,72046827.0
04056000,,,,72046400.0,72046400.0
04056500,,72046127.0,72046127.0,72046127.0,72046127.0
04057000,,72046552.0,,72046552.0,72046552.0
04057004,,,,72046119.0,72046119.0
04057510,,72046585.0,72046585.0,72046585.0,72046585.0
04057800,,72042504.0,72042504.0,72042504.0,72042504.0
04057820,,,,72042504.0,72042504.0
04057900,,,,72043222.0,72043222.0
04058000,,72041532.0,,72041532.0,72041532.0
04058100,,72041089.0,,72041089.0,72041089.0
04058130,,,,72042879.0,72042879.0
04058200,,72043145.0,,72043145.0,72043145.0
04058300,,,,72043156.0,72043156.0
04058400,,,,72043281.0,72043281.0
04058500,,72041772.0,,72041772.0,72041772.0
04059000,,72046385.0,,72046385.0,72046385.0
04059400,,,,72050009.0,72050009.0
04059500,,72046928.0,72046928.0,72046928.0,72046928.0
04059784,,,,72050218.0,72050218.0
040599695,,,,72050538.0,72050538.0
04060500,,72047679.0,,72047679.0,72047679.0
04060993,,,,72047020.0,72047020.0
04061000,,,,72047020.0,72047020.0
04061500,,,,72046553.0,72046553.0
04062000,,,,72046551.0,72046551.0
04062011,,,,72046534.0,72046534.0
04062100,,,,72041704.0,72041704.0
04062200,,72041615.0,,72041615.0,72041615.0
04062228,,,,72041615.0,72041615.0
04062230,,,,72041434.0,72041434.0
04062270,,,,72041319.0,72041319.0
04062300,,,,72041319.0,72041319.0
04062400,,,,72046155.0,72046155.0
04062500,,72046134.0,,72046134.0,72046134.0
04063000,,,,72046122.0,72046122.0
04063500,,,,72046118.0,72046118.0
04063535,,,,72046118.0,72046118.0
04063632,,,,72050038.0,72050038.0
04063640,,,,72050038.0,72050038.0
04063658,,,,72049924.0,72049924.0
04063700,,72047270.0,72047270.0,72047270.0,72047270.0
04064000,,,,72047027.0,72047027.0
04064495,,,,72047001.0,72047001.0
04064500,,,,72047001.0,72047001.0
04065000,,,,72046108.0,72046108.0
04065300,,72047955.0,,72047955.0,72047955.0
04065397,,,,72047876.0,72047876.0
04065500,,72047212.0,,72047212.0,72047212.0
04065600,,,,72050108.0,72050108.0
04065722,,,,72046102.0,72046102.0
04066000,,,,72046097.0,72046097.0
04066003,,,,72046094.0,72046094.0
04066020,,,,72046092.0,72046092.0
04066500,,72047189.0,,72047189.0,72047189.0
04066800,,,,72046082.0,72046082.0
04067000,,,,72046077.0,72046077.0
04067500,,,,72046076.0,72046076.0
04067651,,,,72046069.0,72046069.0
04067958,,72047008.0,,72047008.0,72047008.0
04067980,,,,72047008.0,72047008.0
04068000,,,,72046965.0,72046965.0
04069416,,72046902.0,,72046902.0,72046902.0
04069500,,72051159.0,,72051159.0,72051159.0
04071000,,72050960.0,,72050960.0,72050960.0
04071300,,,,72050957.0,72050957.0
04071500,,,,72050957.0,72050957.0
04071765,,72050951.0,,72050951.0,72050951.0
04071795,,,,72054370.0,72054370.0
04071858,,72052085.0,,72052085.0,72052085.0
04072150,,72052090.0,,72052090.0,72052090.0
04072410,,,,72057580.0,72057580.0
04072750,,,,72052974.0,72052974.0
04072845,,,,72052117.0,72052117.0
04073050,,,,72055827.0,72055827.0
04073365,,,,72051026.0,72051026.0
04073405,,,,72053337.0,72053337.0
04073462,,72052867.0,,,72052867.0
040734644,,,,72052867.0,72052867.0
04073470,,,,72052172.0,72052172.0
04073473,,,,72052172.0,72052172.0
04073500,,,,72051013.0,72051013.0
04073970,,72052203.0,,72052203.0,72052203.0
04074501,,,,72049256.0,72049256.0
04074538,,72048079.0,,72048079.0,72048079.0
04074548,,72048079.0,,72048079.0,72048079.0
04074950,,,,72047028.0,72047028.0
04075000,,,,72047028.0,72047028.0
04075200,,,,72048596.0,72048596.0
04075365,,,,72047761.0,72047761.0
04075500,,,,72051416.0,72051416.0
04076000,,,,72051384.0,72051384.0
04076500,,,,72051335.0,72051335.0
04077000,,,,72051327.0,72051327.0
04077400,,,,72051327.0,72051327.0
04077630,,,,72051336.0,72051336.0
0407809265,,,,72051352.0,72051352.0
04078500,,,,72051272.0,72051272.0
04079000,,,,72051231.0,72051231.0
04079602,,,,72054401.0,72054401.0
04080000,,,,72051642.0,72051642.0
04080798,,,,72054210.0,72054210.0
04080950,,,,72053658.0,72053658.0
04080975,,,,72052259.0,72052259.0
04081000,,,,72051730.0,72051730.0
04081800,,,,72053329.0,72053329.0
04081897,,,,72053157.0,72053157.0
04083000,,,,72052627.0,72052627.0
04083500,,,,72051048.0,72051048.0
04083545,,,,72051044.0,72051044.0
04084038,,,,72051415.0,72051415.0
04084200,,,,72053075.0,72053075.0
04084445,,,,72050995.0,72050995.0
04084475,,,,72050994.0,72050994.0
04084500,,,,72050993.0,72050993.0
04085046,,,,72053709.0,72053709.0
04085054,,,,72050991.0,72050991.0
04085059,,,,72050991.0,72050991.0
04085068,,,,72053818.0,72053818.0
04085108,,,,72053616.0,72053616.0
04085109,,,,72053616.0,72053616.0
04085110,,,,72053616.0,72053616.0
04085118,,,,72053902.0,72053902.0
04085119,,72053893.0,,,72053893.0
040851325,,72053957.0,,72053957.0,72053957.0
040851378,,,,72051955.0,72051955.0
040851385,,,,72050988.0,72050988.0
04085200,,72052217.0,,72052217.0,72052217.0
04085281,,72052081.0,,72052081.0,72052081.0
04085330,,,,72052103.0,72052103.0
04085395,,,,72052003.0,72052003.0
04085425,,,,72052106.0,72052106.0
04085427,,72051644.0,,72051644.0,72051644.0
0408543802,,,,72053039.0,72053039.0
040854496,,,,72052980.0,72052980.0
04085454,,,,72053045.0,72053045.0
040854555,,,,72053045.0,72053045.0
04085480,,,,72052809.0,72052809.0
0408570047,,,,72052838.0,72052838.0
040857005,,,,72052838.0,72052838.0
04085813,,,,72057684.0,72057684.0
04085845,,,,72055864.0,72055864.0
04086000,,72050970.0,,72050970.0,72050970.0
040860041,,,,72050970.0,72050970.0
04086125,,,,72057572.0,72057572.0
04086149,,,,72055887.0,72055887.0
04086150,,,,72055887.0,72055887.0
04086152,,,,72057433.0,72057433.0
04086175,,,,72057683.0,72057683.0
04086200,,,,72056033.0,72056033.0
04086250,,,,72055811.0,72055811.0
04086265,,,,72055811.0,72055811.0
04086297,,,,72057599.0,72057599.0
04086305,,,,72057599.0,72057599.0
040863075,,,,72056042.0,72056042.0
04086340,,,,72055936.0,72055936.0
04086360,,,,72055581.0,72055581.0
04086500,,,,72055869.0,72055869.0
04086600,,,,72055500.0,72055500.0
040869415,,,,72056952.0,72056952.0
040869416,,,,72056952.0,72056952.0
04087000,,,,72055451.0,72055451.0
04087010,,,,72055451.0,72055451.0
04087018,,,,72057102.0,72057102.0
04087030,,,,72057102.0,72057102.0
04087040,,,,72057102.0,72057102.0
04087050,,72057049.0,,,72057049.0
04087070,,72057049.0,,72057049.0,72057049.0
04087088,,,,72056877.0,72056877.0
04087119,,72056872.0,,,72056872.0
04087120,,,,72055822.0,72055822.0
04087138,,,,72055822.0,72055822.0
04087140,,,,72055822.0,72055822.0
04087142,,,,72055822.0,72055822.0
040871488,,72056801.0,,,72056801.0
04087159,,72056801.0,,72056801.0,72056801.0
04087160,,,,72056801.0,72056801.0
04087204,,72056701.0,,72056701.0,72056701.0
04087214,,,,72056792.0,72056792.0
04087220,,,,72056259.0,72056259.0
04087240,,,,72055872.0,72055872.0
04087242,,,,72055872.0,72055872.0
04087257,,72056267.0,,72056267.0,72056267.0
04093000,,,,72058324.0,72058324.0
04094000,,,,72058444.0,72058444.0
04094400,,,,72058749.0,72058749.0
04094500,,,,72058452.0,72058452.0
04095090,,,,72058238.0,72058238.0
04095300,,,,72058535.0,72058535.0
04095380,,,,72058535.0,72058535.0
04096015,,,,72058487.0,72058487.0
04096100,,,,72058919.0,72058919.0
04096272,,,,72058529.0,72058529.0
04096312,,,,72059056.0,72059056.0
04096340,,,,72058262.0,72058262.0
04096400,,72058233.0,,72058233.0,72058233.0
04096405,,72058233.0,,72058233.0,72058233.0
04096515,,72058541.0,,72058541.0,72058541.0
04096600,,72058255.0,,72058255.0,72058255.0
04096900,,72058273.0,,72058273.0,72058273.0
04097060,,,,72059220.0,72059220.0
04097170,,,,72058532.0,72058532.0
04097500,,72058150.0,,72058150.0,72058150.0
04097540,,72058360.0,,72058360.0,72058360.0
04097660,,,,72058596.0,72058596.0
04098000,,,,72058457.0,72058457.0
04098500,,,,72058216.0,72058216.0
04099000,,72058145.0,,72058145.0,72058145.0
04099050,,,,72058493.0,72058493.0
04099400,,,,72058312.0,72058312.0
04099500,,,,72058312.0,72058312.0
04099510,,72058312.0,,72058312.0,72058312.0
04099560,,,,72058631.0,72058631.0
04099640,,,,72058631.0,72058631.0
04099750,,72058170.0,,72058170.0,72058170.0
04099808,,72058415.0,,72058415.0,72058415.0
04099850,,72058854.0,,72058854.0,72058854.0
04100000,,,,72058379.0,72058379.0
04100180,,,,72058581.0,72058581.0
04100220,,,,72058325.0,72058325.0
04100222,,72058325.0,,72058325.0,72058325.0
04100230,,,,72058678.0,72058678.0
04100240,,,,72058678.0,72058678.0
04100250,,,,72058678.0,72058678.0
04100252,,,,72058678.0,72058678.0
04100295,,72058707.0,,,72058707.0
04100330,,,,72058376.0,72058376.0
04100440,,,,72058693.0,72058693.0
04100500,,,,72058189.0,72058189.0
04100800,,,,72058822.0,72058822.0
04101000,,,,72058135.0,72058135.0
04101370,,72058916.0,,72058916.0,72058916.0
04101500,,,,72058127.0,72058127.0
04101800,,72058261.0,,72058296.0,72058261.0
04102000,,,,72058124.0,72058124.0
04102320,,,,72058308.0,72058308.0
04102420,,,,72058220.0,72058220.0
04102500,,72058201.0,,72058201.0,72058201.0
04102533,,,,72058119.0,72058119.0
04102700,,72058543.0,,72058543.0,72058543.0
04102776,,72058334.0,,72058334.0,72058334.0
04102850,,,,72058311.0,72058311.0
04103010,,72058271.0,,72058271.0,72058271.0
04103500,,72058210.0,,72058217.0,72058210.0
04104500,,,,72058035.0,72058035.0
04104945,,72058489.0,,,72058489.0
04105000,,72057988.0,,72057988.0,72057988.0
04105500,,72057981.0,,72057981.0,72057981.0
04105700,,72059423.0,72059423.0,72059423.0,72059423.0
04105800,,,,72059386.0,72059386.0
04106000,,72057958.0,,72057962.0,72057958.0
04106180,,72059231.0,,72059231.0,72059231.0
04106190,,,,72059231.0,72059231.0
04106300,,72059231.0,,72059231.0,72059231.0
04106320,,72059253.0,,72059253.0,72059253.0
04106400,,72059253.0,,72059253.0,72059253.0
04106500,,72058413.0,,72058413.0,72058413.0
04106906,,,,72057949.0,72057949.0
04107850,,,,72055232.0,72055232.0
04108000,,,,72055210.0,72055210.0
04108500,,72055186.0,,,72055186.0
04108600,,72056132.0,,72056132.0,72056132.0
04108660,,,,72055180.0,72055180.0
04108670,,72055178.0,,72055178.0,72055178.0
04108800,,72056242.0,,72056242.0,72056242.0
04108801,,72056242.0,,72056242.0,72056242.0
04109000,,72058258.0,,72058258.0,72058258.0
04109500,,,,72058498.0,72058498.0
04111000,,72055034.0,,,72055034.0
04111379,,72055900.0,,72055900.0,72055900.0
04111500,,72056393.0,,72056393.0,72056393.0
04112000,,72056493.0,,72056493.0,72056493.0
04112500,,72055646.0,,72055646.0,72055646.0
04113000,,72055030.0,,72055030.0,72055030.0
04114000,,72055027.0,,72055027.0,72055027.0
04114498,,72055537.0,,72055537.0,72055537.0
04114500,,72055537.0,,72055537.0,72055537.0
04115000,,72055536.0,,72055536.0,72055536.0
04115265,,72057217.0,72057217.0,,72057217.0
04116000,,72055023.0,,72055023.0,72055023.0
04116500,,72055533.0,,72055533.0,72055533.0
04117000,,72056373.0,,72056373.0,72056373.0
04117500,,72055289.0,,72055289.0,72055289.0
04118000,,72055259.0,,72055259.0,72055259.0
04118500,,72055710.0,,72055710.0,72055710.0
04119000,,72055012.0,,72055012.0,72055012.0
04119300,,,,72055006.0,72055006.0
04120250,,,,72055000.0,72055000.0
04120293,,,,72057122.0,72057122.0
04120500,,,,72054003.0,72054003.0
04121000,,72051787.0,,72051787.0,72051787.0
04121300,,72051768.0,,,72051768.0
04121500,,72051529.0,,72051529.0,72051529.0
04121650,,,,72055313.0,72055313.0
04121900,,72055923.0,,72055923.0,72055923.0
04121944,,72055664.0,,72055664.0,72055664.0
04121970,,72055262.0,,72055262.0,72055262.0
04122000,,72055256.0,,72055256.0,72055256.0
04122100,,72057199.0,,72057199.0,72057199.0
04122150,,,,72055247.0,72055247.0
04122200,,72055577.0,72055577.0,72055577.0,72055577.0
04122500,,72051286.0,72051286.0,72051286.0,72051286.0
04123000,,72051934.0,,72051934.0,72051934.0
04123500,,72052034.0,,72052034.0,72052034.0
04124000,,72051520.0,72051520.0,72051516.0,72051520.0
04124200,,72051505.0,,72051505.0,72051505.0
04124500,,72052520.0,,72052520.0,72052520.0
04125000,,,,72052194.0,72052194.0
04125200,,,,72051935.0,72051935.0
04125450,,,,72051795.0,72051795.0
04125460,,72051795.0,,72051795.0,72051795.0
04125500,,72051795.0,,72051795.0,72051795.0
04125510,,,,72051795.0,72051795.0
04125550,,72051493.0,,72051493.0,72051493.0
04126000,,72051483.0,,72051483.0,72051483.0
04126200,,,,72051829.0,72051829.0
04126740,,72052036.0,,72052036.0,72052036.0
04126802,,,,72052734.0,72052734.0
04126970,,72051994.0,,72051994.0,72051994.0
04127000,,72051843.0,,72051917.0,72051843.0
04127565,,,,72051397.0,72051397.0
04127800,,72048403.0,,72048403.0,72048403.0
04127918,,72046420.0,72046420.0,72046420.0,72046420.0
04127937,,,,72050537.0,72050537.0
04127997,,72047462.0,72047462.0,72047462.0,72047462.0
04128000,,72047462.0,,72047462.0,72047462.0
04128500,,,,72047219.0,72047219.0
04128990,,72048281.0,,72048281.0,72048281.0
04129000,,72048281.0,,72048281.0,72048281.0
04129500,,72047335.0,,72047335.0,72047335.0
04130000,,72047139.0,,,72047139.0
04130500,,72047255.0,,72047255.0,72047255.0
04131000,,,,72047961.0,72047961.0
04131500,,72047450.0,,72047961.0,72047450.0
04132000,,72047057.0,,,72047057.0
04132052,,,,72046992.0,72046992.0
04132500,,72046150.0,,72046150.0,72046150.0
04133000,,,,72046765.0,72046765.0
04133500,,72046128.0,,72046128.0,72046128.0
04133501,,72046128.0,,72046128.0,72046128.0
04134000,,72047295.0,,72047439.0,72047295.0
04134500,,,,72052237.0,72052237.0
04135000,,,,72046123.0,72046123.0
04135500,,72051316.0,,72051316.0,72051316.0
04135600,,72052209.0,,72052209.0,72052209.0
04135700,,72051748.0,,72051748.0,72051748.0
04136000,,72051261.0,,72051261.0,72051261.0
04136500,,72051252.0,,72051252.0,72051252.0
04136900,,72051233.0,,72051233.0,72051233.0
04137005,,72051226.0,,72051226.0,72051226.0
04137500,,72051217.0,,72051217.0,72051217.0
04138000,,72052376.0,,72052376.0,72052376.0
04138500,,72051821.0,,72051821.0,72051821.0
04139000,,72052760.0,,72052760.0,72052760.0
04139500,,72052529.0,,72052529.0,72052529.0
04140000,,72053789.0,,,72053789.0
04140500,,72052238.0,,72052238.0,72052238.0
04141000,,72052238.0,,,72052238.0
04141500,,,,72052195.0,72052195.0
04142000,,72051870.0,,72051870.0,72051870.0
04143500,,72055284.0,,72055284.0,72055284.0
04143900,,72056113.0,,,72056113.0
04144000,,72055675.0,,72055675.0,72055675.0
04144500,,,,72055554.0,72055554.0
04145000,,72055436.0,,72055436.0,72055436.0
04146000,,72056246.0,,72056246.0,72056246.0
04146063,,72055704.0,,72055704.0,72055704.0
04147500,,72055574.0,,72055574.0,72055574.0
04147990,,,,72057041.0,72057041.0
04148140,,72055759.0,,72055759.0,72055759.0
04148160,,,,72056860.0,72056860.0
04148200,,,,72056643.0,72056643.0
04148300,,,,72055796.0,72055796.0
04148440,,,,72056663.0,72056663.0
04148500,,72055493.0,,72055493.0,72055493.0
04148720,,,,72056956.0,72056956.0
04149000,,72055409.0,,72055409.0,72055409.0
04150000,,72055754.0,,,72055754.0
04150500,,72055600.0,,72055600.0,72055600.0
04150800,,72055498.0,,72055508.0,72055498.0
04151000,,72055474.0,,72055474.0,72055474.0
04151500,,72055455.0,,72055455.0,72055455.0
04152238,,72051895.0,,72051895.0,72051895.0
04152500,,72051789.0,,72051789.0,72051789.0
04153500,,72055278.0,,72055278.0,72055278.0
04154000,,72055114.0,,72055114.0,72055114.0
04154500,,72055092.0,,72055092.0,72055092.0
04155000,,72055563.0,,72055563.0,72055563.0
04155500,,72055458.0,,72055458.0,72055458.0
04156000,,72055087.0,,72055087.0,72055087.0
04156500,,,,72055085.0,72055085.0
04157000,,72055077.0,,72055077.0,72055077.0
04157065,,,,72055068.0,72055068.0
04157500,,,,72056174.0,72056174.0
04158000,,,,72056273.0,72056273.0
04158500,,72051156.0,,,72051156.0
04159010,,,,72050959.0,72050959.0
04159130,,,,72054934.0,72054934.0
04159488,,,,72056977.0,72056977.0
04159492,,72055582.0,,72055582.0,72055582.0
04159500,,72055560.0,,72055560.0,72055560.0
04159900,,72055778.0,,72055778.0,72055778.0
04160000,,,,72055778.0,72055778.0
04160398,,,,72055786.0,72055786.0
04160570,,,,72056865.0,72056865.0
04160600,,72055842.0,,72055842.0,72055842.0
04160625,,,,72055593.0,72055593.0
04160800,,72056573.0,,,72056573.0
04160900,,72056269.0,,72056269.0,72056269.0
04161000,,72056269.0,,72056269.0,72056269.0
04161100,,72056485.0,,72056485.0,72056485.0
04161500,,72056142.0,,72056142.0,72056142.0
04161540,,72056004.0,,72056004.0,72056004.0
04161580,,72056630.0,72056630.0,72056630.0,72056630.0
04161800,,72056018.0,,72056018.0,72056018.0
04161820,,72055608.0,,72055608.0,72055608.0
04162000,,,,72055339.0,72055339.0
04162900,,72056364.0,,72056364.0,72056364.0
04163000,,,,72056364.0,72056364.0
04163400,,72056408.0,,72056408.0,72056408.0
04163500,,,,72056408.0,72056408.0
04164000,,72055287.0,,72055287.0,72055287.0
04164010,,,,72056748.0,72056748.0
04164050,,,,72056081.0,72056081.0
04164100,,72056698.0,,72056698.0,72056698.0
04164150,,,,72055996.0,72055996.0
04164200,,,,72056615.0,72056615.0
04164300,,72056711.0,,72056711.0,72056711.0
04164350,,,,72056635.0,72056635.0
04164360,,,,72056121.0,72056121.0
04164400,,,,72056553.0,72056553.0
04164450,,,,72056438.0,72056438.0
04164500,,72055701.0,,72055701.0,72055701.0
04164600,,,,72056511.0,72056511.0
04164800,,,,72056245.0,72056245.0
04164980,,,,72056245.0,72056245.0
04165200,,,,72056458.0,72056458.0
04165500,,72055279.0,,72055279.0,72055279.0
04165710,,,,72057814.0,72057814.0
04166000,,72058101.0,,72056380.0,72058101.0
04166040,,,,72058102.0,72058102.0
04166100,,72058040.0,,72058040.0,72058040.0
04166200,,,,72059415.0,72059415.0
04166300,,72059447.0,,72059447.0,72059447.0
04166470,,,,72058474.0,72058474.0
04166500,,72058010.0,,72058010.0,72058010.0
04166750,,,,72058494.0,72058494.0
04167000,,72058333.0,,,72058333.0
04167150,,,,72058333.0,72058333.0
04167625,,,,72058519.0,72058519.0
04168000,,72058519.0,,72058519.0,72058519.0
04168400,,,,72058519.0,72058519.0
04168500,,,,72057998.0,72057998.0
04168530,,,,72057995.0,72057995.0
04168550,,,,72057986.0,72057986.0
04168580,,72059286.0,,72059286.0,72059286.0
04169500,,72056507.0,,72055954.0,72056507.0
04170000,,72055781.0,,72055781.0,72055781.0
04170500,,72055781.0,,72055781.0,72055781.0
04171500,,,,72058098.0,72058098.0
04172000,,72058026.0,,72058026.0,72058026.0
04172500,,72058309.0,,72058309.0,72058309.0
04173000,,72058002.0,,72058002.0,72058002.0
04173500,,72058409.0,,72058409.0,72058409.0
04174500,,72057980.0,,72057980.0,72057980.0
04174518,,72059270.0,,72059270.0,72059270.0
04174800,,,,72057966.0,72057966.0
04175340,,,,72058433.0,72058433.0
04175600,,72058337.0,,72058337.0,72058337.0
04175700,,,,72058248.0,72058248.0
04175957,,,,72058306.0,72058306.0
04176000,,72058200.0,,72058200.0,72058200.0
04176400,,,,72058408.0,72058408.0
04176500,,72058147.0,,72058147.0,72058147.0
04176605,,72058336.0,,,72058336.0
04177000,,72058315.0,,72058315.0,72058315.0
04177050,,,,72058315.0,72058315.0
04177060,,,,72058315.0,72058315.0
04177100,,,,72058281.0,72058281.0
04177500,,,,72058225.0,72058225.0
04177720,,72058787.0,,72058787.0,72058787.0
04177810,,,,72058430.0,72058430.0
04177820,,,,72058328.0,72058328.0
04178000,,72058176.0,,72058176.0,72058176.0
04178500,,,,72059466.0,72059466.0
04179000,,72059465.0,,72059465.0,72059465.0
04179200,,,,72058719.0,72058719.0
04179300,,,,72058591.0,72058591.0
04179500,,72058475.0,,72058475.0,72058475.0
04179520,,72058475.0,,72058475.0,72058475.0
04180000,,,,72059467.0,72059467.0
04180500,,,,72059464.0,72059464.0
04180935,,,,72059571.0,72059571.0
04180950,,,,72059529.0,72059529.0
04180988,,,,72059519.0,72059519.0
04181000,,,,72059510.0,72059510.0
04181500,,,,72059495.0,72059495.0
04182000,,,,72059481.0,72059481.0
04182590,,,,72059696.0,72059696.0
04182808,,,,72059741.0,72059741.0
04182810,,,,72059741.0,72059741.0
04182900,,,,72059463.0,72059463.0
04182950,,,,72059463.0,72059463.0
04183000,,,,72059463.0,72059463.0
04183500,,,,72059460.0,72059460.0
04184000,,,,72057847.0,72057847.0
04184100,,,,72057846.0,72057846.0
04184500,,72058219.0,,72058239.0,72058219.0
04185000,,72058177.0,72058177.0,72058177.0,72058177.0
04185299,,,,72058815.0,72058815.0
04185300,,,,72058160.0,72058160.0
04185410,,,,72058359.0,72058359.0
04185440,,72058704.0,,,72058704.0
04185498,,,,72058704.0,72058704.0
04185500,,,,72058153.0,72058153.0
04185771,,,,72059628.0,72059628.0
04185795,,,,72059557.0,72059557.0
04185800,,,,72059557.0,72059557.0
04185900,,,,72059539.0,72059539.0
04185950,,,,72059524.0,72059524.0
04186500,,,,72059524.0,72059524.0
04187000,,,,72059528.0,72059528.0
04187030,,,,72059528.0,72059528.0
04187100,,,,72059528.0,72059528.0
04187500,,,,72059528.0,72059528.0
04187995,,,,72059658.0,72059658.0
04188000,,,,72059497.0,72059497.0
04188100,,,,72059493.0,72059493.0
04188200,,,,72059491.0,72059491.0
04188300,,,,72059545.0,72059545.0
04188337,,,,72059541.0,72059541.0
04188400,,,,72059525.0,72059525.0
04188433,,72059693.0,,72059693.0,72059693.0
04188496,,72059674.0,,72059674.0,72059674.0
04188500,,,,72059674.0,72059674.0
04188700,,,,72059518.0,72059518.0
04189000,,,,72059518.0,72059518.0
04189172,,,,72059591.0,72059591.0
04189180,,,,72059591.0,72059591.0
04189500,,,,72059484.0,72059484.0
04189950,,,,72059482.0,72059482.0
04190000,,,,72059482.0,72059482.0
04190200,,,,72059475.0,72059475.0
04190400,,,,72059526.0,72059526.0
04190500,,,,72059649.0,72059649.0
04191007,,,,72059598.0,72059598.0
04191018,,,,72059533.0,72059533.0
04191042,,,,72059536.0,72059536.0
04191207,,,,72059708.0,72059708.0
04191300,,,,72059470.0,72059470.0
04191500,,,,72058054.0,72058054.0
04191600,,,,72058058.0,72058058.0
04192500,,,,72057844.0,72057844.0
04192575,,,,72058049.0,72058049.0
04192600,,,,72058013.0,72058013.0
04192737,,,,72058672.0,72058672.0
04192782,,,,72059580.0,72059580.0
04192800,,,,72058006.0,72058006.0
04193500,,,,72057832.0,72057832.0
04193990,,,,72057830.0,72057830.0
04194000,,,,72058270.0,72058270.0
04194005,,,,72058270.0,72058270.0
04194010,,,,72057829.0,72057829.0
04194023,,,,72057829.0,72057829.0
04194082,,,,72058867.0,72058867.0
04194085,,,,72058867.0,72058867.0
04194114,,,,72058486.0,72058486.0
04194122,,,,72058782.0,72058782.0
04194200,,,,72058412.0,72058412.0
04194300,,,,72058050.0,72058050.0
04194310,,,,72058012.0,72058012.0
04194362,,,,72058065.0,72058065.0
04194400,,,,72058043.0,72058043.0
04194500,,,,72058000.0,72058000.0
04195000,,,,72058639.0,72058639.0
04195061,,,,72058639.0,72058639.0
04195500,,72057990.0,,72057990.0,72057990.0
04195600,,,,72057990.0,72057990.0
04195820,,72057968.0,,72057968.0,72057968.0
04195870,,,,72058001.0,72058001.0
04195950,,,,72059652.0,72059652.0
04195970,,,,72059652.0,72059652.0
04196000,,,,72059573.0,72059573.0
04196200,,,,72059565.0,72059565.0
04196400,,,,72059515.0,72059515.0
04196415,,,,72059592.0,72059592.0
04196500,,,,72059515.0,72059515.0
04196540,,,,72059506.0,72059506.0
04196580,,,,72059631.0,72059631.0
04196600,,,,72059555.0,72059555.0
04196800,,,,72059517.0,72059517.0
04196970,,,,72059692.0,72059692.0
04196990,,,,72059486.0,72059486.0
04197000,,,,72059486.0,72059486.0
04197020,,,,72059687.0,72059687.0
04197052,,,,72059568.0,72059568.0
04197100,,,,72059542.0,72059542.0
04197170,,72059753.0,72059753.0,72059753.0,72059753.0
04197300,,,,72057874.0,72057874.0
04197400,,,,72058063.0,72058063.0
04197450,,,,72058063.0,72058063.0
04197500,,,,72057872.0,72057872.0
04198000,,,,72057872.0,72057872.0
04198001,,,,72057872.0,72057872.0
04198002,,,,72057872.0,72057872.0
04198005,,,,72057872.0,72057872.0
04198007,,,,72058645.0,72058645.0
04198017,,,,72059574.0,72059574.0
04198055,,,,72059574.0,72059574.0
04198085,,,,72058044.0,72058044.0
04198500,,,,72058064.0,72058064.0
04199000,,,,72058018.0,72058018.0
04199100,,,,72058018.0,72058018.0
04199155,,72058623.0,,72058623.0,72058623.0
04199287,,,,72059556.0,72059556.0
04199300,,,,72059556.0,72059556.0
04199365,,,,72059750.0,72059750.0
04199500,,,,72058019.0,72058019.0
04199550,,,,72058476.0,72058476.0
04199617,,,,72059725.0,72059725.0
04199706,,,,72057903.0,72057903.0
04199900,,,,72057903.0,72057903.0
04200000,,,,72057903.0,72057903.0
04200050,,,,72058059.0,72058059.0
04200400,,,,72058032.0,72058032.0
04200430,,,,72058032.0,72058032.0
04200500,,,,72057896.0,72057896.0
04200550,,,,72057894.0,72057894.0
04201079,,,,72059578.0,72059578.0
04201300,,,,72058060.0,72058060.0
04201400,,,,72058060.0,72058060.0
04201495,,,,72058686.0,72058686.0
04201498,,,,72058005.0,72058005.0
04201500,,,,72057997.0,72057997.0
04201515,,,,72057997.0,72057997.0
04201550,,,,72057997.0,72057997.0
04201555,,,,72057997.0,72057997.0
04202000,,,,72059458.0,72059458.0
04202402,,,,72059457.0,72059457.0
04203900,,,,72059455.0,72059455.0
04205000,,,,72059728.0,72059728.0
04206001,,,,72059454.0,72059454.0
04206021,,,,72059781.0,72059781.0
04206029,,,,72059781.0,72059781.0
04206043,,72059781.0,,,72059781.0
04206208,,,,72059762.0,72059762.0
04206212,,72059767.0,,,72059767.0
04206220,,,,72059599.0,72059599.0
04206250,,,,72059452.0,72059452.0
04206370,,,,72059786.0,72059786.0
04206400,,,,72057890.0,72057890.0
04206420,,,,72058640.0,72058640.0
04206448,,,,72058668.0,72058668.0
04206450,,,,72058668.0,72058668.0
04206500,,,,72057888.0,72057888.0
04207016,,,,72057888.0,72057888.0
04207100,,,,72058041.0,72058041.0
04207200,,72058041.0,,72058041.0,72058041.0
04208002,,,,72057887.0,72057887.0
04208460,,72058727.0,,72058727.0,72058727.0
04208500,,,,72057887.0,72057887.0
04208501,,,,72058712.0,72058712.0
04208502,,,,72058595.0,72058595.0
04208504,,,,72057884.0,72057884.0
04208505,,,,72057884.0,72057884.0
04208508,,,,72057883.0,72057883.0
04208510,,,,72057883.0,72057883.0
04208690,,,,72058812.0,72058812.0
04208700,,,,72058812.0,72058812.0
04208777,,,,72058573.0,72058573.0
04208900,,,,72058491.0,72058491.0
04209000,,72058243.0,,72058243.0,72058243.0
04210000,,,,72058784.0,72058784.0
04210500,,,,72058253.0,72058253.0
04211500,,,,72058398.0,72058398.0
04211820,,,,72058196.0,72058196.0
04212029,,,,72058863.0,72058863.0
04212100,,,,72058161.0,72058161.0
04212200,,,,72058161.0,72058161.0
04212453,,,,72058477.0,72058477.0
04212500,,,,72058335.0,72058335.0
04212650,,,,72058335.0,72058335.0
04212700,,,,72058335.0,72058335.0
04212960,,,,72058362.0,72058362.0
04213000,,,,72058362.0,72058362.0
04213040,,72059069.0,,,72059069.0
04213075,,72058365.0,72058365.0,72058365.0,72058365.0
04213152,,,,72059131.0,72059131.0
04213376,,,,72055326.0,72055326.0
04213450,,,,72059404.0,72059404.0
04213490,,,,72058589.0,72058589.0
04213492,,,,72058540.0,72058540.0
04213500,,,,72055150.0,72055150.0
04214000,,,,72055150.0,72055150.0
0421402001,,,,72055146.0,72055146.0
04214200,,,,72056404.0,72056404.0
04214260,,,,72056600.0,72056600.0
04214400,,,,72056151.0,72056151.0
04214410,,,,72056517.0,72056517.0
04214500,,72055991.0,,72055991.0,72055991.0
04214980,,,,72056634.0,72056634.0
04215000,,72055791.0,,72055791.0,72055791.0
04215250,,,,72056402.0,72056402.0
04215350,,,,72056434.0,72056434.0
04215500,,72055929.0,,72055929.0,72055929.0
04216000,,,,72054890.0,72054890.0
04216060,,,,72054890.0,72054890.0
04216200,,72056739.0,,72056739.0,72056739.0
04216200,,72056739.0,,72056739.0,72056739.0
0421627005,,,,72056847.0,72056847.0
04216400,,,,72056317.0,72056317.0
04216418,,72055995.0,72055995.0,72055995.0,72055995.0
04216500,,72056633.0,,72056633.0,72056633.0
04217000,,72055766.0,,72055766.0,72055766.0
04217500,,72055561.0,,72055561.0,72055561.0
04217700,,,,72056757.0,72056757.0
04218000,,72055497.0,,72055497.0,72055497.0
04218190,,,,72056893.0,72056893.0
04218450,,,,72056737.0,72056737.0
04218500,,,,72055989.0,72055989.0
04218518,,72055989.0,,72055989.0,72055989.0
0421950005,,,,72054885.0,72054885.0
04219767,,,,72055861.0,72055861.0
04219900,,,,72056053.0,72056053.0
04219940,,,,72057004.0,72057004.0
04220150,,,,72055744.0,72055744.0
04220250,,72057076.0,,72057076.0,72057076.0
0422026250,,72057160.0,,72057160.0,72057160.0
04220470,,,,72058599.0,72058599.0
04220500,,,,72058524.0,72058524.0
04221000,,,,72058329.0,72058329.0
04221500,,,,72058329.0,72058329.0
04221600,,,,72059200.0,72059200.0
04221720,,,,72058380.0,72058380.0
04221725,,,,72058241.0,72058241.0
04221769,,,,72059282.0,72059282.0
04221820,,,,72058222.0,72058222.0
04222000,,,,72058499.0,72058499.0
04222600,,,,72056376.0,72056376.0
04222900,,,,72056477.0,72056477.0
04223000,,,,72055054.0,72055054.0
04223500,,,,72055053.0,72055053.0
04224000,,,,72055052.0,72055052.0
04224650,,,,72058549.0,72058549.0
04224700,,,,72058105.0,72058105.0
04224740,,,,72058105.0,72058105.0
04224775,,,,72055236.0,72055236.0
04224848,,,,72055338.0,72055338.0
04225000,,,,72055225.0,72055225.0
04225500,,,,72055216.0,72055216.0
04225915,,,,72056105.0,72056105.0
04225950,,,,72056105.0,72056105.0
04226000,,,,72056105.0,72056105.0
04227500,,,,72055051.0,72055051.0
04227980,,,,72056294.0,72056294.0
04227995,,72056294.0,,72056294.0,72056294.0
04228500,,,,72055045.0,72055045.0
04228900,,,,72056450.0,72056450.0
04229500,,,,72055824.0,72055824.0
04230320,,,,72056497.0,72056497.0
04230380,,72056244.0,,72056244.0,72056244.0
04230400,,,,72055971.0,72055971.0
04230410,,,,72056674.0,72056674.0
04230423,,,,72055971.0,72055971.0
04230470,,,,72056798.0,72056798.0
04230500,,72055642.0,,72055642.0,72055642.0
04230650,,,,72055043.0,72055043.0
04231000,,72055801.0,,72055801.0,72055801.0
04231500,,,,72055041.0,72055041.0
04231600,,,,72055041.0,72055041.0
04232000,,,,72055041.0,72055041.0
04232034,,72056156.0,,72056156.0,72056156.0
04232040,,,,72056156.0,72056156.0
04232042,,,,72056156.0,72056156.0
04232047,,,,72056156.0,72056156.0
04232050,,72056947.0,,72056947.0,72056947.0
0423205010,,72055846.0,,72055846.0,72055846.0
0423205023,,,,72055846.0,72055846.0
04232100,,72057027.0,,72057027.0,72057027.0
04232200,,,,72059236.0,72059236.0
04232406,,,,72059389.0,72059389.0
04232460,,,,72058094.0,72058094.0
04232482,,,,72055238.0,72055238.0
04232630,,,,72056639.0,72056639.0
04232730,,,,72055170.0,72055170.0
04233000,,,,72058582.0,72058582.0
04233255,,,,72058507.0,72058507.0
04233286,,,,72059388.0,72059388.0
04233300,,,,72059388.0,72059388.0
04233310,,,,72059388.0,72059388.0
04233648,,,,72056479.0,72056479.0
0423368620,,,,72055329.0,72055329.0
04233700,,,,72055329.0,72055329.0
04234000,,,,72057916.0,72057916.0
04234018,,,,72055962.0,72055962.0
0423401815,,72055962.0,,72055962.0,72055962.0
04234200,,,,72055896.0,72055896.0
04234232,,,,72056782.0,72056782.0
04234250,,,,72055876.0,72055876.0
04234400,,,,72056581.0,72056581.0
04235000,,,,72055727.0,72055727.0
04235150,,,,72056418.0,72056418.0
04235250,,,,72056418.0,72056418.0
04235271,,,,72055483.0,72055483.0
04235299,,,,72056085.0,72056085.0
04235300,,,,72055978.0,72055978.0
04235440,,,,72055764.0,72055764.0
04235500,,72055764.0,,72055764.0,72055764.0
04235600,,,,72055102.0,72055102.0
04236000,,,,72056585.0,72056585.0
04236500,,,,72056585.0,72056585.0
04237411,,,,72055094.0,72055094.0
04237500,,,,72055094.0,72055094.0
04237575,,,,72055094.0,72055094.0
04237917,,,,72056657.0,72056657.0
04237955,,,,72056657.0,72056657.0
04237962,,,,72056657.0,72056657.0
04237995,,,,72056771.0,72056771.0
04238000,,,,72056771.0,72056771.0
04238550,,,,72056123.0,72056123.0
04239000,,,,72056123.0,72056123.0
04239500,,,,72056123.0,72056123.0
04240010,,,,72056123.0,72056123.0
04240100,,72056873.0,,72056873.0,72056873.0
04240108,,,,72056964.0,72056964.0
0424011445,,,,72056964.0,72056964.0
04240120,,72056964.0,,72056964.0,72056964.0
04240150,,,,72056646.0,72056646.0
0424016975,,,,72056719.0,72056719.0
04240180,,,,72056197.0,72056197.0
04240200,,,,72056039.0,72056039.0
04240253,,,,72056897.0,72056897.0
04240300,,,,72055771.0,72055771.0
04240503,,,,72055741.0,72055741.0
04240942,,,,72055863.0,72055863.0
04241200,,,,72055792.0,72055792.0
04241500,,,,72056009.0,72056009.0
04242500,,,,72055682.0,72055682.0
04243500,,,,72055838.0,72055838.0
04244000,,,,72056324.0,72056324.0
04244500,,,,72056324.0,72056324.0
04245000,,,,72055912.0,72055912.0
04245200,,,,72056687.0,72056687.0
04245840,,,,72057192.0,72057192.0
04247000,,,,72055441.0,72055441.0
04247055,,,,72055086.0,72055086.0
04249000,,,,72055079.0,72055079.0
04249050,,,,72057283.0,72057283.0
042490673,,,,72057395.0,72057395.0
04249080,,,,72057399.0,72057399.0
04249200,,,,72055880.0,72055880.0
04250200,,72055644.0,,72055644.0,72055644.0
0425040001,,,,72056326.0,72056326.0
04250750,,72055348.0,,72055348.0,72055348.0
04250830,,,,72056022.0,72056022.0
04252500,,,,72055669.0,72055669.0
04253000,,,,72057487.0,72057487.0
04253002,,,,72057487.0,72057487.0
04253500,,72055241.0,,72055241.0,72055241.0
04254000,,,,72055214.0,72055214.0
04254500,,,,72055184.0,72055184.0
04255000,,,,72055985.0,72055985.0
04255001,,,,72055985.0,72055985.0
04255020,,,,72056190.0,72056190.0
04255500,,,,72055352.0,72055352.0
04256000,,72055352.0,72055352.0,72055352.0,72055352.0
04256500,,,,72051867.0,72051867.0
04257000,,72051867.0,,72051867.0,72051867.0
04257500,,,,72051758.0,72051758.0
04258000,,72051652.0,,72051652.0,72051652.0
04258022,,,,72051138.0,72051138.0
04258500,,,,72051356.0,72051356.0
04258700,,,,72051356.0,72051356.0
04259500,,,,72051122.0,72051122.0
04260500,,,,72051122.0,72051122.0
0426088805,,,,72053218.0,72053218.0
0426088995&0426090005,,,,72052749.0,72052749.0
0426089005,,,,72052749.0,72052749.0
04260909,,,,72052477.0,72052477.0
04260910,,,,72052477.0,72052477.0
0426092005,,,,72053402.0,72053402.0
0426093005,,,,72053402.0,72053402.0
0426094505,,,,72053402.0,72053402.0
0426097005,,,,72053468.0,72053468.0
04260990,,,,72052724.0,72052724.0
04261000,,72051894.0,,72052724.0,72051894.0
04261000,,72051894.0,,72052724.0,72051894.0
04261500,,,,72052724.0,72052724.0
04261500,,,,72052724.0,72052724.0
0426160005,,,,72052724.0,72052724.0
0426170005,,,,72053357.0,72053357.0
04261900,,,,72051894.0,72051894.0
0426195005,,,,72051894.0,72051894.0
04261975,,,,72051894.0,72051894.0
0426198205,,,,72053531.0,72053531.0
04262000,,72051735.0,,72051735.0,72051735.0
04262001&04262000,,,,72051742.0,72051742.0
0426205005,,,,72051735.0,72051735.0
0426208005,,,,72051735.0,72051735.0
0426210005,,,,72053689.0,72053689.0
04262103,,,,72051651.0,72051651.0
0426224005,,,,72053127.0,72053127.0
04262250,,,,72053127.0,72053127.0
0426225005,,,,72053127.0,72053127.0
0426229505,,,,72053099.0,72053099.0
0426230005,,,,72053099.0,72053099.0
04262320,,,,72053099.0,72053099.0
0426232015,,,,72053201.0,72053201.0
04262390,,,,72053299.0,72053299.0
0426239005,,,,72053299.0,72053299.0
0426239055,,,,72053308.0,72053308.0
0426240005,,,,72051871.0,72051871.0
0426240025,,,,72053389.0,72053389.0
0426240045,,,,72053501.0,72053501.0
0426240055,,,,72051735.0,72051735.0
0426240065,,,,72053501.0,72053501.0
0426240075,,,,72053404.0,72053404.0
0426240085,,,,72053404.0,72053404.0
0426240095,,,,72052533.0,72052533.0
04262500,,72051767.0,,72051767.0,72051767.0
04262500,,72051767.0,,72051767.0,72051767.0
0426250015,,,,72051767.0,72051767.0
0426250055,,,,72053501.0,72053501.0
0426250505,,,,72051767.0,72051767.0
0426250555,,,,72051604.0,72051604.0
0426250605,,,,72051604.0,72051604.0
04262630,,,,72051604.0,72051604.0
0426263305,,,,72053561.0,72053561.0
0426263805,,,,72053561.0,72053561.0
0426263905,,,,72052336.0,72052336.0
04262650,,,,72051577.0,72051577.0
0426266000,,,,72051577.0,72051577.0
0426267105,,,,72051577.0,72051577.0
04262680,,,,72051577.0,72051577.0
04262700,,,,72051577.0,72051577.0
0426271695,,,,72053579.0,72053579.0
0426271895,,,,72051546.0,72051546.0
0426271963,,,,72051546.0,72051546.0
0426272105,,,,72053788.0,72053788.0
0426272115,,,,72052559.0,72052559.0
0426280105,,,,72051546.0,72051546.0
0426284105,,,,72051508.0,72051508.0
0426284505,,,,72051508.0,72051508.0
0426284705,,,,72051508.0,72051508.0
04262849,,,,72051508.0,72051508.0
0426284905,,,,72051508.0,72051508.0
0426285505,,,,72052768.0,72052768.0
0426287505,,,,72052768.0,72052768.0
0426289005,,,,72052768.0,72052768.0
0426294005,,,,72053977.0,72053977.0
0426299005,,,,72051501.0,72051501.0
04263000,,72051498.0,,72051498.0,72051498.0
04263000,,72051498.0,,72051498.0,72051498.0
0426304805,,,,72054271.0,72054271.0
04263050,,,,72051494.0,72051494.0
0426305203,,,,72051494.0,72051494.0
0426305255,,,,72053144.0,72053144.0
0426305505,,,,72053144.0,72053144.0
0426309005,,,,72053268.0,72053268.0
04263100,,,,72052399.0,72052399.0
0426310305,,,,72053387.0,72053387.0
0426310805,,,,72053387.0,72053387.0
0426311303,,,,72053387.0,72053387.0
0426312305,,,,72053387.0,72053387.0
0426316305,,,,72051939.0,72051939.0
04263185,,,,72051939.0,72051939.0
04263186,,,,72051939.0,72051939.0
04263190,,,,72051939.0,72051939.0
0426319203,,,,72053247.0,72053247.0
0426319675,,,,72053206.0,72053206.0
0426319805,,,,72053206.0,72053206.0
04263199,,,,72053206.0,72053206.0
04263200,,,,72053206.0,72053206.0
0426320005,,,,72053206.0,72053206.0
0426320103,,,,72051698.0,72051698.0
04263210,,,,72051698.0,72051698.0
04263215,,,,72051698.0,72051698.0
0426321505,,,,72051698.0,72051698.0
04263216,,,,72051698.0,72051698.0
04263220,,,,72053295.0,72053295.0
04263225,,,,72053300.0,72053300.0
0426322605,,,,72053300.0,72053300.0
0426322705,,,,72052668.0,72052668.0
04263231,,,,72051664.0,72051664.0
04263232,,,,72051664.0,72051664.0
04263235,,,,72051664.0,72051664.0
0426324605,,,,72053481.0,72053481.0
04263250,,,,72053481.0,72053481.0
04263270,,,,72053481.0,72053481.0
0426327005,,,,72053481.0,72053481.0
04263290,,,,72051627.0,72051627.0
04263291,,,,72051627.0,72051627.0
04263350,,,,72051611.0,72051611.0
0426335505,,,,72051562.0,72051562.0
0426336005,,,,72053827.0,72053827.0
04263370,,,,72053692.0,72053692.0
0426337005,,,,72053692.0,72053692.0
0426337055,,,,72053644.0,72053644.0
04263400,,,,72052505.0,72052505.0
0426340005,,,,72052505.0,72052505.0
04263440,,,,72054019.0,72054019.0
0426344515,,,,72053859.0,72053859.0
0426344525,,,,72052256.0,72052256.0
04263475,,,,72051545.0,72051545.0
0426347505,,,,72051545.0,72051545.0
04263500,,,,72051492.0,72051492.0
04263500,,,,72051492.0,72051492.0
0426350003,,,,72051492.0,72051492.0
0426395505,,,,72054278.0,72054278.0
04263990,,,,72051489.0,72051489.0
04263995,,,,72051489.0,72051489.0
04264100,,,,72054425.0,72054425.0
04264200,,,,72054508.0,72054508.0
04264300,,,,72054369.0,72054369.0
04264300,,,,72054369.0,72054369.0
0426433805,,,,72053454.0,72053454.0
04264340,,,,72053454.0,72053454.0
0426434605,,,,72053664.0,72053664.0
0426434705,,,,72053664.0,72053664.0
0426434805,,,,72052213.0,72052213.0
04264350,,,,72052213.0,72052213.0
0426436005,,,,72052213.0,72052213.0
04264365,,,,72052213.0,72052213.0
0426436605,,,,72052213.0,72052213.0
0426436805,,,,72053711.0,72053711.0
0426437105,,,,72053711.0,72053711.0
0426437505,,,,72053767.0,72053767.0
0426437605,,,,72052714.0,72052714.0
0426437608,,,,72052714.0,72052714.0
0426438005,,,,72052714.0,72052714.0
0426438505,,,,72052714.0,72052714.0
0426439005,,,,72052714.0,72052714.0
04264400,,,,72052714.0,72052714.0
04264400,,,,72052714.0,72052714.0
0426440005,,,,72052714.0,72052714.0
0426440203,,,,72051712.0,72051712.0
04264500,,,,72052474.0,72052474.0
04264500,,,,72052474.0,72052474.0
0426460005,,,,72052474.0,72052474.0
04264700,,,,72052474.0,72052474.0
04264700,,,,72052474.0,72052474.0
0426475005,,,,72052474.0,72052474.0
0426475505,,,,72052474.0,72052474.0
04264765,,,,72053705.0,72053705.0
0426477505,,,,72053705.0,72053705.0
04264780,,,,72053705.0,72053705.0
04264800,,,,72053705.0,72053705.0
0426480005,,,,72051695.0,72051695.0
04264900,,,,72051695.0,72051695.0
04265000,,72051695.0,,72051695.0,72051695.0
04265000,,72051695.0,,72051695.0,72051695.0
0426500305,,,,72053769.0,72053769.0
0426500705,,,,72053769.0,72053769.0
04265100,,,,72053769.0,72053769.0
04265100,,,,72053769.0,72053769.0
0426510105,,,,72052266.0,72052266.0
0426519005,,,,72053809.0,72053809.0
04265200,,,,72053809.0,72053809.0
04265200,,,,72053809.0,72053809.0
0426520105,,,,72053809.0,72053809.0
0426520305,,,,72051629.0,72051629.0
0426520803,,,,72051629.0,72051629.0
0426526505,,,,72054014.0,72054014.0
0426527505,,,,72054014.0,72054014.0
0426527508,,,,72054014.0,72054014.0
04265300,,,,72054014.0,72054014.0
04265300,,,,72054014.0,72054014.0
0426537005,,,,72054089.0,72054089.0
04265400,,,,72054089.0,72054089.0
04265400,,,,72054089.0,72054089.0
0426540055,,,,72054137.0,72054137.0
0426540105,,,,72052503.0,72052503.0
04265405,,,,72054183.0,72054183.0
0426540605,,,,72054183.0,72054183.0
0426540805,,,,72052197.0,72052197.0
04265420,,,,72051608.0,72051608.0
0426542105,,,,72054283.0,72054283.0
0426542305,,,,72054332.0,72054332.0
04265425,,,,72051211.0,72051211.0
04265430,,,,72051211.0,72051211.0
04265432,,72051211.0,,72051211.0,72051211.0
04265432,,72051211.0,,72051211.0,72051211.0
04265437,,,,72051211.0,72051211.0
04265440,,,,72051211.0,72051211.0
0426545255,,,,72051211.0,72051211.0
0426545290,,,,72052816.0,72052816.0
0426545290,,,,72052816.0,72052816.0
0426545291,,,,72052816.0,72052816.0
0426545295,,,,72052816.0,72052816.0
0426545295,,,,72052816.0,72052816.0
0426545296,,,,72052816.0,72052816.0
04265453,,,,72052816.0,72052816.0
0426545315,,,,72052816.0,72052816.0
0426545355,,,,72052816.0,72052816.0
0426545445,,,,72052930.0,72052930.0
0426545475,,,,72052930.0,72052930.0
04265455,,,,72052930.0,72052930.0
0426545505,,,,72052930.0,72052930.0
0426545545,,,,72052930.0,72052930.0
0426545595,,,,72052894.0,72052894.0
0426545603,,,,72052133.0,72052133.0
0426545685,,,,72052964.0,72052964.0
04265460,,,,72051986.0,72051986.0
04265465,,,,72051986.0,72051986.0
0426546555,,,,72052997.0,72052997.0
0426546575,,,,72052997.0,72052997.0
04265475,,,,72052997.0,72052997.0
0426547505,,,,72052997.0,72052997.0
04265480,,,,72051862.0,72051862.0
04265486,,,,72052799.0,72052799.0
0426548605,,,,72052799.0,72052799.0
0426549005,,,,72051808.0,72051808.0
0426549103,,,,72051808.0,72051808.0
0426549215,,,,72053381.0,72053381.0
0426549255,,,,72052783.0,72052783.0
0426549315,,,,72053265.0,72053265.0
0426549355,,,,72053265.0,72053265.0
04265495,,,,72052313.0,72052313.0
0426549515,,,,72052313.0,72052313.0
0426549545,,,,72053354.0,72053354.0
0426549585,,,,72052163.0,72052163.0
0426549705,,,,72053340.0,72053340.0
04265500,,,,72051708.0,72051708.0
0426551105,,,,72053479.0,72053479.0
0426551205,,,,72053479.0,72053479.0
0426551605,,,,72053479.0,72053479.0
0426561003,,,,72051638.0,72051638.0
0426571105,,,,72053261.0,72053261.0
0426571705,,,,72053261.0,72053261.0
04265900,,,,72052360.0,72052360.0
0426590705,,,,72052360.0,72052360.0
04265950,,,,72053344.0,72053344.0
04266000,,,,72052145.0,72052145.0
0426605105,,,,72053374.0,72053374.0
0426607505,,,,72053413.0,72053413.0
04266385,,,,72051591.0,72051591.0
0426638505,,,,72053560.0,72053560.0
04266400&0426611003,,,,72051576.0,72051576.0
04266500,,,,72051591.0,72051591.0
04266500,,,,72051591.0,72051591.0
0426652505,,,,72053510.0,72053510.0
0426653505,,,,72053590.0,72053590.0
0426654505,,,,72051571.0,72051571.0
0426663005,,,,72053708.0,72053708.0
0426664005,,,,72053771.0,72053771.0
0426666005,,,,72052600.0,72052600.0
0426666505,,,,72053828.0,72053828.0
04266700,,,,72051528.0,72051528.0
04266800,,,,72051536.0,72051536.0
0426682505,,,,72053931.0,72053931.0
04266850,,,,72053931.0,72053931.0
0426686005,,,,72051522.0,72051522.0
0426688005,,,,72054057.0,72054057.0
04266900,,,,72051522.0,72051522.0
0426699003,,,,72051522.0,72051522.0
0426699905,,,,72051522.0,72051522.0
0426737503,,,,72051522.0,72051522.0
04267500,,,,72051522.0,72051522.0
04267500,,,,72051522.0,72051522.0
04267600,,,,72053944.0,72053944.0
04267600,,,,72053944.0,72053944.0
0426760005,,,,72053944.0,72053944.0
0426761005,,,,72051507.0,72051507.0
0426762003,,,,72051507.0,72051507.0
0426763003,,,,72051507.0,72051507.0
0426764005,,,,72051507.0,72051507.0
0426766003&0426779203,,,,72051496.0,72051496.0
0426767005,,,,72051507.0,72051507.0
0426768005,,,,72051507.0,72051507.0
04267700,,,,72054236.0,72054236.0
04267700,,,,72054236.0,72054236.0
0426770005,,,,72054236.0,72054236.0
04267720,,,,72051496.0,72051496.0
04267750,,,,72051496.0,72051496.0
04267790,,,,72051496.0,72051496.0
04267795,,,,72051496.0,72051496.0
0426779703,,,,72051487.0,72051487.0
0426779805,,,,72054220.0,72054220.0
0426779905,,,,72054220.0,72054220.0
04267800,,,,72052420.0,72052420.0
04267800,,,,72052420.0,72052420.0
0426790005,,,,72052420.0,72052420.0
04268000,,,,72051487.0,72051487.0
04268000,,,,72051487.0,72051487.0
0426810005,,,,72054530.0,72054530.0
04268200,,,,72054390.0,72054390.0
04268200,,,,72054390.0,72054390.0
0426820005,,,,72054390.0,72054390.0
0426821005,,,,72054530.0,72054530.0
04268230,,,,72051482.0,72051482.0
04268230,,,,72051482.0,72051482.0
0426828505,,,,72054693.0,72054693.0
04268300,,,,72052501.0,72052501.0
0426830005,,,,72052501.0,72052501.0
04268320,,,,72051479.0,72051479.0
0426834005,,,,72046450.0,72046450.0
04268390,,,,72053864.0,72053864.0
04268390,,,,72053864.0,72053864.0
04268400,,,,72053864.0,72053864.0
0426850905,,,,72054034.0,72054034.0
04268510,,,,72052078.0,72052078.0
0426857505,,,,72054050.0,72054050.0
0426859505,,,,72052679.0,72052679.0
04268600,,,,72052679.0,72052679.0
04268600,,,,72052679.0,72052679.0
0426860000,,,,72052679.0,72052679.0
0426869505,,,,72052679.0,72052679.0
04268700,,,,72051834.0,72051834.0
04268700,,,,72051834.0,72051834.0
0426870805,,,,72054160.0,72054160.0
04268710,,,,72054160.0,72054160.0
0426871105,,,,72054160.0,72054160.0
0426871403,,,,72051677.0,72051677.0
04268720,,,,72054277.0,72054277.0
04268720,,,,72054277.0,72054277.0
0426872105,,,,72054277.0,72054277.0
04268730,,,,72051677.0,72051677.0
04268745,,,,72053814.0,72053814.0
0426874805,,,,72053784.0,72053784.0
0426876105,,,,72054017.0,72054017.0
0426877505,,,,72052531.0,72052531.0
0426879505,,,,72052015.0,72052015.0
04268800,,72051876.0,,72051876.0,72051876.0
0426880000,,,,72051876.0,72051876.0
0426880503,,,,72051876.0,72051876.0
0426881105,,,,72054215.0,72054215.0
0426881303,,,,72051747.0,72051747.0
04268900,,,,72054303.0,72054303.0
04268900,,,,72054303.0,72054303.0
0426890105,,,,72051631.0,72051631.0
0426896505,,,,72051631.0,72051631.0
04269000,,72051615.0,,72051615.0,72051615.0
04269000,,72051615.0,,72051615.0,72051615.0
04269010,,,,72051615.0,72051615.0
04269022,,,,72054200.0,72054200.0
04269025,,,,72054200.0,72054200.0
04269040,,,,72054200.0,72054200.0
04269043,,,,72054200.0,72054200.0
04269043,,,,72054200.0,72054200.0
04269050,,,,72054444.0,72054444.0
04269050,,,,72054444.0,72054444.0
0426905105,,,,72052598.0,72052598.0
0426906505,,,,72052598.0,72052598.0
0426908505,,,,72054490.0,72054490.0
0426908705,,,,72054490.0,72054490.0
04269100,,,,72054490.0,72054490.0
04269100,,,,72054490.0,72054490.0
0426920505,,,,72054490.0,72054490.0
04269500,,,,72054762.0,72054762.0
04269500,,,,72051737.0,72051737.0
0426950105,,,,72051737.0,72051737.0
04269505,,,,72046757.0,72046757.0
0426950803,,,,72046757.0,72046757.0
0426980005,,,,72054258.0,72054258.0
04269818,,,,72054378.0,72054378.0
0426982105,,,,72054378.0,72054378.0
04269825,,,,72052621.0,72052621.0
0426983505,,,,72054388.0,72054388.0
0426984105,,,,72054188.0,72054188.0
04269850,,,,72052779.0,72052779.0
0426985305,,,,72052779.0,72052779.0
04269860,,,,72054286.0,72054286.0
0426988305,,,,72054286.0,72054286.0
0426988505,,,,72054286.0,72054286.0
04270000,,72052280.0,,72052280.0,72052280.0
04270000,,72052280.0,,72052280.0,72052280.0
0427001005,,,,72052280.0,72052280.0
04270015,,,,72052280.0,72052280.0
04270025,,,,72054486.0,72054486.0
0427002805,,,,72054486.0,72054486.0
04270030,,,,72051973.0,72051973.0
04270030,,,,72051973.0,72051973.0
04270040,,,,72051973.0,72051973.0
04270050,,,,72051973.0,72051973.0
0427006105,,,,72054738.0,72054738.0
04270100,,,,72054625.0,72054625.0
04270100,,,,72054625.0,72054625.0
0427010105,,,,72054625.0,72054625.0
0427014805,,,,72054656.0,72054656.0
04270150,,,,72054656.0,72054656.0
04270150,,,,72054656.0,72054656.0
0427015105,,,,72046796.0,72046796.0
0427015205,,,,72051760.0,72051760.0
04270155,,,,72051760.0,72051760.0
0427015503,,,,72051760.0,72051760.0
04270160,,,,72054422.0,72054422.0
04270162,,,,72054536.0,72054536.0
0427016255,,,,72054536.0,72054536.0
0427016385,,,,72052566.0,72052566.0
04270165,,,,72052566.0,72052566.0
0427016805,,,,72054553.0,72054553.0
04270180,,,,72054553.0,72054553.0
04270180,,,,72054553.0,72054553.0
0427018505,,,,72054553.0,72054553.0
04270200,,72052068.0,,72052068.0,72052068.0
04270200,,72052068.0,,72052068.0,72052068.0
0427020205,,,,72052068.0,72052068.0
0427020303,,,,72046759.0,72046759.0
04270500,,,,72052507.0,72052507.0
04270500,,,,72052507.0,72052507.0
0427050491,,,,72054740.0,72054740.0
04270510,,72051923.0,,72051923.0,72051923.0
04270510,,72051923.0,,72051923.0,72051923.0
04270600,,,,72054578.0,72054578.0
04270700,,,,72046766.0,72046766.0
04270700,,,,72046766.0,72046766.0
04270800,,,,72046770.0,72046770.0
04270800,,,,72046770.0,72046770.0
0427089705,,,,72054403.0,72054403.0
04270900,,,,72054403.0,72054403.0
0427091605,,,,72054498.0,72054498.0
0427092205,,,,72054557.0,72054557.0
04270925,,,,72052211.0,72052211.0
04270926,,,,72052211.0,72052211.0
0427094005,,,,72052211.0,72052211.0
0427094503,,,,72052154.0,72052154.0
04270965,,,,72052476.0,72052476.0
0427097005,,,,72054720.0,72054720.0
04270972,,,,72052368.0,72052368.0
0427097805,,,,72054632.0,72054632.0
04270980,,,,72054632.0,72054632.0
0427098005,,,,72052368.0,72052368.0
0427099005,,,,72052154.0,72052154.0
0427099505,,,,72051977.0,72051977.0
0427099508,,,,72051977.0,72051977.0
04270998,,,,72051977.0,72051977.0
04271000,,,,72051977.0,72051977.0
0427110005,,,,72054761.0,72054761.0
0427120005,,,,72051977.0,72051977.0
0427130005,,,,72051210.0,72051210.0
04271500,,72051210.0,,72051210.0,72051210.0
04271500,,72051210.0,,72051210.0,72051210.0
0427152005,,,,72051210.0,72051210.0
04271530,,,,72051210.0,72051210.0
04271550,,,,72051194.0,72051194.0
04271555,,,,72054696.0,72054696.0
0427156005,,,,72054696.0,72054696.0
0427157005,,,,72051194.0,72051194.0
0427160005,,,,72054600.0,72054600.0
0427162008,,,,72054600.0,72054600.0
04271759,,,,72054505.0,72054505.0
04271760,,,,72054505.0,72054505.0
0427176205,,,,72054439.0,72054439.0
04271800,,,,72052596.0,72052596.0
0427181005,,,,72052596.0,72052596.0
04271812,,,,72052596.0,72052596.0
04271815,,72052596.0,,72052596.0,72052596.0
04271815,,72052596.0,,72052596.0,72052596.0
0427181605,,,,72052596.0,72052596.0
0427185005,,,,72054529.0,72054529.0
0427190503,,,,72054439.0,72054439.0
0427193105,,,,72054439.0,72054439.0
0427194005,,,,72054439.0,72054439.0
0427194505,,,,72054439.0,72054439.0
0427198105,,,,72053726.0,72053726.0
0427199505,,,,72053726.0,72053726.0
0427201005,,,,72053726.0,72053726.0
04272090,,,,72053726.0,72053726.0
04272110,,,,72053726.0,72053726.0
0427211505,,,,72053726.0,72053726.0
04272125,,,,72053726.0,72053726.0
04272130,,,,72053726.0,72053726.0
04272170,,,,72053726.0,72053726.0
04272180,,,,72053726.0,72053726.0
04272200,,,,72053745.0,72053745.0
0427221003,,,,72053745.0,72053745.0
0427224508,,,,72053745.0,72053745.0
0427225005,,,,72053745.0,72053745.0
04272300,,,,72052491.0,72052491.0
0427236005,,,,72052491.0,72052491.0
04272380,,,,72052491.0,72052491.0
0427242005,,,,72053691.0,72053691.0
0427243505,,,,72053691.0,72053691.0
04272450,,,,72052016.0,72052016.0
0427246005,,,,72053573.0,72053573.0
0427247005,,,,72051956.0,72051956.0
04272500,,,,72051956.0,72051956.0
0427250405,,,,72053646.0,72053646.0
0427250755,,,,72053646.0,72053646.0
04272508,,,,72051915.0,72051915.0
0427251005,,,,72051915.0,72051915.0
04272512,,,,72051915.0,72051915.0
04272515,,,,72051915.0,72051915.0
0427251805,,,,72051778.0,72051778.0
0427252005,,,,72051915.0,72051915.0
0427252303,,,,72051791.0,72051791.0
0427253705,,,,72053777.0,72053777.0
0427255003,,,,72053777.0,72053777.0
0427257105,,,,72053777.0,72053777.0
0427257205,,,,72054024.0,72054024.0
0427257305,,,,72052244.0,72052244.0
0427258005,,,,72052244.0,72052244.0
04272600,,,,72052244.0,72052244.0
0427260105,,,,72052244.0,72052244.0
0427260108,,,,72051791.0,72051791.0
04272610,,,,72053863.0,72053863.0
0427261005,,,,72053863.0,72053863.0
0427261705,,,,72051778.0,72051778.0
04272618,,,,72051778.0,72051778.0
0427262105,,,,72053889.0,72053889.0
04272625,,,,72051702.0,72051702.0
04272630,,,,72051702.0,72051702.0
0427263205,,,,72051702.0,72051702.0
0427263703,,,,72051702.0,72051702.0
04272640,,,,72054024.0,72054024.0
04272642,,,,72054024.0,72054024.0
04272645,,,,72054070.0,72054070.0
0427265205,,,,72054070.0,72054070.0
04272654,,,,72054070.0,72054070.0
04272656,,,,72054070.0,72054070.0
04272660,,,,72054070.0,72054070.0
04272665,,,,72054070.0,72054070.0
0427266905,,,,72054070.0,72054070.0
0427267505,,,,72054070.0,72054070.0
0427267805,,,,72054005.0,72054005.0
0427268005,,,,72054005.0,72054005.0
04272685,,,,72054070.0,72054070.0
0427269505,,,,72054209.0,72054209.0
0427269805,,,,72052226.0,72052226.0
04272700,,,,72052226.0,72052226.0
0427270505,,,,72052226.0,72052226.0
0427270508,,,,72051630.0,72051630.0
0427271205,,,,72051971.0,72051971.0
04272715,,,,72051630.0,72051630.0
04272716,,,,72051630.0,72051630.0
0427271805,,,,72054257.0,72054257.0
04272725,,,,72054257.0,72054257.0
0427272605,,,,72054257.0,72054257.0
04273000,,,,72051600.0,72051600.0
04273000,,,,72051600.0,72051600.0
0427300305,,,,72051600.0,72051600.0
04273005,,,,72051600.0,72051600.0
04273017,,,,72051600.0,72051600.0
04273020,,,,72051600.0,72051600.0
04273022,,,,72051600.0,72051600.0
04273024,,,,72051600.0,72051600.0
0427302480,,,,72051600.0,72051600.0
04273025,,,,72051600.0,72051600.0
0427302605,,,,72054362.0,72054362.0
04273028,,,,72054362.0,72054362.0
04273035,,,,72054362.0,72054362.0
0427303805,,,,72054362.0,72054362.0
0427305005,,,,72051563.0,72051563.0
04273400,,,,72051563.0,72051563.0
04273450,,,,72051563.0,72051563.0
04273500,,72051563.0,,72051563.0,72051563.0
04273500,,72051563.0,,72051563.0,72051563.0
04273554,,,,72051563.0,72051563.0
04273600,,,,72053956.0,72053956.0
0427362003,,,,72054148.0,72054148.0
04273695,,,,72054275.0,72054275.0
0427369705,,,,72054275.0,72054275.0
0427369708,,,,72052178.0,72052178.0
04273700,,72052178.0,,72052178.0,72052178.0
04273700,,72052178.0,,72052178.0,72052178.0
0427376505,,,,72053956.0,72053956.0
0427377505,,,,72053956.0,72053956.0
04273795,,,,72053956.0,72053956.0
0427379705,,,,72053956.0,72053956.0
0427379905,,,,72054174.0,72054174.0
0427379950,,,,72052221.0,72052221.0
04273800,,72052221.0,,72052221.0,72052221.0
04273800,,72052221.0,,72052221.0,72052221.0
0427380205,,,,72052221.0,72052221.0
0427380803,,,,72053457.0,72053457.0
0427381208,,,,72053457.0,72053457.0
0427382103,,,,72052798.0,72052798.0
0427384608,,,,72052798.0,72052798.0
04273860,,,,72052798.0,72052798.0
04273863,,,,72053464.0,72053464.0
04273865,,,,72052663.0,72052663.0
04273870,,,,72053530.0,72053530.0
0427387105,,,,72053530.0,72053530.0
04273880,,,,72052637.0,72052637.0
0427388203,,,,72052637.0,72052637.0
04273885,,,,72053547.0,72053547.0
04273900,,,,72053720.0,72053720.0
0427390205,,,,72053720.0,72053720.0
04273950,,,,72052658.0,72052658.0
04273960,,,,72052658.0,72052658.0
0427396505,,,,72052658.0,72052658.0
0427396508,,,,72052478.0,72052478.0
04273970,,,,72052478.0,72052478.0
0427399005,,,,72052478.0,72052478.0
04274000,,,,72052478.0,72052478.0
04274000,,,,72052478.0,72052478.0
0427419005,,,,72052478.0,72052478.0
04274200,,,,72052478.0,72052478.0
04274206,,,,72052478.0,72052478.0
04274215,,,,72053826.0,72053826.0
0427421805,,,,72053826.0,72053826.0
0427423505,,,,72051971.0,72051971.0
04274280,,,,72053973.0,72053973.0
04274300,,,,72053973.0,72053973.0
0427431005,,,,72053973.0,72053973.0
0427433005,,,,72053983.0,72053983.0
04274400,,,,72053983.0,72053983.0
0427441505,,,,72052467.0,72052467.0
0427443705,,,,72054148.0,72054148.0
0427445005,,,,72052467.0,72052467.0
0427445008,,,,72052467.0,72052467.0
04274500,,,,72052467.0,72052467.0
04274500,,,,72052467.0,72052467.0
0427450505,,,,72052467.0,72052467.0
04274515,,,,72051914.0,72051914.0
0427451503,,,,72051898.0,72051898.0
0427455008&0427455005&0427454005,,,,72053257.0,72053257.0
04274560,,,,72053257.0,72053257.0
04274600,,,,72053257.0,72053257.0
0427462005,,,,72053257.0,72053257.0
04274650,,,,72053257.0,72053257.0
04274793,,,,72053257.0,72053257.0
0427479305,,,,72053257.0,72053257.0
04274800,,,,72053257.0,72053257.0
0427480188,,,,72053419.0,72053419.0
0427480373,,,,72053419.0,72053419.0
04274805,,,,72053419.0,72053419.0
0427480705,,,,72053419.0,72053419.0
0427481405,,,,72052312.0,72052312.0
04274815,,,,72052312.0,72052312.0
0427481505,,,,72052312.0,72052312.0
04274830,,,,72052312.0,72052312.0
0427483505,,,,72053584.0,72053584.0
0427484005,,,,72053584.0,72053584.0
0427485505,,,,72052111.0,72052111.0
0427486005,,,,72053617.0,72053617.0
0427487005,,,,72053617.0,72053617.0
0427491005,,,,72053662.0,72053662.0
0427493005,,,,72052042.0,72052042.0
0427494005,,,,72052042.0,72052042.0
0427497005,,,,72053749.0,72053749.0
04275000,,,,72051898.0,72051898.0
04275000,,,,72051898.0,72051898.0
0427500105,,,,72051898.0,72051898.0
0427500108,,,,72051828.0,72051828.0
04275500,,,,72051828.0,72051828.0
04275500,,,,72051828.0,72051828.0
04275505,,,,72051828.0,72051828.0
04275530,,,,72051828.0,72051828.0
0427571005,,,,72053935.0,72053935.0
0427580205,,,,72053935.0,72053935.0
04276000,,,,72051745.0,72051745.0
04276015,,,,72053929.0,72053929.0
0427602005,,,,72053929.0,72053929.0
0427602805,,,,72053929.0,72053929.0
04276030,,,,72051682.0,72051682.0
0427603905,,,,72051682.0,72051682.0
04276040,,,,72051682.0,72051682.0
0427604105,,,,72051682.0,72051682.0
0427605005,,,,72053972.0,72053972.0
0427606305,,,,72053871.0,72053871.0
0427606505,,,,72053871.0,72053871.0
04276069,,,,72053871.0,72053871.0
04276069,,,,72053871.0,72053871.0
0427607005,,,,72053871.0,72053871.0
0427619105,,,,72053335.0,72053335.0
0427619205,,,,72053335.0,72053335.0
0427619208,,,,72053335.0,72053335.0
04276200,,,,72053335.0,72053335.0
04276200,,,,72053335.0,72053335.0
04276203,,,,72053335.0,72053335.0
0427620305,,,,72053335.0,72053335.0
0427621305,,,,72053505.0,72053505.0
04276215,,,,72053505.0,72053505.0
04276218,,,,72053505.0,72053505.0
0427622005,,,,72053505.0,72053505.0
0427622105,,,,72053505.0,72053505.0
0427622405,,,,72052210.0,72052210.0
04276250,,,,72053386.0,72053386.0
0427629005,,,,72053386.0,72053386.0
0427634005,,,,72052030.0,72052030.0
0427635003,,,,72052030.0,72052030.0
0427637005,,,,72053753.0,72053753.0
0427639008,,,,72053753.0,72053753.0
0427642805,,,,72053753.0,72053753.0
0427643005,,,,72053753.0,72053753.0
04276467,,,,72053630.0,72053630.0
04276469,,,,72053630.0,72053630.0
04276474,,,,72053630.0,72053630.0
0427647505,,,,72053630.0,72053630.0
0427647703,,,,72053630.0,72053630.0
0427648505,,,,72053630.0,72053630.0
0427648508,,,,72053630.0,72053630.0
0427649005,,,,72052030.0,72052030.0
0427649505,,,,72053732.0,72053732.0
0427649805,,,,72052242.0,72052242.0
0427649808,,,,72051781.0,72051781.0
04276500,,,,72051781.0,72051781.0
04276500,,,,72051781.0,72051781.0
04276502,,,,72051781.0,72051781.0
0427650505,,,,72051781.0,72051781.0
04276645,,,,72053455.0,72053455.0
04276645,,,,72053455.0,72053455.0
04276650,,,,72053455.0,72053455.0
0427667005,,,,72051182.0,72051182.0
0427668005,,,,72051182.0,72051182.0
0427669005,,,,72051182.0,72051182.0
04276760,,,,72053245.0,72053245.0
04276765,,,,72053245.0,72053245.0
0427676805,,,,72053245.0,72053245.0
04276770,,,,72053245.0,72053245.0
04276770,,,,72053245.0,72053245.0
04276775,,,,72053245.0,72053245.0
0427677505,,,,72053245.0,72053245.0
04276800,,,,72053217.0,72053217.0
0427680505,,,,72053188.0,72053188.0
04276820,,,,72052923.0,72052923.0
04276825,,,,72052923.0,72052923.0
0427683005,,,,72053080.0,72053080.0
0427683305,,,,72053080.0,72053080.0
04276835,,,,72052416.0,72052416.0
04276836,,,,72052416.0,72052416.0
04276837,,,,72052416.0,72052416.0
04276838,,,,72052416.0,72052416.0
04276839,,,,72052416.0,72052416.0
0427683950,,,,72052416.0,72052416.0
04276840,,,,72052416.0,72052416.0
0427684005,,,,72052416.0,72052416.0
04276842,,,,72052416.0,72052416.0
04276842,,,,72052416.0,72052416.0
0427684250,,,,72052416.0,72052416.0
04276843,,,,72052416.0,72052416.0
0427684350,,,,72052416.0,72052416.0
04276844,,,,72052416.0,72052416.0
04276845,,,,72052416.0,72052416.0
04276850,,,,72052416.0,72052416.0
042768505,,,,72052416.0,72052416.0
04276851,,,,72052416.0,72052416.0
0427685105,,,,72052416.0,72052416.0
04276852,,,,72052416.0,72052416.0
0427685305,,,,72052416.0,72052416.0
04276870,,,,72051189.0,72051189.0
0427687005,,,,72051189.0,72051189.0
04276875,,,,72057312.0,72057312.0
04276877,,,,72057312.0,72057312.0
04276885,,,,72057312.0,72057312.0
04276895,,,,72057312.0,72057312.0
0427689605,,,,72057312.0,72057312.0
04276900,,,,72057312.0,72057312.0
0427690308,,,,72057312.0,72057312.0
04276920,,,,72057312.0,72057312.0
04277432&04277435,,,,72056109.0,72056109.0
0427743705,,,,72056109.0,72056109.0
0427743708,,,,72056109.0,72056109.0
04277450,,,,72056109.0,72056109.0
0427745105,,,,72056109.0,72056109.0
04277520,,,,72056139.0,72056139.0
04277550,,,,72057552.0,72057552.0
0427810005,,,,72057627.0,72057627.0
0427829005,,,,72057627.0,72057627.0
04278300,,,,72057627.0,72057627.0
04278300,,,,72057627.0,72057627.0
04278310,,,,72057627.0,72057627.0
0427832005,,,,72057627.0,72057627.0
04278825,,,,72055395.0,72055395.0
0427882605,,,,72055395.0,72055395.0
04278900&04278500&04278000&04277500,,,,72051204.0,72051204.0
04278998,,,,72051204.0,72051204.0
04279000,,,,72051204.0,72051204.0
04279001,,,,72051192.0,72051192.0
0427900305,,,,72052858.0,72052858.0
04279004,,,,72052858.0,72052858.0
0427900905,,,,72052858.0,72052858.0
04279010,,,,72052858.0,72052858.0
0427901105,,,,72052858.0,72052858.0
04279015,,,,72051192.0,72051192.0
0427901650,,,,72051192.0,72051192.0
04279017,,,,72051192.0,72051192.0
04279018,,,,72051192.0,72051192.0
0427902505,,,,72051400.0,72051400.0
04279040,,,,72057695.0,72057695.0
04279040,,,,72057695.0,72057695.0
04279125,,,,72057448.0,72057448.0
04279125,,,,72057448.0,72057448.0
0427912505,,,,72057448.0,72057448.0
0427913008,,,,72057177.0,72057177.0
0427914005,,,,72057448.0,72057448.0
0427915005,,,,72057448.0,72057448.0
0427917005,,,,72057448.0,72057448.0
04279200,,,,72055631.0,72055631.0
04279490,,,,72057646.0,72057646.0
04279490,,,,72057646.0,72057646.0
04280000,,72055853.0,,72055853.0,72055853.0
04280000,,72055853.0,,72055853.0,72055853.0
0428030203,,,,72057134.0,72057134.0
0428032505,,,,72057253.0,72057253.0
0428033005,,,,72057253.0,72057253.0
0428033008,,,,72056090.0,72056090.0
04280350,,,,72056090.0,72056090.0
04280350,,,,72056090.0,72056090.0
0428035103,,,,72055902.0,72055902.0
0428036005,,,,72057363.0,72057363.0
04280380,,,,72057363.0,72057363.0
0428038505,,,,72057305.0,72057305.0
0428039505,,,,72056231.0,72056231.0
0428039508,,,,72055902.0,72055902.0
04280400,,,,72055902.0,72055902.0
0428042005,,,,72056127.0,72056127.0
0428042008,,,,72055848.0,72055848.0
04280425,,,,72055848.0,72055848.0
0428044805,,,,72055848.0,72055848.0
04280450,,,,72055848.0,72055848.0
04280450,,,,72055848.0,72055848.0
0428049005,,,,72055848.0,72055848.0
04280500,,,,72055848.0,72055848.0
0428050203,,,,72055848.0,72055848.0
04280600,,,,72057245.0,72057245.0
0428060105,,,,72057245.0,72057245.0
04280650,,,,72056100.0,72056100.0
04280685,,,,72056322.0,72056322.0
0428068605,,,,72056322.0,72056322.0
0428069403,,,,72056322.0,72056322.0
0428069705,,,,72057331.0,72057331.0
04280698,,,,72057331.0,72057331.0
04280700,,,,72057331.0,72057331.0
0428070205,,,,72057331.0,72057331.0
0428070208,,,,72056062.0,72056062.0
04280740,,,,72055976.0,72055976.0
0428074105,,,,72055976.0,72055976.0
04280746,,,,72057313.0,72057313.0
0428075105,,,,72057313.0,72057313.0
04280755,,,,72055881.0,72055881.0
0428076008,,,,72055651.0,72055651.0
04280768,,,,72055651.0,72055651.0
0428077205,,,,72055651.0,72055651.0
04280773,,,,72055651.0,72055651.0
0428077505,,,,72055631.0,72055631.0
04280800,,,,72052830.0,72052830.0
04280800,,,,72052830.0,72052830.0
04280910,,,,72055783.0,72055783.0
04281480,,,,72056112.0,72056112.0
04281500,,72056112.0,,72056112.0,72056112.0
04281500,,72056112.0,,72056112.0,72056112.0
04282000,,,,72055752.0,72055752.0
04282000,,,,72055752.0,72055752.0
04282200,,,,72052907.0,72052907.0
04282200,,,,72052907.0,72052907.0
04282500,,,,72051184.0,72051184.0
04282500,,,,72051184.0,72051184.0
04282525,,72052071.0,,72052071.0,72052071.0
04282525,,72052071.0,,72052071.0,72052071.0
04282576,,,,72051178.0,72051178.0
04282581,,,,72053175.0,72053175.0
04282586,,,,72053219.0,72053219.0
04282629,,,,72052653.0,72052653.0
04282634,,,,72052653.0,72052653.0
04282636,,,,72052653.0,72052653.0
04282636,,,,72052653.0,72052653.0
04282650,,72052402.0,,72052402.0,72052402.0
04282650,,72052402.0,,72052402.0,72052402.0
04282700,,,,72053488.0,72053488.0
04282780,,72052406.0,,72052406.0,72052406.0
04282780,,72052406.0,,72052406.0,72052406.0
04282795,,72053715.0,,72053715.0,72053715.0
04282795,,72053715.0,,72053715.0,72053715.0
04282800,,,,72053715.0,72053715.0
04282813,,72053715.0,,72053715.0,72053715.0
04282813,,72053715.0,,72053715.0,72053715.0
04283000,,,,72053760.0,72053760.0
04283000,,,,72053760.0,72053760.0
04283381,,,,72053353.0,72053353.0
04283461,,,,72053353.0,72053353.0
04283500,,,,72052717.0,72052717.0
04283500,,,,72052717.0,72052717.0
04284000,,72052717.0,,72052717.0,72052717.0
04284000,,72052717.0,,72052717.0,72052717.0
04284477,,,,72052717.0,72052717.0
04284574,,,,72052465.0,72052465.0
04284750,,,,72052258.0,72052258.0
04284751,,,,72051959.0,72051959.0
04284751,,,,72051959.0,72051959.0
04285000,,,,72052452.0,72052452.0
04285050&04285000,,,,72052452.0,72052452.0
04285500,,72052452.0,,72052452.0,72052452.0
04285500,,72052452.0,,72052452.0,72052452.0
04285800,,,,72052452.0,72052452.0
04285800,,,,72052452.0,72052452.0
04286000,,72051916.0,,72051916.0,72051916.0
04286000,,72051916.0,,72051916.0,72051916.0
04286290,,,,72053346.0,72053346.0
04286408,,,,72053346.0,72053346.0
04286410,,,,72053346.0,72053346.0
04286500,,,,72052732.0,72052732.0
04286500,,,,72052732.0,72052732.0
04286600,,,,72052732.0,72052732.0
04287000,,72052525.0,,72052525.0,72052525.0
04287000,,72052525.0,,72052525.0,72052525.0
04287100,,,,72051890.0,72051890.0
04287101,,,,72051916.0,72051916.0
04287500,,,,72051858.0,72051858.0
04287900,,,,72053256.0,72053256.0
04287948,,,,72052481.0,72052481.0
04287950,,,,72052481.0,72052481.0
04288000,,72052225.0,,72052225.0,72052225.0
04288000,,72052225.0,,72052225.0,72052225.0
04288002,,,,72052225.0,72052225.0
04288010,,,,72051814.0,72051814.0
04288040,,,,72051814.0,72051814.0
04288225,,72054012.0,,72054012.0,72054012.0
04288225,,72054012.0,,72054012.0,72054012.0
04288230,,72054012.0,,,72054012.0
04288250,,,,72054012.0,72054012.0
04288251,,,,72052563.0,72052563.0
04288295,,,,72052563.0,72052563.0
04288350,,,,72052366.0,72052366.0
04288500,,,,72052366.0,72052366.0
04288500,,,,72052366.0,72052366.0
04289000,,72052366.0,,72052366.0,72052366.0
04289000,,72052366.0,,72052366.0,72052366.0
04289002,,,,72052366.0,72052366.0
04289010,,,,72051731.0,72051731.0
04289030,,,,72051706.0,72051706.0
04289489,,,,72053559.0,72053559.0
04289500,,,,72051665.0,72051665.0
04289700,,,,72051665.0,72051665.0
04289880,,,,72053923.0,72053923.0
04289881,,,,72053923.0,72053923.0
04289881,,,,72051665.0,72051665.0
04289900,,,,72051606.0,72051606.0
04290160,,,,72053978.0,72053978.0
04290161,,,,72053978.0,72053978.0
04290200,,,,72051593.0,72051593.0
042903349,,,,72053914.0,72053914.0
04290335,,72053914.0,,72053914.0,72053914.0
04290335,,72053914.0,,72053914.0,72053914.0
04290490,,,,72053852.0,72053852.0
04290491,,,,72053852.0,72053852.0
04290500,,72051593.0,,72051579.0,72051593.0
04290500,,72051593.0,,72051579.0,72051593.0
04290550,,,,72051579.0,72051579.0
04290550,,,,72051579.0,72051579.0
04290560,,,,72051579.0,72051579.0
04290560,,,,72051579.0,72051579.0
04290565,,,,72051579.0,72051579.0
04290575,,,,72054066.0,72054066.0
04290580,,,,72054066.0,72054066.0
04290580,,,,72054066.0,72054066.0
04290610,,,,72054170.0,72054170.0
04290702,,,,72052631.0,72052631.0
04291000,,,,72054253.0,72054253.0
04291000,,,,72054253.0,72054253.0
04291500,,,,72051846.0,72051846.0
04291500,,,,72051846.0,72051846.0
04292000,,72051824.0,,72051824.0,72051824.0
04292000,,72051824.0,,72051824.0,72051824.0
04292100,,,,72052706.0,72052706.0
04292201,,,,72051671.0,72051671.0
04292500,,72051590.0,,72051590.0,72051590.0
04292500,,72051590.0,,72051590.0,72051590.0
04292700,,72054372.0,,72054372.0,72054372.0
04292700,,72054372.0,,72054372.0,72054372.0
04292750,,,,72054427.0,72054427.0
04292770,,72054427.0,,,72054427.0
04292795,,,,72054603.0,72054603.0
04292800,,,,72054603.0,72054603.0
04292810,,72054608.0,,,72054608.0
04293000,,,,72046767.0,72046767.0
04293000,,,,72046767.0,72046767.0
04293200,,,,72046778.0,72046778.0
04293200,,,,72046778.0,72046778.0
04293430,,,,72051437.0,72051437.0
04293430,,,,72051437.0,72051437.0
04293500,,,,72051195.0,72051195.0
04293500,,,,72051195.0,72051195.0
04293600,,,,72052554.0,72052554.0
04293600,,,,72052554.0,72052554.0
04293700,,,,72052664.0,72052664.0
04293700,,,,72052664.0,72052664.0
04293795,,,,72052189.0,72052189.0
04293795,,,,72052189.0,72052189.0
04293900,,,,72054686.0,72054686.0
04293900,,,,72054686.0,72054686.0
04294000,,,,72051177.0,72051177.0
04294000,,,,72051177.0,72051177.0
04294140,,,,72051208.0,72051208.0
04294300,,,,72046756.0,72046756.0
04294300,,,,72046756.0,72046756.0
0429500001&04279085&02OH001,,,,72046279.0,72046279.0
04296000,,72051993.0,72051993.0,72051993.0,72051993.0
04296150,,,,72054450.0,72054450.0
04296280,,,,72052309.0,72052309.0
04296500,,72052251.0,,72052251.0,72052251.0
04296500,,72052251.0,,72052251.0,72052251.0
04AA001,71011597.0,,,71011598.0,71011597.0
04AA002,71011597.0,,,71011597.0,71011597.0
04AA003,71011593.0,,,71011593.0,71011593.0
04AA004,71011590.0,,71011592.0,71011592.0,71011590.0
04AB001,71004422.0,,71004424.0,71004424.0,71004422.0
04AB719,71004412.0,,,71005239.0,71004412.0
04AC001,71011618.0,,,71011618.0,71011618.0
04AC002,71011732.0,,,71011732.0,71011732.0
04AC003,71011732.0,,,,71011732.0
04AC004,71011618.0,,,,71011618.0
04AC004&04AC006,,,,71011618.0,71011618.0
04AC005,71007875.0,,,71007875.0,71007875.0
04AC006,71011618.0,,,,71011618.0
04AC007,71011732.0,,,71011732.0,71011732.0
04AC008,71011986.0,,,71011986.0,71011986.0
04AD002,71007626.0,,71007626.0,71007626.0,71007626.0
04CA001,71016726.0,,,71016584.0,71016726.0
04CA002,71016526.0,,71016528.0,71016528.0,71016526.0
04CA003,71023019.0,,71023019.0,71023019.0,71023019.0
04CA004,71022627.0,,,71022627.0,71022627.0
04CA005,71022629.0,,,71022629.0,71022629.0
04CB001,71016544.0,,71016544.0,71016544.0,71016544.0
04CC001,71007492.0,,,71007493.0,71007492.0
04CC002,71007505.0,,,71007505.0,71007505.0
04CD001,71011604.0,,,71011604.0,71011604.0
04CD002,71012166.0,,,71012240.0,71012166.0
04CE001,71016845.0,,,71016838.0,71016845.0
04CE002,71016838.0,,,71016838.0,71016838.0
04DA001,71021952.0,,71021952.0,71021952.0,71021952.0
04DA002,71016379.0,,,71016379.0,71016379.0
04DA003,71016374.0,,,71016374.0,71016374.0
04DA004,71021558.0,,,71021558.0,71021558.0
04DB001,71017230.0,,71017230.0,71017230.0,71017230.0
04DB002,71017334.0,,,71017334.0,71017334.0
04DB003,71017247.0,,,71017243.0,71017247.0
04DC001,71011386.0,,71011387.0,71011387.0,71011386.0
04DC002,71011810.0,,71011810.0,71011810.0,71011810.0
04EA001,71016787.0,,71016791.0,71016791.0,71016787.0
04ED001,71008069.0,,,71008069.0,71008069.0
04FA001,71027647.0,,71027647.0,71027647.0,71027647.0
04FA002,71028573.0,,,71028573.0,71028573.0
04FA003,71022119.0,,71022119.0,71022119.0,71022119.0
04FB001,71021864.0,,71021864.0,71021864.0,71021864.0
04FB002,71021877.0,,,71021874.0,71021877.0
04FC001,71016535.0,,71016535.0,71016535.0,71016535.0
04FC002,71021752.0,,,71021752.0,71021752.0
04FC003,71022612.0,,,71022612.0,71022612.0
04GA001,,,,71027636.0,71027636.0
04GA002,71027932.0,,71027932.0,71027932.0,71027932.0
04GA003,71027773.0,,,71027773.0,71027773.0
04GA004,,,,71027646.0,71027646.0
04GB001,71034212.0,,,,71034212.0
04GB002,71034212.0,,,,71034212.0
04GB003,71034212.0,,,,71034212.0
04GB004,71034239.0,,71034244.0,71034244.0,71034239.0
04GB005,71040396.0,,71040396.0,71040396.0,71040396.0
04GC001,71028693.0,,,71028693.0,71028693.0
04GC002,71027610.0,,,71027610.0,71027610.0
04GD001,71027552.0,,,71027552.0,71027552.0
04GD002,71027871.0,,,71027871.0,71027871.0
04GF001,71027997.0,,,71028010.0,71027997.0
04HA001,71027403.0,,,71027403.0,71027403.0
04HA002,71027391.0,,,71027391.0,71027391.0
04HA003,71028487.0,,,71028493.0,71028487.0
04JA001,71039510.0,,,71039510.0,71039510.0
04JA002,71039510.0,,,71039510.0,71039510.0
04JC001,71040160.0,,,71040168.0,71040160.0
04JC002,71040160.0,,71040168.0,71040160.0,71040160.0
04JC003,71039597.0,,,71039597.0,71039597.0
04JD001,71039494.0,,,71040254.0,71039494.0
04JD002,71039494.0,,,71039494.0,71039494.0
04JD003,71039494.0,,,72032617.0,71039494.0
04JD005,71040185.0,,71040195.0,71040185.0,71040185.0
04JD006,71040367.0,,,71040312.0,71040367.0
04JF001,71033877.0,,71033879.0,71033877.0,71033877.0
04JG001,71033723.0,,,71033723.0,71033723.0
04KA001,71027938.0,,71027938.0,71027938.0,71027938.0
04KA002,71029793.0,,,71031280.0,71029793.0
04LA001,71043992.0,,,71043992.0,71043992.0
04LA002,71043999.0,,,71043999.0,71043999.0
04LA003,71044281.0,,,71044281.0,71044281.0
04LA004,71045012.0,,,71045012.0,71045012.0
04LA005,71047261.0,,,71047261.0,71047261.0
04LA006,71047871.0,,,71047871.0,71047871.0
04LB001,71039645.0,,,71039645.0,71039645.0
04LB002,71043987.0,,,71043987.0,71043987.0
04LC001,71044119.0,,,71044119.0,71044119.0
04LC002,71043889.0,,,71043889.0,71043889.0
04LC003,71043880.0,,,71043880.0,71043880.0
04LD001,71039452.0,,,71039452.0,71039452.0
04LE002,71047401.0,,,71047401.0,71047401.0
04LF001,71039527.0,,,71039532.0,71039527.0
04LG001,71033651.0,,,71033651.0,71033651.0
04LG002,71033624.0,,,71033624.0,71033624.0
04LG003,71033651.0,,,71033651.0,71033651.0
04LG004,71033624.0,,,71033624.0,71033624.0
04LG005,71033644.0,,,71033644.0,71033644.0
04LJ001,71039779.0,,71039779.0,71039779.0,71039779.0
04LK001,71040244.0,,,71040244.0,71040244.0
04LM001,71034041.0,,71034041.0,71034041.0,71034041.0
04MA001,71044618.0,,,,71044618.0
04MA003,71044312.0,,,71044312.0,71044312.0
04MA004,71044312.0,,,71044312.0,71044312.0
04MA005,72035875.0,,,72035875.0,72035875.0
04MA006,71045300.0,,,,71045300.0
04MA006&04MA007,,,,71045300.0,71045300.0
04MA007,71046491.0,,,,71046491.0
04MB002,71044860.0,,,71044860.0,71044860.0
04MB003,71045181.0,,,71045181.0,71045181.0
04MB004,71045074.0,,,71045074.0,71045074.0
04MB005,71045181.0,,,71045181.0,71045181.0
04MC001,71044146.0,,,71044147.0,71044146.0
04MC002,71044150.0,,,71044150.0,71044150.0
04MD001,71039762.0,,,71039762.0,71039762.0
04MD002,71044053.0,,,71044053.0,71044053.0
04MD003,71044065.0,,,71044065.0,71044065.0
04MD004,71044935.0,,71044935.0,71044935.0,71044935.0
04MD005,71045428.0,,,71045428.0,71045428.0
04ME001,71039705.0,,,71039705.0,71039705.0
04ME002,71034012.0,,,71034012.0,71034012.0
04ME003,71033954.0,,,71033962.0,71033954.0
04ME004,71033975.0,,,71034001.0,71033975.0
04ME005,71034554.0,,,71040533.0,71034554.0
04MF001,71027904.0,,71027904.0,71027904.0,71027904.0
04NA001,72035167.0,,72035185.0,72035185.0,72035167.0
04NA002,72035167.0,,,72035185.0,72035167.0
04NA003,72029997.0,,,72029997.0,72029997.0
04NA005,72035789.0,,,,72035789.0
04NB001,72030229.0,,,72030229.0,72030229.0
05010000,,,,71040035.0,71040035.0
05010000,,,,71040035.0,71040035.0
05010500,,,,71040064.0,71040064.0
05010500,,,,71040064.0,71040064.0
05011500,,,,71045205.0,71045205.0
05012000,,,,71045205.0,71045205.0
05012000,,,,71045205.0,71045205.0
05012500,,,,71047003.0,71047003.0
05012500,,,,71047003.0,71047003.0
05013500&05013600&05AE035,,,,71045073.0,71045073.0
05013700,,,,71044879.0,71044879.0
05014000,,71046614.0,,,71046614.0
05014300,,71046658.0,,71046658.0,71046658.0
05014300,,71046658.0,,71046658.0,71046658.0
05014500,,71045424.0,,71045424.0,71045424.0
05014500&05AE032,,,,71045424.0,71045424.0
05015000,,,,71045424.0,71045424.0
05015000,,,,71045424.0,71045424.0
05015500,,,,71045424.0,71045424.0
05016000,,,,71045424.0,71045424.0
05016000,,,,71045424.0,71045424.0
05016400,,,,71045014.0,71045014.0
05016500,,,,71045014.0,71045014.0
05016500,,,,71045014.0,71045014.0
05017500,,71044879.0,,,71044879.0
05019500,,,,71044879.0,71044879.0
05019500,,,,71044857.0,71044857.0
05020000,,,,71045147.0,71045147.0
05020000,,,,71045147.0,71045147.0
05029501,,,,71048433.0,71048433.0
05030000,,,,71048431.0,71048431.0
05030000,,,,71048431.0,71048431.0
05030140,,,,71048425.0,71048425.0
05030150,,,,71048425.0,71048425.0
05030150,,,,71048425.0,71048425.0
05030181,,,,71048425.0,71048425.0
05030255,,,,71048511.0,71048511.0
05030260,,,,71048511.0,71048511.0
05030300,,,,71048417.0,71048417.0
05030401,,,,71048412.0,71048412.0
05030500,,,,71048407.0,71048407.0
05030500,,,,71048407.0,71048407.0
05033800,,,,71048819.0,71048819.0
05033810,,,,71048819.0,71048819.0
05033960,,,,71048784.0,71048784.0
05040000,,,,71048496.0,71048496.0
05040500,,71048459.0,,71048459.0,71048459.0
05040500,,71048459.0,,71048459.0,71048459.0
05045500,,,,71048405.0,71048405.0
05045950,,,,71048405.0,71048405.0
05045950,,,,71048405.0,71048405.0
05046000,,,,71048405.0,71048405.0
05046000,,,,71048405.0,71048405.0
05046250,,,,71048404.0,71048404.0
05046500,,,,71048403.0,71048403.0
05046900,,,,71048856.0,71048856.0
05047490,,,,71048868.0,71048868.0
05047500,,,,71048847.0,71048847.0
05047850,,,,71048871.0,71048871.0
05047900,,,,71048867.0,71048867.0
05047950,,,,71048866.0,71048866.0
05047960,,,,71048883.0,71048883.0
05047980,,,,71048866.0,71048866.0
05048000,,,,71048847.0,71048847.0
05049000,,,,71048844.0,71048844.0
05049000,,,,71048844.0,71048844.0
05049200,,,,71048865.0,71048865.0
05049710,,,,71048841.0,71048841.0
05050000,,,,71048839.0,71048839.0
05050500,,,,71048399.0,71048399.0
05050500,,,,71048400.0,71048400.0
05050700,,,,71048611.0,71048611.0
05050800,,,,71048508.0,71048508.0
05050900,,,,71048397.0,71048397.0
05051000,,,,71048396.0,71048396.0
05051000,,,,71048396.0,71048396.0
05051300,,,,71048393.0,71048393.0
05051300,,,,71048393.0,71048393.0
05051350,,,,71048587.0,71048587.0
05051500,,,,71048391.0,71048391.0
05051510,,,,71048388.0,71048388.0
05051520,,,,71048490.0,71048490.0
05051522,,,,71048386.0,71048386.0
05051522,,,,71048386.0,71048386.0
05051525,,,,71048513.0,71048513.0
05051600,,,,71048335.0,71048335.0
05051600,,,,71048596.0,71048596.0
05051650,,,,71048935.0,71048935.0
05051700,,,,71048330.0,71048330.0
05051700,,,,71048330.0,71048330.0
05051900,,,,71048326.0,71048326.0
05052000,,,,71048326.0,71048326.0
05052000,,,,71048326.0,71048326.0
05052100,,,,71048595.0,71048595.0
05052100,,,,71048595.0,71048595.0
05052500,,71048468.0,,71048468.0,71048468.0
05052500,,71048468.0,,71048468.0,71048468.0
05053000,,,,71048319.0,71048319.0
05053000,,,,71048319.0,71048319.0
05053800,,,,71048312.0,71048312.0
05054000,,,,71048311.0,71048311.0
05054000,,,,71048311.0,71048311.0
05054020,,,,71048310.0,71048310.0
05054500,,,,71047319.0,71047319.0
05054500,,,,71047319.0,71047319.0
05055000,,,,71047258.0,71047258.0
05055000,,,,71047258.0,71047258.0
05055100,,,,71047128.0,71047128.0
05055100,,,,71047128.0,71047128.0
05055200,,,,71047147.0,71047147.0
05055200,,,,71047147.0,71047147.0
05055300,,,,71047115.0,71047115.0
05055300,,,,71047114.0,71047114.0
05055400,,,,71047111.0,71047111.0
05055400,,,,71047112.0,71047112.0
05055500,,,,71047109.0,71047109.0
05055500,,,,71047108.0,71047108.0
05055520,,,,71048216.0,71048216.0
05055520,,,,71048216.0,71048216.0
05056000,,,,71047102.0,71047102.0
05056000,,,,71047101.0,71047101.0
05056017,,,,71046594.0,71046594.0
05056060,,,,71044741.0,71044741.0
05056080,,,,71045198.0,71045198.0
05056085,,,,71045198.0,71045198.0
05056085,,,,71045198.0,71045198.0
05056100,,71044759.0,,71044759.0,71044759.0
05056100,,71044759.0,,71044759.0,71044759.0
05056200,,71044674.0,,71044674.0,71044674.0
05056200,,71044674.0,,71044674.0,71044674.0
05056215,,,,71045752.0,71045752.0
05056220,,,,71044543.0,71044543.0
05056222,,,,71044543.0,71044543.0
05056225,,,,71044543.0,71044543.0
05056225,,,,71044543.0,71044543.0
05056239,,,,71044651.0,71044651.0
05056239,,,,71044651.0,71044651.0
05056241,,,,71044521.0,71044521.0
05056247,,,,71044894.0,71044894.0
05056247,,,,71044894.0,71044894.0
05056250,,,,71044508.0,71044508.0
05056255,,,,71045152.0,71045152.0
05056260,,,,71044505.0,71044505.0
05056270,,,,71044505.0,71044505.0
05056300,,,,71044595.0,71044595.0
05056340,,,,71044571.0,71044571.0
05056390,,,,71044544.0,71044544.0
05056400,,,,71044503.0,71044503.0
05056403,,,,71045083.0,71045083.0
05056410,,,,71045645.0,71045645.0
05056500&480129098534900,,,,71047131.0,71047131.0
05056770,,,,71047091.0,71047091.0
05056900,,,,71047829.0,71047829.0
05057000,,,,71047086.0,71047086.0
05057000,,,,71047086.0,71047086.0
05057100,,,,71047876.0,71047876.0
05057200,,,,71047224.0,71047224.0
05057200,,,,71047232.0,71047232.0
05057500,,,,71047080.0,71047080.0
05057500&470203098043000&471847097594200&471416097585500&471100097582800&470846098014100&470540098011400&470214098044300,,,,71047079.0,71047079.0
05058000,,,,71047080.0,71047080.0
05058500,,,,71048376.0,71048376.0
05058500,,,,71048374.0,71048374.0
05058600,,,,71048358.0,71048358.0
05058600,,,,71048364.0,71048364.0
05058650,,,,71048357.0,71048357.0
05058700,,,,71048355.0,71048355.0
05058700,,,,71048356.0,71048356.0
05059000,,,,71048344.0,71048344.0
05059000,,,,71048343.0,71048343.0
05059300,,,,71048344.0,71048344.0
05059300,,,,71048756.0,71048756.0
05059400,,,,71048344.0,71048344.0
05059400,,,,71048344.0,71048344.0
05059500,,,,71048344.0,71048344.0
05059500,,,,71048344.0,71048344.0
05059600,,71047797.0,,71047797.0,71047797.0
05059600,,71047797.0,,71047797.0,71047797.0
05059700,,71048426.0,,71048426.0,71048426.0
05059700,,71048426.0,,71048426.0,71048426.0
05059715,,71048424.0,,,71048424.0
05059800,,,,71048378.0,71048378.0
05059850,,,,71048832.0,71048832.0
05059900,,,,71048375.0,71048375.0
05059950,,,,71048375.0,71048375.0
05060000,,71048366.0,,71048366.0,71048366.0
05060000,,71048366.0,,71048366.0,71048366.0
05060100,,71048366.0,,71048366.0,71048366.0
05060100,,71048366.0,,71048366.0,71048366.0
05060470,,,,71047719.0,71047719.0
05060500,,71047490.0,,71047490.0,71047490.0
05060500,,71047490.0,,71047490.0,71047490.0
05060510,,,,71048450.0,71048450.0
05060550,,,,71048450.0,71048450.0
05060550,,,,71048450.0,71048450.0
05060570,,,,71048827.0,71048827.0
05060570,,,,71048827.0,71048827.0
05060600,,,,71047071.0,71047071.0
05060800,,,,71048383.0,71048383.0
05060820,,,,71048383.0,71048383.0
05061000,,71048370.0,,71048370.0,71048370.0
05061000,,71048370.0,,71048370.0,71048370.0
05061080,,,,71048533.0,71048533.0
05061100,,,,71048494.0,71048494.0
05061200,,,,71048531.0,71048531.0
05061200,,,,71048531.0,71048531.0
05061400,,,,71048768.0,71048768.0
05061490,,,,71048479.0,71048479.0
05061500,,71048466.0,,71048466.0,71048466.0
05061500,,71048466.0,,71048466.0,71048466.0
05062000,,71048359.0,,71048359.0,71048359.0
05062000,,71048359.0,,71048359.0,71048359.0
05062200,,,,71047373.0,71047373.0
05062200,,,,71047373.0,71047373.0
05062280,,,,71047811.0,71047811.0
05062335,,,,71047352.0,71047352.0
05062435,,,,71047341.0,71047341.0
05062440,,,,71047235.0,71047235.0
05062465,,,,71047348.0,71047348.0
05062470,,,,71047763.0,71047763.0
05062500,,,,71047203.0,71047203.0
05062500,,,,71047203.0,71047203.0
05062650,,,,71047543.0,71047543.0
05062700,,,,71047196.0,71047196.0
05062800,,,,71047511.0,71047511.0
05062900,,,,71047191.0,71047191.0
05063000,,,,71047742.0,71047742.0
05063200,,,,71047693.0,71047693.0
05063220,,,,71047614.0,71047614.0
05063398,,71047357.0,,71047357.0,71047357.0
05063398,,71047357.0,,71047357.0,71047357.0
05063400,,,,71047357.0,71047357.0
05063500,,,,71047260.0,71047260.0
05063500,,,,71047260.0,71047260.0
05063800,,,,71047670.0,71047670.0
05064000,,,,71047230.0,71047230.0
05064500,,,,71047021.0,71047021.0
05064500,,,,71047021.0,71047021.0
05064900,,71047502.0,,71047502.0,71047502.0
05064900,,71047502.0,,71047502.0,71047502.0
05065000,,,,71047502.0,71047502.0
05065500,,71047226.0,,71047226.0,71047226.0
05065500,,71047226.0,,71047226.0,71047226.0
05065700,,,,71047984.0,71047984.0
05065800,,,,71047652.0,71047652.0
05065810,,,,71047652.0,71047652.0
05066000,,,,71047218.0,71047218.0
05066500,,71047184.0,,71047190.0,71047184.0
05066500,,71047184.0,,71047190.0,71047184.0
05067500,,,,71047171.0,71047171.0
05067900,,,,71047271.0,71047271.0
05068000,,,,71047895.0,71047895.0
05069000,,71047193.0,,71047193.0,71047193.0
05069000,,71047193.0,,71047193.0,71047193.0
05070000,,,,71047010.0,71047010.0
05070000,,,,71047010.0,71047010.0
05073530,,,,71044305.0,71044305.0
05073560,,,,71044445.0,71044445.0
05073630,,,,71047591.0,71047591.0
05073750,,,,71048094.0,71048094.0
05073770,,,,71047402.0,71047402.0
05073790,,,,71048145.0,71048145.0
05073870,,,,71047983.0,71047983.0
05073870,,,,71047983.0,71047983.0
05073900,,,,71048082.0,71048082.0
05073900,,,,71048082.0,71048082.0
05073980,,,,71047600.0,71047600.0
05073980,,,,71047600.0,71047600.0
05074000,,,,71047054.0,71047054.0
05074000&05074500,,,,71047053.0,71047053.0
05074500,,,,71047054.0,71047054.0
05075000,,,,71043912.0,71043912.0
05075000,,,,71043913.0,71043913.0
05075500,,,,71044731.0,71044731.0
05075700,,,,71044951.0,71044951.0
05076000,,71044540.0,,71044540.0,71044540.0
05076000,,71044540.0,,71044540.0,71044540.0
05076500,,,,71043909.0,71043909.0
05076500,,,,71043910.0,71043910.0
05077000,,,,71047331.0,71047331.0
05077000,,,,71047331.0,71047331.0
05077500,,,,71047331.0,71047331.0
05077500,,,,71047331.0,71047331.0
05077600,,,,71047266.0,71047266.0
05077600,,,,71047266.0,71047266.0
05077700,,,,71047925.0,71047925.0
05077700,,,,71047925.0,71047925.0
05077850,,,,71047211.0,71047211.0
05077850,,,,71047211.0,71047211.0
05078000,,,,71047186.0,71047186.0
05078000,,,,71047186.0,71047186.0
05078100,,,,71047909.0,71047909.0
05078180,,,,71047944.0,71047944.0
05078200,,,,71047944.0,71047944.0
05078230,,71047255.0,,71047255.0,71047255.0
05078230,,71047255.0,,71047255.0,71047255.0
05078340,,,,71047327.0,71047327.0
05078380,,,,71048042.0,71048042.0
05078400,,,,71048177.0,71048177.0
05078470,,,,71048026.0,71048026.0
05078490,,,,71047308.0,71047308.0
05078500,,,,71047172.0,71047172.0
05078500,,,,71047172.0,71047172.0
05078520,,,,71048116.0,71048116.0
05078720,,,,71047965.0,71047965.0
05078730,,,,71047965.0,71047965.0
05078770,,,,71048071.0,71048071.0
05079000,,,,71047036.0,71047036.0
05079000,,,,71047036.0,71047036.0
05079200,,,,71047936.0,71047936.0
05079250,,,,71047905.0,71047905.0
05079900,,,,71047464.0,71047464.0
05079901,,,,71048034.0,71048034.0
05080000,,,,71047034.0,71047034.0
05080000,,,,71047033.0,71047033.0
05082200,,,,71047288.0,71047288.0
05082500,,,,71047007.0,71047007.0
05082500,,,,71047007.0,71047007.0
05082510,,,,71047007.0,71047007.0
05082510,,,,71047007.0,71047007.0
05082600,,,,71048258.0,71048258.0
05082610,,,,71044334.0,71044334.0
05082625,,71047046.0,,71047046.0,71047046.0
05082625,,71047046.0,,71047046.0,71047046.0
05082680,,,,71048181.0,71048181.0
05082700,,,,71047473.0,71047473.0
05082900,,,,71048155.0,71048155.0
05083000,,71043882.0,,71043890.0,71043882.0
05083000,,71043882.0,,71043890.0,71043882.0
05083500,,,,71043799.0,71043799.0
05083500,,,,71043798.0,71043798.0
05083580,,,,71046101.0,71046101.0
05083600,,71046101.0,,71046101.0,71046101.0
05083600,,71046101.0,,71046101.0,71046101.0
05084000,,71044555.0,,71044555.0,71044555.0
05084000,,71044555.0,,71044630.0,71044555.0
05084500,,,,71044555.0,71044555.0
05085000,,71044524.0,,71044524.0,71044524.0
05085000,,71044524.0,,71044524.0,71044524.0
05085420,,,,71045163.0,71045163.0
05085450,,71044814.0,,71044814.0,71044814.0
05085450,,71044814.0,,71044814.0,71044814.0
05085500,,,,71044814.0,71044814.0
05085900,,,,71044713.0,71044713.0
05085900,,,,71044713.0,71044713.0
05086000,,,,71044713.0,71044713.0
05086000,,,,71044713.0,71044713.0
05086500,,,,71044559.0,71044559.0
05086900,,,,71045024.0,71045024.0
05087000,,,,71044788.0,71044788.0
05087500,,71044653.0,71044653.0,71044653.0,71044653.0
05087500,,71044653.0,71044653.0,71044653.0,71044653.0
05088000,,,,71045964.0,71045964.0
05088000,,,,71044736.0,71044736.0
05088500,,,,71044658.0,71044658.0
05089000,,71044658.0,,71044658.0,71044658.0
05089000,,71044658.0,,71044658.0,71044658.0
05089100,,,,71046278.0,71046278.0
05089100,,,,71046278.0,71046278.0
05089130,,,,71045043.0,71045043.0
05089200,,,,71045206.0,71045206.0
05089250,,,,71045206.0,71045206.0
05089500,,71046445.0,,71046445.0,71046445.0
05089500,,71046445.0,,71046445.0,71046445.0
05089700,,,,71045097.0,71045097.0
05089950,,,,71044669.0,71044669.0
05090000,,71044538.0,,71044538.0,71044538.0
05090000,,71044538.0,,71044538.0,71044538.0
05090025,,,,71046488.0,71046488.0
05090500,,,,71044806.0,71044806.0
05091000,,,,71044586.0,71044586.0
05091500,,,,71045060.0,71045060.0
05092000,,,,71043792.0,71043792.0
05092000,,,,71043791.0,71043791.0
05092200,,,,71044992.0,71044992.0
05092200,,,,71044992.0,71044992.0
05092500,,,,71044921.0,71044921.0
05093000,,,,71044730.0,71044730.0
05093000,,,,71044730.0,71044730.0
05094000,,71044632.0,,71044593.0,71044632.0
05094000,,71044632.0,,71044593.0,71044632.0
05095000,,,,71044534.0,71044534.0
05095000,,,,71044534.0,71044534.0
05095500,,,,71044534.0,71044534.0
05095500,,,,71044534.0,71044534.0
05096000,,,,71046883.0,71046883.0
05096000,,,,71046883.0,71046883.0
05096500,,,,71046807.0,71046807.0
05097000,,,,71044870.0,71044870.0
05097500,,,,71044655.0,71044655.0
05097500,,,,71044655.0,71044655.0
05098000,,,,71044519.0,71044519.0
05098700,,71046943.0,,71046943.0,71046943.0
05098700,,71046943.0,,71046943.0,71046943.0
05098800,,71046796.0,,71046796.0,71046796.0
05098820,,,,71046796.0,71046796.0
05098820,,,,71046796.0,71046796.0
05099340,,,,71046480.0,71046480.0
05099380,,,,71043973.0,71043973.0
05099400,,71044805.0,,71044805.0,71044805.0
05099400,,71044805.0,,71044805.0,71044805.0
05099500,,,,71043970.0,71043970.0
05099600,,,,71043970.0,71043970.0
05099600,,,,71043970.0,71043970.0
05100000,,,,71043968.0,71043968.0
05100000,,,,71043968.0,71043968.0
05100450,,,,71046580.0,71046580.0
05100500,,71046629.0,,71046629.0,71046629.0
05100500,,71046629.0,,71046629.0,71046629.0
05101000,,71044742.0,,71044742.0,71044742.0
05101000,,71044742.0,,71044742.0,71044742.0
05101500,,,,71044742.0,71044742.0
05101500,,,,71044742.0,71044742.0
05102000,,,,71046784.0,71046784.0
05102490,,,,71039326.0,71039326.0
05102490,,,,71039326.0,71039326.0
05102900,,,,71044962.0,71044962.0
05103000,,,,71044710.0,71044710.0
05103000,,,,71044710.0,71044710.0
05104000,,,,71044717.0,71044717.0
05104000,,,,71044710.0,71044710.0
05104500,,71044676.0,,71044679.0,71044676.0
05104500,,71044676.0,,71044676.0,71044676.0
05105000,,,,71044668.0,71044668.0
05105200,,,,71045142.0,71045142.0
05105300,,,,71044668.0,71044668.0
05105500,,,,71044627.0,71044627.0
05106000,,,,71044464.0,71044464.0
05106000,,,,71044464.0,71044464.0
05106500,,,,71044317.0,71044317.0
05106500,,,,71044329.0,71044329.0
05107000,,,,71046946.0,71046946.0
05107500,,,,71044309.0,71044309.0
05107500,,,,71044309.0,71044309.0
05112000,,,,71039472.0,71039472.0
05112000,,,,71039472.0,71039472.0
05112500,,,,71039472.0,71039472.0
05112500,,,,71039472.0,71039472.0
05113450,,,,71046896.0,71046896.0
05113470,,,,71046896.0,71046896.0
05113500,,,,71044124.0,71044124.0
05113500,,,,71044124.0,71044124.0
05113600,,,,71039763.0,71039763.0
05113600,,,,71039763.0,71039763.0
05113700,,,,71040034.0,71040034.0
05113750,,,,71040020.0,71040020.0
05113750,,,,71040020.0,71040020.0
05114000,,,,71043961.0,71043961.0
05114000,,,,71043961.0,71043961.0
05115500,,,,71043945.0,71043945.0
05116000,,,,71043945.0,71043945.0
05116000,,,,71043945.0,71043945.0
05116135,,,,71046344.0,71046344.0
05116150,,,,71044278.0,71044278.0
05116150,,,,71044278.0,71044278.0
05116500,,,,71044189.0,71044189.0
05116500,,,,71044189.0,71044189.0
05116550,,,,71044189.0,71044189.0
05117500,,,,71043944.0,71043944.0
05117500,,,,71043944.0,71043944.0
05117600,,,,71043943.0,71043943.0
05117700,,,,71043943.0,71043943.0
05119410,,,,71044013.0,71044013.0
05120000,,,,71043933.0,71043933.0
05120000,,,,71043933.0,71043933.0
05120200,,,,71047496.0,71047496.0
05120200,,,,71047471.0,71047471.0
05120500,,,,71044005.0,71044005.0
05120500,,,,71044005.0,71044005.0
05121500,,,,71043929.0,71043929.0
05122000,,,,71043925.0,71043925.0
05122000,,,,71043925.0,71043925.0
05122500,,,,71044320.0,71044320.0
05122500,,,,71044284.0,71044284.0
05123000,,,,71044391.0,71044391.0
05123100,,,,71044391.0,71044391.0
05123100&05NF804,,,,71044391.0,71044391.0
05123400,,71044198.0,71044206.0,71044206.0,71044198.0
05123400,,71044198.0,71044206.0,71044206.0,71044198.0
05123500,,,,71044231.0,71044231.0
05123510,,,,71044051.0,71044051.0
05123510,,,,71044051.0,71044051.0
05123520,,,,71046212.0,71046212.0
05123540,,,,71045094.0,71045094.0
05123560,,,,71046015.0,71046015.0
05123580,,,,71045094.0,71045094.0
05123600,,71044659.0,,71044659.0,71044659.0
05123700,,71044626.0,,71044626.0,71044626.0
05123700,,71044626.0,,71044626.0,71044626.0
05123750,,,,71044547.0,71044547.0
05123750,,,,71044547.0,71044547.0
05123900,,,,71043887.0,71043887.0
05123900,,,,71043887.0,71043887.0
05123990,,,,71043865.0,71043865.0
05124000,,,,71043865.0,71043865.0
05124000,,,,71043865.0,71043865.0
05124480,,71047286.0,,71047286.0,71047286.0
05124480,,71047286.0,,71047286.0,71047286.0
05124497,,,,71047921.0,71047921.0
05124500,,,,71047318.0,71047318.0
05124900,,,,71047291.0,71047291.0
05124982,,,,71048137.0,71048137.0
05124990,,,,71048137.0,71048137.0
05124990,,,,71048137.0,71048137.0
05125039,,,,71048065.0,71048065.0
05125040,,,,71048065.0,71048065.0
05125400,,,,71047567.0,71047567.0
05125450,,,,71047640.0,71047640.0
05125500,,,,71047387.0,71047387.0
05125500,,,,71047387.0,71047387.0
05125550,,,,71047339.0,71047339.0
05125550,,,,71047339.0,71047339.0
05125620,,,,71048050.0,71048050.0
05125650,,,,71047306.0,71047306.0
05125730,,,,71047460.0,71047460.0
05126000,,,,71047654.0,71047654.0
05126000,,,,71047654.0,71047654.0
05126210,,,,71047223.0,71047223.0
05126210,,,,71047223.0,71047223.0
05126500,,,,71047468.0,71047468.0
05126500,,,,71047468.0,71047468.0
05127000,,71044419.0,,71047207.0,71044419.0
05127000,,71044419.0,,71047207.0,71044419.0
05127205,,,,71047602.0,71047602.0
05127205,,,,71047602.0,71047602.0
05127210,,,,71048227.0,71048227.0
05127210,,,,71048227.0,71048227.0
05127215,,,,71048227.0,71048227.0
05127215,,,,71048227.0,71048227.0
05127230,,,,71047449.0,71047449.0
05127230,,,,71047449.0,71047449.0
05127250,,,,71044419.0,71044419.0
05127500,,71044359.0,,,71044359.0
05127500&05PA012,,,,71044086.0,71044086.0
05128340,,,,71047851.0,71047851.0
05128340,,,,71047851.0,71047851.0
05128400,,,,71047899.0,71047899.0
05128500,,,,71047466.0,71047466.0
05128500,,,,71047466.0,71047466.0
05129000,,71047225.0,,71047225.0,71047225.0
05129000,,71047225.0,,71047225.0,71047225.0
05129105,,,,71044109.0,71044109.0
05129115,,71044075.0,71044075.0,71044075.0,71044075.0
05129115,,71044075.0,71044075.0,71044075.0,71044075.0
05129150,,,,71044428.0,71044428.0
05129280,,,,71045280.0,71045280.0
05129380,,,,71044926.0,71044926.0
05129390,,,,71045908.0,71045908.0
05129650,,,,71047594.0,71047594.0
05129690,,,,71047556.0,71047556.0
05129710,,,,71047959.0,71047959.0
05129900,,,,71047374.0,71047374.0
05129903,,,,71047374.0,71047374.0
05129906,,,,71048204.0,71048204.0
05129908,,,,71047632.0,71047632.0
05129915,,,,71047273.0,71047273.0
05129920,,,,71047273.0,71047273.0
05130300,,,,71047875.0,71047875.0
05130500,,,,71047423.0,71047423.0
05130500,,,,71047423.0,71047423.0
05131000,,71047903.0,,71047903.0,71047903.0
05131000,,71047903.0,,71047903.0,71047903.0
05131010,,,,71047903.0,71047903.0
05131100,,,,71048013.0,71048013.0
05131190,,,,71047297.0,71047297.0
05131305,,,,71048090.0,71048090.0
05131310,,,,71047389.0,71047389.0
05131320,,,,71047287.0,71047287.0
051313204,,,,71047231.0,71047231.0
05131321,,,,71048271.0,71048271.0
051313215,,,,71047554.0,71047554.0
05131323,,,,71047212.0,71047212.0
051313235,,,,71048256.0,71048256.0
05131324,,,,71047561.0,71047561.0
05131325,,,,71047486.0,71047486.0
05131345,,,,71045542.0,71045542.0
05131350,,,,71044097.0,71044097.0
05131385,,,,71045638.0,71045638.0
05131400,,,,71044091.0,71044091.0
05131405,,,,71045640.0,71045640.0
05131448,,,,71045712.0,71045712.0
05131455,,,,71044999.0,71044999.0
05131455,,,,71044999.0,71044999.0
05131470,,,,71044728.0,71044728.0
05131475,,,,71044728.0,71044728.0
05131483,,,,71045775.0,71045775.0
05131485,,,,71044072.0,71044072.0
05131490,,,,71045236.0,71045236.0
05131500,,,,71044056.0,71044056.0
05131500,,,,71044056.0,71044056.0
05131510,,,,71045087.0,71045087.0
05131730,,,,71047300.0,71047300.0
05131750,,,,71047249.0,71047249.0
05131760,,,,71047487.0,71047487.0
05131770,,,,71047951.0,71047951.0
05131870,,,,71047185.0,71047185.0
05131878,,,,71048187.0,71048187.0
05131880,,,,71047185.0,71047185.0
05131900,,,,71047376.0,71047376.0
05132000,,,,71044296.0,71044296.0
05132000,,,,71044296.0,71044296.0
05132200,,,,71044307.0,71044307.0
05132400,,,,71044883.0,71044883.0
05132900,,,,71044678.0,71044678.0
05133200,,,,71044971.0,71044971.0
05133500,,,,71043819.0,71043819.0
05133500,,,,71043819.0,71043819.0
05134100,,,,71045115.0,71045115.0
05134200,,,,71044607.0,71044607.0
05134200,,,,71044607.0,71044607.0
05135000,,,,71044911.0,71044911.0
05135100,,,,71044536.0,71044536.0
05136000,,,,71046309.0,71046309.0
05137000,,,,71044822.0,71044822.0
05137500,,,,71043808.0,71043808.0
05138000,,,,71046686.0,71046686.0
05139500,,71044779.0,,71044779.0,71044779.0
05139500,,71044779.0,,71046710.0,71044779.0
05140000,,,,71046710.0,71046710.0
05140000,,,,71046710.0,71046710.0
05140500,,,,71045167.0,71045167.0
05140515,,,,71044737.0,71044737.0
0522A1,,,,72047180.0,72047180.0
05527800,,,,72058091.0,72058091.0
05527840,,,,72058091.0,72058091.0
05527870,,,,72059348.0,72059348.0
05527900,,,,72058113.0,72058113.0
05527905,,,,72058113.0,72058113.0
05527910,,,,72058113.0,72058113.0
05527950,,,,72058031.0,72058031.0
05528000,,,,72058014.0,72058014.0
05528150,,,,72059261.0,72059261.0
05528230,,,,72059261.0,72059261.0
05528400,,,,72057977.0,72057977.0
05529000,,,,72057971.0,72057971.0
05529500,,72059153.0,,72059153.0,72059153.0
05530000,,72059128.0,,,72059128.0
05530480,,,,72059090.0,72059090.0
05530500,,,,72059090.0,72059090.0
05530600,,,,72057960.0,72057960.0
05530700,,,,72057960.0,72057960.0
05530800,,,,72057960.0,72057960.0
05530960,,,,72059143.0,72059143.0
05530990,,,,72058606.0,72058606.0
05531000,,,,72058606.0,72058606.0
05531015,,,,72058606.0,72058606.0
05531044,,,,72058538.0,72058538.0
05531050,,,,72058538.0,72058538.0
05531130,,,,72059064.0,72059064.0
05531175,,,,72058467.0,72058467.0
05531200,,,,72058467.0,72058467.0
05531300,,,,72058467.0,72058467.0
05531380,,,,72058467.0,72058467.0
05531410,,,,72058467.0,72058467.0
05531500,,,,72058467.0,72058467.0
05532000,,72059024.0,,72059024.0,72059024.0
05532300,,,,72058269.0,72058269.0
05532500,,,,72057953.0,72057953.0
05533000,,,,72058949.0,72058949.0
05533400,,,,72058915.0,72058915.0
05534300,,,,72059280.0,72059280.0
05534400,,,,72059280.0,72059280.0
05534500,,72059280.0,,72059280.0,72059280.0
05534600,,,,72059280.0,72059280.0
05535000,,72059283.0,,72059283.0,72059283.0
05535070,,72059283.0,,72059283.0,72059283.0
05535150,,,,72059283.0,72059283.0
05535200,,,,72058384.0,72058384.0
05535500,,72059198.0,,72059198.0,72059198.0
05535700,,,,72059198.0,72059198.0
05535800,,,,72058357.0,72058357.0
05536000,,72058357.0,,72058357.0,72058357.0
05536105,,72058357.0,,72058357.0,72058357.0
05536118,,72058264.0,,72058264.0,72058264.0
05536178,,,,72058716.0,72058716.0
05536179,,,,72058716.0,72058716.0
05536190,,,,72058429.0,72058429.0
05536210,,,,72058778.0,72058778.0
05536235,,,,72058744.0,72058744.0
05536255,,,,72058779.0,72058779.0
05536270,,72058785.0,,,72058785.0
05536275,,,,72058446.0,72058446.0
05536325,,,,72058314.0,72058314.0
05536340,,,,72058831.0,72058831.0
05536500,,,,72058859.0,72058859.0
05536570,,,,72058900.0,72058900.0
05536630,,,,72058877.0,72058877.0
05AA001,71039885.0,,,71039885.0,71039885.0
05AA002,71040507.0,,,71040589.0,71040507.0
05AA003,71040451.0,,,71040451.0,71040451.0
05AA004,71041096.0,,71041096.0,71041096.0,71041096.0
05AA005,71043075.0,,,71043075.0,71043075.0
05AA006,71041569.0,,,71041569.0,71041569.0
05AA007,71042916.0,,,71042916.0,71042916.0
05AA008,71040972.0,,71040972.0,71040972.0,71040972.0
05AA009,71041458.0,,,71041458.0,71041458.0
05AA010,71042397.0,,,71042397.0,71042397.0
05AA011,71041176.0,,71041176.0,71041176.0,71041176.0
05AA013,71042987.0,,,71042987.0,71042987.0
05AA014,71041569.0,,,71041569.0,71041569.0
05AA015,71040646.0,,,71040646.0,71040646.0
05AA016,71041162.0,,,71041162.0,71041162.0
05AA021,71039942.0,,,71039942.0,71039942.0
05AA022,71040646.0,,71040646.0,71040646.0,71040646.0
05AA023,71039905.0,,,71039905.0,71039905.0
05AA024,71039850.0,,,71039850.0,71039850.0
05AA025,71036983.0,,,71036983.0,71036983.0
05AA026,71043586.0,,,71043586.0,71043586.0
05AA027,71041142.0,,,71041142.0,71041142.0
05AA028,71040771.0,,71040771.0,71041318.0,71040771.0
05AA029,71041231.0,,,71041231.0,71041231.0
05AA030,71043018.0,,,71043018.0,71043018.0
05AA032,71039850.0,,,71039850.0,71039850.0
05AA033,71042530.0,,,71042530.0,71042530.0
05AA034,71042159.0,,,71042159.0,71042159.0
05AA035,71039885.0,,,71039885.0,71039885.0
05AA909,71041569.0,,71041569.0,71041569.0,71041569.0
05AB002,71039702.0,,,71039702.0,71039702.0
05AB005,71039742.0,,71039742.0,71043533.0,71039742.0
05AB006,71043533.0,,,71043533.0,71043533.0
05AB007,71039818.0,,,71039825.0,71039818.0
05AB013,71041043.0,,71041043.0,71041043.0,71041043.0
05AB014,71043262.0,,,71043262.0,71043262.0
05AB015,71039713.0,,,71039713.0,71039713.0
05AB021,71035039.0,,,71035039.0,71035039.0
05AB022,71035972.0,,,71035972.0,71035972.0
05AB023,71035972.0,,,,71035972.0
05AB023&05AB027&05AB024&05AB026,,,,71035972.0,71035972.0
05AB024,71035972.0,,,,71035972.0
05AB025,71035972.0,,,71035972.0,71035972.0
05AB026,71035972.0,,,,71035972.0
05AB027,71035972.0,,,,71035972.0
05AB028,71036179.0,,,71036179.0,71036179.0
05AB029,71043533.0,,71043533.0,71043533.0,71043533.0
05AB030,71035972.0,,,71035972.0,71035972.0
05AB035,71035972.0,,,71035972.0,71035972.0
05AB036,71035346.0,,,71035346.0,71035346.0
05AB037,71035757.0,,,71035757.0,71035757.0
05AB038,71041094.0,,,71041229.0,71041094.0
05AB039,71035197.0,,,71035197.0,71035197.0
05AB040,71037214.0,,,71037214.0,71037214.0
05AB041,71035197.0,,,71035197.0,71035197.0
05AB042,71035093.0,,,71035093.0,71035093.0
05AB044,71037107.0,,,71037107.0,71037107.0
05AB045,71037107.0,,,71037107.0,71037107.0
05AB046,71039700.0,,,71039700.0,71039700.0
05AB917,,,,71043092.0,71043092.0
05AC001,71035539.0,,,71035539.0,71035539.0
05AC002,71036313.0,,,71036313.0,71036313.0
05AC003,71034930.0,,,71034930.0,71034930.0
05AC005,71035990.0,,,71035990.0,71035990.0
05AC012,71033588.0,,,71033588.0,71033588.0
05AC022,71035228.0,,,71035228.0,71035228.0
05AC023,71039387.0,,,71039387.0,71039387.0
05AC025,71035228.0,,,71035228.0,71035228.0
05AC030,71035768.0,,71035768.0,71035768.0,71035768.0
05AC031,71035227.0,,,71035227.0,71035227.0
05AC034,71033592.0,,,71033592.0,71033592.0
05AC909,71035800.0,,,71035800.0,71035800.0
05AC911,71035610.0,,,71035610.0,71035610.0
05AC914,,,,71035055.0,71035055.0
05AC917,71038040.0,,,71037826.0,71038040.0
05AC921,71033588.0,,,,71033588.0
05AC922,71033588.0,,,,71033588.0
05AC922&05AC921,,,,71033588.0,71033588.0
05AC924,71036033.0,,,71036033.0,71036033.0
05AC926,71035401.0,,,71035401.0,71035401.0
05AC927,71036313.0,,,71036313.0,71036313.0
05AC928,71038040.0,,,71038040.0,71038040.0
05AC929,71035990.0,,,71035990.0,71035990.0
05AC930,71035313.0,,,71035313.0,71035313.0
05AC937,71035092.0,,,71035092.0,71035092.0
05AC938,71035227.0,,,,71035227.0
05AC939,71035227.0,,,,71035227.0
05AC940,71035055.0,,,71035055.0,71035055.0
05AC941,71035055.0,,,71035055.0,71035055.0
05AD002,71039849.0,,,71039849.0,71039849.0
05AD003,71039979.0,,71039979.0,71039979.0,71039979.0
05AD004,71041711.0,,,71041711.0,71041711.0
05AD005,71039992.0,,,71039992.0,71039992.0
05AD006,71041651.0,,,71041651.0,71041651.0
05AD007,71039671.0,,,71039671.0,71039671.0
05AD008,71039854.0,,,71039854.0,71039854.0
05AD010,71040910.0,,,71040910.0,71040910.0
05AD012,71041854.0,,,71041854.0,71041854.0
05AD014,71041767.0,,,71041767.0,71041767.0
05AD015,71039961.0,,,71039961.0,71039961.0
05AD016,71042123.0,,,71042123.0,71042123.0
05AD019,71039682.0,,,71039682.0,71039682.0
05AD020,71040928.0,,,71040928.0,71040928.0
05AD021,71039896.0,,,71039896.0,71039896.0
05AD022,71041717.0,,,,71041717.0
05AD022&05AD024,,,,71041717.0,71041717.0
05AD024,71041717.0,,,,71041717.0
05AD025,71040002.0,,,71040002.0,71040002.0
05AD026,71039898.0,,,71039898.0,71039898.0
05AD028,71039864.0,,,71039864.0,71039864.0
05AD029,71045205.0,,,,71045205.0
05AD029&05011500,,,,71045205.0,71045205.0
05AD030,71047003.0,,,71047003.0,71047003.0
05AD031,71045205.0,,,71045205.0,71045205.0
05AD032,71040035.0,,,71040035.0,71040035.0
05AD033,71040064.0,,,71040064.0,71040064.0
05AD035,71040959.0,,71040959.0,71040959.0,71040959.0
05AD036,71041329.0,,,71042123.0,71041329.0
05AD037,71043589.0,,,71040787.0,71043589.0
05AD041,71039882.0,,,71039882.0,71039882.0
05AD042,71041905.0,,,71041905.0,71041905.0
05AD901,71041109.0,,,71041109.0,71041109.0
05AD903,71041854.0,,,71041854.0,71041854.0
05AD904,71041767.0,,,71041767.0,71041767.0
05AD926,,,,71039992.0,71039992.0
05AD934,71039821.0,,,71039821.0,71039821.0
05AD940,71041717.0,,,71041717.0,71041717.0
05AD942,,,,71041765.0,71041765.0
05AE002,71039916.0,,,71039916.0,71039916.0
05AE004,71039810.0,,,71039810.0,71039810.0
05AE005,71039751.0,,71039751.0,,71039751.0
05AE006,71039680.0,,,,71039680.0
05AE007,71044470.0,,,71044470.0,71044470.0
05AE008,71039970.0,,,71039970.0,71039970.0
05AE009,71041129.0,,,,71041129.0
05AE016,71040463.0,,,71040463.0,71040463.0
05AE023,71039996.0,,,71039996.0,71039996.0
05AE025,71039711.0,,,71039711.0,71039711.0
05AE027,71039810.0,,,71039810.0,71039810.0
05AE031,71045424.0,,,71045424.0,71045424.0
05AE032,71045424.0,,,,71045424.0
05AE033,71045424.0,,,71045424.0,71045424.0
05AE034,71044879.0,,,,71044879.0
05AE034&05017500&05017000,,,,71044879.0,71044879.0
05AE035,71045073.0,,,,71045073.0
05AE036,71045424.0,,,,71045424.0
05AE036&05015500,,,,71045424.0,71045424.0
05AE037,71039970.0,,,71039970.0,71039970.0
05AE038,71042218.0,,,71042218.0,71042218.0
05AE039,71041673.0,,,71041673.0,71041673.0
05AE040,71039996.0,,,71039996.0,71039996.0
05AE041,71042462.0,,,71042462.0,71042462.0
05AE043,71039810.0,,,71039810.0,71039810.0
05AE904,71039996.0,,,71039996.0,71039996.0
05AE908,,,,71039711.0,71039711.0
05AE912,71041765.0,,,71041765.0,71041765.0
05AF008,71041249.0,,,71041249.0,71041249.0
05AF009,71041869.0,,,71041869.0,71041869.0
05AF010,71040829.0,,,71040829.0,71040829.0
05AF011,71040554.0,,,71040554.0,71040554.0
05AF015,71040125.0,,,,71040125.0
05AF020,71040125.0,,,,71040125.0
05AF021,71041248.0,,,71041248.0,71041248.0
05AF022,71041874.0,,,71041874.0,71041874.0
05AF028,71040779.0,,,71042617.0,71040779.0
05AF030,71040779.0,,,71041392.0,71040779.0
05AF031,71040673.0,,,71040673.0,71040673.0
05AF032,71040779.0,,,71042384.0,71040779.0
05AF034,71041363.0,,,71041363.0,71041363.0
05AF903,71040886.0,,,71040886.0,71040886.0
05AF905,,,,71040143.0,71040143.0
05AG003,71040072.0,,,71040072.0,71040072.0
05AG006,71039375.0,,,,71039375.0
05AG026,71043299.0,,,71043299.0,71043299.0
05AH001,71040806.0,,,71040967.0,71040806.0
05AH002,71040852.0,,,71040852.0,71040852.0
05AH003,71040528.0,,,71040528.0,71040528.0
05AH005,71033701.0,,,71034342.0,71033701.0
05AH006,71041150.0,,,71041150.0,71041150.0
05AH007,71041414.0,,,71041414.0,71041414.0
05AH009,71043025.0,,,71043025.0,71043025.0
05AH010,71042874.0,,,71042874.0,71042874.0
05AH012,71040559.0,,,71040559.0,71040559.0
05AH013,71040911.0,,,71040911.0,71040911.0
05AH025,71043022.0,,,,71043022.0
05AH025&05AH046,,,,71043022.0,71043022.0
05AH032,71033785.0,,,71033785.0,71033785.0
05AH036,71043022.0,,,71043022.0,71043022.0
05AH037,71040879.0,,71040879.0,71040879.0,71040879.0
05AH038,71041200.0,,,71041200.0,71041200.0
05AH039,71040180.0,,,71041496.0,71040180.0
05AH040,71040699.0,,,71040699.0,71040699.0
05AH041,71040709.0,,71040709.0,71040709.0,71040709.0
05AH042,71043115.0,,,71043115.0,71043115.0
05AH043,71043159.0,,,71043159.0,71043159.0
05AH044,71040879.0,,,71040879.0,71040879.0
05AH046,71043022.0,,,,71043022.0
05AH047,71037139.0,,71037139.0,71037139.0,71037139.0
05AH048,71040528.0,,,71040528.0,71040528.0
05AH049,71033703.0,,,71033703.0,71033703.0
05AH050,71034011.0,,71034011.0,71034011.0,71034011.0
05AH052,71033780.0,,,71033780.0,71033780.0
05AH053,71040911.0,,,71040911.0,71040911.0
05AH054,71043339.0,,,71043339.0,71043339.0
05AH056,71043115.0,,,71043115.0,71043115.0
05AH057,71042874.0,,,71042874.0,71042874.0
05AH058,71043159.0,,,71043159.0,71043159.0
05AJ001,71033569.0,,,71033569.0,71033569.0
05AJ003,71041314.0,,,71041314.0,71041314.0
05AK001,71033520.0,,,71033524.0,71033520.0
05BA001,71029071.0,,71029071.0,71029071.0,71029071.0
05BA002,71029992.0,,,71028974.0,71029992.0
05BA003,71031893.0,,,71031893.0,71031893.0
05BA004,71031643.0,,,71031643.0,71031643.0
05BA005,71029071.0,,,71029071.0,71029071.0
05BA006,71031506.0,,,71031506.0,71031506.0
05BA007,71030287.0,,,71030287.0,71030287.0
05BA008,71029528.0,,,71029528.0,71029528.0
05BA009,71032440.0,,,71032440.0,71032440.0
05BA010,71029778.0,,,71029778.0,71029778.0
05BA011,71032185.0,,,71032185.0,71032185.0
05BB001,71028585.0,,71028585.0,71028585.0,71028585.0
05BB003,71029857.0,,,71029857.0,71029857.0
05BB004,71030071.0,,,71030071.0,71030071.0
05BB005,71030100.0,,,71030100.0,71030100.0
05BC001,71028221.0,,,71028221.0,71028221.0
05BC006,71028311.0,,,71028311.0,71028311.0
05BC007,71028311.0,,,71028311.0,71028311.0
05BC008,71030474.0,,,71030474.0,71030474.0
05BD002,71029118.0,,,71029118.0,71029118.0
05BD003,71029118.0,,,71029118.0,71029118.0
05BD004,71029118.0,,,71029118.0,71029118.0
05BD005,71029448.0,,,71029448.0,71029448.0
05BE001,71028014.0,,,71028014.0,71028014.0
05BE003,71028054.0,,,71028054.0,71028054.0
05BE004,71028039.0,,,71028039.0,71028039.0
05BE005,71027992.0,,,,71027992.0
05BE006,71027979.0,,,71027979.0,71027979.0
05BE007,71028311.0,,,71028140.0,71028311.0
05BE008,71028140.0,,,71028140.0,71028140.0
05BE009,71030717.0,,,71030717.0,71030717.0
05BE999,71027992.0,,,,71027992.0
05BE999&05BE005,,,,71027992.0,71027992.0
05BF001,71028249.0,,,71028249.0,71028249.0
05BF002,71036211.0,,,71035946.0,71036211.0
05BF003,71035771.0,,,71035771.0,71035771.0
05BF004,71038278.0,,,71038278.0,71038278.0
05BF005,71036211.0,,,71036211.0,71036211.0
05BF008,71038722.0,,,71038722.0,71038722.0
05BF009,71035771.0,,,,71035771.0
05BF010,71035771.0,,,,71035771.0
05BF010&05BF009,,,,71035771.0,71035771.0
05BF011,71038233.0,,,71038233.0,71038233.0
05BF013,71038722.0,,,71038722.0,71038722.0
05BF015,71035238.0,,,71035238.0,71035238.0
05BF016,71035238.0,,,71035238.0,71035238.0
05BF017,71035238.0,,,71035238.0,71035238.0
05BF018,71035238.0,,,71035238.0,71035238.0
05BF019,71035238.0,,,71035238.0,71035238.0
05BF020,71035238.0,,,71035238.0,71035238.0
05BF021,71036211.0,,,71035946.0,71036211.0
05BF022,71035771.0,,,71035771.0,71035771.0
05BF024,71028304.0,,,71028304.0,71028304.0
05BF025,71028304.0,,,71028304.0,71028304.0
05BG001,71028833.0,,,71028833.0,71028833.0
05BG002,71030308.0,,,71030308.0,71030308.0
05BG005,71030308.0,,,71030308.0,71030308.0
05BG006,71029391.0,,71029391.0,71029391.0,71029391.0
05BG009,71029391.0,,,71029391.0,71029391.0
05BG010,71028968.0,,,71028968.0,71028968.0
05BH002,71034018.0,,,71034018.0,71034018.0
05BH003,71028976.0,,,71029012.0,71028976.0
05BH004,71027942.0,,,71027942.0,71027942.0
05BH005,71027957.0,,,71027957.0,71027957.0
05BH006,71028097.0,,,71028097.0,71028097.0
05BH008,71027942.0,,,71027942.0,71027942.0
05BH009,71028062.0,,,71028062.0,71028062.0
05BH011,71028215.0,,,71028215.0,71028215.0
05BH013,71028377.0,,71028377.0,71028377.0,71028377.0
05BH014,71029502.0,,,71029502.0,71029502.0
05BH015,71028097.0,,,71028097.0,71028097.0
05BH016,71029995.0,,,71029995.0,71029995.0
05BH901,71028958.0,,,71028958.0,71028958.0
05BH904,71029995.0,,,71029995.0,71029995.0
05BJ001,71027787.0,,,71027787.0,71027787.0
05BJ003,71035317.0,,,71035317.0,71035317.0
05BJ004,71028303.0,,71028303.0,71028303.0,71028303.0
05BJ005,71027787.0,,,,71027787.0
05BJ006,71035613.0,,,71035613.0,71035613.0
05BJ008,71027787.0,,,,71027787.0
05BJ008&05BJ005,,,,71027787.0,71027787.0
05BJ009,71036451.0,,,71036451.0,71036451.0
05BJ010,71027787.0,,71027787.0,71027787.0,71027787.0
05BJ011,71028303.0,,,71028303.0,71028303.0
05BK001,71035521.0,,71035521.0,71035521.0,71035521.0
05BK002,71035281.0,,,71035281.0,71035281.0
05BK003,71035281.0,,,71035281.0,71035281.0
05BL003,71034975.0,,,71034975.0,71034975.0
05BL004,71034975.0,,,71034975.0,71034975.0
05BL006,71035810.0,,,71035810.0,71035810.0
05BL007,71035930.0,,,71035930.0,71035930.0
05BL008,71035105.0,,,71035105.0,71035105.0
05BL009,71034929.0,,,71034929.0,71034929.0
05BL012,71035012.0,,,71035012.0,71035012.0
05BL013,71035375.0,,71035375.0,71038825.0,71035375.0
05BL014,71035188.0,,71035188.0,71035188.0,71035188.0
05BL015,71034975.0,,,71034975.0,71034975.0
05BL016,71035563.0,,,71035563.0,71035563.0
05BL018,71035434.0,,,71035434.0,71035434.0
05BL019,71035362.0,,71035362.0,71035362.0,71035362.0
05BL020,71034988.0,,,71034988.0,71034988.0
05BL021,71036170.0,,,71036170.0,71036170.0
05BL022,71036132.0,,71036132.0,71036132.0,71036132.0
05BL023,71035810.0,,71035810.0,71035810.0,71035810.0
05BL024,71034914.0,,,71034914.0,71034914.0
05BL027,71037856.0,,71037856.0,71037856.0,71037856.0
05BM002,71033951.0,,,71033951.0,71033951.0
05BM004,71033871.0,,,71033882.0,71033871.0
05BM005,71034579.0,,,71034579.0,71034579.0
05BM006,71033951.0,,,,71033951.0
05BM006&05BM021,,,,71033951.0,71033951.0
05BM007,71034855.0,,,71034855.0,71034855.0
05BM008,71033959.0,,,71033974.0,71033959.0
05BM009,71039072.0,,,71039072.0,71039072.0
05BM010,71036356.0,,,71036356.0,71036356.0
05BM011,71034579.0,,,71034579.0,71034579.0
05BM012,71036199.0,,,71036199.0,71036199.0
05BM013,71036154.0,,,71036154.0,71036154.0
05BM014,71035184.0,,71035184.0,71035184.0,71035184.0
05BM015,71034018.0,,,71034018.0,71034018.0
05BM018,71037868.0,,71037868.0,71037868.0,71037868.0
05BM020,71033871.0,,,71033882.0,71033871.0
05BM021,71033951.0,,,,71033951.0
05BM904,71034141.0,,,71034190.0,71034141.0
05BN002,71034951.0,,,71034951.0,71034951.0
05BN006,71036204.0,,,71036204.0,71036204.0
05BN009,71035335.0,,,71036470.0,71035335.0
05BN012,71039553.0,,,71039558.0,71039553.0
05BN014,71037897.0,,,71037897.0,71037897.0
05BN024,71033851.0,,,71033851.0,71033851.0
05CA001,71028558.0,,,71028558.0,71028558.0
05CA002,71028727.0,,71028727.0,71028727.0,71028727.0
05CA003,71028657.0,,,71028657.0,71028657.0
05CA004,71028847.0,,71028847.0,71028847.0,71028847.0
05CA008,71028685.0,,,71028685.0,71028685.0
05CA009,71028598.0,,71028598.0,71028598.0,71028598.0
05CA010,71028505.0,,,71028505.0,71028505.0
05CA011,71029380.0,,71029380.0,71029380.0,71029380.0
05CA012,71028734.0,,71028734.0,71028734.0,71028734.0
05CB001,71022302.0,,71022302.0,71022302.0,71022302.0
05CB002,71029434.0,,71029434.0,71029434.0,71029434.0
05CB004,71022220.0,,71022220.0,71022220.0,71022220.0
05CB005,71031414.0,,,71031414.0,71031414.0
05CB006,71022198.0,,,71022198.0,71022198.0
05CB007,71022198.0,,,71022198.0,71022198.0
05CB911,,,,71028494.0,71028494.0
05CC001,71022735.0,,71022735.0,71022735.0,71022735.0
05CC002,71022153.0,,,71022153.0,71022153.0
05CC003,71023994.0,,,71023994.0,71023994.0
05CC004,71023994.0,,,71023994.0,71023994.0
05CC006,71023817.0,,,71023817.0,71023817.0
05CC007,71022780.0,,71022780.0,71022780.0,71022780.0
05CC008,71023542.0,,71023542.0,71023542.0,71023542.0
05CC009,71023543.0,,71023543.0,71023543.0,71023543.0
05CC010,71026036.0,,71026036.0,71026036.0,71026036.0
05CC011,71023173.0,,71023173.0,71023173.0,71023173.0
05CC012,71025086.0,,,71025086.0,71025086.0
05CC013,71023020.0,,,71023020.0,71023020.0
05CC901,71023606.0,,,71023606.0,71023606.0
05CD001,71026373.0,,,,71026373.0
05CD001&05CD003,,,,71026373.0,71026373.0
05CD003,71026373.0,,,,71026373.0
05CD004,71022126.0,,,71022126.0,71022126.0
05CD005,71022872.0,,,71022872.0,71022872.0
05CD006,71024049.0,,71024049.0,71024049.0,71024049.0
05CD007,71023532.0,,71023532.0,71023532.0,71023532.0
05CD902,71023000.0,,,71023000.0,71023000.0
05CD903,71023000.0,,,71023000.0,71023000.0
05CD905,71023171.0,,,71023171.0,71023171.0
05CD913,71025632.0,,,71025632.0,71025632.0
05CE001,71027742.0,,,71027742.0,71027742.0
05CE002,71028555.0,,71028555.0,71028555.0,71028555.0
05CE003,71027978.0,,,71027978.0,71027978.0
05CE004,71029010.0,,,71029010.0,71029010.0
05CE005,71028016.0,,,71028016.0,71028016.0
05CE006,71028765.0,,71028765.0,71028765.0,71028765.0
05CE007,71027752.0,,,71027752.0,71027752.0
05CE008,71031525.0,,,71031525.0,71031525.0
05CE009,71030018.0,,,71030018.0,71030018.0
05CE010,71022109.0,,71022109.0,71022109.0,71022109.0
05CE011,71032592.0,,71032592.0,71032592.0,71032592.0
05CE012,71028219.0,,,71028219.0,71028219.0
05CE013,71028916.0,,,71028916.0,71028916.0
05CE015,71027774.0,,,71027774.0,71027774.0
05CE016,71029006.0,,,71029006.0,71029006.0
05CE018,71027799.0,,71027799.0,71027799.0,71027799.0
05CE019,71032152.0,,,71032152.0,71032152.0
05CE020,71028775.0,,71028775.0,71028775.0,71028775.0
05CE901,71027774.0,,,71027774.0,71027774.0
05CF001,71027869.0,,,,71027869.0
05CF002,71028858.0,,,,71028858.0
05CG001,71028551.0,,,71028551.0,71028551.0
05CG002,71029446.0,,,71029446.0,71029446.0
05CG003,71028551.0,,,71028551.0,71028551.0
05CG004,71029446.0,,71029446.0,71029446.0,71029446.0
05CG005,71031270.0,,,71031270.0,71031270.0
05CG006,71031951.0,,71031951.0,71031951.0,71031951.0
05CG007,71031766.0,,,71028771.0,71031766.0
05CH001,71034656.0,,,71034656.0,71034656.0
05CH002,71034477.0,,,71034477.0,71034477.0
05CH003,71034586.0,,,71034586.0,71034586.0
05CH005,71034840.0,,,71034840.0,71034840.0
05CH007,71034460.0,,,71034460.0,71034460.0
05CH008,71028711.0,,,71028711.0,71028711.0
05CH009,71030592.0,,,71030592.0,71030592.0
05CH010,71028554.0,,,71028554.0,71028554.0
05CH011,71028615.0,,,71028615.0,71028615.0
05CH012,71030547.0,,,71030547.0,71030547.0
05CH013,71034840.0,,,71034840.0,71034840.0
05CH014,71028615.0,,,71028615.0,71028615.0
05CH016,71034595.0,,,71034595.0,71034595.0
05CJ005,71034282.0,,,71034282.0,71034282.0
05CJ006,71035125.0,,,71035125.0,71035125.0
05CJ007,71034285.0,,,71034285.0,71034285.0
05CJ008,71038688.0,,,71038688.0,71038688.0
05CJ009,71033929.0,,,71033929.0,71033929.0
05CJ011,71034464.0,,,71034464.0,71034464.0
05CJ012,71034282.0,,,71034282.0,71034282.0
05CK001,71034615.0,,71034615.0,71034615.0,71034615.0
05CK002,71033867.0,,,71033867.0,71033867.0
05CK003,71029153.0,,,71029153.0,71029153.0
05CK004,71033878.0,,,,71033878.0
05CK005,71034828.0,,71034828.0,71034828.0,71034828.0
05CK006,71034823.0,,,71034823.0,71034823.0
05CK007,71029304.0,,,71029919.0,71029304.0
05DA001,71022443.0,,,71022443.0,71022443.0
05DA002,71022359.0,,,71022359.0,71022359.0
05DA003,71021677.0,,,71021677.0,71021677.0
05DA004,71023135.0,,,71023135.0,71023135.0
05DA005,71029794.0,,,71029794.0,71029794.0
05DA006,71027488.0,,,71027488.0,71027488.0
05DA007,71029794.0,,71029794.0,71029794.0,71029794.0
05DA008,71032544.0,,,71032544.0,71032544.0
05DA009,71021680.0,,71021680.0,71021680.0,71021680.0
05DA010,71032880.0,,71032880.0,71032880.0,71032880.0
05DB001,71021890.0,,,71021890.0,71021890.0
05DB002,71023021.0,,71023021.0,71023021.0,71023021.0
05DB003,71027709.0,,,71027709.0,71027709.0
05DB004,71024799.0,,,71024799.0,71024799.0
05DB005,71023704.0,,71023704.0,71023704.0,71023704.0
05DB006,71021905.0,,71021905.0,71021905.0,71021905.0
05DB007,71021927.0,,,71021927.0,71021927.0
05DC001,71021640.0,,,71021640.0,71021640.0
05DC002,71021653.0,,,71021653.0,71021653.0
05DC003,71024333.0,,,71024333.0,71024333.0
05DC004,71024333.0,,,71024333.0,71024333.0
05DC005,71023752.0,,,71023752.0,71023752.0
05DC006,71021716.0,,71021716.0,71021716.0,71021716.0
05DC007,71021668.0,,,,71021668.0
05DC007&05DC010,,,,71021668.0,71021668.0
05DC008,71021723.0,,,71021723.0,71021723.0
05DC009,71021668.0,,,71021668.0,71021668.0
05DC010,71021668.0,,,,71021668.0
05DC011,71023273.0,,71023273.0,71023273.0,71023273.0
05DC012,71022653.0,,71022653.0,71022653.0,71022653.0
05DD001,71023332.0,,,71023332.0,71023332.0
05DD002,71023244.0,,,71023244.0,71023244.0
05DD003,71026381.0,,,71026381.0,71026381.0
05DD004,71026598.0,,71026598.0,71026598.0,71026598.0
05DD005,71022181.0,,,71022181.0,71022181.0
05DD006,71022229.0,,,71022229.0,71022229.0
05DD007,71022663.0,,71022663.0,71022663.0,71022663.0
05DD008,71023201.0,,,71023201.0,71023201.0
05DD009,71022852.0,,71022852.0,71022852.0,71022852.0
05DE001,71016434.0,,,71016434.0,71016434.0
05DE002,71018243.0,,,71018243.0,71018243.0
05DE003,71017899.0,,,71017899.0,71017899.0
05DE004,71018243.0,,,71018243.0,71018243.0
05DE006,71016440.0,,,71016440.0,71016440.0
05DE007,71017098.0,,71017098.0,71017098.0,71017098.0
05DE008,71016684.0,,,71016684.0,71016684.0
05DE009,71018562.0,,,71018562.0,71018562.0
05DE010,71016430.0,,,71016430.0,71016430.0
05DE011,71016434.0,,,,71016434.0
05DE911,71016663.0,,,71016663.0,71016663.0
05DE930,,,,71018337.0,71018337.0
05DE953,,,,71017098.0,71017098.0
05DF001,71016411.0,,,71016411.0,71016411.0
05DF002,71019172.0,,,71019172.0,71019172.0
05DF003,71017862.0,,71017862.0,71017862.0,71017862.0
05DF004,71017689.0,,71017689.0,71017689.0,71017689.0
05DF006,71018145.0,,71018145.0,71018145.0,71018145.0
05DF007,71019300.0,,71019300.0,71019300.0,71019300.0
05DF008,71018577.0,,,71018577.0,71018577.0
05DF009,71017681.0,,,71018885.0,71017681.0
05DF911,,,,71018124.0,71018124.0
05DF913,,,,71017967.0,71017967.0
05EA001,71017288.0,,71017288.0,71017288.0,71017288.0
05EA002,71017347.0,,71017347.0,71017347.0,71017347.0
05EA003,71017887.0,,,71017887.0,71017887.0
05EA004,71017561.0,,,71017561.0,71017561.0
05EA005,71017377.0,,71017377.0,71017377.0,71017377.0
05EA006,71017606.0,,,71017606.0,71017606.0
05EA008,71018393.0,,,71018393.0,71018393.0
05EA009,71018254.0,,,71018254.0,71018254.0
05EA010,71018689.0,,71018689.0,71018689.0,71018689.0
05EA011,71018847.0,,,71018847.0,71018847.0
05EA012,71018172.0,,,71018172.0,71018172.0
05EA013,71018567.0,,,71018567.0,71018567.0
05EB001,71017704.0,,,71017704.0,71017704.0
05EB002,71017443.0,,,71020379.0,71017443.0
05EB003,71017443.0,,,,71017443.0
05EB003&05EB008,,,,71018793.0,71018793.0
05EB004,71017704.0,,,71017704.0,71017704.0
05EB005,71019978.0,,,71019978.0,71019978.0
05EB006,71017808.0,,,71017808.0,71017808.0
05EB007,71017808.0,,,,71017808.0
05EB008,71017443.0,,,,71017443.0
05EB009,71019757.0,,,,71019757.0
05EB011,71017704.0,,,71017704.0,71017704.0
05EB012,71017808.0,,,,71017808.0
05EB012&05EB007,,,,71017808.0,71017808.0
05EB015,71017443.0,,,71016399.0,71017443.0
05EB016,71017914.0,,,71017914.0,71017914.0
05EB902,71020267.0,,71020267.0,71020267.0,71020267.0
05EB909,71020267.0,,,71020267.0,71020267.0
05EB910,71020267.0,,,71020267.0,71020267.0
05EB911,71020267.0,,,71020267.0,71020267.0
05EC001,71013848.0,,,71013848.0,71013848.0
05EC002,71013159.0,,71013159.0,71013159.0,71013159.0
05EC003,71016728.0,,,71016728.0,71016728.0
05EC004,71012726.0,,,71012726.0,71012726.0
05EC005,71016728.0,,71016728.0,71016728.0,71016728.0
05EC006,71012627.0,,,71012627.0,71012627.0
05EC007,71012083.0,,,71012083.0,71012083.0
05EC919,,,,71016380.0,71016380.0
05ED001,71012837.0,,,71012837.0,71012837.0
05ED002,71016968.0,,71017186.0,71017186.0,71016968.0
05ED003,71021396.0,,,71021396.0,71021396.0
05EE001,71017271.0,,,71017271.0,71017271.0
05EE002,71017229.0,,,71017229.0,71017229.0
05EE003,71017623.0,,,71017658.0,71017623.0
05EE004,71017231.0,,,71020811.0,71017231.0
05EE005,71019920.0,,71019920.0,71019920.0,71019920.0
05EE006,71019515.0,,71017949.0,71017949.0,71019515.0
05EE007,71017240.0,,,71017240.0,71017240.0
05EE008,71017256.0,,,71017263.0,71017256.0
05EE009,71017535.0,,71017623.0,71017623.0,71017535.0
05EE010,71017311.0,,,71017311.0,71017311.0
05EE011,71017311.0,,,71017318.0,71017311.0
05EE913,71019132.0,,,71019132.0,71019132.0
05EE915,71017767.0,,,71018093.0,71017767.0
05EE926,,,,71017229.0,71017229.0
05EE930,71017311.0,,,71017311.0,71017311.0
05EF001,71016324.0,,,71016325.0,71016324.0
05EF003,71016335.0,,,71016335.0,71016335.0
05EF004,71017533.0,,71017533.0,71017533.0,71017533.0
05EF005,71017486.0,,71017539.0,71017539.0,71017486.0
05EF006,71018008.0,,71018008.0,71018008.0,71018008.0
05EG001,71021513.0,,,71021513.0,71021513.0
05EG002,71021838.0,,,71021838.0,71021838.0
05EG003,71021843.0,,,,71021843.0
05EG004,71022311.0,,71022311.0,71022311.0,71022311.0
05EG005,71017412.0,,,71017412.0,71017412.0
05EG006,71017784.0,,,71017784.0,71017784.0
05EG007,71021843.0,,,,71021843.0
05EG007&05EG003,,,,71021843.0,71021843.0
05EG008,71022010.0,,,71022010.0,71022010.0
05EG009,71017971.0,,,71017971.0,71017971.0
05EG010,71018633.0,,,71018633.0,71018633.0
05FA001,71022189.0,,71022189.0,71022189.0,71022189.0
05FA002,71022473.0,,,71022473.0,71022473.0
05FA003,71022463.0,,,71022463.0,71022463.0
05FA004,71018729.0,,,71018729.0,71018729.0
05FA006,71021705.0,,,,71021705.0
05FA007,71017826.0,,,71017826.0,71017826.0
05FA008,71016458.0,,,71016458.0,71016458.0
05FA009,71022473.0,,,,71022473.0
05FA010,71022461.0,,,71022461.0,71022461.0
05FA011,71021710.0,,,71021710.0,71021710.0
05FA012,71016455.0,,71016455.0,71016455.0,71016455.0
05FA013,71022473.0,,,,71022473.0
05FA013&05FA009,,,,71022473.0,71022473.0
05FA014,71026674.0,,71026674.0,71026674.0,71026674.0
05FA015,71026674.0,,,71026674.0,71026674.0
05FA016,71019241.0,,,71019241.0,71019241.0
05FA017,71022473.0,,,71022473.0,71022473.0
05FA018,71022021.0,,,71022021.0,71022021.0
05FA019,71022473.0,,,71022473.0,71022473.0
05FA020,71021705.0,,,,71021705.0
05FA020&05FA006,,,,71021705.0,71021705.0
05FA021,71021712.0,,,71021712.0,71021712.0
05FA022,71016455.0,,,71016455.0,71016455.0
05FA023,71022143.0,,,71022143.0,71022143.0
05FA024,71023700.0,,71023700.0,71023700.0,71023700.0
05FA025,71022461.0,,,71017987.0,71022461.0
05FA026,71025692.0,,,71025692.0,71025692.0
05FA912,71027020.0,,,71027020.0,71027020.0
05FB001,71019205.0,,,71019205.0,71019205.0
05FB002,71022161.0,,71022161.0,71022161.0,71022161.0
05FB003,71022491.0,,,71022491.0,71022491.0
05FC001,71021703.0,,,71021703.0,71021703.0
05FC002,71023222.0,,71023222.0,71023222.0,71023222.0
05FC003,71022773.0,,,71022773.0,71022773.0
05FC004,71023851.0,,71023851.0,71023851.0,71023851.0
05FC005,71023108.0,,,71023108.0,71023108.0
05FC006,71023188.0,,,71023188.0,71023188.0
05FC007,71025064.0,,71025064.0,71025064.0,71025064.0
05FC008,71021690.0,,,71021691.0,71021690.0
05FC904,71023108.0,,,71023108.0,71023108.0
05FD001,71022589.0,,,71022601.0,71022589.0
05FD002,71022601.0,,,71022601.0,71022601.0
05FD003,71022578.0,,,71022578.0,71022578.0
05FD005,71022681.0,,,71022718.0,71022681.0
05FD006,71023602.0,,,71023602.0,71023602.0
05FD007,71023267.0,,,71023267.0,71023267.0
05FE001,71021584.0,,,71021584.0,71021584.0
05FE002,71016944.0,,71016944.0,71016944.0,71016944.0
05FE003,71016448.0,,,71016449.0,71016448.0
05FE004,71021584.0,,,71021584.0,71021584.0
05FE005,71022457.0,,,71022457.0,71022457.0
05FF001,71021519.0,,,71021519.0,71021519.0
05FF003,71023344.0,,71023344.0,71023344.0,71023344.0
05GA001,71021875.0,,,71021882.0,71021875.0
05GA002,71021866.0,,,,71021866.0
05GA003,71027696.0,,,71027696.0,71027696.0
05GA004,71021904.0,,,71021904.0,71021904.0
05GA006,71021866.0,,,,71021866.0
05GA007,71021888.0,,,71021889.0,71021888.0
05GA008,71027819.0,,71027819.0,71027819.0,71027819.0
05GA009,71028399.0,,,71028399.0,71028399.0
05GA010,71022903.0,,71023132.0,71023132.0,71022903.0
05GA011,71028959.0,,,71028959.0,71028959.0
05GA012,71027837.0,,71027837.0,71027837.0,71027837.0
05GA013,71027721.0,,,71027721.0,71027721.0
05GB001,71028907.0,,,,71028907.0
05GB003,71023205.0,,,71024415.0,71023205.0
05GB004,71023205.0,,71024415.0,71024415.0,71023205.0
05GC002,71027271.0,,,,71027271.0
05GC003,71021605.0,,,,71021605.0
05GC004,71027257.0,,,,71027257.0
05GC005,71027267.0,,,,71027267.0
05GC006,71021586.0,,,,71021586.0
05GC007,71033105.0,,71033105.0,71033105.0,71033105.0
05GD001,71021495.0,,,,71021495.0
05GD002,71022256.0,,71022256.0,71022256.0,71022256.0
05GD003,71022184.0,,,71026368.0,71022184.0
05GE001,71022179.0,,,71026478.0,71022179.0
05GF001,71017363.0,,71017363.0,71017363.0,71017363.0
05GF002,71017289.0,,71017289.0,71017289.0,71017289.0
05GF003,71017391.0,,,71017391.0,71017391.0
05GF004,71018237.0,,,71018237.0,71018237.0
05GG001,71016300.0,,,,71016300.0
05GG002,71017408.0,,,71017408.0,71017408.0
05GG003,71017710.0,,,71017710.0,71017710.0
05GG004,71018666.0,,,71018666.0,71018666.0
05GG005,71017804.0,,,,71017804.0
05GG006,71017804.0,,,,71017804.0
05GG006&05GG005,,,,71017804.0,71017804.0
05GG007,71017804.0,,,71017804.0,71017804.0
05GG008,71018666.0,,,71018666.0,71018666.0
05GG009,71018666.0,,,71018666.0,71018666.0
05GG010,71017754.0,,71017754.0,71017754.0,71017754.0
05HA001,71043560.0,,,71043560.0,71043560.0
05HA002,71043240.0,,,71043240.0,71043240.0
05HA003,71041115.0,,,71041115.0,71041115.0
05HA004,71043244.0,,,71043244.0,71043244.0
05HA005,71041256.0,,,71041256.0,71041256.0
05HA007,71043357.0,,,71043357.0,71043357.0
05HA008,71040918.0,,,71040918.0,71040918.0
05HA009,71040877.0,,,71040877.0,71040877.0
05HA010,71043237.0,,,71043237.0,71043237.0
05HA011,71040918.0,,,71040918.0,71040918.0
05HA012,71040601.0,,,71040601.0,71040601.0
05HA013,71043560.0,,,71043560.0,71043560.0
05HA014,71043560.0,,,71043560.0,71043560.0
05HA015,71033751.0,,71033751.0,71033751.0,71033751.0
05HA016,71043240.0,,,71043240.0,71043240.0
05HA017,71041115.0,,,71043733.0,71041115.0
05HA018,71043357.0,,,71043357.0,71043357.0
05HA019,71034703.0,,,,71034703.0
05HA020,71043283.0,,,71043283.0,71043283.0
05HA021,71043357.0,,,71043357.0,71043357.0
05HA023,71043240.0,,,71043240.0,71043240.0
05HA025,71043545.0,,,71043545.0,71043545.0
05HA026,71043237.0,,,71043237.0,71043237.0
05HA027,71043185.0,,,71043185.0,71043185.0
05HA028,71043185.0,,,71043185.0,71043185.0
05HA029,71036721.0,,,71036721.0,71036721.0
05HA030,71036692.0,,,71036692.0,71036692.0
05HA031,71043240.0,,,71043240.0,71043240.0
05HA032,71043733.0,,,71043733.0,71043733.0
05HA033,71043733.0,,,71043733.0,71043733.0
05HA035,71043283.0,,,71043283.0,71043283.0
05HA036,71034413.0,,,,71034413.0
05HA038,71041115.0,,,71043733.0,71041115.0
05HA041,71034703.0,,,71034703.0,71034703.0
05HA042,71043545.0,,,71043545.0,71043545.0
05HA043,71034717.0,,,71034717.0,71034717.0
05HA044,71043357.0,,,71043357.0,71043357.0
05HA045,71043357.0,,,71043357.0,71043357.0
05HA050,71043185.0,,,71043185.0,71043185.0
05HA051,71043081.0,,,71043081.0,71043081.0
05HA061,71034724.0,,,,71034724.0
05HA062,71041308.0,,,71041308.0,71041308.0
05HA063,71034703.0,,,,71034703.0
05HA063&05HA019,,,,71034703.0,71034703.0
05HA064,71041503.0,,,71041503.0,71041503.0
05HA065,71034556.0,,,71036765.0,71034556.0
05HA066,71043249.0,,,71043249.0,71043249.0
05HA067,71034556.0,,,71034556.0,71034556.0
05HA068,71034471.0,,,71035062.0,71034471.0
05HA069,71041070.0,,,71041070.0,71041070.0
05HA072,71040877.0,,,71040877.0,71040877.0
05HA073,71041503.0,,,71041503.0,71041503.0
05HA074,71040877.0,,,71040877.0,71040877.0
05HA075,71043240.0,,,71043240.0,71043240.0
05HA076,71034703.0,,,71034703.0,71034703.0
05HA077,,,,71041210.0,71041210.0
05HB001,71033480.0,,,,71033480.0
05HB002,71038526.0,,,71038526.0,71038526.0
05HC001,71033459.0,,,,71033459.0
05HC002,71034822.0,,,,71034822.0
05HC003,71031582.0,,,71031582.0,71031582.0
05HC004,71027281.0,,,71027281.0,71027281.0
05HC005,71035293.0,,,71035891.0,71035293.0
05HD001,71042879.0,,,71042879.0,71042879.0
05HD002,71043044.0,,,71043044.0,71043044.0
05HD003,71043050.0,,,71043050.0,71043050.0
05HD004,71040501.0,,,71040501.0,71040501.0
05HD005,71040466.0,,,71040466.0,71040466.0
05HD006,71034083.0,,,71034083.0,71034083.0
05HD007,71034076.0,,,71034076.0,71034076.0
05HD008,71042879.0,,,71042879.0,71042879.0
05HD009,71043044.0,,,71043044.0,71043044.0
05HD012,71042879.0,,,71042879.0,71042879.0
05HD013,71043050.0,,,71043050.0,71043050.0
05HD015,71042879.0,,,71042879.0,71042879.0
05HD020,71040579.0,,,71040579.0,71040579.0
05HD028,71034765.0,,,71034765.0,71034765.0
05HD029,71034673.0,,,71034673.0,71034673.0
05HD030,71034113.0,,,71034113.0,71034113.0
05HD031,71039972.0,,,71039972.0,71039972.0
05HD033,71034148.0,,,71034148.0,71034148.0
05HD036,71040418.0,,71040418.0,71040418.0,71040418.0
05HD037,71034036.0,,,71034036.0,71034036.0
05HD038,71034093.0,,,71034093.0,71034093.0
05HD039,71034043.0,,,71034043.0,71034043.0
05HD041,71034148.0,,,71034148.0,71034148.0
05HD042,71040841.0,,,71040841.0,71040841.0
05HD043,,,,71034083.0,71034083.0
05HE001,71035235.0,,71035235.0,71035235.0,71035235.0
05HF001,71027272.0,,,,71027272.0
05HF003,71027281.0,,,,71027281.0
05HF004,71027281.0,,,71027284.0,71027281.0
05HF005,71027840.0,,,71027840.0,71027840.0
05HF010,71031578.0,,,71031578.0,71031578.0
05HF012,71031676.0,,,71031676.0,71031676.0
05HF013,71031023.0,,,,71031023.0
05HF013&05HF016,,,,71031023.0,71031023.0
05HF014,71031023.0,,,71031023.0,71031023.0
05HF015,71031023.0,,,71031023.0,71031023.0
05HF016,71031023.0,,,,71031023.0
05HF017,71031772.0,,,71031772.0,71031772.0
05HF018,71031647.0,,,71031647.0,71031647.0
05HF019,71031647.0,,,71031647.0,71031647.0
05HF020,71031578.0,,,71031578.0,71031578.0
05HF021,71029264.0,,,,71029264.0
05HF022,71031433.0,,,71031433.0,71031433.0
05HG001,71021598.0,,,71021602.0,71021598.0
05HG002,71028726.0,,,71028726.0,71028726.0
05HG003,71032841.0,,,71032841.0,71032841.0
05HG006,71028626.0,,,71028626.0,71028626.0
05HG009,71027677.0,,,71033210.0,71027677.0
05HG011,71027760.0,,,71027760.0,71027760.0
05HG012,71027760.0,,,71027760.0,71027760.0
05HG017,71028403.0,,,71028403.0,71028403.0
05HG018,71031726.0,,,71031726.0,71031726.0
05HG021,71031726.0,,71032067.0,,71031726.0
05HH001,71021575.0,,,,71021575.0
05HH002,71017135.0,,71017135.0,71017135.0,71017135.0
05HH003,71023170.0,,71023296.0,71023170.0,71023170.0
05JA001,74000153.0,,,74000967.0,74000153.0
05JA002,74000178.0,,,74000178.0,74000178.0
05JA003,74000457.0,,74000457.0,74000457.0,74000457.0
05JA004,74000197.0,,,74000197.0,74000197.0
05JA005,74000222.0,,,74000222.0,74000222.0
05JA006,74000353.0,,,74000353.0,74000353.0
05JA007,,,,74000162.0,74000162.0
05JA008,,,,74000197.0,74000197.0
05JB001,74000156.0,,,74000156.0,74000156.0
05JB002,74000283.0,,,74000283.0,74000283.0
05JB003,74000132.0,,,74000132.0,74000132.0
05JB004,74000322.0,,74000322.0,74000322.0,74000322.0
05JB005,74000340.0,,,74000340.0,74000340.0
05JB006,74000387.0,,,74000387.0,74000387.0
05JB007,74000484.0,,74000484.0,74000484.0,74000484.0
05JC001,74000196.0,,,74000196.0,74000196.0
05JC002,74001324.0,,,74001071.0,74001324.0
05JC004,74000407.0,,74000407.0,74000407.0,74000407.0
05JC005,74001324.0,,,74000098.0,74001324.0
05JC006,74000211.0,,,74000211.0,74000211.0
05JC007,74000412.0,,74000412.0,74000412.0,74000412.0
05JC008,,,,74000316.0,74000316.0
05JD001,74001324.0,,,,74001324.0
05JD002,74001324.0,,,,74001324.0
05JD003,74000422.0,,,,74000422.0
05JD004,74000257.0,,,74000257.0,74000257.0
05JD005,74000422.0,,,,74000422.0
05JD005&05JD003,,,,74000898.0,74000898.0
05JE001,71034032.0,,,71034032.0,71034032.0
05JE002,71040351.0,,,71040461.0,71040351.0
05JE003,71034049.0,,,71034049.0,71034049.0
05JE004,71034075.0,,,71034078.0,71034075.0
05JE005,71034695.0,,,71034695.0,71034695.0
05JE006,71034029.0,,,71034029.0,71034029.0
05JE007,71034695.0,,,71034695.0,71034695.0
05JE008,71039951.0,,,71034127.0,71039951.0
05JE009,71041135.0,,,71041135.0,71041135.0
05JE010,71043713.0,,,71043713.0,71043713.0
05JF001,71033888.0,,,71033888.0,71033888.0
05JF002,71033925.0,,,,71033925.0
05JF003,71033913.0,,,71033913.0,71033913.0
05JF004,71033982.0,,,71033982.0,71033982.0
05JF005,71033890.0,,,71033890.0,71033890.0
05JF006,71035379.0,,,71033906.0,71035379.0
05JF007,71035766.0,,,71035766.0,71035766.0
05JF008,71037470.0,,,71037470.0,71037470.0
05JF009,71033932.0,,,71033932.0,71033932.0
05JF010,71033925.0,,,,71033925.0
05JF011,71035343.0,,71035343.0,71035343.0,71035343.0
05JF012,71033937.0,,,71033937.0,71033937.0
05JF013,71033906.0,,,71033906.0,71033906.0
05JF014,71035865.0,,71035865.0,71035865.0,71035865.0
05JF015,71033925.0,,,,71033925.0
05JF015&05JF010&05JF002,,,,71033925.0,71033925.0
05JF901,71033908.0,,,71033908.0,71033908.0
05JG001,71035645.0,,71035645.0,71035645.0,71035645.0
05JG002,71037672.0,,,71037672.0,71037672.0
05JG003,71034924.0,,,71034924.0,71034924.0
05JG004,71034088.0,,,71034088.0,71034088.0
05JG005,71034057.0,,,,71034057.0
05JG007,71034027.0,,,71034028.0,71034027.0
05JG009,71034057.0,,,,71034057.0
05JG009&05JG005,,,,71034057.0,71034057.0
05JG010,71035118.0,,,71035118.0,71035118.0
05JG011,71034130.0,,,71034137.0,71034130.0
05JG012,71035169.0,,,71035169.0,71035169.0
05JG013,71035153.0,,71035153.0,71035153.0,71035153.0
05JG014,71034834.0,,,71034834.0,71034834.0
05JG015,71035826.0,,,71038390.0,71035826.0
05JG901,71035118.0,,,71035118.0,71035118.0
05JH001,71034456.0,,,71034456.0,71034456.0
05JH002,71033766.0,,,,71033766.0
05JH004,71033766.0,,,,71033766.0
05JH004&05JH002,,,,71033766.0,71033766.0
05JH005,71028953.0,,71028953.0,71028953.0,71028953.0
05JH006,71033766.0,,,71033766.0,71033766.0
05JH007,71038742.0,,,71038743.0,71038742.0
05JJ001,71027667.0,,,,71027667.0
05JJ002,71027511.0,,,,71027511.0
05JJ003,71027677.0,,,,71027677.0
05JJ005,71027677.0,,,71027667.0,71027677.0
05JJ006,71027677.0,,,71027667.0,71027677.0
05JJ007,71027677.0,,,71028179.0,71027677.0
05JJ008,71027677.0,,,71028102.0,71027677.0
05JJ009,71028604.0,,71028604.0,,71028604.0
05JJ010,71027530.0,,,71027530.0,71027530.0
05JK002,71033764.0,,,71033764.0,71033764.0
05JK003,71033764.0,,,71033766.0,71033764.0
05JK004,71034099.0,,,71034099.0,71034099.0
05JK005,71033561.0,,,71033561.0,71033561.0
05JK006,71033579.0,,,71033579.0,71033579.0
05JK007,71033571.0,,,71033571.0,71033571.0
05JK008,71035465.0,,71035465.0,71035465.0,71035465.0
05JL001,71033552.0,,,,71033552.0
05JL002,71035538.0,,,71035538.0,71035538.0
05JL003,71034435.0,,,71033549.0,71034435.0
05JL004,71033552.0,,,,71033552.0
05JL005,71034483.0,,,71034483.0,71034483.0
05JL007,71033552.0,,,,71033552.0
05JL007&05JL004&05JL001,,,,71033552.0,71033552.0
05JM001,71033498.0,,,,71033498.0
05JM003,71033501.0,,,,71033501.0
05JM005,71034362.0,,,71034362.0,71034362.0
05JM006,71033521.0,,,71033521.0,71033521.0
05JM007,71033513.0,,,71033513.0,71033513.0
05JM008,71033510.0,,,71033512.0,71033510.0
05JM009,71035160.0,,,71035160.0,71035160.0
05JM010,71035048.0,,71035048.0,71035048.0,71035048.0
05JM011,71033519.0,,,71033519.0,71033519.0
05JM012,71034362.0,,,71034362.0,71034362.0
05JM013,71033526.0,,,71033528.0,71033526.0
05JM015,71034440.0,,,71034440.0,71034440.0
05JM018,71034374.0,,,71034374.0,71034374.0
05KA001,71017090.0,,,71022734.0,71017090.0
05KA003,71022734.0,,,71023292.0,71022734.0
05KA004,71023474.0,,,71023474.0,71023474.0
05KA006,71022933.0,,,,71022933.0
05KA006&05KA011,,,,71022933.0,71022933.0
05KA007,71023279.0,,,71023279.0,71023279.0
05KA008,71023279.0,,,71023279.0,71023279.0
05KA009,71017101.0,,,71017101.0,71017101.0
05KA010,71023736.0,,,71023736.0,71023736.0
05KA011,71022933.0,,,,71022933.0
05KA012,71023292.0,,,71023292.0,71023292.0
05KB001,71023137.0,,,71023137.0,71023137.0
05KB002,71017097.0,,,71017097.0,71017097.0
05KB003,71016655.0,,71016656.0,71016656.0,71016655.0
05KB004,71016945.0,,,71016945.0,71016945.0
05KB005,71017015.0,,,71017015.0,71017015.0
05KB006,71023448.0,,71023448.0,71023448.0,71023448.0
05KB007,71023137.0,,,71023137.0,71023137.0
05KB008,71019459.0,,,71019459.0,71019459.0
05KB009,71017097.0,,,71017097.0,71017097.0
05KB010,71017024.0,,,71017024.0,71017024.0
05KB011,71017097.0,,71017097.0,71017097.0,71017097.0
05KB012,71026652.0,,,71026652.0,71026652.0
05KB013,71017099.0,,,71017099.0,71017099.0
05KC001,71016628.0,,71016629.0,71016629.0,71016628.0
05KC002,71016937.0,,,71016937.0,71016937.0
05KD001,71016285.0,,,,71016285.0
05KD001&05KD004,,,,71016283.0,71016283.0
05KD002,71017738.0,,,71018526.0,71017738.0
05KD003,71016283.0,,,71016283.0,71016283.0
05KD004,71016283.0,,,,71016283.0
05KD005,71016283.0,,,71016283.0,71016283.0
05KD006,71016285.0,,,71016285.0,71016285.0
05KD007,71016296.0,,,71016296.0,71016296.0
05KE001,71017336.0,,,71017387.0,71017336.0
05KE002,71016814.0,,,71016815.0,71016814.0
05KE004,71011896.0,,,71011896.0,71011896.0
05KE005,71017395.0,,71017413.0,71017395.0,71017395.0
05KE006,71017644.0,,,71017644.0,71017644.0
05KE007,71017981.0,,71017981.0,71017981.0,71017981.0
05KE008,71016925.0,,,71016897.0,71016925.0
05KE009,71017185.0,,,71017185.0,71017185.0
05KE010,71016932.0,,71016932.0,71016932.0,71016932.0
05KF001,71012493.0,,71012493.0,71012493.0,71012493.0
05KF002,71013468.0,,,71013468.0,71013468.0
05KF003,71011718.0,,,71011718.0,71011718.0
05KF004,71013049.0,,,71013049.0,71013049.0
05KG001,71007849.0,,,,71007849.0
05KG002,71011458.0,,,,71011458.0
05KG003,71011458.0,,,,71011458.0
05KG003&05KG002,,,,71011458.0,71011458.0
05KG004,71013023.0,,,71013023.0,71013023.0
05KG005,71012528.0,,,71012557.0,71012528.0
05KG006,71013092.0,,,71013092.0,71013092.0
05KG007,71011471.0,,71011471.0,71011471.0,71011471.0
05KG009,71007849.0,,,,71007849.0
05KG009&05KG001,,,,71011560.0,71011560.0
05KG010,71012146.0,,,71012146.0,71012146.0
05KH002,71016471.0,,,,71016471.0
05KH003,71017298.0,,,71021097.0,71017298.0
05KH004,71017298.0,,,71016604.0,71017298.0
05KH006,71011829.0,,,71011829.0,71011829.0
05KH007,71016612.0,,71016613.0,71016612.0,71016612.0
05KH008,71016265.0,,,71016265.0,71016265.0
05KH010,71016265.0,,,71016265.0,71016265.0
05KH012,71016471.0,,,,71016471.0
05KH012&05KH002,,,,71016471.0,71016471.0
05KH013,71017441.0,,,71017441.0,71017441.0
05KH014,71017441.0,,,71017441.0,71017441.0
05KH015,71016612.0,,,71016604.0,71016612.0
05KH701,71016261.0,,,71016261.0,71016261.0
05KJ001,71016259.0,,,71016259.0,71016259.0
05KJ014,71019548.0,,71019548.0,71019548.0,71019548.0
05KJ704,71016253.0,,,71016253.0,71016253.0
05KJ705,71016251.0,,,,71016251.0
05KJ824,71021055.0,,,71021055.0,71021055.0
05KK001,71016541.0,,,71016541.0,71016541.0
05KK002,71012031.0,,,71011995.0,71012031.0
05KK003,71012140.0,,,71012140.0,71012140.0
05KK005,71016562.0,,,,71016562.0
05KK006,71016541.0,,,,71016541.0
05KK007,71016541.0,,,71020367.0,71016541.0
05KK009,71012140.0,,,71012140.0,71012140.0
05KK708,71012140.0,,,71012140.0,71012140.0
05KK710,71016541.0,,,,71016541.0
05KK710&05KK006&05KK005,,,,71016541.0,71016541.0
05KK711,71017951.0,,,71017951.0,71017951.0
05KK712,71018815.0,,,71020917.0,71018815.0
05KL001,71016231.0,,,,71016231.0
05KL001&05KJ705&05KL005&05KL009&05KL701,,,,71016231.0,71016231.0
05KL005,71016231.0,,,,71016231.0
05KL009,71016231.0,,,,71016231.0
05KL701,71016231.0,,,,71016231.0
05LA001,71023360.0,,,71023360.0,71023360.0
05LA002,71022816.0,,,71022816.0,71022816.0
05LA003,71023521.0,,71023521.0,71023521.0,71023521.0
05LA004,71022915.0,,,71022915.0,71022915.0
05LA005,71022830.0,,,71022830.0,71022830.0
05LA006,71022662.0,,,71022662.0,71022662.0
05LA007,71022816.0,,,71022816.0,71022816.0
05LB001,71022955.0,,,71022955.0,71022955.0
05LB002,71022532.0,,,71022532.0,71022532.0
05LB003,71022258.0,,,71024154.0,71022258.0
05LB004,71026509.0,,71026509.0,71026509.0,71026509.0
05LB005,71022603.0,,,71022603.0,71022603.0
05LB006,71022538.0,,71022538.0,71022538.0,71022538.0
05LB007,71022258.0,,,71022258.0,71022258.0
05LB008,71024239.0,,71024239.0,71024239.0,71024239.0
05LB009,71024037.0,,,71024037.0,71024037.0
05LB010,71023663.0,,71023663.0,71023663.0,71023663.0
05LB011,71024037.0,,,71024037.0,71024037.0
05LB012,71025928.0,,,71025928.0,71025928.0
05LC001,71022172.0,,71022172.0,71022172.0,71022172.0
05LC002,71022174.0,,,71022174.0,71022174.0
05LC003,71021824.0,,,71021824.0,71021824.0
05LC004,71021822.0,,,71021822.0,71021822.0
05LC005,71026668.0,,,71026879.0,71026668.0
05LD001,71017338.0,,71017373.0,71017373.0,71017338.0
05LD002,71021722.0,,,,71021722.0
05LD003,71016570.0,,71016570.0,71016570.0,71016570.0
05LE001,71022019.0,,,71022019.0,71022019.0
05LE002,71022226.0,,,71022226.0,71022226.0
05LE003,71023803.0,,,71023803.0,71023803.0
05LE004,71022190.0,,71022190.0,71022190.0,71022190.0
05LE005,71022254.0,,71022254.0,71022254.0,71022254.0
05LE006,71021994.0,,71021994.0,71021994.0,71021994.0
05LE007,71021961.0,,,71021961.0,71021961.0
05LE008,71028390.0,,71028390.0,71028390.0,71028390.0
05LE009,71023420.0,,,71023420.0,71023420.0
05LE010,71023803.0,,71023803.0,71023803.0,71023803.0
05LE011,71028413.0,,71028413.0,71028413.0,71028413.0
05LE012,71032395.0,,,71032395.0,71032395.0
05LF001,71023613.0,,,71023613.0,71023613.0
05LF002,71025974.0,,,71025974.0,71025974.0
05LF801,71025974.0,,,71025974.0,71025974.0
05LF802,71024285.0,,,71024285.0,71024285.0
05LG001,71029997.0,,,71029997.0,71029997.0
05LG002,71029001.0,,,71028880.0,71029001.0
05LG003,71029491.0,,,71029491.0,71029491.0
05LG004,71027420.0,,71027420.0,71027420.0,71027420.0
05LG005,71022381.0,,,71022381.0,71022381.0
05LG006,71028880.0,,,71028880.0,71028880.0
05LG801,71032769.0,,,71032769.0,71032769.0
05LH001,71021722.0,,,,71021722.0
05LH002,71027353.0,,,71027360.0,71027353.0
05LH004,71027353.0,,,71027360.0,71027353.0
05LH005,71027353.0,,71027360.0,71027360.0,71027353.0
05LH006,71021722.0,,,,71021722.0
05LH006&05LH001&05LD002,,,,71021722.0,71021722.0
05LH008,71027353.0,,,71027353.0,71027353.0
05LJ001,71027958.0,,,71027967.0,71027958.0
05LJ002,71027944.0,,,71027944.0,71027944.0
05LJ004,71028488.0,,,71028488.0,71028488.0
05LJ005,71028264.0,,71028264.0,71028264.0,71028264.0
05LJ007,71035391.0,,71035391.0,71035391.0,71035391.0
05LJ009,71027967.0,,,,71027967.0
05LJ010,71028482.0,,,71028482.0,71028482.0
05LJ011,71028067.0,,,71028067.0,71028067.0
05LJ012,71028153.0,,,71028036.0,71028153.0
05LJ013,71028305.0,,,71028305.0,71028305.0
05LJ014,71027958.0,,,71027958.0,71027958.0
05LJ015,71030192.0,,,71030192.0,71030192.0
05LJ016,71029040.0,,,71032081.0,71029040.0
05LJ017,71029238.0,,,71029238.0,71029238.0
05LJ018,71028668.0,,,71028668.0,71028668.0
05LJ019,71031491.0,,,71031491.0,71031491.0
05LJ020,71028214.0,,,71028214.0,71028214.0
05LJ021,71028601.0,,,71028601.0,71028601.0
05LJ022,71028214.0,,,71028214.0,71028214.0
05LJ024,71028772.0,,,71028772.0,71028772.0
05LJ025,71027967.0,,,71027967.0,71027967.0
05LJ026,71038686.0,,,71038686.0,71038686.0
05LJ027,71038679.0,,71038679.0,71038679.0,71038679.0
05LJ029,71028382.0,,,71028382.0,71028382.0
05LJ030,71028382.0,,,71028382.0,71028382.0
05LJ031,71029442.0,,,71029442.0,71029442.0
05LJ032,71028382.0,,,71028382.0,71028382.0
05LJ034,71038572.0,,,71038572.0,71038572.0
05LJ035,71028150.0,,,71028150.0,71028150.0
05LJ040,71029605.0,,,71029605.0,71029605.0
05LJ045,71028150.0,,71028150.0,71028150.0,71028150.0
05LJ046,71028262.0,,,71028262.0,71028262.0
05LJ047,71028214.0,,,71030344.0,71028214.0
05LJ048,71029060.0,,,71029060.0,71029060.0
05LJ801,71038572.0,,,71038572.0,71038572.0
05LJ803,71038572.0,,,71038572.0,71038572.0
05LJ805,71038572.0,,,71038572.0,71038572.0
05LJ807,71031596.0,,,71031596.0,71031596.0
05LJ808,71029442.0,,,71029442.0,71029442.0
05LJ810,71028305.0,,,71028305.0,71028305.0
05LJ811,71029115.0,,,71029115.0,71029115.0
05LJ812,71028548.0,,,71028548.0,71028548.0
05LJ816,71027967.0,,,,71027967.0
05LJ816&05LJ009,,,,71027967.0,71027967.0
05LK001,71027315.0,,,,71027315.0
05LK002,71027315.0,,,,71027315.0
05LK003,71027315.0,,,,71027315.0
05LK004,71027315.0,,,,71027315.0
05LL001,71043485.0,,,71034720.0,71043485.0
05LL002,71033684.0,,,71033684.0,71033684.0
05LL003,71027315.0,,,,71027315.0
05LL004,71033692.0,,,71033689.0,71033692.0
05LL005,71033693.0,,,71033693.0,71033693.0
05LL006,71033685.0,,,71033686.0,71033685.0
05LL007,71033698.0,,,71033698.0,71033698.0
05LL008,71037671.0,,,71035484.0,71037671.0
05LL009,71035570.0,,,71035570.0,71035570.0
05LL011,71033697.0,,,71033697.0,71033697.0
05LL012,71027315.0,,,,71027315.0
05LL012&05LL003&05LK004&05LK003&05LK002&05LK001,,,,71027315.0,71027315.0
05LL013,71033699.0,,,71033699.0,71033699.0
05LL014,71041145.0,,71041145.0,71041145.0,71041145.0
05LL015,71035121.0,,71035121.0,71035121.0,71035121.0
05LL017,71037835.0,,,71037835.0,71037835.0
05LL018,71039328.0,,,71036575.0,71039328.0
05LL019,71039328.0,,,71036575.0,71039328.0
05LL021,71034715.0,,,71034715.0,71034715.0
05LL022,71034608.0,,,71034608.0,71034608.0
05LL024,71033692.0,,,71033692.0,71033692.0
05LL026,71035429.0,,,71035429.0,71035429.0
05LL027,71037869.0,,71037869.0,71037869.0,71037869.0
05LL028,71034588.0,,,71034588.0,71034588.0
05LL802,71043485.0,,,71043485.0,71043485.0
05LL809,71033697.0,,,71033697.0,71033697.0
05LL810,71033692.0,,,71033692.0,71033692.0
05LL820,71037039.0,,,71037039.0,71037039.0
05LL821,71034954.0,,,71034966.0,71034954.0
05LL822,71034989.0,,,71034989.0,71034989.0
05LL823,71033689.0,,,71034950.0,71033689.0
05LL824,71034601.0,,,71034718.0,71034601.0
05LM001,71027315.0,,,71027316.0,71027315.0
05LM002,71030238.0,,,71030238.0,71030238.0
05LM003,71027301.0,,,71027302.0,71027301.0
05LM005,71027301.0,,,71027302.0,71027301.0
05LM006,71027301.0,,,71027302.0,71027301.0
05LM801,71027313.0,,,71027314.0,71027313.0
05LN002,71035940.0,,,,71035940.0
05LN002&05LN006,,,,71038828.0,71038828.0
05LN003,71034459.0,,,71034459.0,71034459.0
05LN004,71040076.0,,,71035301.0,71040076.0
05LN005,71034019.0,,,71033987.0,71034019.0
05LN006,71035940.0,,,,71035940.0
05LN805,71035689.0,,,71037384.0,71035689.0
05MA001,71032846.0,,,71032846.0,71032846.0
05MA002,71027231.0,,,,71027231.0
05MA003,71027231.0,,,,71027231.0
05MA004,71023357.0,,,,71023357.0
05MA004&05MA024,,,,71023357.0,71023357.0
05MA005,71027231.0,,,,71027231.0
05MA007,71023805.0,,,71023805.0,71023805.0
05MA008,71023805.0,,,71023805.0,71023805.0
05MA010,71027231.0,,,,71027231.0
05MA011,71028718.0,,,71032712.0,71028718.0
05MA012,71023118.0,,,71023118.0,71023118.0
05MA013,71025312.0,,,71025312.0,71025312.0
05MA014,71025312.0,,,71025380.0,71025312.0
05MA015,71032558.0,,,71032558.0,71032558.0
05MA016,71021939.0,,,71021939.0,71021939.0
05MA017,71032558.0,,,71032558.0,71032558.0
05MA018,71032657.0,,,71032657.0,71032657.0
05MA019,71028400.0,,,71028400.0,71028400.0
05MA020,71028395.0,,71028395.0,71028395.0,71028395.0
05MA021,71030139.0,,71030139.0,71030139.0,71030139.0
05MA022,71028768.0,,,71032546.0,71028768.0
05MA023,71028648.0,,,71028664.0,71028648.0
05MA024,71023357.0,,,,71023357.0
05MA025,71023689.0,,71025380.0,71025380.0,71023689.0
05MB001,71027652.0,,,71027652.0,71027652.0
05MB002,71027623.0,,,71027623.0,71027623.0
05MB003,71027628.0,,,71027628.0,71027628.0
05MB004,71028030.0,,,71028030.0,71028030.0
05MB005,71028856.0,,,71029440.0,71028856.0
05MB006,71028962.0,,,71028962.0,71028962.0
05MB007,71029632.0,,,71029632.0,71029632.0
05MB008,71027996.0,,,71027996.0,71027996.0
05MB009,71028002.0,,,71028002.0,71028002.0
05MB010,71029140.0,,,71029140.0,71029140.0
05MB011,71028227.0,,,71028227.0,71028227.0
05MB012,71029972.0,,,71029972.0,71029972.0
05MB013,71028152.0,,,71028152.0,71028152.0
05MB014,71028638.0,,,71029069.0,71028638.0
05MC001,71027875.0,,71027875.0,71027883.0,71027875.0
05MC002,71028192.0,,71028192.0,71028192.0,71028192.0
05MC003,71023896.0,,71023896.0,71023896.0,71023896.0
05MC004,71028205.0,,,71028205.0,71028205.0
05MD001,71034318.0,,,71034318.0,71034318.0
05MD002,71028507.0,,,71028507.0,71028507.0
05MD004,71027606.0,,,71032291.0,71027606.0
05MD005,71034318.0,,71034318.0,71034318.0,71034318.0
05MD006,71029261.0,,,71029261.0,71029261.0
05MD007,71028632.0,,,71028632.0,71028632.0
05MD009,71033816.0,,,,71033816.0
05MD010,71029311.0,,71029489.0,71029311.0,71029311.0
05MD011,71033816.0,,,,71033816.0
05MD011&05MD009,,,,71033816.0,71033816.0
05MD801,71033812.0,,,71033812.0,71033812.0
05MD802,71032332.0,,,71032332.0,71032332.0
05MD804,71030395.0,,,71030395.0,71030395.0
05ME001,71033804.0,,,71033804.0,71033804.0
05ME002,71035066.0,,,71035066.0,71035066.0
05ME003,71035103.0,,71035103.0,71035103.0,71035103.0
05ME005,71038842.0,,71038842.0,71038842.0,71038842.0
05ME006,71033486.0,,,,71033486.0
05ME007,71034538.0,,71034538.0,71034538.0,71034538.0
05ME008,71035124.0,,,71035124.0,71035124.0
05ME009,71035517.0,,,71035517.0,71035517.0
05ME010,71035452.0,,,71035452.0,71035452.0
05ME011,71033496.0,,,71033496.0,71033496.0
05ME012,71033804.0,,,71033804.0,71033804.0
05ME802,71033496.0,,,71033497.0,71033496.0
05ME803,71038842.0,,,71038842.0,71038842.0
05MF001,71034931.0,,71034931.0,71034931.0,71034931.0
05MF003,71034915.0,,,71034915.0,71034915.0
05MF004,71035306.0,,,71035306.0,71035306.0
05MF005,71035117.0,,,71035117.0,71035117.0
05MF006,71035883.0,,,71035883.0,71035883.0
05MF007,71035600.0,,,71035600.0,71035600.0
05MF008,71035453.0,,71035453.0,71035453.0,71035453.0
05MF009,71035600.0,,,71035600.0,71035600.0
05MF018,71040070.0,,,71040070.0,71040070.0
05MF019,71036214.0,,,71036214.0,71036214.0
05MF020,71040070.0,,,,71040070.0
05MF021,71034902.0,,,71034902.0,71034902.0
05MF022,71038932.0,,,71038932.0,71038932.0
05MF023,71038932.0,,,71038932.0,71038932.0
05MF024,71035306.0,,,71035306.0,71035306.0
05MF025,71036214.0,,,71036214.0,71036214.0
05MF026,71038374.0,,,71038374.0,71038374.0
05MF801,71034915.0,,,71034915.0,71034915.0
05MF803,71040070.0,,,,71040070.0
05MF803&05MF020,,,,71040070.0,71040070.0
05MG001,71035019.0,,71035019.0,71035019.0,71035019.0
05MG002,71040994.0,,,71040994.0,71040994.0
05MG003,71039899.0,,71039899.0,71039899.0,71039899.0
05MG004,71039981.0,,,71039981.0,71039981.0
05MG005,71036062.0,,,71035122.0,71036062.0
05MG006,71043777.0,,,71043777.0,71043777.0
05MG007,71035493.0,,,71035493.0,71035493.0
05MG008,71035493.0,,,71035493.0,71035493.0
05MG009,71035418.0,,,71035418.0,71035418.0
05MG010,71039941.0,,,71039941.0,71039941.0
05MG011,71041136.0,,,71041136.0,71041136.0
05MG012,71035328.0,,,71035328.0,71035328.0
05MG013,71039355.0,,,71039356.0,71039355.0
05MG014,71039364.0,,,71039365.0,71039364.0
05MG015,71041544.0,,,71041544.0,71041544.0
05MG801,71039355.0,,,71039356.0,71039355.0
05MG802,71039363.0,,,71039363.0,71039363.0
05MG803,71039959.0,,,71040082.0,71039959.0
05MH001,71039352.0,,,71039353.0,71039352.0
05MH002,71040791.0,,,71040791.0,71040791.0
05MH004,71040482.0,,,71040370.0,71040482.0
05MH005,71039332.0,,,71039332.0,71039332.0
05MH006,71040491.0,,71040491.0,71040491.0,71040491.0
05MH007,71040738.0,,71040738.0,71040738.0,71040738.0
05MH008,71040791.0,,71040791.0,71040791.0,71040791.0
05MH011,71039926.0,,,71039926.0,71039926.0
05MH013,71039353.0,,,71039353.0,71039353.0
05MJ001,71039303.0,,,71039304.0,71039303.0
05MJ002,71039300.0,,,71039301.0,71039300.0
05MJ003,71033479.0,,,71039328.0,71033479.0
05MJ004,71039738.0,,,71039738.0,71039738.0
05MJ005,71039331.0,,,71039332.0,71039331.0
05MJ006,71039328.0,,,71039328.0,71039328.0
05MJ007,71040107.0,,,71040107.0,71040107.0
05MJ008,71040107.0,,,71040107.0,71040107.0
05MJ009,71043585.0,,,71043585.0,71043585.0
05MJ010,71043585.0,,,71043585.0,71043585.0
05MJ011,71039738.0,,,71039738.0,71039738.0
05MJ012,71039310.0,,,71039310.0,71039310.0
05MJ013,71040107.0,,,71040107.0,71040107.0
05NA001,71040233.0,,,71040259.0,71040233.0
05NA002,71040230.0,,,71040230.0,71040230.0
05NA003,71044138.0,,,71044138.0,71044138.0
05NA004,71040294.0,,,71040294.0,71040294.0
05NA005,71040605.0,,,71040605.0,71040605.0
05NA006,71042585.0,,,71042585.0,71042585.0
05NA007,71042210.0,,,71042210.0,71042210.0
05NA009,71042585.0,,,71042585.0,71042585.0
05NB001,71039763.0,,,71039763.0,71039763.0
05NB004,71040993.0,,,71040993.0,71040993.0
05NB005,71040993.0,,,71040993.0,71040993.0
05NB006,71039610.0,,,,71039610.0
05NB007,71039580.0,,,71039580.0,71039580.0
05NB008,71039995.0,,,71039995.0,71039995.0
05NB009,71039573.0,,,71039573.0,71039573.0
05NB010,71039595.0,,,,71039595.0
05NB011,71039642.0,,,71039644.0,71039642.0
05NB012,71039763.0,,,71039763.0,71039763.0
05NB013,71039763.0,,,71039763.0,71039763.0
05NB014,71040857.0,,,71040857.0,71040857.0
05NB015,71042660.0,,,71042660.0,71042660.0
05NB016,71042660.0,,,71042660.0,71042660.0
05NB017,71039615.0,,,71039615.0,71039615.0
05NB018,71040993.0,,,71040993.0,71040993.0
05NB019,71040924.0,,,71040648.0,71040924.0
05NB020,71039621.0,,,71039621.0,71039621.0
05NB021,71039995.0,,,71039995.0,71039995.0
05NB023,71042660.0,,,71040472.0,71042660.0
05NB024,71042860.0,,,71042860.0,71042860.0
05NB025,71034003.0,,,71034177.0,71034003.0
05NB026,71044124.0,,,71044124.0,71044124.0
05NB027,71039763.0,,,71039763.0,71039763.0
05NB028,71039631.0,,,71039631.0,71039631.0
05NB029,71039601.0,,,,71039601.0
05NB030,71039640.0,,,71039642.0,71039640.0
05NB031,71039656.0,,,71039661.0,71039656.0
05NB032,71039583.0,,,,71039583.0
05NB033,71042823.0,,71042823.0,71042823.0,71042823.0
05NB034,71042660.0,,,71042660.0,71042660.0
05NB035,71042105.0,,71042034.0,71042034.0,71042105.0
05NB036,71039583.0,,,71039586.0,71039583.0
05NB037,71039604.0,,,,71039604.0
05NB037&05NB032&05NB029&05NB010&05NB006,,,,71039583.0,71039583.0
05NB039,71040863.0,,,71040863.0,71040863.0
05NB040,71039617.0,,,71039617.0,71039617.0
05NB041,71042660.0,,,71042660.0,71042660.0
05NC001,71039922.0,,,71039922.0,71039922.0
05NC002,71039931.0,,,71039931.0,71039931.0
05NC003,71039871.0,,,71039871.0,71039871.0
05NC004,71039846.0,,,71039868.0,71039846.0
05NC005,71035107.0,,,71035791.0,71035107.0
05NC006,71043021.0,,,71043021.0,71043021.0
05ND001,71039560.0,,,71039561.0,71039560.0
05ND003,71039560.0,,,71039560.0,71039560.0
05ND004,71039817.0,,,71039817.0,71039817.0
05ND006,71041937.0,,,71041937.0,71041937.0
05ND007,71043947.0,,,71043961.0,71043947.0
05ND008,71040631.0,,,71040631.0,71040631.0
05ND009,71043338.0,,,71043338.0,71043338.0
05ND010,71039820.0,,,71039820.0,71039820.0
05ND011,71040862.0,,71040862.0,71040862.0,71040862.0
05ND012,71039817.0,,,71039817.0,71039817.0
05ND013,71039817.0,,,71039817.0,71039817.0
05NE001,71039666.0,,,71034365.0,71039666.0
05NE002,71039666.0,,,71039666.0,71039666.0
05NE003,71034383.0,,71034384.0,71034384.0,71034383.0
05NF001,71039448.0,,,71039449.0,71039448.0
05NF002,71039798.0,,71039798.0,71039798.0,71039798.0
05NF003,71040139.0,,,71040139.0,71040139.0
05NF006,71040270.0,,71040270.0,71040270.0,71040270.0
05NF007,71040184.0,,,71040184.0,71040184.0
05NF008,71040264.0,,71041020.0,71041020.0,71040264.0
05NF009,71039457.0,,,71039457.0,71039457.0
05NF010,71034738.0,,71040325.0,71040325.0,71034738.0
05NF011,71041292.0,,,71041292.0,71041292.0
05NF012,71039475.0,,,71043865.0,71039475.0
05NF013,71040409.0,,,71040409.0,71040409.0
05NF014,71041292.0,,,71041292.0,71041292.0
05NF015,71040239.0,,,71040239.0,71040239.0
05NF016,71039466.0,,,71039470.0,71039466.0
05NF803,71039448.0,,,71039449.0,71039448.0
05NF804,71044391.0,,,,71044391.0
05NF805,71044491.0,,,71044491.0,71044491.0
05NG001,71039390.0,,,71039391.0,71039390.0
05NG003,71039606.0,,,71039666.0,71039606.0
05NG004,71040284.0,,,71040313.0,71040284.0
05NG007,71039577.0,,,71039577.0,71039577.0
05NG010,71040288.0,,71040288.0,71040288.0,71040288.0
05NG011,71041680.0,,,71040538.0,71041680.0
05NG012,71040767.0,,71040767.0,71040767.0,71040767.0
05NG016,71041680.0,,,71041680.0,71041680.0
05NG017,71041680.0,,,71041680.0,71041680.0
05NG019,71040479.0,,,71040479.0,71040479.0
05NG020,71040330.0,,71040330.0,71040330.0,71040330.0
05NG021,71039404.0,,,71039405.0,71039404.0
05NG022,71040231.0,,,71042610.0,71040231.0
05NG023,71040538.0,,,,71040538.0
05NG024,71039666.0,,,71039666.0,71039666.0
05NG025,71039438.0,,,71039438.0,71039438.0
05NG026,71039393.0,,,71039394.0,71039393.0
05NG027,71040562.0,,,71040562.0,71040562.0
05NG028,71040701.0,,,71040701.0,71040701.0
05NG801,71039579.0,,,,71039579.0
05NG801&05NG809,,,,71039590.0,71039590.0
05NG803,71041339.0,,,71041339.0,71041339.0
05NG806,71039423.0,,,71039423.0,71039423.0
05NG807,71039441.0,,,71039441.0,71039441.0
05NG809,71039579.0,,,,71039579.0
05NG810,71041920.0,,,71041920.0,71041920.0
05NG813,71039593.0,,,71039591.0,71039593.0
05NG814,71041680.0,,,71041680.0,71041680.0
05OA001,71040744.0,,,71040744.0,71040744.0
05OA002,71039901.0,,,71039901.0,71039901.0
05OA005,71046943.0,,,71040024.0,71046943.0
05OA006,71039901.0,,,71039901.0,71039901.0
05OA007,71039900.0,,71039900.0,71039900.0,71039900.0
05OA008,71040926.0,,,71040926.0,71040926.0
05OA009,71040010.0,,,71040010.0,71040010.0
05OA010,71040438.0,,,71040493.0,71040438.0
05OA012,71040744.0,,,71040744.0,71040744.0
05OA013,71040010.0,,,71040010.0,71040010.0
05OA014,71040010.0,,,71040010.0,71040010.0
05OA015,71039921.0,,,71039921.0,71039921.0
05OA017,71042111.0,,,71042111.0,71042111.0
05OA019,71040638.0,,,71040737.0,71040638.0
05OA801,71041886.0,,,71041886.0,71041886.0
05OA802,71040638.0,,,71040638.0,71040638.0
05OA803,71041907.0,,,71040010.0,71041907.0
05OA804,71040010.0,,,71040010.0,71040010.0
05OB001,71039693.0,,,71039697.0,71039693.0
05OB003,71039685.0,,,71039689.0,71039685.0
05OB006,71040992.0,,,71040992.0,71040992.0
05OB007,71043973.0,,,71043977.0,71043973.0
05OB008,71039678.0,,,71039681.0,71039678.0
05OB010,71039749.0,,71039749.0,71039749.0,71039749.0
05OB013,71041362.0,,,71041362.0,71041362.0
05OB014,71042127.0,,,71042127.0,71042127.0
05OB016,71039989.0,,71039991.0,71039989.0,71039989.0
05OB018,71039703.0,,,,71039703.0
05OB019,71039703.0,,,71039710.0,71039703.0
05OB021,71040021.0,,71040021.0,71040021.0,71040021.0
05OB023,71039719.0,,,71039721.0,71039719.0
05OB025,71041035.0,,,,71041035.0
05OB025&05OB034,,,,71041035.0,71041035.0
05OB027,71039844.0,,,,71039844.0
05OB031,71046796.0,,,71046796.0,71046796.0
05OB033,71046796.0,,,71046796.0,71046796.0
05OB034,71041035.0,,,,71041035.0
05OB801,71040992.0,,,71040992.0,71040992.0
05OB804,71039844.0,,,,71039844.0
05OB804&05OB027,,,,71039844.0,71039844.0
05OB806,71039703.0,,,,71039703.0
05OB806&05OB018,,,,71039710.0,71039710.0
05OC001,71039326.0,,,71039327.0,71039326.0
05OC003,71039311.0,,,71039311.0,71039311.0
05OC004,71043968.0,,,71043968.0,71043968.0
05OC006,71039321.0,,,71039322.0,71039321.0
05OC008,71039311.0,,,71039311.0,71039311.0
05OC009,71039323.0,,,71039324.0,71039323.0
05OC010,71039325.0,,,71039326.0,71039325.0
05OC012,71039316.0,,,71039317.0,71039316.0
05OC015,71041179.0,,,71041857.0,71041179.0
05OC016,71040419.0,,71040368.0,71040305.0,71040419.0
05OC017,71039311.0,,,71043149.0,71039311.0
05OC018,71040961.0,,,71040961.0,71040961.0
05OC019,71039528.0,,71039528.0,71039528.0,71039528.0
05OC020,71039311.0,,,71039312.0,71039311.0
05OC021,71039311.0,,,71039312.0,71039311.0
05OC022,71040961.0,,71040961.0,71040961.0,71040961.0
05OC023,71041179.0,,,71041179.0,71041179.0
05OC024,71042042.0,,,71042135.0,71042042.0
05OC025,71039539.0,,,71039539.0,71039539.0
05OC026,71039311.0,,,71039312.0,71039311.0
05OC027,71041179.0,,,,71041179.0
05OC028,71039313.0,,,71041393.0,71039313.0
05OC029,71039311.0,,,71040350.0,71039311.0
05OC801,71041179.0,,,,71041179.0
05OC801&05OC027,,,,71041179.0,71041179.0
05OD001,71039435.0,,,71039443.0,71039435.0
05OD002,71039419.0,,,71039424.0,71039419.0
05OD003,71039419.0,,,71039424.0,71039419.0
05OD004,71039455.0,,,71039455.0,71039455.0
05OD014,71039455.0,,,71039455.0,71039455.0
05OD028,71040906.0,,,71040906.0,71040906.0
05OD030,71039468.0,,,71039472.0,71039468.0
05OD031,71044464.0,,,71044464.0,71044464.0
05OD032,71044471.0,,,71046946.0,71044471.0
05OD802,71039419.0,,,71039424.0,71039419.0
05OE001,71040212.0,,,71040212.0,71040212.0
05OE002,71040360.0,,,71040360.0,71040360.0
05OE004,71040867.0,,71040867.0,71040867.0,71040867.0
05OE006,71040666.0,,71040666.0,71040666.0,71040666.0
05OE007,71040642.0,,71040642.0,71040642.0,71040642.0
05OE008,71040669.0,,,71040669.0,71040669.0
05OE009,71040449.0,,71040449.0,71040449.0,71040449.0
05OE010,71040669.0,,71040669.0,71040669.0,71040669.0
05OE011,71040332.0,,,71040332.0,71040332.0
05OE013,71040332.0,,,71040332.0,71040332.0
05OE014,71042273.0,,,71042273.0,71042273.0
05OE015,71042102.0,,,71042102.0,71042102.0
05OE823,71040360.0,,,71040360.0,71040360.0
05OF002,71040142.0,,,71040142.0,71040142.0
05OF003,71040211.0,,,71040258.0,71040211.0
05OF006,71040258.0,,,71040372.0,71040258.0
05OF007,71040532.0,,,71040532.0,71040532.0
05OF008,71040372.0,,,71040372.0,71040372.0
05OF009,71041483.0,,71041483.0,71041483.0,71041483.0
05OF010,71040898.0,,,71040898.0,71040898.0
05OF011,71040532.0,,71040532.0,71040532.0,71040532.0
05OF012,71040813.0,,,71040813.0,71040813.0
05OF014,71040347.0,,71040347.0,71040347.0,71040347.0
05OF015,71040849.0,,,71040849.0,71040849.0
05OF016,71040813.0,,,71040813.0,71040813.0
05OF017,71042263.0,,71042263.0,71042263.0,71042263.0
05OF018,71041047.0,,71041047.0,71041047.0,71041047.0
05OF019,71041038.0,,,71041038.0,71041038.0
05OF020,71040142.0,,71040142.0,71040142.0,71040142.0
05OF021,71040552.0,,,71040552.0,71040552.0
05OF022,71040552.0,,,71040552.0,71040552.0
05OF023,71042263.0,,,71042263.0,71042263.0
05OF024,71040283.0,,,71040283.0,71040283.0
05OF026,71040183.0,,,71040183.0,71040183.0
05OF801,71040211.0,,,71042711.0,71040211.0
05OG001,71040263.0,,,71043279.0,71040263.0
05OG002,71040263.0,,,,71040263.0
05OG002&05OG808,,,,71040471.0,71040471.0
05OG003,71040263.0,,,71040732.0,71040263.0
05OG004,71040384.0,,,71040384.0,71040384.0
05OG005,71040551.0,,,71043311.0,71040551.0
05OG006,71040561.0,,,71040582.0,71040561.0
05OG008,71040700.0,,,71040700.0,71040700.0
05OG801,71040263.0,,,71043279.0,71040263.0
05OG802,71040263.0,,,71040537.0,71040263.0
05OG803,71040263.0,,,71040732.0,71040263.0
05OG804,71040263.0,,,71040471.0,71040263.0
05OG805,71040263.0,,,71040797.0,71040263.0
05OG806,71040263.0,,,71043279.0,71040263.0
05OG807,71040700.0,,,71040700.0,71040700.0
05OG808,71040263.0,,,,71040263.0
05OH006,71040425.0,,,71043166.0,71040425.0
05OH007,71040557.0,,71040708.0,71040708.0,71040557.0
05OH008,71040504.0,,,71040557.0,71040504.0
05OH009,71040425.0,,,71043166.0,71040425.0
05OH802,71043080.0,,,71043080.0,71043080.0
05OJ001,71039297.0,,,71039298.0,71039297.0
05OJ002,71034529.0,,,71034627.0,71034529.0
05OJ005,71033436.0,,,71036991.0,71033436.0
05OJ006,71034627.0,,,71034710.0,71034627.0
05OJ007,71042924.0,,,71043282.0,71042924.0
05OJ008,71035231.0,,71035231.0,71035231.0,71035231.0
05OJ009,71035550.0,,,71035550.0,71035550.0
05OJ010,71033436.0,,,71033437.0,71033436.0
05OJ012,71035558.0,,,71035615.0,71035558.0
05OJ014,71039311.0,,,71034679.0,71039311.0
05OJ015,71039298.0,,,71039299.0,71039298.0
05OJ016,71035615.0,,71036474.0,71036474.0,71035615.0
05OJ017,71040077.0,,71040014.0,71040014.0,71040077.0
05OJ018,71016214.0,,,,71016214.0
05OJ019,71034710.0,,,71043282.0,71034710.0
05OJ020,71034710.0,,,71043282.0,71034710.0
05OJ021,71033437.0,,,71033438.0,71033437.0
05OJ022,71033435.0,,,71033436.0,71033435.0
05OJ023,71039297.0,,,71039298.0,71039297.0
05OJ024,71033437.0,,,,71033437.0
05OJ829,71033436.0,,,71033437.0,71033436.0
05PA001,71044030.0,,,71044030.0,71044030.0
05PA003,71044030.0,,,71044030.0,71044030.0
05PA005,71044603.0,,,71044603.0,71044603.0
05PA006,71044040.0,,,,71044040.0
05PA007,71044057.0,,,71044057.0,71044057.0
05PA010,71044777.0,,,71044777.0,71044777.0
05PA011,71044040.0,,,,71044040.0
05PA011&05PA006,,,,71044040.0,71044040.0
05PA012,71044086.0,,,,71044086.0
05PA013,71044030.0,,,71044030.0,71044030.0
05PB001,71043842.0,,,71043838.0,71043842.0
05PB002,71043885.0,,,71043885.0,71043885.0
05PB003,71044407.0,,,71044462.0,71044407.0
05PB004,71044009.0,,,71044009.0,71044009.0
05PB007,71043825.0,,,,71043825.0
05PB009,71043838.0,,,71043838.0,71043838.0
05PB012,71039502.0,,,71039502.0,71039502.0
05PB014,71043885.0,,71043885.0,71043885.0,71043885.0
05PB015,71045034.0,,,71045034.0,71045034.0
05PB018,71044635.0,,71044635.0,71044635.0,71044635.0
05PB019,71046903.0,,,71046903.0,71046903.0
05PB020,71046829.0,,,71046829.0,71046829.0
05PB021,71046829.0,,,71046829.0,71046829.0
05PB022,71046829.0,,,71046829.0,71046829.0
05PB023,71043825.0,,,71043825.0,71043825.0
05PB024,71043825.0,,,71043825.0,71043825.0
05PB025,71043825.0,,,71043825.0,71043825.0
05PC009,71046499.0,,,71046499.0,71046499.0
05PC010,71045171.0,,,71045171.0,71045171.0
05PC011,71044897.0,,,71044897.0,71044897.0
05PC016,71045010.0,,,71045010.0,71045010.0
05PC018,71043819.0,,,71043819.0,71043819.0
05PC019,71043825.0,,,71043825.0,71043825.0
05PC021,71043812.0,,,71043812.0,71043812.0
05PC022,71046499.0,,,71046499.0,71046499.0
05PC023,71045124.0,,,71045124.0,71045124.0
05PC024,71043825.0,,,,71043825.0
05PC024&05PB007,,,,71043825.0,71043825.0
05PC025,71043825.0,,,71043825.0,71043825.0
05PC027,71043810.0,,,,71043810.0
05PD001,71039408.0,,,,71039408.0
05PD001&05PE030&05PE029&05PE016&05PE015&05PE014&05PE011&05PE006&05PE005&05PE004&05PE003&05PD030&05PD029&05PD011&05PD008,,,,71039408.0,71039408.0
05PD004,71040402.0,,,71040402.0,71040402.0
05PD008,71039408.0,,,,71039408.0
05PD011,71039408.0,,,,71039408.0
05PD014,71042951.0,,,71042951.0,71042951.0
05PD015,71042838.0,,,71042838.0,71042838.0
05PD016,71042951.0,,,71042951.0,71042951.0
05PD017,71042838.0,,,71042838.0,71042838.0
05PD018,71042838.0,,,71042838.0,71042838.0
05PD019,71042838.0,,,,71042838.0
05PD020,71042838.0,,,,71042838.0
05PD020&05PD019,,,,71042838.0,71042838.0
05PD021,71042838.0,,,,71042838.0
05PD023,71042838.0,,,,71042838.0
05PD024,71042838.0,,,,71042838.0
05PD026,71040480.0,,,71040480.0,71040480.0
05PD027,71042951.0,,,71042951.0,71042951.0
05PD028,71042838.0,,,71042838.0,71042838.0
05PD029,71039408.0,,,,71039408.0
05PD030,71039408.0,,,,71039408.0
05PD031,71042838.0,,,,71042838.0
05PD031&05PD024&05PD023&05PD021,,,,71042838.0,71042838.0
05PD033,71042838.0,,,71042838.0,71042838.0
05PD034,71042838.0,,,71042838.0,71042838.0
05PD801,71041412.0,,,71041412.0,71041412.0
05PD802,71041912.0,,,71041912.0,71041912.0
05PE001,71039408.0,,,,71039408.0
05PE001&05PE012,,,,71039408.0,71039408.0
05PE003,71039408.0,,,,71039408.0
05PE004,71039408.0,,,,71039408.0
05PE005,71039408.0,,,,71039408.0
05PE006,71039408.0,,,,71039408.0
05PE008,71040756.0,,,71040756.0,71040756.0
05PE009,71033650.0,,,71033650.0,71033650.0
05PE010,71033646.0,,,71033646.0,71033646.0
05PE011,71039408.0,,,,71039408.0
05PE012,71039408.0,,,,71039408.0
05PE014,71039408.0,,,,71039408.0
05PE015,71039408.0,,,,71039408.0
05PE016,71039408.0,,,,71039408.0
05PE020,71039406.0,,,,71039406.0
05PE020&05PE028&05PE022,,,,71039406.0,71039406.0
05PE021,71033645.0,,,,71033645.0
05PE021&05PF064&05PF051&05PF001,,,,71033622.0,71033622.0
05PE022,71039406.0,,,,71039406.0
05PE023,71039406.0,,,,71039406.0
05PE023&05PE024&05PE025&05PE026,,,,71039395.0,71039395.0
05PE024,71039406.0,,,,71039406.0
05PE025,71039399.0,,,,71039399.0
05PE026,71039399.0,,,,71039399.0
05PE028,71039406.0,,,,71039406.0
05PE029,71039408.0,,,,71039408.0
05PE030,71039408.0,,,,71039408.0
05PE031,71040756.0,,,,71040756.0
05PF001,71033622.0,,,,71033622.0
05PF008,71033622.0,,,71033623.0,71033622.0
05PF044,,,,71033615.0,71033615.0
05PF048,71033614.0,,,71033615.0,71033614.0
05PF051,71033637.0,,,,71033637.0
05PF057,71033618.0,,,71033619.0,71033618.0
05PF060,71033615.0,,,,71033615.0
05PF062,71033615.0,,,,71033615.0
05PF063,71033622.0,,,71033623.0,71033622.0
05PF064,71033623.0,,,,71033623.0
05PF065,71036499.0,,,71036499.0,71036499.0
05PF068,71033614.0,,,,71033614.0
05PF068&05PF062&05PF060&05PF022&05PF015,,,,71033614.0,71033614.0
05PF069,71033610.0,,,71033611.0,71033610.0
05PF070,71033619.0,,,71033620.0,71033619.0
05PF801,71033618.0,,,71033618.0,71033618.0
05PG001,71034502.0,,,71034502.0,71034502.0
05PG002,71043386.0,,,71043386.0,71043386.0
05PG003,71043386.0,,,,71043386.0
05PG801,71036469.0,,,71034614.0,71036469.0
05PG802,71043229.0,,,71043229.0,71043229.0
05PG803,71041154.0,,,71041154.0,71041154.0
05PG806,71040979.0,,,71040979.0,71040979.0
05PG807,71043386.0,,,,71043386.0
05PG807&05PG003,,,,71043386.0,71043386.0
05PG809,71034502.0,,,71034502.0,71034502.0
05PG810,71034502.0,,,71034502.0,71034502.0
05PG811,71034502.0,,,71034502.0,71034502.0
05PG812,71034502.0,,,71034502.0,71034502.0
05PH001,71040173.0,,,71040188.0,71040173.0
05PH003,71040188.0,,71040188.0,71043605.0,71040188.0
05PH004,71041234.0,,,,71041234.0
05PH005,71041234.0,,,,71041234.0
05PH005&05PH004,,,,71041234.0,71041234.0
05PH006,71041234.0,,,71041234.0,71041234.0
05PH007,71040431.0,,,71040496.0,71040431.0
05PJ001,71034980.0,,,71034980.0,71034980.0
05QA001,71034257.0,,,71034255.0,71034257.0
05QA002,71040118.0,,,71040118.0,71040118.0
05QA004,71034263.0,,71034266.0,71034266.0,71034263.0
05QA005,71041460.0,,,71043588.0,71041460.0
05QA006,71034255.0,,,71034255.0,71034255.0
05QB001,71033926.0,,,,71033926.0
05QB001&05QB002&05QB003&05QE006&05QB007,,,,71033940.0,71033940.0
05QB002,71033926.0,,,,71033926.0
05QB003,71033926.0,,,,71033926.0
05QB005,71027640.0,,,,71027640.0
05QB005&05QB006,,,,71038988.0,71038988.0
05QB006,71027640.0,,,,71027640.0
05QC001,71034291.0,,,71034291.0,71034291.0
05QC003,71034308.0,,,71034308.0,71034308.0
05QC004,71034270.0,,,71034270.0,71034270.0
05QC005,71034347.0,,,71034347.0,71034347.0
05QC006,71031064.0,,,71031064.0,71031064.0
05QC007,71034308.0,,,71034308.0,71034308.0
05QD001,71034067.0,,,71034067.0,71034067.0
05QD002,71034167.0,,,71034167.0,71034167.0
05QD003,71040267.0,,,71040267.0,71040267.0
05QD006,71039782.0,,,71039782.0,71039782.0
05QD007,71042951.0,,,71042951.0,71042951.0
05QD008,71042951.0,,,,71042951.0
05QD008&05QD009,,,,71042951.0,71042951.0
05QD009,71042951.0,,,,71042951.0
05QD010,71040165.0,,,71040165.0,71040165.0
05QD011,71043015.0,,,71043015.0,71043015.0
05QD012,71040943.0,,,71040943.0,71040943.0
05QD013,71043015.0,,,71043015.0,71043015.0
05QD015,71042951.0,,,71040943.0,71042951.0
05QD016,71040170.0,,,71040170.0,71040170.0
05QD017,71040943.0,,,,71040943.0
05QD017&05QD021,,,,71040943.0,71040943.0
05QD018,71042951.0,,,71042951.0,71042951.0
05QD019,71042951.0,,,71042951.0,71042951.0
05QD020,71034125.0,,,71034125.0,71034125.0
05QD021,71040943.0,,,,71040943.0
05QD022,71042951.0,,,,71042951.0
05QD022&05QD023&05QD024,,,,71042951.0,71042951.0
05QD023,71042951.0,,,,71042951.0
05QD024,71042951.0,,,,71042951.0
05QD025,71040943.0,,,71040943.0,71040943.0
05QD026,71043352.0,,,71043124.0,71043352.0
05QD027,71043119.0,,,,71043119.0
05QD028,71043119.0,,,,71043119.0
05QD028&05QD027,,,,71043119.0,71043119.0
05QD029,71041025.0,,,71041025.0,71041025.0
05QE005,71033824.0,,,71033824.0,71033824.0
05QE006,71033926.0,,,,71033926.0
05QE007,71033905.0,,,71033905.0,71033905.0
05QE008,71035058.0,,71035058.0,71035058.0,71035058.0
05QE009,71035083.0,,71035083.0,,71035083.0
05QE011,71035083.0,,,,71035083.0
05QE011&05QE009,,,,71035083.0,71035083.0
05QE012,71035242.0,,71035242.0,71035242.0,71035242.0
05QE013,71033870.0,,,71033870.0,71033870.0
05QE014,71033845.0,,,71033849.0,71033845.0
05QE015,71036864.0,,,71037005.0,71036864.0
05RA001,71028122.0,,71028122.0,71028122.0,71028122.0
05RA002,71034973.0,,,71034973.0,71034973.0
05RA802,71027740.0,,,71027740.0,71027740.0
05RB001,71028634.0,,,,71028634.0
05RB002,71028634.0,,,,71028634.0
05RB002&05RB001,,,,71028634.0,71028634.0
05RB003,71028467.0,,71028468.0,71028467.0,71028467.0
05RC001,71027467.0,,71027467.0,71027467.0,71027467.0
05RD001,71021671.0,,,71021671.0,71021671.0
05RD005,71016214.0,,,,71016214.0
05RD006,71021663.0,,,71021663.0,71021663.0
05RD007,71021651.0,,,71021651.0,71021651.0
05RD008,71021661.0,,,,71021661.0
05RD008&05RD009&05RD011,,,,71021735.0,71021735.0
05RD009,71021661.0,,,,71021661.0
05RD010,71021651.0,,,71021651.0,71021651.0
05RD011,71021661.0,,,,71021661.0
05RE001,71021997.0,,,71021997.0,71021997.0
05RE002,71021997.0,,71021997.0,71021997.0,71021997.0
05RE003,71016214.0,,,,71016214.0
05RF001,71016214.0,,,,71016214.0
05SA001,71034646.0,,,71034646.0,71034646.0
05SA002,71034646.0,,71034646.0,71034541.0,71034646.0
05SA003,71016214.0,,,,71016214.0
05SA004,71040511.0,,,71040597.0,71040511.0
05SA005,71016214.0,,,,71016214.0
05SA013,71040680.0,,,71040680.0,71040680.0
05SB001,71016214.0,,,,71016214.0
05SB002,71035775.0,,,71035775.0,71035775.0
05SB003,71035693.0,,,71038741.0,71035693.0
05SB004,71035693.0,,,71035693.0,71035693.0
05SB005,71035080.0,,,71035080.0,71035080.0
05SB006,71016214.0,,,,71016214.0
05SC002,71027704.0,,71027713.0,71027704.0,71027704.0
05SD001,71016214.0,,,,71016214.0
05SD002,71016214.0,,,,71016214.0
05SD003,71028047.0,,71028047.0,71029698.0,71028047.0
05SD004,71028143.0,,,71028143.0,71028143.0
05SD005,71028157.0,,,71028157.0,71028157.0
05SD006,71028018.0,,,71028029.0,71028018.0
05SD801,71028331.0,,,71028331.0,71028331.0
05SD802,71028500.0,,,71028500.0,71028500.0
05SF001,71016214.0,,,,71016214.0
05SG001,71016214.0,,,,71016214.0
05SG001&05SF001&05SD002&05SD001&05SB006&05SB001&05SA005&05RF001&05RE003&05RD005&05OJ018&05SA003,,,,71016214.0,71016214.0
05TA001,71012429.0,,,71012429.0,71012429.0
05TA002,71013227.0,,,71013029.0,71013227.0
05TB002,71012402.0,,,71012402.0,71012402.0
05TB003,71012008.0,,,71012008.0,71012008.0
05TB801,71012186.0,,,71012186.0,71012186.0
05TC701,71007618.0,,,71007618.0,71007618.0
05TD001,71007602.0,,71007602.0,71007602.0,71007602.0
05TD002,71008409.0,,,71008409.0,71008409.0
05TE001,71007737.0,,,71007737.0,71007737.0
05TE002,71007741.0,,71007741.0,71007741.0,71007741.0
05TF001,71007972.0,,,71007972.0,71007972.0
05TF002,71008012.0,,71008012.0,71008012.0,71008012.0
05TF003,71007413.0,,,,71007413.0
05TF004,71004320.0,,,,71004320.0
05TF006,71007400.0,,,,71007400.0
05TF701,71007409.0,,,,71007409.0
05TF701&05TF003,,,,71007409.0,71007409.0
05TF703,71007404.0,,,71007404.0,71007404.0
05TF710,71007414.0,,,,71007414.0
05TF710&05TF004,,,,71007414.0,71007414.0
05TF771,71007400.0,,,,71007400.0
05TF772,71007400.0,,,,71007400.0
05TF774,71007400.0,,,,71007400.0
05TF774&05TF772&05TF771&05TF006,,,,71007400.0,71007400.0
05TF784,71004706.0,,,71004706.0,71004706.0
05TG001,71007396.0,,,71007396.0,71007396.0
05TG002,71008513.0,,71008513.0,71008513.0,71008513.0
05TG003,71007675.0,,71007675.0,71007675.0,71007675.0
05TG004,71004318.0,,,71004318.0,71004318.0
05TG005,71007397.0,,,71007397.0,71007397.0
05TG006,71008741.0,,71008741.0,71008741.0,71008741.0
05TG701,71007397.0,,,71007397.0,71007397.0
05TG702,71007396.0,,,71007396.0,71007396.0
05TG703,71007396.0,,,71007396.0,71007396.0
05TG707,71007398.0,,,71007398.0,71007398.0
05TG712,71007392.0,,,71007392.0,71007392.0
05UA003,71016920.0,,71017307.0,71017307.0,71016920.0
05UB001,71016211.0,,,,71016211.0
05UB002,71016214.0,,,,71016214.0
05UB002&05UB003,,,,71016215.0,71016215.0
05UB003,71016214.0,,,,71016214.0
05UB005,71016211.0,,,,71016211.0
05UB005&05UB001,,,,71016211.0,71016211.0
05UB008,71016211.0,,,71013053.0,71016211.0
05UC701,71012394.0,,,71012394.0,71012394.0
05UC702,71012422.0,,,71012422.0,71012422.0
05UC703,71012439.0,,,,71012439.0
05UC704,71012439.0,,,,71012439.0
05UC704&05UC703,,,,71012439.0,71012439.0
05UD001,71011346.0,,,71012379.0,71011346.0
05UD004,71011344.0,,,71011344.0,71011344.0
05UD005,71007375.0,,,,71007375.0
05UD006,71007375.0,,,,71007375.0
05UD007,71007375.0,,,,71007375.0
05UD008,71011346.0,,,,71011346.0
05UD009,71011346.0,,,,71011346.0
05UD701,71011346.0,,,,71011346.0
05UD703,71011346.0,,,71011346.0,71011346.0
05UE004,71007375.0,,,,71007375.0
05UE004&05UD007&05UD006&05UD005,,,,71007375.0,71007375.0
05UE005,71004313.0,,,71004313.0,71004313.0
05UF003,71004304.0,,,71004303.0,71004304.0
05UF004,71004899.0,,71004899.0,71004899.0,71004899.0
05UF006,71004296.0,,,71004297.0,71004296.0
05UF007,71004293.0,,,71004294.0,71004293.0
05UG001,71004808.0,,71004808.0,71004808.0,71004808.0
05UH001,71004837.0,,71004835.0,71004835.0,71004837.0
05UH002,71004408.0,,71004408.0,71004408.0,71004408.0
06006000,,74013041.0,,74013041.0,74013041.0
06007000,,,,74013069.0,74013069.0
06008000,,,,74012929.0,74012929.0
06010000,,,,74011375.0,74011375.0
06010500,,,,74011287.0,74011287.0
06010600,,,,74011287.0,74011287.0
06011000,,,,74011130.0,74011130.0
06011500,,,,74010981.0,74010981.0
06012500,,74010845.0,,74010845.0,74010845.0
06013000,,,,74010845.0,74010845.0
06013500,,74010206.0,,74010206.0,74010206.0
06014000,,,,74010152.0,74010152.0
06014500,,,,74010122.0,74010122.0
06015300,,,,74010105.0,74010105.0
06015400,,74010105.0,,74010105.0,74010105.0
06015500,,,,74011401.0,74011401.0
06016000,,74010080.0,,74010080.0,74010080.0
06016500,,,,74014863.0,74014863.0
06017000,,74010059.0,,74010059.0,74010059.0
06017500,,,,74011344.0,74011344.0
06018000,,,,74010038.0,74010038.0
06018500,,74010026.0,,74010026.0,74010026.0
06019000,,,,74011935.0,74011935.0
06019500,,74011255.0,,74011184.0,74011255.0
06020600,,74011131.0,,74011131.0,74011131.0
06021000,,,,74011075.0,74011075.0
06021500,,,,74010971.0,74010971.0
06022000,,,,74010873.0,74010873.0
06022500,,,,74010873.0,74010873.0
06023100,,74009994.0,,74009994.0,74009994.0
06023500,,,,74012556.0,74012556.0
06023800,,,,74011793.0,74011793.0
06024000,,,,74014683.0,74014683.0
06024020,,,,74011565.0,74011565.0
06024450,,74011108.0,,74011246.0,74011108.0
06024500,,,,74012267.0,74012267.0
06024510,,,,74015305.0,74015305.0
06024540,,74010854.0,,74010854.0,74010854.0
06024580,,,,74010215.0,74010215.0
06024590,,,,74011621.0,74011621.0
06025000,,,,74010161.0,74010161.0
06025250,,74010111.0,,74010108.0,74010111.0
06025270,,,,74015818.0,74015818.0
06025480,,,,74015269.0,74015269.0
06025500,,74010077.0,,74010077.0,74010077.0
06025800,,,,74015153.0,74015153.0
06026000,,74015005.0,,74015005.0,74015005.0
06026210,,74010063.0,,74010063.0,74010063.0
06026400,,,,74010020.0,74010020.0
06026420,,74010020.0,,74010020.0,74010020.0
06026500,,74009982.0,,74009982.0,74009982.0
06027000,,,,74009974.0,74009974.0
06027200,,,,74009974.0,74009974.0
06027500,,,,74015693.0,74015693.0
06027600,,,,74009962.0,74009962.0
06028000,,,,74012349.0,74012349.0
06028500,,,,74015948.0,74015948.0
06029000,,,,74010416.0,74010416.0
06029500,,,,74010411.0,74010411.0
06030000,,,,74010257.0,74010257.0
06030500,,,,74007186.0,74007186.0
06031500,,,,74005896.0,74005896.0
06032000,,,,74005721.0,74005721.0
06032300,,,,74005721.0,74005721.0
06032400,,,,74005721.0,74005721.0
06032500,,,,74007301.0,74007301.0
06033000,,74005492.0,,74005492.0,74005492.0
06034000,,,,74015471.0,74015471.0
06034500,,74009931.0,,,74009931.0
06035000,,74012053.0,,74012053.0,74012053.0
06035500,,,,74015458.0,74015458.0
06036500,,,,74011528.0,74011528.0
06036650,,74009926.0,,74009926.0,74009926.0
06036805,,74022189.0,,74022189.0,74022189.0
06036905,,,,74010249.0,74010249.0
06037000,,,,74011750.0,74011750.0
06037100,,,,74011750.0,74011750.0
06037500,,,,74010191.0,74010191.0
06038500,,,,74010095.0,74010095.0
06038800,,,,74010056.0,74010056.0
06039000,,,,74013449.0,74013449.0
06039200,,,,74011376.0,74011376.0
06039500,,,,74010045.0,74010045.0
06040000,,,,74010003.0,74010003.0
06040300,,,,74012747.0,74012747.0
06040800,,,,74009975.0,74009975.0
06041000,,,,74009975.0,74009975.0
06041500,,,,74009964.0,74009964.0
06042000,,,,74009957.0,74009957.0
06042500,,,,74009950.0,74009950.0
06043500,,,,74010867.0,74010867.0
06044000,,,,74010867.0,74010867.0
06044100,,,,74015272.0,74015272.0
06044200,,,,74015272.0,74015272.0
06044300,,,,74015206.0,74015206.0
06044500,,,,74015134.0,74015134.0
06045000,,,,74010809.0,74010809.0
06045300,,,,74015709.0,74015709.0
06045500,,,,74010771.0,74010771.0
06046300,,,,74015501.0,74015501.0
06046500,,,,74012524.0,74012524.0
06047000,,,,74015406.0,74015406.0
06047500,,,,74015265.0,74015265.0
06048000,,,,74011690.0,74011690.0
06048500,,,,74012576.0,74012576.0
06048700,,,,74011668.0,74011668.0
06049000,,,,74015813.0,74015813.0
06050000,,,,74012815.0,74012815.0
06050200,,,,74015880.0,74015880.0
06051000,,,,74016014.0,74016014.0
06051500,,,,74010275.0,74010275.0
06052000,,,,74010275.0,74010275.0
06052500,,,,74010164.0,74010164.0
06053000,,,,74006008.0,74006008.0
06054500,,,,74004790.0,74004790.0
06055500,,,,74006330.0,74006330.0
06057000,,,,74004766.0,74004766.0
06058900,,,,74007434.0,74007434.0
06059000,,,,74007529.0,74007529.0
06059500,,,,74007549.0,74007549.0
06060000,,,,74007527.0,74007527.0
06060500,,,,74006675.0,74006675.0
06061000,,,,74006675.0,74006675.0
06061500,,74006178.0,,74006178.0,74006178.0
06061900,,,,74007622.0,74007622.0
06062000,,,,74005873.0,74005873.0
06062500,,74007624.0,,74007624.0,74007624.0
06063000,,,,74006145.0,74006145.0
06063500,,,,74006544.0,74006544.0
06064100,,,,74005811.0,74005811.0
06064150,,,,74005773.0,74005773.0
06066500,,,,74004743.0,74004743.0
06067000,,,,74008139.0,74008139.0
06067500,,,,74008097.0,74008097.0
06068000,,,,74008097.0,74008097.0
06068500,,,,74006717.0,74006717.0
06069000,,,,74008169.0,74008169.0
06070000,,,,74006302.0,74006302.0
06071000,,,,74006089.0,74006089.0
06071100,,,,74005746.0,74005746.0
06071300,,74005485.0,,74005485.0,74005485.0
06071500,,,,74004742.0,74004742.0
06072000,,,,74008930.0,74008930.0
06073000,,,,74005881.0,74005881.0
06073500,,74005351.0,,74005351.0,74005351.0
06074000,,,,74004735.0,74004735.0
06074500,,,,74008027.0,74008027.0
06075500,,,,74006129.0,74006129.0
06075700,,,,74005836.0,74005836.0
06075785,,,,74005745.0,74005745.0
06075850,,,,74005555.0,74005555.0
06076000,,,,74008053.0,74008053.0
06076500,,,,74008053.0,74008053.0
06076560,,74005489.0,,74005489.0,74005489.0
06076690,,74005266.0,,74005266.0,74005266.0
06077000,,,,74008133.0,74008133.0
06077200,,74005221.0,,74005221.0,74005221.0
06077500,,74005084.0,,74005084.0,74005084.0
06078000,,,,74005042.0,74005042.0
06078200,,,,74004727.0,74004727.0
06078230,,,,74006244.0,74006244.0
06078250,,,,74008965.0,74008965.0
06078260,,,,74008877.0,74008877.0
06078270,,,,74005792.0,74005792.0
06078500,,74002158.0,,74002158.0,74002158.0
06079000,,74001616.0,,74001616.0,74001616.0
06079500,,,,74001607.0,74001607.0
06080900,,,,74001590.0,74001590.0
06081500,,,,74002469.0,74002469.0
06082200,,,,74001566.0,74001566.0
06082500,,,,74008980.0,74008980.0
06083500,,,,74009047.0,74009047.0
06084000,,,,74006102.0,74006102.0
06084500,,,,74001663.0,74001663.0
06085800,,74001549.0,,74001549.0,74001549.0
06086000,,,,74001547.0,74001547.0
06087500,,,,74001545.0,74001545.0
06088000,,,,74002320.0,74002320.0
06088100,,,,74002976.0,74002976.0
06088200,,,,74002932.0,74002932.0
06088300,,74002135.0,,74002135.0,74002135.0
06088500,,74002135.0,,74002135.0,74002135.0
06089000,,74001541.0,,74001542.0,74001541.0
06090300,,,,74001430.0,74001430.0
06090500,,74005536.0,,74005536.0,74005536.0
06090570,,,,74005686.0,74005686.0
06090600,,,,74001660.0,74001660.0
06090610,,,,74001594.0,74001594.0
06090650,,,,74002411.0,74002411.0
06090700,,,,74001504.0,74001504.0
06090720,,,,74001504.0,74001504.0
06090800,,,,74001408.0,74001408.0
06091000,,,,74002703.0,74002703.0
06091700,,74002034.0,,74002034.0,74002034.0
06092000,,74001939.0,,74001939.0,74001939.0
06092500,,74002610.0,,74002610.0,74002610.0
06093200,,74002051.0,,74002051.0,74002051.0
06093500,,,,74001961.0,74001961.0
06094500,,,,74002579.0,74002579.0
06095000,,,,74002579.0,74002579.0
06096000,,,,74002579.0,74002579.0
06096500,,,,74002579.0,74002579.0
06097000,,,,74002579.0,74002579.0
06097500,,,,74002520.0,74002520.0
06098000,,,,74002162.0,74002162.0
06098100,,,,74001876.0,74001876.0
06098500,,74002108.0,,74002108.0,74002108.0
06099000,,74001801.0,,74001801.0,74001801.0
06099500,,74001766.0,,74001770.0,74001766.0
06100000,,,,74002122.0,74002122.0
06100500,,,,74001850.0,74001850.0
06101000,,,,74002110.0,74002110.0
06101200,,,,74001906.0,74001906.0
06101500,,74001753.0,,74001753.0,74001753.0
06101560,,,,74001808.0,74001808.0
06102000,,,,74001745.0,74001745.0
06102050,,74001735.0,,74001738.0,74001735.0
06102500,,74002244.0,,74002244.0,74002244.0
06105000,,,,74002563.0,74002563.0
06105500,,,,74002454.0,74002454.0
06106000,,,,74001999.0,74001999.0
06108000,,74001787.0,,74001787.0,74001787.0
06108500,,,,74001756.0,74001756.0
06108800,,74001756.0,,74001756.0,74001756.0
06109000,,,,74001389.0,74001389.0
06109500,,,,74001382.0,74001382.0
06109750,,,,74006050.0,74006050.0
06109780,,,,74005865.0,74005865.0
06109800,,74008034.0,,74008034.0,74008034.0
06110000,,74005693.0,,,74005693.0
06111000,,,,74005644.0,74005644.0
06111500,,,,74006724.0,74006724.0
06112000,,,,74008214.0,74008214.0
06112100,,,,74008214.0,74008214.0
06112500,,,,74008408.0,74008408.0
06113500,,,,74001439.0,74001439.0
06114700,,74001428.0,,74001428.0,74001428.0
06115000,,,,74001340.0,74001340.0
06115200,,,,74001337.0,74001337.0
06115270,,,,74001588.0,74001588.0
06115300,,,,74003025.0,74003025.0
06115350,,,,74002446.0,74002446.0
06115500,,74007950.0,,74007950.0,74007950.0
06116900,,,,74007768.0,74007768.0
06117000,,,,74007768.0,74007768.0
06117500,,,,74006670.0,74006670.0
06118000,,,,74005703.0,74005703.0
06118500,,,,74005765.0,74005765.0
06119500,,,,74005765.0,74005765.0
06119600,,,,74005559.0,74005559.0
06120000,,,,74006218.0,74006218.0
06120500,,,,74005216.0,74005216.0
06121000,,,,74006541.0,74006541.0
06121500,,,,74007316.0,74007316.0
06122000,,,,74005455.0,74005455.0
06122800,,,,74005121.0,74005121.0
06123000,,,,74005121.0,74005121.0
06123030,,,,74005121.0,74005121.0
06123500,,,,74005065.0,74005065.0
06124000,,,,74008021.0,74008021.0
06124500,,,,74007949.0,74007949.0
06125000,,,,74005428.0,74005428.0
06125500,,,,74005343.0,74005343.0
06125700,,,,74005580.0,74005580.0
06126050,,,,74005029.0,74005029.0
06126470,,,,74007296.0,74007296.0
06126500,,,,74005007.0,74005007.0
06127020,,,,74005786.0,74005786.0
06127060,,,,74005597.0,74005597.0
06127600,,,,74004969.0,74004969.0
06127900,,,,74005704.0,74005704.0
06128200,,,,74005153.0,74005153.0
06129000,,,,74005111.0,74005111.0
06129500,,,,74005188.0,74005188.0
06130000,,,,74005085.0,74005085.0
06130500,,,,74004966.0,74004966.0
06130650,,,,74002375.0,74002375.0
06130700,,,,74005416.0,74005416.0
06130950,,,,74005127.0,74005127.0
06131000,,,,74005075.0,74005075.0
06131120,,,,74001661.0,74001661.0
06131200,,74001499.0,,74001499.0,74001499.0
06132200,,74002584.0,,74002584.0,74002584.0
06132250,,,,74004097.0,74004097.0
06132400,,,,74004169.0,74004169.0
06132500,,,,74001959.0,74001959.0
06132500,,,,74001959.0,74001959.0
06132700,,,,74001909.0,74001909.0
06132700,,,,74001909.0,74001909.0
06133500,,74000072.0,,74000072.0,74000072.0
06133500,,74000072.0,,74000072.0,74000072.0
06135000,,,,74001235.0,74001235.0
06136000,,,,74001709.0,74001709.0
06137400,,74003562.0,,74003562.0,74003562.0
06137500,,,,74002351.0,74002351.0
06137570,,74002555.0,,74002555.0,74002555.0
06137580,,,,74004277.0,74004277.0
06137580,,,,74004277.0,74004277.0
06138000,,,,74001802.0,74001802.0
06138000,,,,74001802.0,74001802.0
06138300,,,,74001792.0,74001792.0
06138500,,,,74001790.0,74001790.0
06139000,,,,74001777.0,74001777.0
06139500,,74001773.0,,74001773.0,74001773.0
06139850,,,,74003574.0,74003574.0
06139900,,,,74003574.0,74003574.0
06140000,,,,74002501.0,74002501.0
06140500,,,,74001219.0,74001219.0
06141000,,,,74003627.0,74003627.0
06141500,,,,74003627.0,74003627.0
06141600,,,,74002120.0,74002120.0
06142000,,,,74002765.0,74002765.0
06142400,,74002429.0,,74002429.0,74002429.0
06143000,,,,74001213.0,74001213.0
06147500,,,,74001402.0,74001402.0
06150000,,,,74001642.0,74001642.0
06150000,,,,74001642.0,74001642.0
06150500,,,,74001443.0,74001443.0
06150500,,,,74001443.0,74001443.0
06151500,,,,74001406.0,74001406.0
06151500,,,,74001409.0,74001409.0
06154100,,,,74001205.0,74001205.0
06154400,,74001916.0,,74001916.0,74001916.0
06154410,,74003342.0,74003342.0,74003342.0,74003342.0
06154430,,,,74003380.0,74003380.0
06154490,,,,74001829.0,74001829.0
06154500,,,,74001812.0,74001812.0
06154550,,74001812.0,,74001812.0,74001812.0
06155030,,,,74001194.0,74001194.0
06155500,,,,74001193.0,74001193.0
06155900,,,,74001187.0,74001187.0
06156000,,,,74001711.0,74001711.0
06156100,,,,74004053.0,74004053.0
06164000,,,,74001706.0,74001706.0
06164510,,,,74001183.0,74001183.0
06164590,,,,74003336.0,74003336.0
06164615,,,,74003361.0,74003361.0
06164630,,,,74003405.0,74003405.0
06164800,,,,74001813.0,74001813.0
06165000,,,,74001800.0,74001800.0
06166000,,74001786.0,,74001786.0,74001786.0
06167000,,,,74001774.0,74001774.0
06167500,,74001761.0,,74001761.0,74001761.0
06168500,,,,74001540.0,74001540.0
06169000,,,,74001716.0,74001716.0
06169000,,,,74001716.0,74001716.0
06169500,,,,74001534.0,74001534.0
06170000,,,,74001503.0,74001503.0
06170050,,,,74001493.0,74001493.0
06170050,,,,74001493.0,74001493.0
06170080,,,,74001493.0,74001493.0
06170080,,,,74001493.0,74001493.0
06170200,,,,74001970.0,74001970.0
06170200,,,,74001970.0,74001970.0
06171000,,,,74001460.0,74001460.0
06171000,,,,74001460.0,74001460.0
06171500,,,,74001181.0,74001181.0
06172000,,,,74001180.0,74001180.0
06172200,,,,74002302.0,74002302.0
06172310,,,,74001177.0,74001177.0
06174000,,74001923.0,,74001923.0,74001923.0
06174500,,,,74001168.0,74001168.0
06175000,,,,74001841.0,74001841.0
06175500,,,,74002200.0,74002200.0
06175540,,,,74002038.0,74002038.0
06176500,,,,74002139.0,74002139.0
06177000,,,,74001152.0,74001152.0
06177400,,,,74008873.0,74008873.0
06177500,,,,74005410.0,74005410.0
06177650,,,,74001527.0,74001527.0
06177825,,,,74001517.0,74001517.0
06178150,,,,74001407.0,74001407.0
06179000,,,,74001592.0,74001592.0
06179000,,,,74001592.0,74001592.0
06179200,,,,74001386.0,74001386.0
06180000,,,,74001477.0,74001477.0
06180000,,,,74001477.0,74001477.0
06180200,,,,74001456.0,74001456.0
06180400,,,,74001450.0,74001450.0
06180500,,,,74001374.0,74001374.0
06180500,,,,74001374.0,74001374.0
06181000,,,,74001351.0,74001351.0
06181000,,,,74001351.0,74001351.0
06181995,,,,74001715.0,74001715.0
06182000,,,,74001440.0,74001440.0
06182500,,,,74001432.0,74001432.0
06183000,,,,74001403.0,74001403.0
06183100,,,,74004194.0,74004194.0
06183200,,,,74004194.0,74004194.0
06183300,,,,74004177.0,74004177.0
06183400,,,,74004177.0,74004177.0
06183450,,,,74001397.0,74001397.0
06183500,,,,74001388.0,74001388.0
06183750,,74001564.0,,74001565.0,74001564.0
06183800,,,,74002243.0,74002243.0
06183800,,,,74002243.0,74002243.0
06183850,,,,74002362.0,74002362.0
06183850,,,,74002362.0,74002362.0
06184000,,,,74002102.0,74002102.0
06184000,,,,74002102.0,74002102.0
06184500,,,,74001984.0,74001984.0
06184500,,,,74001984.0,74001984.0
06185000,,,,74001357.0,74001357.0
06185100,,,,74001354.0,74001354.0
06185110,,,,74001350.0,74001350.0
06185500,,,,74001133.0,74001133.0
06185600,,,,74001129.0,74001129.0
06185650,,,,74001130.0,74001130.0
06AA001,71012390.0,,71012393.0,71012390.0,71012390.0
06AA002,71012474.0,,,71012474.0,71012474.0
06AA003,82041249.0,,,82041249.0,82041249.0
06AA004,71013115.0,,,,71013115.0
06AA004&06AA901,,,,71013115.0,71013115.0
06AA901,71013115.0,,,,71013115.0
06AB001,71011800.0,,71011800.0,71011800.0,71011800.0
06AB002,71012682.0,,71012682.0,,71012682.0
06AB002&06AB004,,,,71012682.0,71012682.0
06AB003,71013061.0,,,71013061.0,71013061.0
06AB004,71012682.0,,,,71012682.0
06AC001,71012770.0,,,71012770.0,71012770.0
06AC002,71013823.0,,,71013823.0,71013823.0
06AC003,71013823.0,,,71013823.0,71013823.0
06AC004,71012656.0,,,,71012656.0
06AC004&06AC901,,,,71012656.0,71012656.0
06AC005,71012799.0,,,71012799.0,71012799.0
06AC006,71012789.0,,,71012878.0,71012789.0
06AC007,71013074.0,,,71013074.0,71013074.0
06AC009,71012994.0,,,71015029.0,71012994.0
06AC901,71012656.0,,,,71012656.0
06AD001,71011515.0,,71011515.0,71011515.0,71011515.0
06AD002,71011520.0,,,71011520.0,71011520.0
06AD003,71011543.0,,,71011543.0,71011543.0
06AD004,71012230.0,,,71012230.0,71012230.0
06AD005,71012253.0,,,71013969.0,71012253.0
06AD006,71011765.0,,71011766.0,71011766.0,71011765.0
06AD007,71011520.0,,,71011523.0,71011520.0
06AD008,71012088.0,,71012088.0,71012088.0,71012088.0
06AD009,71011539.0,,,,71011539.0
06AD009&06AD014,,,,71011539.0,71011539.0
06AD010,71011543.0,,71011543.0,71011543.0,71011543.0
06AD011,71017726.0,,71017726.0,71017726.0,71017726.0
06AD012,71017834.0,,,71017834.0,71017834.0
06AD013,71013220.0,,,71013220.0,71013220.0
06AD014,71011539.0,,,,71011539.0
06AE001,71017926.0,,,71017926.0,71017926.0
06AE002,71012113.0,,,71012113.0,71012113.0
06AE003,71017453.0,,,71017453.0,71017453.0
06AE004,71011841.0,,,71011841.0,71011841.0
06AF001,71011583.0,,71011583.0,,71011583.0
06AF001&06AF002,,,,71011583.0,71011583.0
06AF002,71011583.0,,,,71011583.0
06AF003,71011600.0,,,71011600.0,71011600.0
06AF004,71011568.0,,,71011568.0,71011568.0
06AF005,71011574.0,,,71011574.0,71011574.0
06AF006,71011564.0,,,71013127.0,71011564.0
06AF007,71011565.0,,,71011566.0,71011565.0
06AF008,71011587.0,,,71015587.0,71011587.0
06AF009,71011574.0,,,71011574.0,71011574.0
06AF010,71015028.0,,,71015028.0,71015028.0
06AG001,71011496.0,,71011497.0,71011497.0,71011496.0
06AG002,71012485.0,,71012485.0,71012485.0,71012485.0
06AG003,71012564.0,,,71012564.0,71012564.0
06BA001,71007853.0,,,71007853.0,71007853.0
06BA002,71008378.0,,71008378.0,71008378.0,71008378.0
06BB001,71007636.0,,,,71007636.0
06BB001&06BB003,,,,71007637.0,71007637.0
06BB002,71007594.0,,,71007598.0,71007594.0
06BB003,71007636.0,,71007637.0,,71007636.0
06BB004,71012668.0,,,71012668.0,71012668.0
06BB005,71007952.0,,71007952.0,71007952.0,71007952.0
06BC001,71004479.0,,,71004480.0,71004479.0
06BC002,71004909.0,,,71004909.0,71004909.0
06BD001,71004624.0,,71004624.0,71004624.0,71004624.0
06CA001,71007817.0,,,,71007817.0
06CA001&06CA004,,,,71007817.0,71007817.0
06CA002,71011729.0,,,71011729.0,71011729.0
06CA003,71011664.0,,,71011664.0,71011664.0
06CA004,71007817.0,,,,71007817.0
06CA005,71011667.0,,,,71011667.0
06CA006,71011667.0,,,,71011667.0
06CA006&06CA005,,,,71011667.0,71011667.0
06CA007,71012098.0,,,,71012098.0
06CA008,71011719.0,,,71011719.0,71011719.0
06CA009,71018545.0,,,71021167.0,71018545.0
06CA010,71012098.0,,,,71012098.0
06CA010&06CA007,,,,71012098.0,71012098.0
06CB001,71007762.0,,,71007762.0,71007762.0
06CB002,71007762.0,,,71007762.0,71007762.0
06CB003,71008367.0,,,71008367.0,71008367.0
06CC001,71007704.0,,,71007720.0,71007704.0
06CD001,71007521.0,,,71007518.0,71007521.0
06CD002,71007531.0,,71007532.0,71007531.0,71007531.0
06CD004,71007510.0,,,71007509.0,71007510.0
06CE001,71007716.0,,,71007716.0,71007716.0
06DA001,71000836.0,,71000836.0,71002109.0,71000836.0
06DA002,71002326.0,,71002326.0,71002326.0,71002326.0
06DA003,71000836.0,,,71001342.0,71000836.0
06DA004,71002488.0,,71002488.0,71002488.0,71002488.0
06DA005,71002659.0,,71002659.0,71002659.0,71002659.0
06DB001,71004379.0,,,,71004379.0
06DB001&06DB002,,,,71004377.0,71004377.0
06DB002,71004377.0,,,,71004377.0
06DB003,71002463.0,,,71002463.0,71002463.0
06DB004,71004377.0,,,,71004377.0
06DC001,71002376.0,,71002376.0,71002376.0,71002376.0
06DD001,71007460.0,,,71007460.0,71007460.0
06DD002,71004375.0,,,71004375.0,71004375.0
06DD003,71004399.0,,,71004399.0,71004399.0
06EA001,71007459.0,,,71007459.0,71007459.0
06EA002,71007444.0,,,71007443.0,71007444.0
06EA006,71004370.0,,,71004370.0,71004370.0
06EA007,71005005.0,,,71005005.0,71005005.0
06EA008,71008194.0,,,71008276.0,71008194.0
06EA009,71007810.0,,,71007810.0,71007810.0
06EA010,71007443.0,,,71007443.0,71007443.0
06EA011,71007453.0,,,71007448.0,71007453.0
06EA012,71007432.0,,,71007432.0,71007432.0
06EA014,71007436.0,,,,71007436.0
06EB002,71004359.0,,,71004359.0,71004359.0
06EB003,71004565.0,,,71004575.0,71004565.0
06EB004,71004359.0,,,71004359.0,71004359.0
06EB005,71004812.0,,,71004812.0,71004812.0
06EB006,71005030.0,,,71005030.0,71005030.0
06EB007,71004901.0,,,71004901.0,71004901.0
06EC001,71004336.0,,,,71004336.0
06EC002,71004336.0,,,,71004336.0
06EC002&06EC001&06EC003&06EC006&06EC007,,,,71004336.0,71004336.0
06EC003,71004336.0,,,,71004336.0
06EC004,71007098.0,,,71007098.0,71007098.0
06EC006,71004336.0,,,,71004336.0
06EC007,71004336.0,,,,71004336.0
06FA001,71002399.0,,71002399.0,71002399.0,71002399.0
06FB001,71002378.0,,,71002378.0,71002378.0
06FB002,71002639.0,,71002639.0,71002639.0,71002639.0
06FC001,71002512.0,,71002512.0,71002512.0,71002512.0
06FD001,71000822.0,,,71000822.0,71000822.0
06FD002,71001080.0,,71001080.0,71001080.0,71001080.0
06GA001,71000799.0,,,71000799.0,71000799.0
06GB001,71000872.0,,,71000872.0,71000872.0
06GD001,71000721.0,,71000721.0,71000721.0,71000721.0
06HA001,83021723.0,,,83021723.0,83021723.0
06HB002,83021722.0,,83021722.0,83021722.0,83021722.0
06HD001,83019987.0,,,83019987.0,83019987.0
06HD002,83020102.0,,,83020101.0,83020102.0
06HE001,83021669.0,,,83021669.0,83021669.0
06JA001,83018189.0,,,83018189.0,83018189.0
06JB001,83016082.0,,83016083.0,83016083.0,83016082.0
06JC002,83012580.0,,83012581.0,83012581.0,83012580.0
06KB002,83018043.0,,,83018043.0,83018043.0
06KB003,83018094.0,,,83018092.0,83018094.0
06KC001,83012623.0,,,83012623.0,83012623.0
06KC002,83012631.0,,,,83012631.0
06KC002&06KC003,,,,83012628.0,83012628.0
06KC003,83012631.0,,83012633.0,,83012631.0
06KC004,83015783.0,,,83015783.0,83015783.0
06LA001,83020078.0,,83020078.0,,83020078.0
06LA002,83020078.0,,,,83020078.0
06LA003,83020078.0,,,,83020078.0
06LC001,83015708.0,,83015709.0,83015707.0,83015708.0
06LC002,83015815.0,,,83015815.0,83015815.0
06LC003,83018440.0,,,83018440.0,83018440.0
06LC004,83015744.0,,,83015742.0,83015744.0
06MA001,83012505.0,,,83012506.0,83012505.0
06MA002,83013778.0,,,83013778.0,83013778.0
06MA003,83012522.0,,,83012522.0,83012522.0
06MA004,83012522.0,,,83012522.0,83012522.0
06MA005,83013210.0,,,83013210.0,83013210.0
06MA006,83012528.0,,83012529.0,83012528.0,83012528.0
06MA007,83013196.0,,,83013196.0,83013196.0
06MB001,83012654.0,,,83012654.0,83012654.0
06NB001,83018128.0,,,,83018128.0
06NB002,83018086.0,,,,83018086.0
06NC001,83018346.0,,,,83018346.0
06OA001,83012762.0,,,83012762.0,83012762.0
06OA002,83017563.0,,,83017563.0,83017563.0
06OA004,83017563.0,,,83017563.0,83017563.0
06OA005,83015971.0,,,83015971.0,83015971.0
06OA006,83006580.0,,,83006580.0,83006580.0
06OA007,83009670.0,,,83009670.0,83009670.0
06PA001,83013202.0,,,,83013202.0
06SA001,85002107.0,,,,85002107.0
06SA002,85002105.0,,,,85002105.0
06SB001,85003188.0,,,,85003188.0
06SB002,85003245.0,,,,85003245.0
07AA001,82042610.0,,82042610.0,82042610.0,82042610.0
07AA002,82042468.0,,82042468.0,82042468.0,82042468.0
07AA003,82042556.0,,,82042556.0,82042556.0
07AA004,82042599.0,,,82042599.0,82042599.0
07AA007,82043065.0,,82043065.0,82043065.0,82043065.0
07AA008,82042653.0,,,82042653.0,82042653.0
07AA009,82042489.0,,,82042489.0,82042489.0
07AA010,82042653.0,,,82042653.0,82042653.0
07AB002,82042545.0,,,82042545.0,82042545.0
07AC001,82042557.0,,82042557.0,82042557.0,82042557.0
07AC002,82043022.0,,,82043022.0,82043022.0
07AC003,82041514.0,,,82041514.0,82041514.0
07AC004,82041514.0,,,82041514.0,82041514.0
07AC005,82041514.0,,,82041514.0,82041514.0
07AC006,82043022.0,,,82043022.0,82043022.0
07AC007,82040891.0,,82040891.0,82040891.0,82040891.0
07AC008,82042994.0,,82042994.0,82042994.0,82042994.0
07AD001,82042455.0,,,82042455.0,82042455.0
07AD002,82042453.0,,82042453.0,82042453.0,82042453.0
07AD003,82042450.0,,,82042450.0,82042450.0
07AD004,82042915.0,,,82042915.0,82042915.0
07AD005,82042943.0,,,82042943.0,82042943.0
07AD006,82042977.0,,,82042977.0,82042977.0
07AD007,82042450.0,,,82042450.0,82042450.0
07AD008,82043036.0,,,,82043036.0
07AD009,82043036.0,,,82043036.0,82043036.0
07AD010,82042977.0,,,82042977.0,82042977.0
07AE001,82040814.0,,,82040814.0,82040814.0
07AE002,82041658.0,,,82041658.0,82041658.0
07AE003,82041658.0,,,82041658.0,82041658.0
07AF001,82042554.0,,,82042554.0,82042554.0
07AF002,82042531.0,,82042531.0,82042531.0,82042531.0
07AF003,82042830.0,,82042830.0,82042830.0,82042830.0
07AF004,82042587.0,,,82042587.0,82042587.0
07AF005,82042587.0,,,82042587.0,82042587.0
07AF008,82042898.0,,,82042898.0,82042898.0
07AF009,82042893.0,,,82042893.0,82042893.0
07AF010,82042669.0,,82042669.0,82042669.0,82042669.0
07AF011,82042893.0,,,82042893.0,82042893.0
07AF012,82042553.0,,,82042553.0,82042553.0
07AF013,82042662.0,,82042662.0,82042662.0,82042662.0
07AF014,82042591.0,,82042591.0,82042591.0,82042591.0
07AF015,82042639.0,,82042639.0,82042639.0,82042639.0
07AF016,82042600.0,,,,82042600.0
07AF016&07AF907,,,,82042600.0,82042600.0
07AF906,82042639.0,,,82042639.0,82042639.0
07AF907,82042600.0,,,,82042600.0
07AF909,82042827.0,,,82042827.0,82042827.0
07AF910,82042711.0,,,82042711.0,82042711.0
07AG001,82042513.0,,,82042513.0,82042513.0
07AG002,82042516.0,,,82042516.0,82042516.0
07AG003,82042567.0,,82042567.0,82042567.0,82042567.0
07AG004,82040862.0,,82040863.0,82040863.0,82040862.0
07AG005,82041618.0,,,82041618.0,82041618.0
07AG006,82042499.0,,,82042499.0,82042499.0
07AG007,82042465.0,,82042465.0,82042465.0,82042465.0
07AG008,82041396.0,,82041396.0,82041396.0,82041396.0
07AH001,82041032.0,,82041032.0,82041032.0,82041032.0
07AH002,82041246.0,,82041246.0,82041246.0,82041246.0
07AH003,82041129.0,,82041129.0,82041129.0,82041129.0
07BA001,82042521.0,,,82042521.0,82042521.0
07BA002,82042560.0,,82042560.0,82042560.0,82042560.0
07BA003,82042810.0,,,82042810.0,82042810.0
07BB001,82042426.0,,,82042426.0,82042426.0
07BB002,82042507.0,,82042507.0,82042507.0,82042507.0
07BB003,82042427.0,,,82042427.0,82042427.0
07BB004,82041200.0,,,82041200.0,82041200.0
07BB005,82041268.0,,82041268.0,82041268.0,82041268.0
07BB006,82041023.0,,,82041023.0,82041023.0
07BB007,82041352.0,,,82041352.0,82041352.0
07BB008,82042430.0,,,82042430.0,82042430.0
07BB009,82041432.0,,,82041432.0,82041432.0
07BB010,82041726.0,,,82041726.0,82041726.0
07BB011,82041321.0,,82041321.0,82041321.0,82041321.0
07BB012,82041104.0,,,82041104.0,82041104.0
07BB013,82041065.0,,,82041065.0,82041065.0
07BB014,82041627.0,,82041627.0,82041627.0,82041627.0
07BB903,82041430.0,,,82041430.0,82041430.0
07BB914,82041200.0,,,82041200.0,82041200.0
07BC001,82040841.0,,,82040841.0,82040841.0
07BC002,82040838.0,,,82040838.0,82040838.0
07BC003,82041375.0,,,82041375.0,82041375.0
07BC004,82041187.0,,,82041187.0,82041187.0
07BC005,82041330.0,,,82041330.0,82041330.0
07BC006,82041165.0,,82041165.0,82041165.0,82041165.0
07BC007,82041375.0,,82041375.0,82041375.0,82041375.0
07BE001,82040774.0,,,82040774.0,82040774.0
07BE002,82041311.0,,,82041311.0,82041311.0
07BE003,82042184.0,,82042184.0,82042184.0,82042184.0
07BE004,82041864.0,,82041848.0,82041848.0,82041864.0
07BF001,82038176.0,,82038176.0,82038176.0,82038176.0
07BF002,82038206.0,,82038206.0,82038171.0,82038206.0
07BF004,82038165.0,,,82039905.0,82038165.0
07BF006,82038991.0,,,82038991.0,82038991.0
07BF007,82039760.0,,,82039760.0,82039760.0
07BF008,82038434.0,,,82038434.0,82038434.0
07BF009,82038771.0,,82038771.0,82038771.0,82038771.0
07BF010,82038488.0,,,82040255.0,82038488.0
07BF901,82038165.0,,,82038165.0,82038165.0
07BF905,82038150.0,,,82039995.0,82038150.0
07BF910,82038141.0,,,82038142.0,82038141.0
07BG004,82039710.0,,82039710.0,82039710.0,82039710.0
07BH001,82039108.0,,,82039108.0,82039108.0
07BH003,82038193.0,,,82038193.0,82038193.0
07BJ001,82037917.0,,82037917.0,82039017.0,82037917.0
07BJ002,82037886.0,,,,82037886.0
07BJ003,82042216.0,,82042216.0,82042216.0,82042216.0
07BJ004,82039444.0,,,82039444.0,82039444.0
07BJ005,82037886.0,,,,82037886.0
07BJ006,82037886.0,,82037886.0,,82037886.0
07BJ006&07BJ005&07BJ002,,,,82037886.0,82037886.0
07BK001,82037886.0,,82037886.0,82037886.0,82037886.0
07BK002,82037879.0,,,82037879.0,82037879.0
07BK003,82037875.0,,,82037876.0,82037875.0
07BK004,82039039.0,,,82037879.0,82039039.0
07BK005,82038080.0,,82038086.0,82038080.0,82038080.0
07BK006,82037881.0,,,82037881.0,82037881.0
07BK007,82038453.0,,82038453.0,82038453.0,82038453.0
07BK008,82038528.0,,,,82038528.0
07BK009,82039097.0,,82039097.0,82039097.0,82039097.0
07BK010,82037886.0,,,82037886.0,82037886.0
07BK012,82038528.0,,,,82038528.0
07BK012&07BK008,,,,82038528.0,82038528.0
07CA001,82041236.0,,,82041236.0,82041236.0
07CA002,82041236.0,,,82041236.0,82041236.0
07CA003,82041941.0,,82041941.0,82041941.0,82041941.0
07CA004,82040873.0,,,82040873.0,82040873.0
07CA005,82041177.0,,82041177.0,82041177.0,82041177.0
07CA006,82038494.0,,82038494.0,82038494.0,82038494.0
07CA008,82041446.0,,82041446.0,82041446.0,82041446.0
07CA010,82040928.0,,,82040928.0,82040928.0
07CA011,82040870.0,,,82040870.0,82040870.0
07CA012,82038832.0,,82038832.0,82038832.0,82038832.0
07CA013,82040883.0,,82040883.0,82040883.0,82040883.0
07CA901,82041928.0,,,82041462.0,82041928.0
07CB001,82038503.0,,,82038503.0,82038503.0
07CB002,82038485.0,,82038485.0,82038485.0,82038485.0
07CC001,82034595.0,,,82034595.0,82034595.0
07CC002,82034267.0,,,82034267.0,82034267.0
07CD001,82034392.0,,82034392.0,82034392.0,82034392.0
07CD002,82034390.0,,,82034390.0,82034390.0
07CD003,82034391.0,,,82034391.0,82034391.0
07CD004,82034622.0,,82034626.0,82034622.0,82034622.0
07CD005,82034406.0,,82034407.0,82034407.0,82034406.0
07CD006,82034438.0,,,82034439.0,82034438.0
07CD007,82034880.0,,,82034880.0,82034880.0
07CD008,82034707.0,,,82034707.0,82034707.0
07CD009,82034991.0,,,82034991.0,82034991.0
07CE001,82035403.0,,,82035403.0,82035403.0
07CE002,82038364.0,,82038385.0,82038385.0,82038364.0
07CE003,82038753.0,,82038753.0,82038753.0,82038753.0
07CE004,82036163.0,,,82036163.0,82036163.0
07CE005,82038567.0,,,82038567.0,82038567.0
07CE006,82039869.0,,,82039869.0,82039869.0
07CE007,82034396.0,,,82034396.0,82034396.0
07CE008,82034640.0,,,82034640.0,82034640.0
07CE010,82038730.0,,,82038730.0,82038730.0
07CE013,82038538.0,,,82038538.0,82038538.0
07CE906,82038567.0,,,82038567.0,82038567.0
07DA001,82034264.0,,,82034265.0,82034264.0
07DA002,82034259.0,,,82034259.0,82034259.0
07DA003,82034255.0,,,82034255.0,82034255.0
07DA004,82029855.0,,,82029855.0,82029855.0
07DA006,82035029.0,,82035029.0,82035029.0,82035029.0
07DA007,82035312.0,,,82035312.0,82035312.0
07DA008,82035011.0,,82035056.0,82035056.0,82035011.0
07DA009,82035269.0,,,82035269.0,82035269.0
07DA010,82034559.0,,,82034559.0,82034559.0
07DA011,82031176.0,,,82031176.0,82031176.0
07DA012,82034739.0,,,82034739.0,82034739.0
07DA013,82034671.0,,,82034671.0,82034671.0
07DA014,82034661.0,,,,82034661.0
07DA014&07DA033,,,,82034661.0,82034661.0
07DA015,82034649.0,,,82034649.0,82034649.0
07DA016,82035250.0,,,82035250.0,82035250.0
07DA017,82034496.0,,,82034496.0,82034496.0
07DA018,82035638.0,,82035638.0,82035638.0,82035638.0
07DA019,82034748.0,,,82034748.0,82034748.0
07DA020,82030404.0,,,82034566.0,82030404.0
07DA021,82037646.0,,,82037646.0,82037646.0
07DA022,82032532.0,,,82032532.0,82032532.0
07DA023,82037660.0,,,82037660.0,82037660.0
07DA024,82035893.0,,,82037393.0,82035893.0
07DA025,82037646.0,,,82037646.0,82037646.0
07DA026,82035269.0,,,82035269.0,82035269.0
07DA027,82037343.0,,,82037343.0,82037343.0
07DA028,82035256.0,,,82035256.0,82035256.0
07DA029,82035216.0,,,82035216.0,82035216.0
07DA030,82035893.0,,,,82035893.0
07DA030&07FD910,,,,82037393.0,82037393.0
07DA032,82034496.0,,,82034496.0,82034496.0
07DA033,82034661.0,,,,82034661.0
07DA034,82036038.0,,,82036038.0,82036038.0
07DA035,82037393.0,,,82037393.0,82037393.0
07DA037,82034748.0,,,82034748.0,82034748.0
07DA038,82037095.0,,,82037102.0,82037095.0
07DA039,82034507.0,,,82034507.0,82034507.0
07DA040,82031176.0,,,82031176.0,82031176.0
07DA041,82034739.0,,,82034739.0,82034739.0
07DA042,82032443.0,,,82032443.0,82032443.0
07DA044,82035029.0,,,82035029.0,82035029.0
07DA045,82034645.0,,,82034645.0,82034645.0
07DB001,82034802.0,,82034802.0,82034802.0,82034802.0
07DB002,82034949.0,,,82034949.0,82034949.0
07DB003,82035031.0,,,82035031.0,82035031.0
07DB004,82036725.0,,,82036725.0,82036725.0
07DB005,82035044.0,,,82035044.0,82035044.0
07DB006,82034813.0,,,82034817.0,82034813.0
07DC001,82030087.0,,82030087.0,82030087.0,82030087.0
07DC002,82035577.0,,,82035577.0,82035577.0
07DC003,82034514.0,,,82034514.0,82034514.0
07DC004,82030460.0,,,82030460.0,82030460.0
07DD001,82029838.0,,,82029838.0,82029838.0
07DD002,82030209.0,,82030212.0,82030212.0,82030209.0
07DD003,82033570.0,,,82033570.0,82033570.0
07DD004,82029835.0,,,,82029835.0
07DD005,82029832.0,,,82029831.0,82029832.0
07DD007,82029834.0,,,,82029834.0
07DD007&07DD004,,,,82029834.0,82029834.0
07DD008,82030587.0,,,82030587.0,82030587.0
07DD009,82030587.0,,,82029834.0,82030587.0
07DD010,82029835.0,,,82029836.0,82029835.0
07DD011,82029838.0,,,82029837.0,82029838.0
07EA001,82034551.0,,,82034551.0,82034551.0
07EA002,82034586.0,,,82034586.0,82034586.0
07EA004,82034873.0,,82034873.0,82034873.0,82034873.0
07EA005,82034521.0,,82034521.0,82034521.0,82034521.0
07EA006,82037960.0,,,,82037960.0
07EA007,82034982.0,,82034982.0,82034982.0,82034982.0
07EB002,82034948.0,,82034948.0,82034948.0,82034948.0
07EC001,82038116.0,,,82038116.0,82038116.0
07EC002,82038109.0,,82038109.0,82038108.0,82038109.0
07EC003,82038100.0,,82038100.0,82038100.0,82038100.0
07EC004,82038195.0,,82038195.0,82038195.0,82038195.0
07ED001,82038372.0,,,82038372.0,82038372.0
07ED002,82038065.0,,,,82038065.0
07ED003,82038189.0,,82038189.0,82038189.0,82038189.0
07EE002,82038061.0,,,,82038061.0
07EE003,82040932.0,,,82040932.0,82040932.0
07EE004,82039715.0,,,82039715.0,82039715.0
07EE005,82039706.0,,,82039706.0,82039706.0
07EE007,82038087.0,,82038087.0,82038085.0,82038087.0
07EE008,82038071.0,,,,82038071.0
07EE009,82041259.0,,82041259.0,82041259.0,82041259.0
07EE010,82038099.0,,82038099.0,82038099.0,82038099.0
07EE011,82041242.0,,,82041242.0,82041242.0
07EF001,82037956.0,,,82037956.0,82037956.0
07EF002,82037960.0,,,,82037960.0
07EF003,82037960.0,,,,82037960.0
07EF003&07EF002&07EA006&07EE008&07ED002,,,,82037960.0,82037960.0
07EF004,82038653.0,,,82038653.0,82038653.0
07FA001,82037952.0,,,82037952.0,82037952.0
07FA003,82034814.0,,82034814.0,82034814.0,82034814.0
07FA004,82037841.0,,,82037841.0,82037841.0
07FA005,82034840.0,,82034840.0,82034840.0,82034840.0
07FA006,82037952.0,,82037952.0,82037952.0,82037952.0
07FA007,82035035.0,,,82034885.0,82035035.0
07FB001,82038011.0,,82038011.0,82038011.0,82038011.0
07FB002,82038020.0,,82038020.0,82038020.0,82038020.0
07FB003,82038166.0,,82038166.0,82038166.0,82038166.0
07FB004,82039844.0,,82039844.0,82039844.0,82039844.0
07FB005,82039465.0,,,82039465.0,82039465.0
07FB006,82038281.0,,82038281.0,82038281.0,82038281.0
07FB007,82038213.0,,,82038213.0,82038213.0
07FB008,82038379.0,,82038379.0,82038379.0,82038379.0
07FB009,82038047.0,,82038047.0,82038047.0,82038047.0
07FB010,82038631.0,,,82038707.0,82038631.0
07FB011,82040104.0,,,82040104.0,82040104.0
07FC001,82034772.0,,82034772.0,82034772.0,82034772.0
07FC002,82035935.0,,,82035935.0,82035935.0
07FC003,82034965.0,,82034965.0,82034965.0,82034965.0
07FC004,82035689.0,,,82035689.0,82035689.0
07FC005,82035689.0,,,82035689.0,82035689.0
07FC006,82035899.0,,,82036473.0,82035899.0
07FC007,82035726.0,,,82035726.0,82035726.0
07FD001,82038349.0,,82038349.0,82038349.0,82038349.0
07FD002,82037839.0,,,82037839.0,82037839.0
07FD003,82037808.0,,,82037808.0,82037808.0
07FD004,82035618.0,,,82035618.0,82035618.0
07FD005,82035676.0,,,82035676.0,82035676.0
07FD006,82038620.0,,82038620.0,82038620.0,82038620.0
07FD007,82038432.0,,82038432.0,82038432.0,82038432.0
07FD008,82038199.0,,,82038199.0,82038199.0
07FD009,82034905.0,,82034905.0,82034905.0,82034905.0
07FD010,82037829.0,,,82037829.0,82037829.0
07FD011,82035490.0,,82035490.0,82035490.0,82035490.0
07FD012,82035656.0,,82035656.0,82035656.0,82035656.0
07FD013,82035078.0,,82035078.0,82035078.0,82035078.0
07FD014,82038941.0,,,82038941.0,82038941.0
07FD015,82039075.0,,,82039075.0,82039075.0
07FD016,82040164.0,,,82040164.0,82040164.0
07FD017,82038744.0,,,82038744.0,82038744.0
07FD019,82038608.0,,,,82038608.0
07FD020,82040106.0,,,82040106.0,82040106.0
07FD901,82037788.0,,,82037788.0,82037788.0
07FD908,82040653.0,,,82040653.0,82040653.0
07FD910,82040238.0,,,,82040238.0
07FD912,82040314.0,,,,82040314.0
07FD913,82038866.0,,,82038866.0,82038866.0
07FD921,82039147.0,,,82039147.0,82039147.0
07FD934,82037801.0,,,82037800.0,82037801.0
07GA001,82040909.0,,82040909.0,82040909.0,82040909.0
07GA002,82040938.0,,82040938.0,82040938.0,82040938.0
07GB001,82041133.0,,,82041119.0,82041133.0
07GB002,82041003.0,,,82041003.0,82041003.0
07GB003,82041000.0,,82041000.0,82041000.0,82041000.0
07GC001,82041071.0,,,82041071.0,82041071.0
07GC002,82041277.0,,82041277.0,82041277.0,82041277.0
07GD001,82038475.0,,82038475.0,82038475.0,82038475.0
07GD002,82038655.0,,,82038655.0,82038655.0
07GD003,82038030.0,,,82038030.0,82038030.0
07GD004,82038041.0,,82038041.0,82038041.0,82038041.0
07GE001,82038014.0,,82038014.0,82038014.0,82038014.0
07GE002,82039516.0,,,82039516.0,82039516.0
07GE003,82039296.0,,82039296.0,82039296.0,82039296.0
07GE004,82038534.0,,,82038534.0,82038534.0
07GE005,82038499.0,,,82038499.0,82038499.0
07GE006,82039218.0,,,82039218.0,82039218.0
07GE007,82038990.0,,82038990.0,82038990.0,82038990.0
07GF001,82037914.0,,82037914.0,82037914.0,82037914.0
07GF002,82042369.0,,,82042369.0,82042369.0
07GF003,82042369.0,,,82042369.0,82042369.0
07GF004,82042369.0,,,82042369.0,82042369.0
07GF005,82042369.0,,,82042369.0,82042369.0
07GF006,82042369.0,,,82042369.0,82042369.0
07GF007,82042369.0,,,82042369.0,82042369.0
07GF008,82041190.0,,,82041190.0,82041190.0
07GG001,82041076.0,,82041076.0,82041076.0,82041076.0
07GG002,82040994.0,,82040994.0,82040994.0,82040994.0
07GG003,82041084.0,,82041084.0,82041084.0,82041084.0
07GH001,82038144.0,,,82038144.0,82038144.0
07GH002,82038128.0,,82038131.0,82038131.0,82038128.0
07GH003,82038248.0,,,82038248.0,82038248.0
07GH004,82038645.0,,82038645.0,82038645.0,82038645.0
07GH005,82039621.0,,,82039779.0,82039621.0
07GH906,82038645.0,,,82038645.0,82038645.0
07GJ001,82037870.0,,82037870.0,82037870.0,82037870.0
07GJ004,82039799.0,,,82039799.0,82039799.0
07GJ005,82039168.0,,,82038827.0,82039168.0
07HA001,82034321.0,,,82034321.0,82034321.0
07HA002,82037977.0,,,82037977.0,82037977.0
07HA003,82037984.0,,82037984.0,82037984.0,82037984.0
07HA005,82034849.0,,82034837.0,82034837.0,82034849.0
07HA902,82040341.0,,,82040341.0,82040341.0
07HA914,82040496.0,,,82040524.0,82040496.0
07HB001,82035040.0,,82035040.0,82035040.0,82035040.0
07HB002,82035711.0,,,82035711.0,82035711.0
07HC001,82034794.0,,82034794.0,82034794.0,82034794.0
07HC002,82035333.0,,82035821.0,82035821.0,82035333.0
07HC907,82036686.0,,,82036646.0,82036686.0
07HD001,82029921.0,,,82029921.0,82029921.0
07HF001,82029905.0,,,82029904.0,82029905.0
07HF002,82030926.0,,82030926.0,82030926.0,82030926.0
07JA001,82038466.0,,,82038466.0,82038466.0
07JA002,82038496.0,,,82038496.0,82038496.0
07JA003,82038456.0,,82038456.0,82040336.0,82038456.0
07JB001,82035217.0,,,82035095.0,82035217.0
07JB002,82034361.0,,,82034361.0,82034361.0
07JC001,82035097.0,,82035097.0,82035097.0,82035097.0
07JC002,82035042.0,,82035042.0,82035042.0,82035042.0
07JC003,82034589.0,,,82034589.0,82034589.0
07JD001,82029928.0,,,82029928.0,82029928.0
07JD002,82029932.0,,82029932.0,82029932.0,82029932.0
07JD003,82031084.0,,82031084.0,82031084.0,82031084.0
07JD004,82031451.0,,,82031451.0,82031451.0
07JF002,82030237.0,,82030237.0,82030237.0,82030237.0
07JF003,82030290.0,,82030290.0,82030290.0,82030290.0
07JF004,82032630.0,,,82032630.0,82032630.0
07JF005,82031332.0,,,82031332.0,82031332.0
07KA002,82029878.0,,,82029878.0,82029878.0
07KC001,82025247.0,,,82025247.0,82025247.0
07KC003,82025226.0,,,82025229.0,82025226.0
07KC004,82025229.0,,,82025226.0,82025229.0
07KC005,82025226.0,,,82025226.0,82025226.0
07KE001,82030188.0,,82030188.0,82030188.0,82030188.0
07KF015,82033570.0,,,82033570.0,82033570.0
07LB001,82030691.0,,,82030691.0,82030691.0
07LB002,82030597.0,,82030614.0,82030597.0,82030597.0
07LC002,82025520.0,,,82026168.0,82025520.0
07LC003,82025476.0,,,82025476.0,82025476.0
07LD001,82030111.0,,,82030111.0,82030111.0
07LD002,82025168.0,,,82025168.0,82025168.0
07LD003,82030728.0,,,82030728.0,82030728.0
07LE001,82025154.0,,,82025154.0,82025154.0
07LE002,82025160.0,,82025161.0,82025160.0,82025160.0
07LE003,82025310.0,,,82025311.0,82025310.0
07LE004,82025332.0,,,82025332.0,82025332.0
07MA003,82030740.0,,82030740.0,82030740.0,82030740.0
07MA004,82025664.0,,,82025664.0,82025664.0
07MA005,82025637.0,,,82025637.0,82025637.0
07MB001,82025647.0,,82025654.0,82025654.0,82025647.0
07MC001,82026193.0,,,82026193.0,82026193.0
07MC002,82029825.0,,,,82029825.0
07MC003,82029825.0,,,,82029825.0
07MD001,82029825.0,,,,82029825.0
07MD001&07MC003&07MC002&07MD002,,,,82029825.0,82029825.0
07MD002,82029825.0,,,,82029825.0
07NA001,82025042.0,,,82027991.0,82025042.0
07NA002,82025049.0,,,82025049.0,82025049.0
07NA003,82025049.0,,,82025049.0,82025049.0
07NA004,82025048.0,,,82025048.0,82025048.0
07NA007,82025047.0,,,82025045.0,82025047.0
07NA008,82025045.0,,,82025045.0,82025045.0
07NB001,82025016.0,,,82025016.0,82025016.0
07NB002,82020809.0,,,82020812.0,82020809.0
07NB003,82020809.0,,,82020812.0,82020809.0
07NB004,82020812.0,,,82025016.0,82020812.0
07NB005,82020809.0,,,82020812.0,82020809.0
07NB006,82029356.0,,,82029356.0,82029356.0
07NB007,82026067.0,,,82026067.0,82026067.0
07NB008,82025422.0,,,82025017.0,82025422.0
07NC009,82017039.0,,,82017039.0,82017039.0
07OA001,82030901.0,,82030901.0,82030901.0,82030901.0
07OB001,82020814.0,,82020814.0,82020814.0,82020814.0
07OB002,82020717.0,,,,82020717.0
07OB002&07PB001&07QB001&07SB001&07SC003&07UB001&10FB001,,,,82017020.0,82017020.0
07OB003,82025072.0,,82025073.0,82025072.0,82025072.0
07OB004,82026085.0,,82026088.0,82028937.0,82026085.0
07OB005,82025757.0,,,82025772.0,82025757.0
07OB006,82026186.0,,82026186.0,82026186.0,82026186.0
07OB007,82034232.0,,,82034232.0,82034232.0
07OB008,82020829.0,,,82020829.0,82020829.0
07OC001,82029954.0,,82029954.0,82029954.0,82029954.0
07PA001,82021126.0,,,82021126.0,82021126.0
07PA002,82021411.0,,,82021411.0,82021411.0
07PB001,82020717.0,,,,82020717.0
07PB002,82021342.0,,,82021342.0,82021342.0
07PC001,82021312.0,,,82021413.0,82021312.0
07QA001,82020759.0,,,82020759.0,82020759.0
07QB001,82020717.0,,,,82020717.0
07QB002,82017157.0,,,82017158.0,82017157.0
07QC001,,,,82025032.0,82025032.0
07QC002,82025032.0,,,82025032.0,82025032.0
07QC003,82021465.0,,,82021465.0,82021465.0
07QC004,82021726.0,,,82021726.0,82021726.0
07QC005,82025100.0,,,82025101.0,82025100.0
07QC006,82025634.0,,,82025634.0,82025634.0
07QC007,82020780.0,,,82020780.0,82020780.0
07QC008,82026772.0,,,,82026772.0
07QD002,82017183.0,,82017183.0,82017183.0,82017183.0
07QD003,82017183.0,,,82017183.0,82017183.0
07QD004,82017260.0,,,82017260.0,82017260.0
07QD005,82017795.0,,,82017795.0,82017795.0
07QD006,82017795.0,,,82017795.0,82017795.0
07QD007,82020768.0,,,82020768.0,82020768.0
07RB001,82009836.0,,,,82009836.0
07RC001,82010442.0,,,82010478.0,82010442.0
07RC002,82010478.0,,,82010478.0,82010478.0
07RC003,82009898.0,,,82009898.0,82009898.0
07RD001,82013503.0,,82013503.0,82013503.0,82013503.0
07SA001,82013700.0,,,,82013700.0
07SA002,82009982.0,,82009988.0,82009982.0,82009982.0
07SA003,82013700.0,,,,82013700.0
07SA003&07SA001,,,,82013700.0,82013700.0
07SA004,82010397.0,,82010397.0,82010397.0,82010397.0
07SA005,82013757.0,,,82013757.0,82013757.0
07SA008,82010004.0,,,82010004.0,82010004.0
07SB001,82020717.0,,,,82020717.0
07SB002,82017073.0,,,,82017073.0
07SB003,82013446.0,,,,82013446.0
07SB003&07SB006,,,,82013446.0,82013446.0
07SB004,82013538.0,,,82013538.0,82013538.0
07SB005,82013446.0,,,,82013446.0
07SB006,82013446.0,,,,82013446.0
07SB007,82017039.0,,,82017660.0,82017039.0
07SB008,82017660.0,,,,82017660.0
07SB009,82017660.0,,,82017660.0,82017660.0
07SB010,82013565.0,,82017578.0,82017578.0,82013565.0
07SB011,82017660.0,,,,82017660.0
07SB011&07SB008,,,,82017660.0,82017660.0
07SB012,82013981.0,,,82013981.0,82013981.0
07SB013,82017660.0,,82017660.0,82017660.0,82017660.0
07SB014,82017073.0,,,,82017073.0
07SB014&07SB002,,,,82017073.0,82017073.0
07SB015,82013446.0,,,,82013446.0
07SB015&07SB005,,,,82013446.0,82013446.0
07SB017,82013547.0,,82013547.0,82013538.0,82013547.0
07SB019,82013462.0,,,82013462.0,82013462.0
07SB020,82013450.0,,,82013450.0,82013450.0
07SC001,82017133.0,,,82017133.0,82017133.0
07SC002,82014117.0,,82014117.0,82014117.0,82014117.0
07SC003,82020717.0,,,,82020717.0
07SC004,82014075.0,,,82014075.0,82014075.0
07SC005,82014073.0,,,82014073.0,82014073.0
07SC006,82014501.0,,,82014501.0,82014501.0
07TA001,82013739.0,,82013740.0,82013740.0,82013739.0
07TA002,82013741.0,,,82013741.0,82013741.0
07TB001,82013728.0,,,82013728.0,82013728.0
07UB001,82020707.0,,,,82020707.0
07UC001,82020966.0,,,,82020966.0
07UC002,82020966.0,,,,82020966.0
07UC002&07UC001,,,,82020966.0,82020966.0
08AA001,81029316.0,,,81029316.0,81029316.0
08AA003,81029302.0,,,81029302.0,81029302.0
08AA004,81030346.0,,,81030346.0,81030346.0
08AA005,81029344.0,,,,81029344.0
08AA005&08AA012,,,,81029344.0,81029344.0
08AA007,81024208.0,,81024208.0,,81024208.0
08AA007&08AA008,,,,81024208.0,81024208.0
08AA008,81024208.0,,81024208.0,,81024208.0
08AA009,81029617.0,,81029617.0,81029344.0,81029617.0
08AA010,81029344.0,,,81029344.0,81029344.0
08AA011,81029436.0,,,81029436.0,81029436.0
08AA012,81029344.0,,,,81029344.0
08AB001,81029269.0,,,81029270.0,81029269.0
08AB002,81033952.0,,,81033952.0,81033952.0
08AC001,81030977.0,,81030977.0,81030977.0,81030977.0
08AC002,81029331.0,,81029331.0,81029331.0,81029331.0
08BB001,78000324.0,,,78000324.0,78000324.0
08BB002,78000009.0,,,78000009.0,78000009.0
08BB003,78000009.0,,,78000009.0,78000009.0
08BB004,78000399.0,,,78000399.0,78000399.0
08BB005,78000319.0,,78000319.0,78000319.0,78000319.0
08CA001,78001240.0,,,78001240.0,78001240.0
08CA002,78001237.0,,,78001237.0,78001237.0
08CA003,78001199.0,,,78001199.0,78001199.0
08CB001,78000306.0,,,78000306.0,78000306.0
08CB002,78000447.0,,,78000447.0,78000447.0
08CC001,78001245.0,,,78001245.0,78001245.0
08CC002,78001688.0,,,78001688.0,78001688.0
08CC003,78001690.0,,,78001690.0,78001690.0
08CD001,78000377.0,,78000377.0,78000377.0,78000377.0
08CE001,78001183.0,,78001183.0,78001183.0,78001183.0
08CE004,78001274.0,,,78001274.0,78001274.0
08CE005,78000296.0,,,,78000296.0
08CF001,78001165.0,,,78001165.0,78001165.0
08CF002,78002134.0,,,78002134.0,78002134.0
08CF003,78002124.0,,,,78002124.0
08CG001,78002147.0,,,78002147.0,78002147.0
08CG002,78001283.0,,,78001283.0,78001283.0
08CG003,78001283.0,,,78001283.0,78001283.0
08CG004,78002155.0,,,78002155.0,78002155.0
08CG005,78001202.0,,,78001202.0,78001202.0
08CG006,78002352.0,,,78002352.0,78002352.0
08CG007,78002159.0,,,78002510.0,78002159.0
08DA003,78002324.0,,,78002324.0,78002324.0
08DA005,78002409.0,,78002409.0,78002409.0,78002409.0
08DA009,78002423.0,,,78002423.0,78002423.0
08DA010,78002222.0,,,78002222.0,78002222.0
08DA011,78002224.0,,,78002224.0,78002224.0
08DA012,78002224.0,,,78002224.0,78002224.0
08DB001,78003056.0,,,78003056.0,78003056.0
08DB002,78004954.0,,,78004954.0,78004954.0
08DB008,78003058.0,,,78003058.0,78003058.0
08DB009,78003625.0,,,78003625.0,78003625.0
08DB010,78003625.0,,,78003625.0,78003625.0
08DB011,78003392.0,,,78003392.0,78003392.0
08DB012,78003625.0,,,78003625.0,78003625.0
08DB013,78003483.0,,78003483.0,78003483.0,78003483.0
08DB014,78003216.0,,78003216.0,78003216.0,78003216.0
08DC0001,,,,78003128.0,78003128.0
08DC0002,,,,78002274.0,78002274.0
08DC001,78002624.0,,,78002624.0,78002624.0
08DC002,78003808.0,,,78003808.0,78003808.0
08DC003,78003373.0,,,78003373.0,78003373.0
08DC006,78002373.0,,,78002373.0,78002373.0
08DD001,78002313.0,,,78002313.0,78002313.0
08EB001,78003075.0,,,78003076.0,78003075.0
08EB003,78003075.0,,,78003076.0,78003075.0
08EB004,78003149.0,,78003149.0,78003149.0,78003149.0
08EB005,78003085.0,,78003085.0,78003085.0,78003085.0
08EB006,78003663.0,,,78003663.0,78003663.0
08EB007,78003263.0,,,,78003263.0
08EC001,78003117.0,,,78003117.0,78003117.0
08EC002,78004121.0,,,78004121.0,78004121.0
08EC003,78003117.0,,,,78003117.0
08EC003&08EC010&08EC011&08EC012,,,,78003117.0,78003117.0
08EC004,78004271.0,,,78004271.0,78004271.0
08EC005,78004121.0,,,78004121.0,78004121.0
08EC006,78004136.0,,,,78004136.0
08EC006&08EC009,,,,78004136.0,78004136.0
08EC007,78004121.0,,,78004121.0,78004121.0
08EC008,78003270.0,,,78003270.0,78003270.0
08EC009,78004136.0,,,,78004136.0
08EC010,78003117.0,,,,78003117.0
08EC011,78003117.0,,,,78003117.0
08EC012,78003117.0,,,,78003117.0
08EC013,78003113.0,,,78003113.0,78003113.0
08EC014,78004924.0,,,78004924.0,78004924.0
08ED001,78005579.0,,78005579.0,78005579.0,78005579.0
08ED002,78004123.0,,78004123.0,78004123.0,78004123.0
08ED003,78004102.0,,,78004103.0,78004102.0
08ED004,78004352.0,,,78004352.0,78004352.0
08EE0002,,,,78004914.0,78004914.0
08EE0003,,,,78004528.0,78004528.0
08EE001,78003030.0,,,78003030.0,78003030.0
08EE002,78004091.0,,,78004091.0,78004091.0
08EE003,78004211.0,,78004211.0,78004211.0,78004211.0
08EE004,78004092.0,,78004092.0,78004092.0,78004092.0
08EE005,78004087.0,,,78004087.0,78004087.0
08EE006,78003042.0,,,78003042.0,78003042.0
08EE008,78004511.0,,78004511.0,78004511.0,78004511.0
08EE009,78004417.0,,,78004417.0,78004417.0
08EE010,78005049.0,,,78005049.0,78005049.0
08EE011,78005049.0,,,78005049.0,78005049.0
08EE012,78005049.0,,78005049.0,78005049.0,78005049.0
08EE013,78004244.0,,78004244.0,78004244.0,78004244.0
08EE014,78004367.0,,,78004367.0,78004367.0
08EE017,78003535.0,,,78003535.0,78003535.0
08EE018,78004370.0,,,78004370.0,78004370.0
08EE019,78004478.0,,,78004478.0,78004478.0
08EE020,78004360.0,,78004360.0,78004360.0,78004360.0
08EE021,78005095.0,,,78005095.0,78005095.0
08EE022,78004956.0,,,78004931.0,78004956.0
08EE023,78005049.0,,,78005049.0,78005049.0
08EE024,78005095.0,,,78005095.0,78005095.0
08EE025,78003030.0,,78003030.0,78003030.0,78003030.0
08EE026,78004998.0,,,78004998.0,78004998.0
08EE027,78004998.0,,,78004998.0,78004998.0
08EE028,78003535.0,,,78003535.0,78003535.0
08EF001,78003962.0,,78003963.0,78003963.0,78003962.0
08EF003,78004197.0,,,78004197.0,78004197.0
08EF004,78003123.0,,,78003123.0,78003123.0
08EF005,78004200.0,,78004200.0,78004200.0,78004200.0
08EF006,78004526.0,,,78004526.0,78004526.0
08EG001,78004539.0,,,78004539.0,78004539.0
08EG002,78005197.0,,,78005197.0,78005197.0
08EG003,78004513.0,,,78004513.0,78004513.0
08EG004,78004835.0,,,78004835.0,78004835.0
08EG006,78004051.0,,,78004051.0,78004051.0
08EG007,78004283.0,,,78004283.0,78004283.0
08EG008,78004307.0,,,78004307.0,78004307.0
08EG010,78004775.0,,,78004775.0,78004775.0
08EG011,78004314.0,,,78004314.0,78004314.0
08EG012,78004377.0,,78004377.0,78004377.0,78004377.0
08EG016,78004445.0,,,78004718.0,78004445.0
08EG017,78004909.0,,,78004909.0,78004909.0
08EG018,78004079.0,,,78004079.0,78004079.0
08EG019,78004053.0,,,78004053.0,78004053.0
08FA001,78009673.0,,,78009673.0,78009673.0
08FA002,78008613.0,,,78008613.0,78008613.0
08FA004,86040775.0,,,86040775.0,86040775.0
08FA007,78008613.0,,,78008613.0,78008613.0
08FA008,78009929.0,,,78009929.0,78009929.0
08FA009,78008720.0,,,78008720.0,78008720.0
08FB001,78006811.0,,,78006811.0,78006811.0
08FB002,78006822.0,,,78006822.0,78006822.0
08FB003,78007761.0,,,78007761.0,78007761.0
08FB004,78007915.0,,78007915.0,78007915.0,78007915.0
08FB005,78007315.0,,,78007315.0,78007315.0
08FB006,78006832.0,,78006832.0,78006832.0,78006832.0
08FB007,78006828.0,,,78006828.0,78006828.0
08FB008,78006815.0,,,78006815.0,78006815.0
08FB009,78007682.0,,,78007682.0,78007682.0
08FB011,78006822.0,,,78006822.0,78006822.0
08FC001,78006782.0,,,78006782.0,78006782.0
08FC002,78007144.0,,,78007144.0,78007144.0
08FC003,78006958.0,,78006958.0,78006958.0,78006958.0
08FC004,78007328.0,,,78007328.0,78007328.0
08FC005,78007075.0,,,78007075.0,78007075.0
08FD002,86040741.0,,,86040741.0,86040741.0
08FE001,78005567.0,,,78005567.0,78005567.0
08FE002,78005611.0,,,78005611.0,78005611.0
08FE003,78005611.0,,78005611.0,78005611.0,78005611.0
08FF001,78004231.0,,,78004231.0,78004231.0
08FF002,78004395.0,,,78004395.0,78004395.0
08FF003,78004399.0,,,78004399.0,78004399.0
08FF004,78004361.0,,,78004361.0,78004361.0
08FF005,78004361.0,,,78004361.0,78004361.0
08FF006,78005405.0,,,78005405.0,78005405.0
08GA001,78013218.0,,,78013218.0,78013218.0
08GA002,78012749.0,,,78012749.0,78012749.0
08GA003,78013218.0,,,78013218.0,78013218.0
08GA004,78012613.0,,,78012613.0,78012613.0
08GA005,78012749.0,,,78012749.0,78012749.0
08GA006,78012749.0,,,78012749.0,78012749.0
08GA007,78012749.0,,,78012749.0,78012749.0
08GA008,78012749.0,,,78012749.0,78012749.0
08GA009,78013218.0,,,78013218.0,78013218.0
08GA010,78012626.0,,,78012626.0,78012626.0
08GA011,78013218.0,,,,78013218.0
08GA012,78013096.0,,,78013096.0,78013096.0
08GA013,78013257.0,,,78013257.0,78013257.0
08GA014,78012121.0,,,78012121.0,78012121.0
08GA015,78012749.0,,,78012749.0,78012749.0
08GA016,78010967.0,,,78010967.0,78010967.0
08GA017,78012135.0,,,78012135.0,78012135.0
08GA018,78013020.0,,,,78013020.0
08GA019,78013020.0,,,,78013020.0
08GA020,78013277.0,,,78013277.0,78013277.0
08GA021,78013257.0,,,78013257.0,78013257.0
08GA022,78012182.0,,,78012182.0,78012182.0
08GA023,78013623.0,,,78013623.0,78013623.0
08GA024,78010273.0,,,78010273.0,78010273.0
08GA025,78013257.0,,,78013257.0,78013257.0
08GA026,78013222.0,,,78013222.0,78013222.0
08GA027,78013168.0,,,78013168.0,78013168.0
08GA028,78013257.0,,,78013257.0,78013257.0
08GA030,78013257.0,,,78013257.0,78013257.0
08GA031,78012626.0,,,78012626.0,78012626.0
08GA032,78013623.0,,,78013623.0,78013623.0
08GA033,78013623.0,,,78013623.0,78013623.0
08GA034,78013623.0,,,78013623.0,78013623.0
08GA035,78013623.0,,,78013623.0,78013623.0
08GA036,78013187.0,,,78013187.0,78013187.0
08GA037,78013187.0,,,78013187.0,78013187.0
08GA038,78012135.0,,,78012135.0,78012135.0
08GA039,78012707.0,,,78012707.0,78012707.0
08GA040,78013582.0,,,78013582.0,78013582.0
08GA041,78010464.0,,,78010464.0,78010464.0
08GA043,78012126.0,,,78012126.0,78012126.0
08GA045,78013277.0,,,78013277.0,78013277.0
08GA046,78013245.0,,,78013245.0,78013245.0
08GA047,78013123.0,,,86038885.0,78013123.0
08GA048,78012444.0,,,78012444.0,78012444.0
08GA049,86038555.0,,,86038555.0,86038555.0
08GA050,86038805.0,,,86038805.0,86038805.0
08GA051,86038805.0,,,86038805.0,86038805.0
08GA052,78013020.0,,,78013020.0,78013020.0
08GA053,78012115.0,,,78012115.0,78012115.0
08GA054,78012454.0,,,78012454.0,78012454.0
08GA055,78013623.0,,,78013623.0,78013623.0
08GA056,78013623.0,,,78013623.0,78013623.0
08GA057,78013467.0,,,78013467.0,78013467.0
08GA058,78012119.0,,,78012119.0,78012119.0
08GA059,78012503.0,,,,78012503.0
08GA060,78013245.0,,,78013245.0,78013245.0
08GA061,86038555.0,,,86038555.0,86038555.0
08GA062,78013257.0,,,78013257.0,78013257.0
08GA063,86038442.0,,,,86038442.0
08GA064,78013365.0,,,78013365.0,78013365.0
08GA065,78013020.0,,,78013020.0,78013020.0
08GA067,78010988.0,,,78010988.0,78010988.0
08GA068,86038442.0,,,86038442.0,86038442.0
08GA069,86038685.0,,,86038685.0,86038685.0
08GA070,86038685.0,,,86038685.0,86038685.0
08GA071,78010437.0,,,78010437.0,78010437.0
08GA072,78010321.0,,78010321.0,78010321.0,78010321.0
08GA075,78012497.0,,78012497.0,78012497.0,78012497.0
08GA076,78013365.0,,,78013365.0,78013365.0
08GA077,78013257.0,,,78013257.0,78013257.0
08GA078,78013245.0,,,78013245.0,78013245.0
08GA079,78013257.0,,,78013257.0,78013257.0
08GB003,78012466.0,,,78012466.0,78012466.0
08GB005,78013637.0,,,78013637.0,78013637.0
08GB006,78013337.0,,,,78013337.0
08GB007,78012609.0,,,78012609.0,78012609.0
08GB008,78013337.0,,,,78013337.0
08GB009,78013429.0,,,78013429.0,78013429.0
08GB010,78013221.0,,,78013221.0,78013221.0
08GB011,86038883.0,,,86038883.0,86038883.0
08GB012,86038883.0,,,86038883.0,86038883.0
08GB013,78013533.0,,78013533.0,78013533.0,78013533.0
08GB014,78013668.0,,,78013668.0,78013668.0
08GC003,78010605.0,,,78010605.0,78010605.0
08GC004,78011070.0,,,78011070.0,78011070.0
08GC005,78011070.0,,,78011070.0,78011070.0
08GC006,78011070.0,,,78011070.0,78011070.0
08GC007,78011070.0,,,78011070.0,78011070.0
08GC008,78011070.0,,,78011070.0,78011070.0
08GD003,78008717.0,,,78008717.0,78008717.0
08GD004,78010221.0,,78010221.0,78010221.0,78010221.0
08GD005,78008647.0,,,78008647.0,78008647.0
08GD006,78008633.0,,,78008633.0,78008633.0
08GD007,78008662.0,,,78008662.0,78008662.0
08GD008,78008860.0,,78008860.0,78008860.0,78008860.0
08GD009,78008692.0,,,78008692.0,78008692.0
08GD010,78010246.0,,,,78010246.0
08GE001,78008334.0,,,78009266.0,78008334.0
08GE002,78008334.0,,,78008334.0,78008334.0
08GE003,78009361.0,,,78009361.0,78009361.0
08GF001,78010571.0,,,78010571.0,78010571.0
08GF003,78010636.0,,,78010636.0,78010636.0
08GF004,78011495.0,,,78011495.0,78011495.0
08GF005,78009188.0,,,78009188.0,78009188.0
08GF006,78011668.0,,,78011668.0,78011668.0
08GF007,78008721.0,,,78008721.0,78008721.0
08GF008,78010339.0,,,78010339.0,78010339.0
08GF009,78010339.0,,,78010339.0,78010339.0
08HA0001,,,,78015338.0,78015338.0
08HA0002,,,,78015194.0,78015194.0
08HA0003,,,,78015075.0,78015075.0
08HA0004,,,,78014990.0,78014990.0
08HA0005,,,,78014990.0,78014990.0
08HA0006,,,,78014990.0,78014990.0
08HA0009,,,,78014115.0,78014115.0
08HA001,78014177.0,,,78014177.0,78014177.0
08HA0010,,,,78014115.0,78014115.0
08HA0011,,,,78014115.0,78014115.0
08HA0012,,,,78014115.0,78014115.0
08HA0013,,,,78014115.0,78014115.0
08HA0014,,,,78014115.0,78014115.0
08HA0015,,,,78014109.0,78014109.0
08HA0018,,,,78014375.0,78014375.0
08HA0019&08HA038,,,,86038731.0,86038731.0
08HA002,78014220.0,,,78014220.0,78014220.0
08HA0020,,,,86038731.0,86038731.0
08HA0022,,,,78014208.0,78014208.0
08HA0023,,,,78014177.0,78014177.0
08HA0024,,,,78014177.0,78014177.0
08HA0027,,,,78014522.0,78014522.0
08HA003,78014522.0,,,78014522.0,78014522.0
08HA0032,,,,78015075.0,78015075.0
08HA0033,,,,78015075.0,78015075.0
08HA0036,,,,78014220.0,78014220.0
08HA0039,,,,78015281.0,78015281.0
08HA004,78015075.0,,,78015075.0,78015075.0
08HA0041,,,,78015075.0,78015075.0
08HA0043,,,,78014143.0,78014143.0
08HA0044,,,,78015281.0,78015281.0
08HA005,78015064.0,,,,78015064.0
08HA005&08HA006,,,,78015064.0,78015064.0
08HA006,78015064.0,,,,78015064.0
08HA007,86038636.0,,,86038636.0,86038636.0
08HA008,78015281.0,,,78015281.0,78015281.0
08HA009,78014220.0,,,78014220.0,78014220.0
08HA010,78014219.0,,,78014219.0,78014219.0
08HA011,78014115.0,,,78014115.0,78014115.0
08HA013,78015281.0,,,78015281.0,78015281.0
08HA014,78015281.0,,,78015281.0,78015281.0
08HA015,78015281.0,,,78015281.0,78015281.0
08HA016,78015281.0,,78015281.0,78015281.0,78015281.0
08HA017,78015051.0,,,78015051.0,78015051.0
08HA018,78014350.0,,,78014350.0,78014350.0
08HA019,78014522.0,,,78014522.0,78014522.0
08HA020,78015281.0,,,78015281.0,78015281.0
08HA021,78015281.0,,,78015281.0,78015281.0
08HA022,78015338.0,,,78015338.0,78015338.0
08HA023,78014900.0,,,78014900.0,78014900.0
08HA024,86038731.0,,,,86038731.0
08HA024&08HA044&08HA046,,,,86038731.0,86038731.0
08HA025,78014911.0,,,78014911.0,78014911.0
08HA026,86038731.0,,,86038731.0,86038731.0
08HA027,86038731.0,,,86038731.0,86038731.0
08HA028,86038636.0,,,86038636.0,86038636.0
08HA031,86038968.0,,,86038968.0,86038968.0
08HA032,78015075.0,,,78015075.0,78015075.0
08HA033,78015075.0,,,78015075.0,78015075.0
08HA034,78014964.0,,,78014964.0,78014964.0
08HA036,78014349.0,,,78014349.0,78014349.0
08HA037,78014990.0,,,78014990.0,78014990.0
08HA038,86038731.0,,,,86038731.0
08HA039,78014965.0,,,78014965.0,78014965.0
08HA041,86038783.0,,,,86038783.0
08HA042,78015281.0,,,78015281.0,78015281.0
08HA043,78015281.0,,,78015281.0,78015281.0
08HA044,86038731.0,,,,86038731.0
08HA045,78014208.0,,,,78014208.0
08HA046,86038731.0,,,,86038731.0
08HA047,78014990.0,,,78014990.0,78014990.0
08HA048,86038731.0,,,86038731.0,86038731.0
08HA049,86038731.0,,,86038731.0,86038731.0
08HA050,86038731.0,,,86038731.0,86038731.0
08HA051,86038731.0,,,86038731.0,86038731.0
08HA052,86038968.0,,,86038968.0,86038968.0
08HA053,78015061.0,,,78015061.0,78015061.0
08HA054,78015061.0,,,78015061.0,78015061.0
08HA055,86038731.0,,,86038731.0,86038731.0
08HA056,78015194.0,,,78015194.0,78015194.0
08HA057,86038731.0,,,,86038731.0
08HA059,78014350.0,,,78014350.0,78014350.0
08HA060,86038636.0,,,86038636.0,86038636.0
08HA063,86038636.0,,,86038636.0,86038636.0
08HA064,78014892.0,,,78014892.0,78014892.0
08HA065,78014892.0,,,78014892.0,78014892.0
08HA067,78015075.0,,,78015075.0,78015075.0
08HA068,78014375.0,,78014375.0,78014375.0,78014375.0
08HA069,78015084.0,,,78015084.0,78015084.0
08HA070,78015203.0,,,78015203.0,78015203.0
08HA071,86038636.0,,,86038636.0,86038636.0
08HA072,78015369.0,,,78015369.0,78015369.0
08HA073,78015338.0,,,78015338.0,78015338.0
08HB0002,,,,86039557.0,86039557.0
08HB0003,,,,86039333.0,86039333.0
08HB0005,,,,86039076.0,86039076.0
08HB0006,,,,78012256.0,78012256.0
08HB0007,,,,78012256.0,78012256.0
08HB0008,,,,78013124.0,78013124.0
08HB001,78012511.0,,,78012511.0,78012511.0
08HB0010,,,,78012992.0,78012992.0
08HB0011,,,,86039334.0,86039334.0
08HB0012,,,,78012485.0,78012485.0
08HB0013,,,,78012599.0,78012599.0
08HB0014,,,,78013013.0,78013013.0
08HB0015,,,,78012879.0,78012879.0
08HB0016,,,,78012998.0,78012998.0
08HB0017,,,,78012925.0,78012925.0
08HB0018,,,,78012373.0,78012373.0
08HB0019,,,,78013076.0,78013076.0
08HB002,78012472.0,,,78012472.0,78012472.0
08HB0020,,,,78013524.0,78013524.0
08HB0021,,,,78013013.0,78013013.0
08HB0022,,,,78013524.0,78013524.0
08HB0023,,,,78012545.0,78012545.0
08HB0025,,,,78012879.0,78012879.0
08HB0027,,,,78012472.0,78012472.0
08HB003,78012256.0,,,78012256.0,78012256.0
08HB0030,,,,78013420.0,78013420.0
08HB004,78012900.0,,,78012900.0,78012900.0
08HB005,78012210.0,,,78012210.0,78012210.0
08HB006,78012373.0,,,78012373.0,78012373.0
08HB007,78012404.0,,,78012404.0,78012404.0
08HB008,78012358.0,,,78012358.0,78012358.0
08HB009,78012599.0,,,78012599.0,78012599.0
08HB010,78012331.0,,,78012331.0,78012331.0
08HB011,78012431.0,,,78012431.0,78012431.0
08HB012,78012951.0,,,78012951.0,78012951.0
08HB014,78014364.0,,,78014364.0,78014364.0
08HB015,78012358.0,,,78012358.0,78012358.0
08HB016,78012405.0,,,78012405.0,78012405.0
08HB017,78012315.0,,,78012315.0,78012315.0
08HB018,78013076.0,,,78013076.0,78013076.0
08HB019,78012900.0,,,78012900.0,78012900.0
08HB021,78013076.0,,,78013076.0,78013076.0
08HB022,86039427.0,,,86039427.0,86039427.0
08HB023,78012343.0,,,78012343.0,78012343.0
08HB024,78012732.0,,,78012732.0,78012732.0
08HB025,78013408.0,,78013408.0,78013408.0,78013408.0
08HB026,78012918.0,,,78012918.0,78012918.0
08HB027,78012918.0,,,78012918.0,78012918.0
08HB028,78012918.0,,,,78012918.0
08HB029,78012400.0,,,78012400.0,78012400.0
08HB030,86039076.0,,,,86039076.0
08HB031,86039076.0,,,,86039076.0
08HB032,78012918.0,,,78012918.0,78012918.0
08HB033,78012654.0,,,78012654.0,78012654.0
08HB034,78012210.0,,,78012210.0,78012210.0
08HB035,78012998.0,,,78012998.0,78012998.0
08HB036,78012320.0,,,78012320.0,78012320.0
08HB037,78013124.0,,,78013124.0,78013124.0
08HB038,78013013.0,,,78013013.0,78013013.0
08HB039,78012992.0,,,78012992.0,78012992.0
08HB040,86039077.0,,,86039077.0,86039077.0
08HB041,78012766.0,,,78012766.0,78012766.0
08HB042,86039557.0,,,86039557.0,86039557.0
08HB043,78013053.0,,,78013053.0,78013053.0
08HB044,78013273.0,,,78013273.0,78013273.0
08HB045,86039461.0,,,,86039461.0
08HB046,86038862.0,,,,86038862.0
08HB046&08HB053,,,,86038862.0,86038862.0
08HB047,86039247.0,,,86039247.0,86039247.0
08HB048,86039521.0,,86039521.0,86039521.0,86039521.0
08HB050,78012320.0,,,78012320.0,78012320.0
08HB053,86038862.0,,,,86038862.0
08HB054,78012879.0,,,78012879.0,78012879.0
08HB055,86038862.0,,,86038862.0,86038862.0
08HB056,86039461.0,,,,86039461.0
08HB057,86039461.0,,,,86039461.0
08HB058,86039247.0,,,86039247.0,86039247.0
08HB059,78013053.0,,,78013053.0,78013053.0
08HB060,78012951.0,,,78012951.0,78012951.0
08HB062,78012998.0,,,78012998.0,78012998.0
08HB063,78012998.0,,,78012998.0,78012998.0
08HB064,78015423.0,,,78015423.0,78015423.0
08HB066,86038862.0,,,,86038862.0
08HB068,78012315.0,,,78012315.0,78012315.0
08HB069,86039521.0,,,86039521.0,86039521.0
08HB070,78012315.0,,,78012315.0,78012315.0
08HB071,86038862.0,,,86038862.0,86038862.0
08HB072,78013053.0,,,78013053.0,78013053.0
08HB073,78013053.0,,,78012331.0,78013053.0
08HB074,78012544.0,,78012544.0,78012544.0,78012544.0
08HB075,78013425.0,,78013425.0,78013425.0,78013425.0
08HB076,86039442.0,,,86039442.0,86039442.0
08HB077,78012588.0,,,78012588.0,78012588.0
08HB078,78013013.0,,,78013013.0,78013013.0
08HB079,78012925.0,,,78012925.0,78012925.0
08HB080,78012930.0,,,78012930.0,78012930.0
08HB082,78012404.0,,,78012404.0,78012404.0
08HB083,78012356.0,,,,78012356.0
08HB084,78012404.0,,,78012404.0,78012404.0
08HB086,78012986.0,,,78012986.0,78012986.0
08HB088,78012954.0,,,78012954.0,78012954.0
08HB089,78012712.0,,,78012712.0,78012712.0
08HB090,78013425.0,,,78012712.0,78013425.0
08HB091,78013482.0,,,78013482.0,78013482.0
08HB092,78012236.0,,,78012236.0,78012236.0
08HB093,78012951.0,,,78012951.0,78012951.0
08HB094,78012951.0,,,78012951.0,78012951.0
08HB095,78012951.0,,,78012951.0,78012951.0
08HB096,78012951.0,,,78012951.0,78012951.0
08HB097,78012951.0,,,78012951.0,78012951.0
08HB098,78012951.0,,,78012951.0,78012951.0
08HB099,78012879.0,,,78012879.0,78012879.0
08HC001,78012361.0,,,78012361.0,78012361.0
08HC002,78012534.0,,,78012534.0,78012534.0
08HC003,86039859.0,,,,86039859.0
08HC004,78013154.0,,,78013154.0,78013154.0
08HC005,78013585.0,,,78013585.0,78013585.0
08HC006,78013585.0,,,78013585.0,78013585.0
08HC007,78013585.0,,,78013585.0,78013585.0
08HC008,78013084.0,,,78013084.0,78013084.0
08HC009,86040091.0,,,86040091.0,86040091.0
08HC010,78013063.0,,,78013063.0,78013063.0
08HC011,86039948.0,,,86039948.0,86039948.0
08HD0001,,,,78013524.0,78013524.0
08HD0003,,,,78010700.0,78010700.0
08HD001,78010287.0,,,78010287.0,78010287.0
08HD002,78012434.0,,,78012434.0,78012434.0
08HD003,78010287.0,,,78010287.0,78010287.0
08HD004,78010317.0,,,,78010317.0
08HD004&08HD031&08HD033,,,,78010317.0,78010317.0
08HD005,78010318.0,,,78010318.0,78010318.0
08HD006,78010234.0,,,78010243.0,78010234.0
08HD007,78010254.0,,,78010254.0,78010254.0
08HD008,78013524.0,,,78013524.0,78013524.0
08HD009,78010243.0,,,78010243.0,78010243.0
08HD011,78012434.0,,78012434.0,78012434.0,78012434.0
08HD012,78010234.0,,,78010234.0,78010234.0
08HD014,78013524.0,,,78013524.0,78013524.0
08HD015,78010296.0,,78010296.0,78010296.0,78010296.0
08HD016,86039649.0,,,86039649.0,86039649.0
08HD017,86039579.0,,,,86039579.0
08HD018,78013480.0,,,78013480.0,78013480.0
08HD020,78010296.0,,,78010296.0,78010296.0
08HD021,78013560.0,,,78013560.0,78013560.0
08HD022,78010252.0,,,78010252.0,78010252.0
08HD023,78012434.0,,,78012434.0,78012434.0
08HD025,78013560.0,,,78013560.0,78013560.0
08HD026,78013560.0,,,78013560.0,78013560.0
08HD027,78010318.0,,,78010318.0,78010318.0
08HD029,78010287.0,,,78010287.0,78010287.0
08HD030,78013445.0,,,78013445.0,78013445.0
08HD031,78010317.0,,,,78010317.0
08HD032,78010296.0,,,78010296.0,78010296.0
08HD033,78012399.0,,,,78012399.0
08HD034,78013560.0,,,,78013560.0
08HD035,78010252.0,,,,78010252.0
08HDX03,78010252.0,,,78010252.0,78010252.0
08HDX05,78010318.0,,,,78010318.0
08HE001,78010555.0,,,78010555.0,78010555.0
08HE002,78010816.0,,,78010816.0,78010816.0
08HE003,78010729.0,,,78010729.0,78010729.0
08HE004,78010769.0,,,78010769.0,78010769.0
08HE006,78012275.0,,,78012275.0,78012275.0
08HE007,78010964.0,,,78010964.0,78010964.0
08HE008,78011004.0,,,78011004.0,78011004.0
08HE009,78011191.0,,,78011191.0,78011191.0
08HE010,78013672.0,,,78013672.0,78013672.0
08HF001,78010595.0,,,78010595.0,78010595.0
08HF002,78010132.0,,,78010132.0,78010132.0
08HF003,78010595.0,,,78010595.0,78010595.0
08HF004,78010574.0,,,78010574.0,78010574.0
08HF005,78010151.0,,78010151.0,78010151.0,78010151.0
08HF006,78011538.0,,,78011538.0,78011538.0
08HF007,78011225.0,,,78011225.0,78011225.0
08HF008,78011296.0,,,78011296.0,78011296.0
08HF011,78010151.0,,,78010151.0,78010151.0
08HF012,78011619.0,,,78011619.0,78011619.0
08HF013,78011429.0,,,78011429.0,78011429.0
08HF014,78011433.0,,,78011506.0,78011433.0
08HF015,78010755.0,,,78010755.0,78010755.0
08JA001,78004074.0,,,78004074.0,78004074.0
08JA003,78005498.0,,,,78005498.0
08JA004,78005435.0,,,,78005435.0
08JA005,78005476.0,,,,78005476.0
08JA006,78005555.0,,,,78005555.0
08JA013,78005305.0,,,78005431.0,78005305.0
08JA014,78006082.0,,,78006082.0,78006082.0
08JA015,78006386.0,,78006386.0,78006386.0,78006386.0
08JA016,78006540.0,,,78006540.0,78006540.0
08JA017,78005301.0,,,78005301.0,78005301.0
08JA018,78005304.0,,,78005481.0,78005304.0
08JA019,78005526.0,,,78005526.0,78005526.0
08JA020,78005499.0,,,78005499.0,78005499.0
08JA021,78005751.0,,,78006337.0,78005751.0
08JA022,78005305.0,,,,78005305.0
08JA023,78005305.0,,,,78005305.0
08JA023&08JA027&08JA022,,,,78005305.0,78005305.0
08JA024,78005323.0,,,78005327.0,78005323.0
08JA025,78005809.0,,,78005809.0,78005809.0
08JA026,78006403.0,,,78006403.0,78006403.0
08JA027,78005305.0,,,,78005305.0
08JA028,78005463.0,,,78005463.0,78005463.0
08JA029,78006473.0,,,78006473.0,78006473.0
08JA030,78005659.0,,,,78005659.0
08JB001,78003932.0,,,,78003932.0
08JB001&08JB011,,,,78003932.0,78003932.0
08JB002,78003932.0,,78003932.0,78003932.0,78003932.0
08JB003,78003926.0,,78003926.0,78003926.0,78003926.0
08JB004,78004217.0,,,78004217.0,78004217.0
08JB005,78003926.0,,,78003926.0,78003926.0
08JB006,78005193.0,,,78005193.0,78005193.0
08JB007,78005671.0,,,78005671.0,78005671.0
08JB008,78005671.0,,,78005671.0,78005671.0
08JB011,78003932.0,,,,78003932.0
08JB012,78004293.0,,,78004293.0,78004293.0
08JB013,78004621.0,,,78004621.0,78004621.0
08JB014,78006687.0,,,78006687.0,78006687.0
08JC0001,,,,78004652.0,78004652.0
08JC0002,,,,78004456.0,78004456.0
08JC0003,,,,78004466.0,78004466.0
08JC0005,,,,78004148.0,78004148.0
08JC0006,,,,78004182.0,78004182.0
08JC0008,,,,78005416.0,78005416.0
08JC0009,,,,78003918.0,78003918.0
08JC001,78003916.0,,,78003916.0,78003916.0
08JC0010,,,,78003918.0,78003918.0
08JC0011,,,,78004138.0,78004138.0
08JC0012,,,,78004182.0,78004182.0
08JC0013,,,,78003916.0,78003916.0
08JC0014,,,,78003916.0,78003916.0
08JC0015,,,,78003916.0,78003916.0
08JC0016,,,,78003916.0,78003916.0
08JC0017,,,,78003915.0,78003915.0
08JC0018,,,,78006727.0,78006727.0
08JC0019,,,,78006727.0,78006727.0
08JC002,78005180.0,,,78005180.0,78005180.0
08JC0020,,,,78006727.0,78006727.0
08JC005,78005416.0,,,78005416.0,78005416.0
08JC006,78004466.0,,,78004466.0,78004466.0
08JC007,78004652.0,,,78004652.0,78004652.0
08JC008,78004567.0,,,78004567.0,78004567.0
08JC009,78005863.0,,,78005863.0,78005863.0
08JC010,78004148.0,,,78004148.0,78004148.0
08JC011,78004591.0,,,78004591.0,78004591.0
08JC013,78005637.0,,,78005637.0,78005637.0
08JC014,78005878.0,,,78005878.0,78005878.0
08JC015,78005878.0,,,,78005878.0
08JC015&08JC016,,,,78005878.0,78005878.0
08JC016,78005878.0,,,,78005878.0
08JC017,78005732.0,,,78005692.0,78005732.0
08JD006,78003199.0,,78003199.0,78003199.0,78003199.0
08JE001,78004014.0,,78004014.0,78004014.0,78004014.0
08JE002,78004109.0,,,78004109.0,78004109.0
08JE003,78004014.0,,,78004014.0,78004014.0
08JE004,78004113.0,,78004113.0,78004113.0,78004113.0
08JE005,78004033.0,,,78004033.0,78004033.0
08KA001,78005682.0,,78005682.0,78005682.0,78005682.0
08KA003,78005505.0,,,78005505.0,78005505.0
08KA004,78003998.0,,78003998.0,78003998.0,78003998.0
08KA005,78005223.0,,78005223.0,78005223.0,78005223.0
08KA007,78005288.0,,78005288.0,78005288.0,78005288.0
08KA008,78006902.0,,,78006902.0,78006902.0
08KA009,78005699.0,,78005699.0,78005699.0,78005699.0
08KA010,78007439.0,,,78007439.0,78007439.0
08KA011,78007235.0,,,78007235.0,78007235.0
08KA012,78007439.0,,,78007439.0,78007439.0
08KA013,78005489.0,,,78005489.0,78005489.0
08KB001,78005195.0,,78005196.0,78005196.0,78005195.0
08KB003,78004049.0,,78004049.0,78004049.0,78004049.0
08KB005,78004052.0,,,78004052.0,78004052.0
08KB006,78004791.0,,78004791.0,78004791.0,78004791.0
08KC001,78004183.0,,78004184.0,78004184.0,78004183.0
08KC002,78004405.0,,,78004405.0,78004405.0
08KC003,78004392.0,,,78004392.0,78004392.0
08KD001,78005330.0,,,78005587.0,78005330.0
08KD002,78005943.0,,,78005943.0,78005943.0
08KD003,78004134.0,,,78004134.0,78004134.0
08KD004,78004064.0,,,78004064.0,78004064.0
08KD005,78005587.0,,,78005587.0,78005587.0
08KD006,78004174.0,,,78004174.0,78004174.0
08KD007,78004071.0,,78004077.0,78004077.0,78004071.0
08KE001,78005170.0,,,78005194.0,78005170.0
08KE002,78006751.0,,,78006751.0,78006751.0
08KE003,78007004.0,,,78007004.0,78007004.0
08KE004,78005698.0,,,78005698.0,78005698.0
08KE005,78007347.0,,,78007347.0,78007347.0
08KE006,78007312.0,,,78007312.0,78007312.0
08KE008,78007859.0,,,78007859.0,78007859.0
08KE009,78005338.0,,,78005338.0,78005338.0
08KE014,78005504.0,,,78005504.0,78005504.0
08KE015,78005773.0,,,78005773.0,78005773.0
08KE016,78006845.0,,78006845.0,78006845.0,78006845.0
08KE017,78008161.0,,,78008161.0,78008161.0
08KE018,78005170.0,,,78005170.0,78005170.0
08KE019,78008092.0,,,78008092.0,78008092.0
08KE020,78005917.0,,,78005917.0,78005917.0
08KE022,78008189.0,,,78008189.0,78008189.0
08KE023,78007984.0,,,78007984.0,78007984.0
08KE024,78008294.0,,78008294.0,78008294.0,78008294.0
08KE025,78005917.0,,,78005917.0,78005917.0
08KE026,78006741.0,,,78006741.0,78006741.0
08KE027,78007113.0,,,78007113.0,78007113.0
08KE028,78005756.0,,,78005756.0,78005756.0
08KE029,78007337.0,,,78007337.0,78007337.0
08KE030,78008189.0,,,78008189.0,78008189.0
08KE031,78006741.0,,,78006741.0,78006741.0
08KE032,78006674.0,,,78006674.0,78006674.0
08KE033,78007984.0,,,78007984.0,78007984.0
08KE034,78007473.0,,,78007473.0,78007473.0
08KE035,78007382.0,,,78007877.0,78007382.0
08KE036,78007092.0,,,78007092.0,78007092.0
08KE037,78007944.0,,,78007944.0,78007944.0
08KF001,78005372.0,,,78007005.0,78005372.0
08KG001,78005248.0,,78005248.0,78005248.0,78005248.0
08KG003,78005374.0,,,78005374.0,78005374.0
08KG004,78006000.0,,,78006000.0,78006000.0
08KH001,78006955.0,,78006955.0,78006955.0,78006955.0
08KH002,78006847.0,,,78006847.0,78006847.0
08KH003,78006840.0,,,78006840.0,78006840.0
08KH004,78006912.0,,,78006912.0,78006912.0
08KH005,78007145.0,,,78007145.0,78007145.0
08KH006,78006823.0,,78006823.0,78006819.0,78006823.0
08KH007,78006991.0,,,78006991.0,78006991.0
08KH008,78007085.0,,,78007085.0,78007085.0
08KH010,78007081.0,,78007081.0,78007081.0,78007081.0
08KH011,78006955.0,,78006955.0,78006955.0,78006955.0
08KH013,78006849.0,,,78006849.0,78006849.0
08KH014,78008273.0,,,,78008273.0
08KH015,78008273.0,,,,78008273.0
08KH015&08KH014,,,,78008273.0,78008273.0
08KH016,78008283.0,,,78008283.0,78008283.0
08KH017,78006849.0,,,78006849.0,78006849.0
08KH018,78005934.0,,,78005934.0,78005934.0
08KH019,78007052.0,,78007052.0,78007052.0,78007052.0
08KH020,78007182.0,,,78007182.0,78007182.0
08KH021,78007066.0,,,78007066.0,78007066.0
08KH022,78007713.0,,,78007713.0,78007713.0
08KH023,78008283.0,,,78008283.0,78008283.0
08KH024,78007583.0,,,78007583.0,78007583.0
08KH025,78007085.0,,,78007085.0,78007085.0
08KH026,78008226.0,,,78008226.0,78008226.0
08KH027,78007884.0,,,78007884.0,78007884.0
08KH028,78008070.0,,,78008070.0,78008070.0
08KH029,78007326.0,,,78007326.0,78007326.0
08KH030,78007326.0,,,78007326.0,78007326.0
08KH031,78006977.0,,,78006977.0,78006977.0
08LA001,78008449.0,,78008449.0,78008449.0,78008449.0
08LA002,78008483.0,,,78008483.0,78008483.0
08LA003,78006854.0,,,78006854.0,78006854.0
08LA004,78008494.0,,,78008494.0,78008494.0
08LA005,78008641.0,,,78008641.0,78008641.0
08LA006,78008465.0,,,78008465.0,78008465.0
08LA007,78007009.0,,,78007009.0,78007009.0
08LA008,78008457.0,,,,78008457.0
08LA008&08LA010,,,,78008457.0,78008457.0
08LA009,78007047.0,,,78007047.0,78007047.0
08LA010,78008457.0,,,,78008457.0
08LA011,78008465.0,,,78008465.0,78008465.0
08LA012,78007016.0,,,78007016.0,78007016.0
08LA013,78007143.0,,,78007143.0,78007143.0
08LA014,78007143.0,,,78007143.0,78007143.0
08LA015,78006926.0,,,78006926.0,78006926.0
08LA016,78009747.0,,,78009747.0,78009747.0
08LA017,78008672.0,,,78008672.0,78008672.0
08LA018,78007282.0,,,78007282.0,78007282.0
08LA019,78008602.0,,,78008602.0,78008602.0
08LA020,78008672.0,,,78008672.0,78008672.0
08LA021,78009807.0,,,78009807.0,78009807.0
08LA022,78008893.0,,,78008893.0,78008893.0
08LA023,78008596.0,,,78008596.0,78008596.0
08LA024,78008596.0,,,78008596.0,78008596.0
08LA025,78009784.0,,,78009784.0,78009784.0
08LA026,78008904.0,,,78008904.0,78008904.0
08LA027,78008746.0,,,78008746.0,78008746.0
08LA028,78009137.0,,,78009137.0,78009137.0
08LA029,78009660.0,,,78009660.0,78009660.0
08LB0001,,,,78011697.0,78011697.0
08LB0002,,,,78010761.0,78010761.0
08LB0003,,,,78011758.0,78011758.0
08LB0004,,,,78011758.0,78011758.0
08LB001,78011816.0,,,78011816.0,78011816.0
08LB003,78011802.0,,,78011802.0,78011802.0
08LB004,78010727.0,,,78010727.0,78010727.0
08LB005,78011707.0,,,78011707.0,78011707.0
08LB006,78010727.0,,,78010727.0,78010727.0
08LB007,78010727.0,,,78010727.0,78010727.0
08LB008,78010300.0,,,78010300.0,78010300.0
08LB009,78010300.0,,,78010300.0,78010300.0
08LB010,78008579.0,,,78008579.0,78008579.0
08LB011,78011622.0,,,78011622.0,78011622.0
08LB012,78011622.0,,,78011622.0,78011622.0
08LB013,78011622.0,,,78011622.0,78011622.0
08LB015,78010165.0,,,78010165.0,78010165.0
08LB016,78011707.0,,,78011707.0,78011707.0
08LB017,78008812.0,,,78008812.0,78008812.0
08LB019,78009194.0,,,78009194.0,78009194.0
08LB020,78008666.0,,78008666.0,78008436.0,78008666.0
08LB021,78008771.0,,,78008771.0,78008771.0
08LB022,78008436.0,,,78008436.0,78008436.0
08LB023,78011802.0,,,78011802.0,78011802.0
08LB024,78008938.0,,78008938.0,78008938.0,78008938.0
08LB025,78010832.0,,,78010832.0,78010832.0
08LB027,78010551.0,,,78010551.0,78010551.0
08LB028,78011824.0,,,78011824.0,78011824.0
08LB029,78011707.0,,,78011707.0,78011707.0
08LB030,78009325.0,,,78008437.0,78009325.0
08LB031,78008437.0,,,78008437.0,78008437.0
08LB032,78009347.0,,,78009347.0,78009347.0
08LB033,78009517.0,,,78009517.0,78009517.0
08LB037,78007711.0,,,78007711.0,78007711.0
08LB038,78007293.0,,78007293.0,78007293.0,78007293.0
08LB039,78008899.0,,,78008899.0,78008899.0
08LB040,78009697.0,,,78009697.0,78009697.0
08LB041,78009639.0,,,78009639.0,78009639.0
08LB042,78009024.0,,,78009024.0,78009024.0
08LB043,78009636.0,,,78009636.0,78009636.0
08LB044,78009466.0,,,78009466.0,78009466.0
08LB045,78008955.0,,,78008955.0,78008955.0
08LB046,78009413.0,,,78009407.0,78009413.0
08LB047,78008460.0,,,78008460.0,78008460.0
08LB049,78008569.0,,,78008569.0,78008569.0
08LB050,78008840.0,,,78008840.0,78008840.0
08LB051,78008722.0,,,78008722.0,78008722.0
08LB052,78008722.0,,,78008722.0,78008722.0
08LB053,78011622.0,,,78011622.0,78011622.0
08LB054,78011622.0,,,78011622.0,78011622.0
08LB055,78010551.0,,,78010551.0,78010551.0
08LB056,78010551.0,,,78010551.0,78010551.0
08LB057,78010551.0,,,78010551.0,78010551.0
08LB058,78011682.0,,,78011682.0,78011682.0
08LB059,78011682.0,,,78011682.0,78011682.0
08LB060,78011622.0,,,78011622.0,78011622.0
08LB061,78009166.0,,,78008434.0,78009166.0
08LB062,78008434.0,,,78008434.0,78008434.0
08LB064,78008432.0,,78008432.0,78008432.0,78008432.0
08LB065,78011697.0,,,78011697.0,78011697.0
08LB066,78011707.0,,,78011707.0,78011707.0
08LB068,78008774.0,,,78008774.0,78008774.0
08LB069,78008774.0,,78008774.0,78008774.0,78008774.0
08LB070,78008454.0,,,78008454.0,78008454.0
08LB071,78008454.0,,,78008454.0,78008454.0
08LB072,78008569.0,,,78008569.0,78008569.0
08LB075,78008455.0,,,78008455.0,78008455.0
08LB076,78009016.0,,78009016.0,78009016.0,78009016.0
08LB077,78007303.0,,,78007303.0,78007303.0
08LB078,78008740.0,,,78008740.0,78008740.0
08LB079,78008478.0,,,78008478.0,78008478.0
08LB081,78011697.0,,,78010761.0,78011697.0
08LB082,78011705.0,,,78011705.0,78011705.0
08LB083,78010300.0,,,78010300.0,78010300.0
08LC0001&08LC007,,,,78010800.0,78010800.0
08LC0002,,,,78011059.0,78011059.0
08LC002,78010371.0,,,78010371.0,78010371.0
08LC003,78010419.0,,,78010419.0,78010419.0
08LC004,78011477.0,,,78011477.0,78011477.0
08LC005,78010635.0,,,78010635.0,78010635.0
08LC006,78010800.0,,,78010800.0,78010800.0
08LC007,78010800.0,,,,78010800.0
08LC008,78011059.0,,,78011059.0,78011059.0
08LC009,78011020.0,,,78011020.0,78011020.0
08LC010,78011059.0,,,78011059.0,78011059.0
08LC014,78010800.0,,,,78010800.0
08LC015,78011020.0,,,78011020.0,78011020.0
08LC017,78010999.0,,,,78010999.0
08LC017&08LC043,,,,78010999.0,78010999.0
08LC018,78010442.0,,,78010442.0,78010442.0
08LC019,78010387.0,,,78010387.0,78010387.0
08LC020,78010367.0,,,78010367.0,78010367.0
08LC021,78011606.0,,,78011606.0,78011606.0
08LC022,78010592.0,,,78010592.0,78010592.0
08LC023,78011654.0,,,78011654.0,78011654.0
08LC024,78011654.0,,,78011654.0,78011654.0
08LC025,78011560.0,,,78011560.0,78011560.0
08LC026,78010366.0,,,78010366.0,78010366.0
08LC027,78011692.0,,,78011692.0,78011692.0
08LC028,78010367.0,,,78010367.0,78010367.0
08LC029,78010367.0,,,78010367.0,78010367.0
08LC030,78010367.0,,,78010367.0,78010367.0
08LC031,78011322.0,,,78011322.0,78011322.0
08LC032,78010386.0,,,78010386.0,78010386.0
08LC033,78011077.0,,,78011077.0,78011077.0
08LC034,78010703.0,,,78010703.0,78010703.0
08LC035,78011322.0,,,78011322.0,78011322.0
08LC036,78011513.0,,,78011513.0,78011513.0
08LC037,78010363.0,,,78010363.0,78010363.0
08LC038,78010387.0,,,78010387.0,78010387.0
08LC039,78010513.0,,,78010513.0,78010513.0
08LC040,78010891.0,,78010891.0,78010891.0,78010891.0
08LC041,78010442.0,,,78010442.0,78010442.0
08LC042,78010528.0,,,78010528.0,78010528.0
08LC043,78010999.0,,,,78010999.0
08LC044,78010962.0,,,,78010962.0
08LC044&08LC014,,,,78010999.0,78010999.0
08LC046,78011077.0,,,78011077.0,78011077.0
08LC047,78010962.0,,,78010962.0,78010962.0
08LC048,78010878.0,,,78010878.0,78010878.0
08LC049,78010563.0,,,78010563.0,78010563.0
08LC050,78010806.0,,,78010806.0,78010806.0
08LD001,78010204.0,,78010204.0,78010204.0,78010204.0
08LD002,78011810.0,,,78011810.0,78011810.0
08LD003,78010211.0,,78010211.0,78010211.0,78010211.0
08LD004,78009074.0,,,78009074.0,78009074.0
08LD005,78009074.0,,,78009074.0,78009074.0
08LD006,78011810.0,,,78011810.0,78011810.0
08LD009,78008519.0,,,78008519.0,78008519.0
08LE0001,,,,78011380.0,78011380.0
08LE0002,,,,78011380.0,78011380.0
08LE001,78010709.0,,,78010417.0,78010709.0
08LE002,78010564.0,,,78010564.0,78010564.0
08LE003,78010564.0,,,78010564.0,78010564.0
08LE004,78011600.0,,,78011600.0,78011600.0
08LE005,78010672.0,,,78010672.0,78010672.0
08LE006,78010776.0,,,78010478.0,78010776.0
08LE007,78010146.0,,,78010146.0,78010146.0
08LE008,78011281.0,,,78011281.0,78011281.0
08LE009,78011491.0,,,78011491.0,78011491.0
08LE010,78010110.0,,,78010110.0,78010110.0
08LE012,78011366.0,,,78011366.0,78011366.0
08LE013,78010776.0,,,78010776.0,78010776.0
08LE014,78010108.0,,,78010108.0,78010108.0
08LE015,78011542.0,,,78011542.0,78011542.0
08LE016,78010785.0,,,78010111.0,78010785.0
08LE017,78011575.0,,,78011575.0,78011575.0
08LE018,78011470.0,,,78011470.0,78011470.0
08LE019,78010478.0,,,78010478.0,78010478.0
08LE020,78010417.0,,,78010417.0,78010417.0
08LE021,78010385.0,,,78010393.0,78010385.0
08LE022,78011470.0,,,,78011470.0
08LE023,78010417.0,,,78010417.0,78010417.0
08LE024,78010168.0,,78010168.0,78010168.0,78010168.0
08LE025,78008853.0,,,78008853.0,78008853.0
08LE026,78010347.0,,,78010347.0,78010347.0
08LE027,78008702.0,,78008702.0,78008702.0,78008702.0
08LE028,78011859.0,,,78011859.0,78011859.0
08LE029,78010354.0,,,78010354.0,78010354.0
08LE030,78010343.0,,,78010343.0,78010343.0
08LE031,78010111.0,,78010111.0,78010111.0,78010111.0
08LE032,78011660.0,,,78011660.0,78011660.0
08LE033,78011730.0,,,78011730.0,78011730.0
08LE034,78011542.0,,,78011542.0,78011542.0
08LE035,78011491.0,,,78011496.0,78011491.0
08LE036,78011369.0,,,78011369.0,78011369.0
08LE037,78010714.0,,,78010714.0,78010714.0
08LE038,78011468.0,,,78011468.0,78011468.0
08LE039,78011768.0,,,78011768.0,78011768.0
08LE040,78011468.0,,,78011468.0,78011468.0
08LE041,78011664.0,,,78011664.0,78011664.0
08LE042,78010405.0,,,78010405.0,78010405.0
08LE043,78011483.0,,,78011483.0,78011483.0
08LE044,78010393.0,,,78010393.0,78010393.0
08LE045,78010393.0,,,78010393.0,78010393.0
08LE046,78010393.0,,,78010393.0,78010393.0
08LE047,78010113.0,,,,78010113.0
08LE048,78010785.0,,,78010111.0,78010785.0
08LE049,78010785.0,,,78010111.0,78010785.0
08LE050,78010785.0,,,,78010785.0
08LE051,78011730.0,,,78011730.0,78011730.0
08LE053,78010113.0,,,,78010113.0
08LE054,78011600.0,,,78011600.0,78011600.0
08LE055,78010383.0,,,78010383.0,78010383.0
08LE056,78010383.0,,,78010383.0,78010383.0
08LE057,78010112.0,,,78010112.0,78010112.0
08LE058,78010564.0,,,78010564.0,78010564.0
08LE059,78010478.0,,,78010478.0,78010478.0
08LE060,78010405.0,,,78010405.0,78010405.0
08LE061,78010651.0,,,78010651.0,78010651.0
08LE063,78010584.0,,,78010584.0,78010584.0
08LE064,78010417.0,,,78010417.0,78010417.0
08LE065,78010405.0,,,78010405.0,78010405.0
08LE066,78010116.0,,,78010116.0,78010116.0
08LE067,78010405.0,,,78010405.0,78010405.0
08LE068,78010776.0,,,78010776.0,78010776.0
08LE069,78010107.0,,,78010107.0,78010107.0
08LE070,78010113.0,,,,78010113.0
08LE070&08LE047&08LE053&08LE109&08LE071,,,,78010113.0,78010113.0
08LE071,78010113.0,,,,78010113.0
08LE072,78010393.0,,,78010393.0,78010393.0
08LE073,78010722.0,,,78010722.0,78010722.0
08LE074,78011513.0,,,78011597.0,78011513.0
08LE075,78010620.0,,,78010620.0,78010620.0
08LE077,78011790.0,,78011790.0,78011790.0,78011790.0
08LE078,78011470.0,,,,78011470.0
08LE078&08LE022,,,,78011470.0,78011470.0
08LE079,78010785.0,,,,78010785.0
08LE079&08LE050,,,,78010785.0,78010785.0
08LE080,78010116.0,,,78010116.0,78010116.0
08LE081,78011703.0,,,78011703.0,78011703.0
08LE086,78009044.0,,,78009044.0,78009044.0
08LE087,78011664.0,,,78011664.0,78011664.0
08LE088,78010393.0,,,78010393.0,78010393.0
08LE089,78010405.0,,,78010405.0,78010405.0
08LE090,78010393.0,,,78010393.0,78010393.0
08LE091,78010393.0,,,78010393.0,78010393.0
08LE092,78010393.0,,,78010393.0,78010393.0
08LE093,78010393.0,,,78010393.0,78010393.0
08LE094,78010709.0,,,78010709.0,78010709.0
08LE095,78011293.0,,,78011293.0,78011293.0
08LE096,78010405.0,,,78010405.0,78010405.0
08LE097,78010405.0,,,78010405.0,78010405.0
08LE099,78011426.0,,,78011426.0,78011426.0
08LE101,78010375.0,,,78010375.0,78010375.0
08LE102,78011491.0,,,78011491.0,78011491.0
08LE103,78011366.0,,,78011366.0,78011366.0
08LE104,78010116.0,,,78010116.0,78010116.0
08LE105,78010116.0,,,78010116.0,78010116.0
08LE106,78011788.0,,,78011788.0,78011788.0
08LE107,78010118.0,,,78010118.0,78010118.0
08LE108,78011600.0,,78011600.0,78011600.0,78011600.0
08LE109,78010113.0,,,,78010113.0
08LE110,78011796.0,,,78011796.0,78011796.0
08LE112,78010672.0,,,78010672.0,78010672.0
08LF001,78011541.0,,,78011541.0,78011541.0
08LF0011,,,,78009256.0,78009256.0
08LF002,78010259.0,,,78010259.0,78010259.0
08LF003,78011246.0,,,78011246.0,78011246.0
08LF004,78010798.0,,,78010798.0,78010798.0
08LF005,78011482.0,,,78011482.0,78011482.0
08LF006,78011669.0,,,78011669.0,78011669.0
08LF007,78010163.0,,,78010163.0,78010163.0
08LF008,78011567.0,,,78011567.0,78011567.0
08LF009,78010158.0,,,78010158.0,78010158.0
08LF010,78010158.0,,,78010158.0,78010158.0
08LF011,78010158.0,,,78010158.0,78010158.0
08LF013,78010888.0,,,78011500.0,78010888.0
08LF014,78010888.0,,,78010888.0,78010888.0
08LF015,78010508.0,,,78010508.0,78010508.0
08LF017,78010756.0,,,78010756.0,78010756.0
08LF018,78011547.0,,,78011547.0,78011547.0
08LF019,78011532.0,,,78011532.0,78011532.0
08LF020,78010716.0,,,78010716.0,78010716.0
08LF021,78011837.0,,,78011837.0,78011837.0
08LF022,78010034.0,,,78010034.0,78010034.0
08LF023,78010100.0,,78010100.0,78010100.0,78010100.0
08LF024,78010495.0,,,78010495.0,78010495.0
08LF025,78011438.0,,,78011438.0,78011438.0
08LF026,78011465.0,,,78011465.0,78011465.0
08LF027,78010292.0,,,78010292.0,78010292.0
08LF028,78010774.0,,,78010774.0,78010774.0
08LF029,78011769.0,,,78011769.0,78011769.0
08LF030,78010774.0,,,78010774.0,78010774.0
08LF032,78010774.0,,,78010774.0,78010774.0
08LF033,78010092.0,,,78010092.0,78010092.0
08LF034,78010586.0,,,78010586.0,78010586.0
08LF035,78010508.0,,,78010508.0,78010508.0
08LF036,78011392.0,,,,78011392.0
08LF037,78009109.0,,,78009109.0,78009109.0
08LF038,78009231.0,,,78009231.0,78009231.0
08LF039,78011532.0,,,78011532.0,78011532.0
08LF040,78011541.0,,,78011541.0,78011541.0
08LF041,78011491.0,,,78011491.0,78011491.0
08LF042,78011491.0,,,78011491.0,78011491.0
08LF043,78010087.0,,,78010087.0,78010087.0
08LF046,78010092.0,,,,78010092.0
08LF047,78009256.0,,,78009293.0,78009256.0
08LF048,78008819.0,,,78009335.0,78008819.0
08LF049,78011783.0,,,78011783.0,78011783.0
08LF050,78010072.0,,,,78010072.0
08LF051,78010032.0,,,78010033.0,78010032.0
08LF060,78010289.0,,,78010289.0,78010289.0
08LF061,78010615.0,,,78010615.0,78010615.0
08LF062,78008712.0,,,78008712.0,78008712.0
08LF063,78010031.0,,,78010031.0,78010031.0
08LF064,78008854.0,,,78008854.0,78008854.0
08LF065,78008610.0,,,78008610.0,78008610.0
08LF066,78008609.0,,,78008609.0,78008609.0
08LF067,78011547.0,,,78011547.0,78011547.0
08LF068,78011465.0,,,78011465.0,78011465.0
08LF069,78011392.0,,,,78011392.0
08LF070,78011541.0,,,78011541.0,78011541.0
08LF071,78008762.0,,,78008762.0,78008762.0
08LF075,78008663.0,,,78008663.0,78008663.0
08LF079,78010604.0,,,78010604.0,78010604.0
08LF080,78009391.0,,,78009318.0,78009391.0
08LF081,78011608.0,,,78011608.0,78011608.0
08LF082,78011656.0,,,78011656.0,78011656.0
08LF083,78011656.0,,,78011656.0,78011656.0
08LF084,78011612.0,,,78011612.0,78011612.0
08LF085,78010092.0,,,,78010092.0
08LF085&08LF046,,,,78010092.0,78010092.0
08LF086,78010716.0,,,78010716.0,78010716.0
08LF088,78010031.0,,,78010031.0,78010031.0
08LF089,78011837.0,,,78011837.0,78011837.0
08LF090,78010579.0,,,78010579.0,78010579.0
08LF091,78008493.0,,,78008493.0,78008493.0
08LF092,78010888.0,,,78010888.0,78010888.0
08LF093,78011757.0,,,78011757.0,78011757.0
08LF094,78009026.0,,78009026.0,78009026.0,78009026.0
08LF095,78009516.0,,,78009516.0,78009516.0
08LF096,78009297.0,,,78009297.0,78009297.0
08LF097,78008965.0,,,78008965.0,78008965.0
08LF099,78011764.0,,,78011764.0,78011764.0
08LF100,78011718.0,,,78011718.0,78011718.0
08LG0001,,,,78011179.0,78011179.0
08LG0003,,,,78010125.0,78010125.0
08LG0004,,,,78010122.0,78010122.0
08LG0005,,,,78010609.0,78010609.0
08LG0006,,,,78010048.0,78010048.0
08LG0007,,,,78010238.0,78010238.0
08LG0008,,,,78010042.0,78010042.0
08LG0009,,,,78010580.0,78010580.0
08LG001,78011439.0,,,78011439.0,78011439.0
08LG0013,,,,78010682.0,78010682.0
08LG0015,,,,78010436.0,78010436.0
08LG002,78011423.0,,,78011423.0,78011423.0
08LG003,78010484.0,,,78010484.0,78010484.0
08LG004,78010436.0,,,78010436.0,78010436.0
08LG005,78010618.0,,,78010618.0,78010618.0
08LG006,78010036.0,,,78010036.0,78010036.0
08LG007,78010044.0,,,78010044.0,78010044.0
08LG008,78010285.0,,78010285.0,78010285.0,78010285.0
08LG009,78011382.0,,,78011382.0,78011382.0
08LG010,78010122.0,,,78010122.0,78010122.0
08LG011,78010734.0,,,78010734.0,78010734.0
08LG013,78010048.0,,,,78010048.0
08LG013&08LG043,,,,78010048.0,78010048.0
08LG014,78011527.0,,,78011527.0,78011527.0
08LG015,78010609.0,,,78010609.0,78010609.0
08LG016,78013579.0,,78013579.0,78013579.0,78013579.0
08LG017,78010049.0,,,78010049.0,78010049.0
08LG018,78012535.0,,,78010731.0,78012535.0
08LG019,78011092.0,,,78011092.0,78011092.0
08LG020,78012535.0,,,78013678.0,78012535.0
08LG021,78011234.0,,,78011234.0,78011234.0
08LG022,78011305.0,,,78011305.0,78011305.0
08LG023,78011439.0,,,78011439.0,78011439.0
08LG024,78011499.0,,,78011499.0,78011499.0
08LG025,78013665.0,,,78013665.0,78013665.0
08LG026,78013665.0,,,78013665.0,78013665.0
08LG027,78010935.0,,,78010935.0,78010935.0
08LG028,78010239.0,,,78010244.0,78010239.0
08LG029,78010734.0,,,78010734.0,78010734.0
08LG030,78010544.0,,,78010544.0,78010544.0
08LG031,78010474.0,,,78010474.0,78010474.0
08LG032,78010484.0,,,78010484.0,78010484.0
08LG033,78011325.0,,,78011325.0,78011325.0
08LG034,78012535.0,,,78012535.0,78012535.0
08LG035,78010461.0,,,78010461.0,78010461.0
08LG036,78010976.0,,,78010976.0,78010976.0
08LG041,78010474.0,,,78010474.0,78010474.0
08LG042,78011305.0,,,78011305.0,78011305.0
08LG043,78010048.0,,,,78010048.0
08LG044,78011305.0,,,78011305.0,78011305.0
08LG046,78010048.0,,,78010048.0,78010048.0
08LG047,78010042.0,,,78010042.0,78010042.0
08LG048,78012423.0,,78012423.0,78012423.0,78012423.0
08LG049,78010238.0,,,78010239.0,78010238.0
08LG051,78011435.0,,,78011435.0,78011435.0
08LG052,78011386.0,,,78011386.0,78011386.0
08LG053,78011386.0,,,78011386.0,78011386.0
08LG054,78011219.0,,,78011219.0,78011219.0
08LG055,86038236.0,,,78011392.0,86038236.0
08LG056,78011527.0,,78011527.0,78011527.0,78011527.0
08LG057,78012284.0,,,78012284.0,78012284.0
08LG058,78012284.0,,,78012284.0,78012284.0
08LG059,78012284.0,,,78012284.0,78012284.0
08LG060,78011957.0,,,78010731.0,78011957.0
08LG062,78011305.0,,,78011305.0,78011305.0
08LG063,78010544.0,,,78010544.0,78010544.0
08LG064,78011028.0,,,78011028.0,78011028.0
08LG065,78010048.0,,,78010048.0,78010048.0
08LG066,78011257.0,,,78011257.0,78011257.0
08LG067,78010436.0,,,78010436.0,78010436.0
08LG068,78012550.0,,,78012550.0,78012550.0
08LG069,78010239.0,,,78010239.0,78010239.0
08MA001,78006775.0,,78006775.0,78006775.0,78006775.0
08MA002,78008526.0,,78008526.0,78008526.0,78008526.0
08MA003,78008534.0,,78008535.0,78008534.0,78008534.0
08MA006,78009681.0,,78009681.0,78009681.0,78009681.0
08MA007,78008826.0,,,78008826.0,78008826.0
08MB0001,,,,78009715.0,78009715.0
08MB0002,,,,78009699.0,78009699.0
08MB0003,,,,78007064.0,78007064.0
08MB001,78008803.0,,,78008803.0,78008803.0
08MB002,78007089.0,,,78007476.0,78007089.0
08MB003,78006783.0,,,78006783.0,78006783.0
08MB004,78006788.0,,,78006788.0,78006788.0
08MB005,78008412.0,,78008412.0,78008412.0,78008412.0
08MB006,78008690.0,,78008690.0,78008690.0,78008690.0
08MB007,78009003.0,,78009003.0,78009003.0,78009003.0
08MB008,78008882.0,,,78008882.0,78008882.0
08MB009,78008688.0,,,78008688.0,78008688.0
08MB010,78007030.0,,,78007030.0,78007030.0
08MB011,78007064.0,,,78007064.0,78007064.0
08MB012,78008420.0,,,78008421.0,78008420.0
08MC0001,,,,78007080.0,78007080.0
08MC001,78007562.0,,,78007562.0,78007562.0
08MC002,78007591.0,,,78007591.0,78007591.0
08MC003,78007673.0,,,78007673.0,78007673.0
08MC004,78006915.0,,,78006915.0,78006915.0
08MC005,78006857.0,,,78006857.0,78006857.0
08MC006,78008680.0,,,78009069.0,78008680.0
08MC007,78009757.0,,,78009757.0,78009757.0
08MC008,78008748.0,,,78008748.0,78008748.0
08MC009,78008680.0,,,78008680.0,78008680.0
08MC011,78007273.0,,,78006740.0,78007273.0
08MC012,78007673.0,,,78007616.0,78007673.0
08MC013,78007106.0,,,78007106.0,78007106.0
08MC014,78006913.0,,,78006913.0,78006913.0
08MC016,78007673.0,,,78007673.0,78007673.0
08MC017,78007123.0,,,78007123.0,78007123.0
08MC018,78006740.0,,,78006740.0,78006740.0
08MC019,78007512.0,,,78007512.0,78007512.0
08MC022,78009094.0,,,78009094.0,78009094.0
08MC023,78006857.0,,,78006857.0,78006857.0
08MC024,78007106.0,,,78007106.0,78007106.0
08MC025,78007602.0,,,78007602.0,78007602.0
08MC026,78009945.0,,,78007488.0,78009945.0
08MC027,78007608.0,,,78007608.0,78007608.0
08MC028,78007562.0,,,78007562.0,78007562.0
08MC029,78006857.0,,,78006857.0,78006857.0
08MC030,78007737.0,,,78007737.0,78007737.0
08MC032,78007286.0,,,78007286.0,78007286.0
08MC033,78006857.0,,,78006857.0,78006857.0
08MC035,78007273.0,,,78007273.0,78007273.0
08MC036,78006915.0,,,78006915.0,78006915.0
08MC037,78007562.0,,,78007562.0,78007562.0
08MC038,78007405.0,,,78007405.0,78007405.0
08MC039,78007183.0,,,78007183.0,78007183.0
08MC040,78006868.0,,,78006868.0,78006868.0
08MC041,78009094.0,,,78009094.0,78009094.0
08MC042,78007591.0,,,78007183.0,78007591.0
08MC043,78007434.0,,,78007434.0,78007434.0
08MC044,78007405.0,,,78007405.0,78007405.0
08MC045,78007832.0,,,78007832.0,78007832.0
08MC046,78007405.0,,,78007405.0,78007405.0
08MC047,78007405.0,,,78007405.0,78007405.0
08MC049,78007183.0,,,,78007183.0
08MD0001,,,,78008713.0,78008713.0
08MD001,78011550.0,,,78011550.0,78011550.0
08MD002,78010744.0,,,78010744.0,78010744.0
08MD003,78010353.0,,,78010353.0,78010353.0
08MD004,78011792.0,,,78011792.0,78011792.0
08MD005,78011792.0,,,78011792.0,78011792.0
08MD006,78010796.0,,,78010796.0,78010796.0
08MD007,78011803.0,,,78011803.0,78011803.0
08MD008,78008706.0,,,78008706.0,78008706.0
08MD009,78008713.0,,,78008713.0,78008713.0
08MD010,78008640.0,,,78008640.0,78008640.0
08MD011,78008802.0,,,78008802.0,78008802.0
08MD012,78008669.0,,,78008669.0,78008669.0
08MD013,78008311.0,,,78008311.0,78008311.0
08MD014,78010796.0,,,,78010796.0
08MD014&08MD016,,,,78010796.0,78010796.0
08MD016,78010796.0,,,,78010796.0
08MD017,78011803.0,,,78011803.0,78011803.0
08MD018,78008868.0,,,78008868.0,78008868.0
08MD019,78009246.0,,,78009246.0,78009246.0
08MD020,78009817.0,,,78009817.0,78009817.0
08MD023,78010024.0,,,78010024.0,78010024.0
08MD024,78011770.0,,,78011770.0,78011770.0
08MD025,78011797.0,,,78011797.0,78011797.0
08MD026,78011550.0,,,78011550.0,78011550.0
08MD027,78008750.0,,,78008750.0,78008750.0
08MD028,78011803.0,,,78011803.0,78011803.0
08MD029,78010024.0,,,78010024.0,78010024.0
08MD030,78011550.0,,,78011550.0,78011550.0
08MD031,78008772.0,,,,78008772.0
08MD032,78008772.0,,,,78008772.0
08MD032&08MD031,,,,78008772.0,78008772.0
08MD033,78010024.0,,,78010024.0,78010024.0
08MD034,78009463.0,,,78009463.0,78009463.0
08MD035,78009120.0,,,78009120.0,78009120.0
08ME001,78010136.0,,,78010136.0,78010136.0
08ME002,78010444.0,,,78010444.0,78010444.0
08ME003,78010486.0,,,78010428.0,78010486.0
08ME004,78010449.0,,,78010449.0,78010449.0
08ME005,78010416.0,,,78010416.0,78010416.0
08ME006,78010154.0,,,78010154.0,78010154.0
08ME007,78010291.0,,,78010291.0,78010291.0
08ME011,78010640.0,,,78010640.0,78010640.0
08ME012,78010020.0,,,78010020.0,78010020.0
08ME013,78010020.0,,,78010020.0,78010020.0
08ME014,78010144.0,,,,78010144.0
08ME015,78010522.0,,,78010522.0,78010522.0
08ME016,78010486.0,,,,78010486.0
08ME017,78010486.0,,,,78010486.0
08ME017&08ME016,,,,78010486.0,78010486.0
08ME018,78010428.0,,,78010428.0,78010428.0
08ME019,78010020.0,,,78010020.0,78010020.0
08ME022,78010689.0,,,78010689.0,78010689.0
08ME023,78011699.0,,78011699.0,78011699.0,78011699.0
08ME024,78010128.0,,,78010128.0,78010128.0
08ME025,78010198.0,,78010198.0,78010198.0,78010198.0
08ME026,78011860.0,,,78010205.0,78011860.0
08ME027,78010640.0,,78010640.0,78010640.0,78010640.0
08ME028,78010487.0,,78010487.0,78010487.0,78010487.0
08ME029,78010449.0,,,,78010449.0
08MF0001,,,,78011879.0,78011879.0
08MF0002,,,,78011882.0,78011882.0
08MF0003,,,,78011886.0,78011886.0
08MF0004,,,,78012902.0,78012902.0
08MF001,78012457.0,,,78012457.0,78012457.0
08MF002,78012967.0,,,78012967.0,78012967.0
08MF003,78012369.0,,,78012369.0,78012369.0
08MF004,78010010.0,,,78010010.0,78010010.0
08MF005,78011887.0,,,78011887.0,78011887.0
08MF006,78012753.0,,,,78012753.0
08MF006&08MF037,,,,78012753.0,78012753.0
08MF007,78010215.0,,,78010215.0,78010215.0
08MF008,78012092.0,,,78012092.0,78012092.0
08MF009,78012456.0,,,78012456.0,78012456.0
08MF011,78010432.0,,,78010432.0,78010432.0
08MF012,78013033.0,,,78013033.0,78013033.0
08MF013,78010892.0,,,78010892.0,78010892.0
08MF014,78010019.0,,,78010019.0,78010019.0
08MF015,78010790.0,,,78010790.0,78010790.0
08MF016,78011414.0,,,78011414.0,78011414.0
08MF017,78010019.0,,,78010019.0,78010019.0
08MF018,78012902.0,,,78012902.0,78012902.0
08MF020,78011518.0,,,78011518.0,78011518.0
08MF021,78011301.0,,,78011301.0,78011301.0
08MF022,78010017.0,,,78010017.0,78010017.0
08MF023,78010017.0,,,78010017.0,78010017.0
08MF028,78011896.0,,,78011896.0,78011896.0
08MF030,78013188.0,,,78013188.0,78013188.0
08MF031,78013269.0,,,78013269.0,78013269.0
08MF032,78013127.0,,,78013127.0,78013127.0
08MF033,78012231.0,,,78012231.0,78012231.0
08MF034,78012753.0,,,78012753.0,78012753.0
08MF035,78011880.0,,,78011880.0,78011880.0
08MF036,78012902.0,,,78012902.0,78012902.0
08MF037,78012753.0,,,,78012753.0
08MF038,78011876.0,,,,78011876.0
08MF039,78011898.0,,,78011898.0,78011898.0
08MF040,78010019.0,,,78010019.0,78010019.0
08MF047,78011881.0,,,78011881.0,78011881.0
08MF048,78012902.0,,,78012902.0,78012902.0
08MF049,78012902.0,,,78012902.0,78012902.0
08MF052,78012985.0,,,78012985.0,78012985.0
08MF054,78012968.0,,,78012968.0,78012968.0
08MF059,78012849.0,,,78012849.0,78012849.0
08MF061,78012880.0,,,78012880.0,78012880.0
08MF062,78013314.0,,78013314.0,78013314.0,78013314.0
08MF063,78010009.0,,,78010009.0,78010009.0
08MF064,78011878.0,,,78011878.0,78011878.0
08MF065,78012179.0,,78012179.0,78012179.0,78012179.0
08MF066,78011518.0,,,78011518.0,78011518.0
08MF067,78012369.0,,,78012369.0,78012369.0
08MF068,78012369.0,,78012369.0,78012369.0,78012369.0
08MF071,78012967.0,,,78012967.0,78012967.0
08MF072,78011883.0,,,78011883.0,78011883.0
08MF073,78011878.0,,,78012095.0,78011878.0
08MF074,78011882.0,,,,78011882.0
08MF075,78011879.0,,,,78011879.0
08MF076,78011886.0,,,,78011886.0
08MG0001,,,,78010422.0,78010422.0
08MG0002,,,,78010949.0,78010949.0
08MG0003,,,,78010462.0,78010462.0
08MG0004,,,,78010848.0,78010848.0
08MG001,78012478.0,,78012478.0,78012478.0,78012478.0
08MG003,78010462.0,,,78010462.0,78010462.0
08MG004,78010690.0,,,78010690.0,78010690.0
08MG005,78010402.0,,78010402.0,78010402.0,78010402.0
08MG006,78011214.0,,,78011214.0,78011214.0
08MG007,78011206.0,,,78011206.0,78011206.0
08MG008,78010510.0,,,78010510.0,78010510.0
08MG009,78013042.0,,,78013042.0,78013042.0
08MG010,78013042.0,,,78013042.0,78013042.0
08MG012,78012098.0,,,78012098.0,78012098.0
08MG013,78012098.0,,78012098.0,78012098.0,78012098.0
08MG014,78012095.0,,,78012095.0,78012095.0
08MG017,78012098.0,,,78012098.0,78012098.0
08MG018,78012098.0,,,78012098.0,78012098.0
08MG019,78011370.0,,,78011370.0,78011370.0
08MG020,78010380.0,,78010380.0,78010380.0,78010380.0
08MG021,78011029.0,,,78011029.0,78011029.0
08MG022,78012097.0,,78012097.0,78012097.0,78012097.0
08MG023,78012478.0,,,78012478.0,78012478.0
08MG025,78011216.0,,,78011216.0,78011216.0
08MG026,78010949.0,,,78010949.0,78010949.0
08MG027,78010374.0,,,78010374.0,78010374.0
08MG028,78010511.0,,,,78010511.0
08MH0001,,,,78011866.0,78011866.0
08MH0002,,,,78011863.0,78011863.0
08MH0003,,,,78012302.0,78012302.0
08MH0004,,,,78012377.0,78012377.0
08MH0005,,,,78011866.0,78011866.0
08MH0006&08MH0008,,,,78012876.0,78012876.0
08MH0007,,,,78012671.0,78012671.0
08MH0009,,,,78012660.0,78012660.0
08MH001,78012048.0,,78012048.0,78012048.0,78012048.0
08MH0010,,,,78012877.0,78012877.0
08MH0011,,,,78012877.0,78012877.0
08MH0012,,,,78012671.0,78012671.0
08MH0014,,,,78012876.0,78012876.0
08MH0015,,,,78012876.0,78012876.0
08MH0016,,,,78012796.0,78012796.0
08MH0017,,,,78012877.0,78012877.0
08MH0018,,,,78012671.0,78012671.0
08MH0019,,,,78012671.0,78012671.0
08MH002,78012503.0,,,78012503.0,78012503.0
08MH0020&08MH0013,,,,78012671.0,78012671.0
08MH0021,,,,78012876.0,78012876.0
08MH0022,,,,78012877.0,78012877.0
08MH0023,,,,78012876.0,78012876.0
08MH0024,,,,78012876.0,78012876.0
08MH0025,,,,78012660.0,78012660.0
08MH0027,,,,78012822.0,78012822.0
08MH0029,,,,78011864.0,78011864.0
08MH003,78012312.0,,,78012312.0,78012312.0
08MH0030,,,,78012671.0,78012671.0
08MH0031,,,,78011863.0,78011863.0
08MH0032,,,,78012671.0,78012671.0
08MH0033&08MH0036,,,,78012660.0,78012660.0
08MH0034,,,,78012796.0,78012796.0
08MH0035,,,,78011866.0,78011866.0
08MH0037,,,,78011863.0,78011863.0
08MH0039,,,,78012755.0,78012755.0
08MH004,78012503.0,,,78012503.0,78012503.0
08MH0040,,,,78012877.0,78012877.0
08MH0041,,,,78012796.0,78012796.0
08MH0042,,,,78012796.0,78012796.0
08MH0044,,,,78012843.0,78012843.0
08MH0045,,,,78012755.0,78012755.0
08MH0046,,,,78012843.0,78012843.0
08MH0047,,,,78011868.0,78011868.0
08MH0048,,,,78013833.0,78013833.0
08MH0049,,,,78013833.0,78013833.0
08MH005,78012552.0,,,78012552.0,78012552.0
08MH0050,,,,78012832.0,78012832.0
08MH0051,,,,78012826.0,78012826.0
08MH0052,,,,78012302.0,78012302.0
08MH0053,,,,78012861.0,78012861.0
08MH0054,,,,78012852.0,78012852.0
08MH0055,,,,78015446.0,78015446.0
08MH0056,,,,78012861.0,78012861.0
08MH0057,,,,78012826.0,78012826.0
08MH0059,,,,78012781.0,78012781.0
08MH006,78013016.0,,78013016.0,78013016.0,78013016.0
08MH0060,,,,78013016.0,78013016.0
08MH008,78013195.0,,,78013195.0,78013195.0
08MH009,78013110.0,,,78013110.0,78013110.0
08MH010,78013122.0,,,78013122.0,78013122.0
08MH011,78012326.0,,,78012326.0,78012326.0
08MH012,78012781.0,,,78012781.0,78012781.0
08MH014,78012552.0,,,78012552.0,78012552.0
08MH016,78012081.0,,78012081.0,78012081.0,78012081.0
08MH017,78012412.0,,,78012412.0,78012412.0
08MH018,78012877.0,,,78012877.0,78012877.0
08MH019,78012877.0,,,78012877.0,78012877.0
08MH020,78012877.0,,,78012877.0,78012877.0
08MH021,78012982.0,,,78012982.0,78012982.0
08MH022,78012982.0,,,78012982.0,78012982.0
08MH024,78011873.0,,,78011873.0,78011873.0
08MH026,78012982.0,,,78012982.0,78012982.0
08MH028,78011862.0,,,,78011862.0
08MH029,78012243.0,,78012243.0,78012243.0,78012243.0
08MH031,78012849.0,,,78012849.0,78012849.0
08MH033,78012781.0,,,78012781.0,78012781.0
08MH035,78012297.0,,,78012297.0,78012297.0
08MH037,78012239.0,,,78012239.0,78012239.0
08MH044,78011869.0,,,,78011869.0
08MH045,78012924.0,,,78012924.0,78012924.0
08MH046,78012982.0,,,78012982.0,78012982.0
08MH047,78012048.0,,,78012048.0,78012048.0
08MH049,78012826.0,,,78012826.0,78012826.0
08MH050,78012671.0,,,78012671.0,78012671.0
08MH051,78012826.0,,,78012826.0,78012826.0
08MH053,78011862.0,,,,78011862.0
08MH055,78012062.0,,,78012062.0,78012062.0
08MH056,78012250.0,,78012250.0,78012250.0,78012250.0
08MH058,78013012.0,,,78013012.0,78013012.0
08MH059,78012796.0,,,,78012796.0
08MH059&08MH0038,,,,78012796.0,78012796.0
08MH060,78012876.0,,,78012876.0,78012876.0
08MH061,78012982.0,,,78012982.0,78012982.0
08MH068,78012826.0,,,78012826.0,78012826.0
08MH069,78012982.0,,,78012982.0,78012982.0
08MH070,78012910.0,,,78012910.0,78012910.0
08MH071,78011873.0,,,78011873.0,78011873.0
08MH072,78012781.0,,,78012781.0,78012781.0
08MH073,78012831.0,,,78012831.0,78012831.0
08MH074,78012924.0,,,78011874.0,78012924.0
08MH075,78012924.0,,,78012924.0,78012924.0
08MH076,78012933.0,,78012933.0,78012933.0,78012933.0
08MH077,78012924.0,,,78012924.0,78012924.0
08MH079,78012777.0,,,78012777.0,78012777.0
08MH080,78012777.0,,,78012777.0,78012777.0
08MH081,78012849.0,,,78012849.0,78012849.0
08MH082,78012831.0,,,78012831.0,78012831.0
08MH083,78012826.0,,,78012826.0,78012826.0
08MH084,78012852.0,,,78012852.0,78012852.0
08MH085,78012910.0,,,78012910.0,78012910.0
08MH086,78012558.0,,,78012558.0,78012558.0
08MH088,78012088.0,,,78012088.0,78012088.0
08MH089,78012832.0,,,78012832.0,78012832.0
08MH090,78012832.0,,,78012832.0,78012832.0
08MH091,78012861.0,,,78012861.0,78012861.0
08MH092,78012302.0,,,78012302.0,78012302.0
08MH093,78012085.0,,,78012777.0,78012085.0
08MH094,78012085.0,,,78012855.0,78012085.0
08MH095,78012924.0,,,78012924.0,78012924.0
08MH096,78012777.0,,,78012777.0,78012777.0
08MH097,78011866.0,,,78011866.0,78011866.0
08MH098,78011868.0,,,78011868.0,78011868.0
08MH099,78011869.0,,,78011869.0,78011869.0
08MH100,78011869.0,,,78011869.0,78011869.0
08MH103,78012065.0,,78012065.0,78012065.0,78012065.0
08MH104,78012822.0,,,78012822.0,78012822.0
08MH105,78012755.0,,,78012843.0,78012755.0
08MH107,78012821.0,,,78012821.0,78012821.0
08MH108,78013016.0,,,78013016.0,78013016.0
08MH112,78012982.0,,,78012982.0,78012982.0
08MH117,78012982.0,,,78012982.0,78012982.0
08MH123,78012796.0,,,78012796.0,78012796.0
08MH125,78013016.0,,,78013016.0,78013016.0
08MH126,78011864.0,,,78011864.0,78011864.0
08MH129,78012821.0,,,78012821.0,78012821.0
08MH130,78012243.0,,,78012243.0,78012243.0
08MH131,78012085.0,,,78012855.0,78012085.0
08MH133,78012085.0,,,78012855.0,78012085.0
08MH134,78011864.0,,,,78011864.0
08MH134&08MH0028,,,,78011864.0,78011864.0
08MH138,78012326.0,,,78012326.0,78012326.0
08MH139,78012302.0,,,78012302.0,78012302.0
08MH141,78013209.0,,78013209.0,78013209.0,78013209.0
08MH145,78012831.0,,,78012831.0,78012831.0
08MH146,78012923.0,,,78012923.0,78012923.0
08MH147,78012422.0,,78012422.0,78012422.0,78012422.0
08MH148,78012552.0,,,78012552.0,78012552.0
08MH149,78012503.0,,,78012503.0,78012503.0
08MH150,78013012.0,,,78013012.0,78013012.0
08MH151,78012923.0,,,78012923.0,78012923.0
08MH152,78013833.0,,,78013833.0,78013833.0
08MH153,78015446.0,,,78015446.0,78015446.0
08MH154,78012877.0,,,78012877.0,78012877.0
08MH155,78012755.0,,,78012755.0,78012755.0
08MH156,78015446.0,,,78015446.0,78015446.0
08MH157,78012784.0,,,78012784.0,78012784.0
08MH163,78012882.0,,,78012882.0,78012882.0
08MH166,78013087.0,,,78013087.0,78013087.0
08MH167,78012326.0,,,78012326.0,78012326.0
08MH168,78012503.0,,,78012503.0,78012503.0
08NA001,78010475.0,,,78010475.0,78010475.0
08NA002,78008413.0,,78008413.0,78008413.0,78008413.0
08NA004,78010410.0,,,78010410.0,78010410.0
08NA005,78010472.0,,,78010472.0,78010472.0
08NA006,78008653.0,,78008653.0,78008653.0,78008653.0
08NA007,78008901.0,,,78008901.0,78008901.0
08NA008,78009480.0,,,78009480.0,78009480.0
08NA009,78010469.0,,,78010469.0,78010469.0
08NA010,78009040.0,,,78009040.0,78009040.0
08NA011,78010120.0,,,78010120.0,78010120.0
08NA012,78010534.0,,,78010534.0,78010534.0
08NA014,78010457.0,,,78010457.0,78010457.0
08NA018,78011536.0,,,78011536.0,78011536.0
08NA019,78011448.0,,,78011448.0,78011448.0
08NA020,78011456.0,,,78011456.0,78011456.0
08NA021,78011729.0,,,78011729.0,78011729.0
08NA022,78011640.0,,,78011640.0,78011640.0
08NA023,78011784.0,,,78011784.0,78011784.0
08NA024,78011378.0,,,78011378.0,78011378.0
08NA025,78008425.0,,,78008425.0,78008425.0
08NA028,78008425.0,,,78008425.0,78008425.0
08NA029,78009252.0,,,78009252.0,78009252.0
08NA030,78010439.0,,,78010439.0,78010439.0
08NA031,78010439.0,,,,78010439.0
08NA031&08NA035,,,,78010439.0,78010439.0
08NA034,78010439.0,,,78010439.0,78010439.0
08NA035,78010439.0,,,,78010439.0
08NA036,78008425.0,,,78008425.0,78008425.0
08NA037,78008425.0,,,78008425.0,78008425.0
08NA038,78008425.0,,,78008425.0,78008425.0
08NA039,78011566.0,,,78011566.0,78011566.0
08NA041,78009334.0,,,78009334.0,78009334.0
08NA042,78010390.0,,,78010390.0,78010390.0
08NA043,78010415.0,,,78010415.0,78010415.0
08NA045,78010439.0,,,78010439.0,78010439.0
08NA046,78008425.0,,,78008425.0,78008425.0
08NA047,78008425.0,,,78008425.0,78008425.0
08NA048,78008425.0,,,78008425.0,78008425.0
08NA049,78011661.0,,,78011661.0,78011661.0
08NA050,78010395.0,,,78010395.0,78010395.0
08NA051,78010529.0,,,78010529.0,78010529.0
08NA052,78010395.0,,,78010395.0,78010395.0
08NA053,78009480.0,,,78009480.0,78009480.0
08NA054,78011368.0,,,78011368.0,78011368.0
08NA055,78011368.0,,,78011368.0,78011368.0
08NA056,78010401.0,,,78010401.0,78010401.0
08NA057,78010472.0,,,78010472.0,78010472.0
08NA058,78010439.0,,,78010439.0,78010439.0
08NA060,78010808.0,,,78010808.0,78010808.0
08NA061,78008425.0,,,78008425.0,78008425.0
08NA062,78011139.0,,,78011068.0,78011139.0
08NA063,78011068.0,,,78011068.0,78011068.0
08NA067,78008419.0,,,78008419.0,78008419.0
08NA068,78008419.0,,,78008419.0,78008419.0
08NB001,78008715.0,,,78008715.0,78008715.0
08NB002,78009446.0,,,78009446.0,78009446.0
08NB003,78008705.0,,,78008705.0,78008705.0
08NB005,78008403.0,,78008403.0,78008403.0,78008403.0
08NB006,78008396.0,,,,78008396.0
08NB006&08NB011&08NB017&08NC001&08NC002&08ND017,,,,78006760.0,78006760.0
08NB009,78009446.0,,,78009446.0,78009446.0
08NB010,78009446.0,,,78009446.0,78009446.0
08NB011,78006763.0,,,,78006763.0
08NB012,78008760.0,,78008760.0,78008760.0,78008760.0
08NB013,78009148.0,,,78009148.0,78009148.0
08NB014,78008835.0,,78008835.0,78008835.0,78008835.0
08NB015,78009018.0,,,78009018.0,78009018.0
08NB016,78009121.0,,78009121.0,78009121.0,78009121.0
08NB017,78008392.0,,,,78008392.0
08NB018,78009414.0,,,78009414.0,78009414.0
08NB019,78008705.0,,78008705.0,78008705.0,78008705.0
08NB020,78009547.0,,,78009547.0,78009547.0
08NB021,78008707.0,,,,78008707.0
08NC001,78007100.0,,,,78007100.0
08NC002,78006967.0,,,,78006967.0
08NC003,78007214.0,,,78007214.0,78007214.0
08NC004,78007214.0,,78007214.0,78007214.0,78007214.0
08NC005,78007985.0,,,78007985.0,78007985.0
08ND001,78010612.0,,,78010612.0,78010612.0
08ND002,78010071.0,,,78011841.0,78010071.0
08ND003,78010220.0,,,78010220.0,78010220.0
08ND004,78008793.0,,,78008793.0,78008793.0
08ND005,78009378.0,,,78009378.0,78009378.0
08ND006,78010064.0,,,,78010064.0
08ND007,78006760.0,,,78006760.0,78006760.0
08ND009,78008719.0,,,78008719.0,78008719.0
08ND011,78008362.0,,,78008362.0,78008362.0
08ND012,78008661.0,,78008661.0,78008661.0,78008661.0
08ND013,78010220.0,,78010220.0,78010220.0,78010220.0
08ND014,78008842.0,,,78008842.0,78008842.0
08ND015,78006923.0,,,78006923.0,78006923.0
08ND016,78009249.0,,,78009249.0,78009249.0
08ND017,78006760.0,,,,78006760.0
08ND018,78009759.0,,,78009759.0,78009759.0
08ND019,78009090.0,,,78009090.0,78009090.0
08ND021,78008584.0,,,78008584.0,78008584.0
08ND022,78011841.0,,,78011841.0,78011841.0
08ND024,78008584.0,,,78008584.0,78008584.0
08ND025,78008362.0,,,78008362.0,78008362.0
08ND026,78008363.0,,,78008362.0,78008363.0
08NE001,78010193.0,,,78010193.0,78010193.0
08NE002,78011933.0,,,78011933.0,78011933.0
08NE003,78011909.0,,,78011909.0,78011909.0
08NE005,78012221.0,,,78012272.0,78012221.0
08NE006,78010542.0,,78010542.0,78010542.0,78010542.0
08NE007,78011083.0,,,78011083.0,78011083.0
08NE008,78010736.0,,78010736.0,78010736.0,78010736.0
08NE009,78012196.0,,,78012196.0,78012196.0
08NE010,78011906.0,,,78011906.0,78011906.0
08NE011,78011083.0,,,78011083.0,78011083.0
08NE012,78010194.0,,,78010194.0,78010194.0
08NE016,78012583.0,,,78012583.0,78012583.0
08NE017,78012885.0,,,78012885.0,78012885.0
08NE019,78011953.0,,,78011953.0,78011953.0
08NE020,78011953.0,,,78011953.0,78011953.0
08NE021,78011083.0,,,78011083.0,78011083.0
08NE022,78011083.0,,,78011083.0,78011083.0
08NE023,78011953.0,,,78011953.0,78011953.0
08NE024,78011910.0,,,78011910.0,78011910.0
08NE025,78012470.0,,,78012470.0,78012470.0
08NE026,78011083.0,,,78011083.0,78011083.0
08NE027,78012196.0,,,78012196.0,78012196.0
08NE028,78012607.0,,,78012607.0,78012607.0
08NE030,78012196.0,,,78012196.0,78012196.0
08NE031,78011914.0,,,78011914.0,78011914.0
08NE032,78011914.0,,,78011914.0,78011914.0
08NE033,78011910.0,,,78011910.0,78011910.0
08NE034,78011953.0,,,78011953.0,78011953.0
08NE035,78011083.0,,,78011083.0,78011083.0
08NE036,78013038.0,,,78013038.0,78013038.0
08NE037,78012973.0,,,78012973.0,78012973.0
08NE038,78011933.0,,,,78011933.0
08NE039,78014077.0,,78014077.0,78012571.0,78014077.0
08NE042,78012583.0,,,78012583.0,78012583.0
08NE043,78012991.0,,,78012991.0,78012991.0
08NE044,78012204.0,,,78012204.0,78012204.0
08NE045,78011933.0,,,,78011933.0
08NE046,78011933.0,,,,78011933.0
08NE047,78012668.0,,,78012668.0,78012668.0
08NE048,78012419.0,,,78012419.0,78012419.0
08NE049,78011912.0,,,78011912.0,78011912.0
08NE050,78011952.0,,,78011952.0,78011952.0
08NE051,78013538.0,,,78013538.0,78013538.0
08NE052,78011952.0,,,78011952.0,78011952.0
08NE053,78012885.0,,,78012885.0,78012885.0
08NE054,78012885.0,,,78012885.0,78012885.0
08NE055,78011908.0,,,78011908.0,78011908.0
08NE056,78012839.0,,,78012839.0,78012839.0
08NE057,78012839.0,,,78012839.0,78012839.0
08NE058,78013723.0,,,78013723.0,78013723.0
08NE060,78012817.0,,,78012817.0,78012817.0
08NE062,78011933.0,,,78011933.0,78011933.0
08NE063,78012211.0,,,78012211.0,78012211.0
08NE064,78012470.0,,,78012470.0,78012470.0
08NE065,78012204.0,,,78012204.0,78012204.0
08NE066,78012204.0,,,78012204.0,78012204.0
08NE067,78011933.0,,,78011933.0,78011933.0
08NE068,78011933.0,,,,78011933.0
08NE070,78012589.0,,,78012589.0,78012589.0
08NE071,78012839.0,,,78012839.0,78012839.0
08NE072,78012589.0,,,78012589.0,78012589.0
08NE073,78012991.0,,,78012991.0,78012991.0
08NE074,78012204.0,,78012204.0,78012204.0,78012204.0
08NE075,78011912.0,,,78011912.0,78011912.0
08NE076,78011914.0,,,78011914.0,78011914.0
08NE077,78012277.0,,78012277.0,78012277.0,78012277.0
08NE078,78012271.0,,,78012271.0,78012271.0
08NE080,78012864.0,,,78012864.0,78012864.0
08NE082,78013146.0,,,78013146.0,78013146.0
08NE083,78013125.0,,,78013125.0,78013125.0
08NE085,78011933.0,,,78011933.0,78011933.0
08NE086,78012589.0,,,78012589.0,78012589.0
08NE087,78013192.0,,78013192.0,78013192.0,78013192.0
08NE088,78011913.0,,,78011913.0,78011913.0
08NE089,78011913.0,,,78011913.0,78011913.0
08NE090,78012847.0,,,78012847.0,78012847.0
08NE091,78011914.0,,,78011914.0,78011914.0
08NE092,78011914.0,,,78011914.0,78011914.0
08NE094,78011914.0,,,78011914.0,78011914.0
08NE095,78012963.0,,,78012963.0,78012963.0
08NE096,78012847.0,,,78012847.0,78012847.0
08NE097,78012639.0,,,78012639.0,78012639.0
08NE098,78011932.0,,,78011932.0,78011932.0
08NE099,78012589.0,,,,78012589.0
08NE099&08NE100,,,,78012589.0,78012589.0
08NE100,78012589.0,,,,78012589.0
08NE101,78011083.0,,,78011083.0,78011083.0
08NE102,78011933.0,,,,78011933.0
08NE103,78011933.0,,,,78011933.0
08NE104,78011933.0,,,,78011933.0
08NE105,78011933.0,,,78011933.0,78011933.0
08NE106,78012470.0,,,78012470.0,78012470.0
08NE107,78011933.0,,,,78011933.0
08NE108,78015442.0,,,78015442.0,78015442.0
08NE109,78015442.0,,,78015442.0,78015442.0
08NE110,78012225.0,,78012225.0,78012225.0,78012225.0
08NE111,78014086.0,,,78014086.0,78014086.0
08NE112,78014086.0,,,78014086.0,78014086.0
08NE113,78012839.0,,,78012839.0,78012839.0
08NE114,78012940.0,,78012940.0,78012940.0,78012940.0
08NE115,78013103.0,,,78013103.0,78013103.0
08NE116,78013090.0,,,78013090.0,78013090.0
08NE117,78010890.0,,,78010890.0,78010890.0
08NE118,78012817.0,,,78012817.0,78012817.0
08NE119,78011906.0,,,78011904.0,78011906.0
08NE120,78011552.0,,,78011552.0,78011552.0
08NE121,78011552.0,,,78011552.0,78011552.0
08NE122,78011552.0,,,78011552.0,78011552.0
08NE123,78010839.0,,,78010839.0,78010839.0
08NE124,78011552.0,,,78011552.0,78011552.0
08NE125,78011552.0,,,78011552.0,78011552.0
08NE126,78011933.0,,,,78011933.0
08NE126&08ND006&08NE038&08NE045&08NE046&08NE068&08NE102&08NE103&08NE104&08NE107,,,,78011933.0,78011933.0
08NE127,78012196.0,,,78012196.0,78012196.0
08NE128,78011605.0,,,78011605.0,78011605.0
08NE129,78012991.0,,,78012991.0,78012991.0
08NE130,78012211.0,,,,78012211.0
08NF001,78010269.0,,78010269.0,78010269.0,78010269.0
08NF002,78010178.0,,,78010178.0,78010178.0
08NF003,78010277.0,,,78010277.0,78010277.0
08NF004,78010197.0,,,78010197.0,78010197.0
08NF005,78011586.0,,,78011586.0,78011586.0
08NF006,78010497.0,,,78010497.0,78010497.0
08NG001,78010242.0,,,78010242.0,78010242.0
08NG002,78012167.0,,,78012167.0,78012167.0
08NG003,78012424.0,,,78012424.0,78012424.0
08NG004,78012378.0,,,78012378.0,78012378.0
08NG005,78012035.0,,,78012038.0,78012035.0
08NG006,78012782.0,,,78012782.0,78012782.0
08NG007,78013446.0,,,78013446.0,78013446.0
08NG008,78012764.0,,,78012764.0,78012764.0
08NG009,78013046.0,,,78013046.0,78013046.0
08NG010,78012664.0,,,78012664.0,78012664.0
08NG011,78013126.0,,,78013126.0,78013126.0
08NG012,78012299.0,,,78012299.0,78012299.0
08NG013,78013046.0,,,78013046.0,78013046.0
08NG014,78013115.0,,,78013115.0,78013115.0
08NG015,78013115.0,,,78013115.0,78013115.0
08NG016,78012137.0,,,78012137.0,78012137.0
08NG017,78013026.0,,,78013026.0,78013026.0
08NG021,78012091.0,,,78012091.0,78012091.0
08NG022,78010242.0,,,78010242.0,78010242.0
08NG023,78013136.0,,,78013136.0,78013136.0
08NG024,78013179.0,,,78013179.0,78013179.0
08NG026,78012070.0,,,78012070.0,78012070.0
08NG027,78012057.0,,,78013491.0,78012057.0
08NG028,78013446.0,,,78013446.0,78013446.0
08NG029,78012909.0,,,78012909.0,78012909.0
08NG030,78013310.0,,,78013310.0,78013310.0
08NG031,78013205.0,,,78013205.0,78013205.0
08NG032,78013510.0,,,78013510.0,78013510.0
08NG033,78013446.0,,,78013446.0,78013446.0
08NG034,78013139.0,,,78013139.0,78013139.0
08NG035,78012909.0,,,78012909.0,78012909.0
08NG036,78012494.0,,,78012494.0,78012494.0
08NG037,78012046.0,,,78012046.0,78012046.0
08NG038,78013179.0,,,78013179.0,78013179.0
08NG039,78013886.0,,,,78013886.0
08NG040,78012494.0,,,78012494.0,78012494.0
08NG042,78012020.0,,,,78012020.0
08NG043,78013115.0,,,78013115.0,78013115.0
08NG044,78010290.0,,,78010290.0,78010290.0
08NG045,78013446.0,,,78013446.0,78013446.0
08NG046,78012349.0,,,78012349.0,78012349.0
08NG047,78014080.0,,,78014080.0,78014080.0
08NG048,78012764.0,,,78012764.0,78012764.0
08NG049,78013510.0,,,78013510.0,78013510.0
08NG051,78012214.0,,,78012214.0,78012214.0
08NG052,78013491.0,,,78013491.0,78013491.0
08NG053,78012078.0,,,78012133.0,78012078.0
08NG056,78013440.0,,,78013440.0,78013440.0
08NG057,78013446.0,,,78013446.0,78013446.0
08NG058,78013310.0,,,78013310.0,78013310.0
08NG059,78012057.0,,,78012057.0,78012057.0
08NG060,78012664.0,,,78012664.0,78012664.0
08NG061,78013095.0,,,78013095.0,78013095.0
08NG062,78013310.0,,,78013310.0,78013310.0
08NG063,78013310.0,,,78013310.0,78013310.0
08NG064,78013160.0,,,78013160.0,78013160.0
08NG065,78012053.0,,78012053.0,78012053.0,78012053.0
08NG068,78013115.0,,,78013115.0,78013115.0
08NG069,78013026.0,,,78013026.0,78013026.0
08NG070,78013115.0,,,78013115.0,78013115.0
08NG071,78013412.0,,,78013412.0,78013412.0
08NG072,78013412.0,,,78013412.0,78013412.0
08NG073,78013446.0,,,78013446.0,78013446.0
08NG074,78012542.0,,,78012542.0,78012542.0
08NG076,78012696.0,,78013440.0,78013440.0,78012696.0
08NG077,78012688.0,,78012688.0,78012688.0,78012688.0
08NG078,78012531.0,,,78012531.0,78012531.0
08NG079,78013865.0,,,78013865.0,78013865.0
08NG080,78013115.0,,,78013115.0,78013115.0
08NG082,78012801.0,,,78012801.0,78012801.0
08NG083,78012801.0,,,78012801.0,78012801.0
08NG084,78013510.0,,,78013455.0,78013510.0
08NG085,78013446.0,,,78013446.0,78013446.0
08NG086,78012687.0,,,78012687.0,78012687.0
08NG087,78013446.0,,,78013446.0,78013446.0
08NG088,78013446.0,,,78013446.0,78013446.0
08NH0001,,,,78013194.0,78013194.0
08NH0003,,,,78013153.0,78013153.0
08NH001,78010231.0,,,,78010231.0
08NH001&08NH108&08NH110&08NH127,,,,78010231.0,78010231.0
08NH002,78010268.0,,,78010268.0,78010268.0
08NH003,78010607.0,,,78010607.0,78010607.0
08NH004,78012354.0,,,78012354.0,78012354.0
08NH005,78012215.0,,78012215.0,78012215.0,78012215.0
08NH006,78013977.0,,78013977.0,78013977.0,78013977.0
08NH007,78010424.0,,78010424.0,78010424.0,78010424.0
08NH008,78012812.0,,,78012812.0,78012812.0
08NH009,78012812.0,,,78012812.0,78012812.0
08NH010,78012949.0,,,78012949.0,78012949.0
08NH011,78012767.0,,,78012767.0,78012767.0
08NH012,78012899.0,,,78012899.0,78012899.0
08NH013,78012767.0,,,78012767.0,78012767.0
08NH014,78012354.0,,,78012354.0,78012354.0
08NH015,78012673.0,,,,78012673.0
08NH015&08NH044,,,,78012673.0,78012673.0
08NH016,78012949.0,,78012949.0,78012949.0,78012949.0
08NH018,78011977.0,,,,78011977.0
08NH019,78012569.0,,,78012569.0,78012569.0
08NH020,78011988.0,,,78011988.0,78011988.0
08NH021,78012015.0,,,78012016.0,78012015.0
08NH024,78011977.0,,,,78011977.0
08NH028,78012009.0,,,78012009.0,78012009.0
08NH031,78013837.0,,,,78013837.0
08NH031&12318500,,,,78013837.0,78013837.0
08NH032,78012087.0,,78012087.0,78012087.0,78012087.0
08NH034,78012407.0,,,78012407.0,78012407.0
08NH036,78011977.0,,,78011977.0,78011977.0
08NH037,78011977.0,,,78011977.0,78011977.0
08NH038,78011977.0,,,,78011977.0
08NH039,78012899.0,,,78012899.0,78012899.0
08NH040,78011977.0,,,,78011977.0
08NH040&08NH038,,,,78011977.0,78011977.0
08NH041,78012120.0,,,78012120.0,78012120.0
08NH042,78011988.0,,,78011988.0,78011988.0
08NH043,78012899.0,,,78012899.0,78012899.0
08NH044,78012673.0,,,,78012673.0
08NH045,78012673.0,,,78012673.0,78012673.0
08NH046,78012142.0,,,78012142.0,78012142.0
08NH047,78012142.0,,,78012142.0,78012142.0
08NH048,78012142.0,,,78012142.0,78012142.0
08NH049,78012468.0,,,78012468.0,78012468.0
08NH050,78012899.0,,,78012899.0,78012899.0
08NH051,78010227.0,,,78010227.0,78010227.0
08NH052,78012569.0,,,78012569.0,78012569.0
08NH053,78011977.0,,,,78011977.0
08NH054,78012215.0,,,78012215.0,78012215.0
08NH057,78013559.0,,,78013559.0,78013559.0
08NH058,78012207.0,,,78012207.0,78012207.0
08NH059,78012207.0,,,78012207.0,78012207.0
08NH060,78012003.0,,,78012003.0,78012003.0
08NH061,78012569.0,,,78012569.0,78012569.0
08NH062,78012003.0,,,78012003.0,78012003.0
08NH063,78011991.0,,,78011991.0,78011991.0
08NH064,78011977.0,,,,78011977.0
08NH065,78013316.0,,,78013316.0,78013316.0
08NH066,78010454.0,,,,78010454.0
08NH067,78011977.0,,,,78011977.0
08NH068,78012635.0,,,78012635.0,78012635.0
08NH069,78012013.0,,,78012013.0,78012013.0
08NH070,78012123.0,,,78012123.0,78012123.0
08NH071,78011988.0,,,78011988.0,78011988.0
08NH072,78012635.0,,,78012635.0,78012635.0
08NH073,78012825.0,,,78012825.0,78012825.0
08NH074,78012812.0,,,78012812.0,78012812.0
08NH075,78012812.0,,,78012812.0,78012812.0
08NH076,78011988.0,,,78011988.0,78011988.0
08NH077,78012825.0,,,78012825.0,78012825.0
08NH078,78012635.0,,,78012635.0,78012635.0
08NH079,78011977.0,,,78011977.0,78011977.0
08NH080,78011977.0,,,78011977.0,78011977.0
08NH081,78012812.0,,,78012812.0,78012812.0
08NH082,78012812.0,,,78012812.0,78012812.0
08NH083,78012812.0,,,78012812.0,78012812.0
08NH084,78012970.0,,78012970.0,78012970.0,78012970.0
08NH085,78012380.0,,,78012380.0,78012380.0
08NH086,78012569.0,,,78012569.0,78012569.0
08NH087,78012569.0,,,78012569.0,78012569.0
08NH089,78010454.0,,,,78010454.0
08NH089&08NH090&08NH091&08NH066,,,,78010454.0,78010454.0
08NH090,78010454.0,,,,78010454.0
08NH091,78010454.0,,,,78010454.0
08NH092,78012899.0,,,78012899.0,78012899.0
08NH093,78012899.0,,,78012899.0,78012899.0
08NH094,78012008.0,,,78012008.0,78012008.0
08NH095,78012899.0,,,78012899.0,78012899.0
08NH096,78012899.0,,,78012899.0,78012899.0
08NH098,78012003.0,,,78012003.0,78012003.0
08NH099,78013255.0,,,78013255.0,78013255.0
08NH100,78012516.0,,,78012516.0,78012516.0
08NH101,78013409.0,,,78013409.0,78013409.0
08NH102,78013141.0,,,78013141.0,78013141.0
08NH103,78011988.0,,,78011988.0,78011988.0
08NH104,78012569.0,,,78012569.0,78012569.0
08NH105,78012970.0,,,78012970.0,78012970.0
08NH106,78012557.0,,,78012557.0,78012557.0
08NH107,78012673.0,,,78012673.0,78012673.0
08NH108,78010231.0,,,,78010231.0
08NH109,78012123.0,,,78012123.0,78012123.0
08NH110,78010231.0,,,,78010231.0
08NH111,78012407.0,,,78012407.0,78012407.0
08NH112,78012812.0,,,78012812.0,78012812.0
08NH113,78012812.0,,,78012812.0,78012812.0
08NH114,78012812.0,,,78012812.0,78012812.0
08NH115,78012354.0,,78012354.0,78012354.0,78012354.0
08NH116,78012899.0,,,78012899.0,78012899.0
08NH117,78011995.0,,,78011995.0,78011995.0
08NH118,78010230.0,,,78010230.0,78010230.0
08NH119,78010248.0,,78010248.0,78010248.0,78010248.0
08NH120,78012703.0,,78012703.0,78012703.0,78012703.0
08NH121,78012215.0,,,78012215.0,78012215.0
08NH122,78013142.0,,,78013142.0,78013142.0
08NH124,78010817.0,,,78010817.0,78010817.0
08NH125,78011164.0,,,78010817.0,78011164.0
08NH126,78010231.0,,,78010231.0,78010231.0
08NH127,78010231.0,,,,78010231.0
08NH128,78010817.0,,,78010817.0,78010817.0
08NH129,78012008.0,,,78012008.0,78012008.0
08NH130,78010268.0,,78010268.0,78010268.0,78010268.0
08NH131,78010863.0,,,78010863.0,78010863.0
08NH132,78013476.0,,78013476.0,78013476.0,78013476.0
08NH133,78012557.0,,,78012557.0,78012557.0
08NH137,78012635.0,,,78012635.0,78012635.0
08NH138,78011533.0,,,78011533.0,78011533.0
08NH139,78012703.0,,,78012703.0,78012703.0
08NJ001,78011917.0,,,,78011917.0
08NJ002,78011962.0,,,,78011962.0
08NJ003,78012145.0,,,78012145.0,78012145.0
08NJ004,78010328.0,,,78010328.0,78010328.0
08NJ005,78013601.0,,,78013601.0,78013601.0
08NJ006,78013601.0,,,78013601.0,78013601.0
08NJ007,78011959.0,,,78011959.0,78011959.0
08NJ008,78011958.0,,,78011958.0,78011958.0
08NJ009,78011964.0,,,,78011964.0
08NJ010,78010029.0,,,78010029.0,78010029.0
08NJ011,78010539.0,,,78010539.0,78010539.0
08NJ012,78011928.0,,,78011928.0,78011928.0
08NJ013,78011919.0,,78011919.0,78011919.0,78011919.0
08NJ014,78011925.0,,,78011925.0,78011925.0
08NJ015,78011922.0,,,78011922.0,78011922.0
08NJ016,78011922.0,,,78011922.0,78011922.0
08NJ017,78011922.0,,,78011922.0,78011922.0
08NJ018,78013182.0,,,78013182.0,78013182.0
08NJ019,78011977.0,,,78011977.0,78011977.0
08NJ020,78011977.0,,,78011977.0,78011977.0
08NJ021,78011977.0,,,78011977.0,78011977.0
08NJ022,78011977.0,,,78011977.0,78011977.0
08NJ023,78011962.0,,,78011962.0,78011962.0
08NJ024,78011977.0,,,78011977.0,78011977.0
08NJ026,78013340.0,,78013340.0,78013340.0,78013340.0
08NJ027,78013260.0,,,78013260.0,78013260.0
08NJ028,78012145.0,,,78012145.0,78012145.0
08NJ029,78012145.0,,,78012145.0,78012145.0
08NJ030,78011916.0,,,78011916.0,78011916.0
08NJ031,78011916.0,,,78011916.0,78011916.0
08NJ032,78011959.0,,,78011959.0,78011959.0
08NJ033,78011965.0,,,78011965.0,78011965.0
08NJ034,78011964.0,,,78011964.0,78011964.0
08NJ038,78011964.0,,,78011964.0,78011964.0
08NJ039,78011916.0,,,78011916.0,78011916.0
08NJ040,78011916.0,,,78011916.0,78011916.0
08NJ041,78011916.0,,,78011916.0,78011916.0
08NJ042,78013240.0,,,78013240.0,78013240.0
08NJ044,78011977.0,,,78011977.0,78011977.0
08NJ049,78011970.0,,,78011970.0,78011970.0
08NJ050,78011923.0,,,78011923.0,78011923.0
08NJ053,78011922.0,,,78011922.0,78011922.0
08NJ055,78011920.0,,,78011920.0,78011920.0
08NJ056,78011920.0,,,78011920.0,78011920.0
08NJ057,78011922.0,,,78011922.0,78011922.0
08NJ060,78011964.0,,,78011964.0,78011964.0
08NJ061,78013323.0,,78013323.0,78013323.0,78013323.0
08NJ064,78011923.0,,,78011923.0,78011923.0
08NJ065,78011961.0,,,78011961.0,78011961.0
08NJ066,78011959.0,,,78011959.0,78011959.0
08NJ067,78011977.0,,,78011977.0,78011977.0
08NJ068,78013153.0,,,78013153.0,78013153.0
08NJ069,78011922.0,,,78011922.0,78011922.0
08NJ070,78011964.0,,,78011964.0,78011964.0
08NJ072,78011922.0,,,78011922.0,78011922.0
08NJ073,78011962.0,,,,78011962.0
08NJ074,78011962.0,,,,78011962.0
08NJ075,78011962.0,,,,78011962.0
08NJ076,78011964.0,,,,78011964.0
08NJ077,78011965.0,,,,78011965.0
08NJ078,78011967.0,,,,78011967.0
08NJ079,78011967.0,,,,78011967.0
08NJ080,78011977.0,,,,78011977.0
08NJ081,78011977.0,,,,78011977.0
08NJ082,78011977.0,,,,78011977.0
08NJ084,78011970.0,,,,78011970.0
08NJ085,78011970.0,,,,78011970.0
08NJ086,78011973.0,,,,78011973.0
08NJ087,78011973.0,,,,78011973.0
08NJ088,78011977.0,,,,78011977.0
08NJ089,78011963.0,,,,78011963.0
08NJ090,78011962.0,,,,78011962.0
08NJ091,78011962.0,,,,78011962.0
08NJ092,78011962.0,,,,78011962.0
08NJ095,78011917.0,,,78011917.0,78011917.0
08NJ096,78011977.0,,,,78011977.0
08NJ096&08NJ074&08NJ075&08NJ076&08NJ077&08NJ078&08NJ079&08NJ080&08NJ081&08NJ082&08NJ085&08NJ086&08NJ087&08NJ088&08NJ089&08NJ090&08NJ091&08NJ092&08NJ084&08NJ073&08NJ009&08NH018&08NH024&08NH053&08NH064&08NH067&08NJ002,,,,78011959.0,78011959.0
08NJ097,78011923.0,,,,78011923.0
08NJ097&08NJ121,,,,78011923.0,78011923.0
08NJ098,78013150.0,,,78013150.0,78013150.0
08NJ099,78013278.0,,,78013278.0,78013278.0
08NJ101,78011922.0,,,78011922.0,78011922.0
08NJ102,78011915.0,,,,78011915.0
08NJ103,78011915.0,,,,78011915.0
08NJ103&08NJ102,,,,78011915.0,78011915.0
08NJ104,78011961.0,,,78011961.0,78011961.0
08NJ106,78011967.0,,,78011967.0,78011967.0
08NJ107,78011964.0,,,78011964.0,78011964.0
08NJ108,78013330.0,,,78013330.0,78013330.0
08NJ109,78013229.0,,,78013229.0,78013229.0
08NJ110,78011961.0,,,78011961.0,78011961.0
08NJ111,78013119.0,,,78013119.0,78013119.0
08NJ112,78013117.0,,,78013117.0,78013117.0
08NJ113,78011959.0,,,,78011959.0
08NJ113&08NJ158&08NJ114,,,,78011959.0,78011959.0
08NJ114,78011959.0,,,,78011959.0
08NJ115,78013311.0,,,78013311.0,78013311.0
08NJ116,78011038.0,,,78011038.0,78011038.0
08NJ117,78011038.0,,,78011038.0,78011038.0
08NJ118,78011963.0,,,78011963.0,78011963.0
08NJ119,78011969.0,,,78011969.0,78011969.0
08NJ120,78013288.0,,,78013288.0,78013288.0
08NJ121,78011923.0,,,,78011923.0
08NJ123,78013150.0,,,78013150.0,78013150.0
08NJ125,78011977.0,,,78011977.0,78011977.0
08NJ126,78011920.0,,,78011920.0,78011920.0
08NJ128,78011915.0,,,,78011915.0
08NJ128&08NJ001,,,,78011915.0,78011915.0
08NJ129,78011964.0,,,78011964.0,78011964.0
08NJ130,78011964.0,,78011964.0,78011964.0,78011964.0
08NJ131,78011962.0,,,78011962.0,78011962.0
08NJ132,78013503.0,,,78013503.0,78013503.0
08NJ133,78010328.0,,,78010328.0,78010328.0
08NJ134,78010328.0,,,78010328.0,78010328.0
08NJ135,78013117.0,,,78013117.0,78013117.0
08NJ137,78011925.0,,,78011925.0,78011925.0
08NJ138,78011964.0,,,78011964.0,78011964.0
08NJ141,78011973.0,,,78011973.0,78011973.0
08NJ143,78011961.0,,,78011961.0,78011961.0
08NJ145,78011922.0,,,78011922.0,78011922.0
08NJ146,78011914.0,,,78011914.0,78011914.0
08NJ147,78011965.0,,,78011965.0,78011965.0
08NJ149,78013082.0,,,78013082.0,78013082.0
08NJ150,78011915.0,,,78011915.0,78011915.0
08NJ151,78013037.0,,,78013037.0,78013037.0
08NJ152,78011919.0,,,78011919.0,78011919.0
08NJ153,78011964.0,,,78011964.0,78011964.0
08NJ154,78011919.0,,,78011919.0,78011919.0
08NJ157,78013117.0,,,78013117.0,78013117.0
08NJ158,78011959.0,,,,78011959.0
08NJ159,78013117.0,,,78013117.0,78013117.0
08NJ160,78012737.0,,78012737.0,78012737.0,78012737.0
08NJ161,78011973.0,,,78011973.0,78011973.0
08NJ162,78011959.0,,,78011959.0,78011959.0
08NJ163,78013182.0,,,78013182.0,78013182.0
08NJ164,78011038.0,,,78011038.0,78011038.0
08NJ165,78011922.0,,,78011922.0,78011922.0
08NJ166,78011921.0,,,78011921.0,78011921.0
08NJ167,78011962.0,,,78011962.0,78011962.0
08NJ168,78013194.0,,,78013194.0,78013194.0
08NJ169,78011967.0,,,78011967.0,78011967.0
08NJ170,78011959.0,,,78011959.0,78011959.0
08NJ171,78011973.0,,,78011973.0,78011973.0
08NJ172,78013119.0,,,78013119.0,78013119.0
08NK0001,,,,78011137.0,78011137.0
08NK0002,,,,78011071.0,78011071.0
08NK0003,,,,78010828.0,78010828.0
08NK0004,,,,78013660.0,78013660.0
08NK0005,,,,78013660.0,78013660.0
08NK0006,,,,78013660.0,78013660.0
08NK0007,,,,78012679.0,78012679.0
08NK0008,,,,78013392.0,78013392.0
08NK0009,,,,78013497.0,78013497.0
08NK001,78012158.0,,,78012158.0,78012158.0
08NK0011,,,,78013497.0,78013497.0
08NK0012,,,,78013201.0,78013201.0
08NK0013,,,,78013174.0,78013174.0
08NK0014,,,,78012269.0,78012269.0
08NK002,78012165.0,,,78012165.0,78012165.0
08NK004,78013185.0,,,78013185.0,78013185.0
08NK005,78012055.0,,,78012055.0,78012055.0
08NK006,78012909.0,,,78012909.0,78012909.0
08NK007,78012171.0,,,78012171.0,78012171.0
08NK008,78012909.0,,,78012909.0,78012909.0
08NK011,78012171.0,,,78012171.0,78012171.0
08NK012,78012158.0,,,78012158.0,78012158.0
08NK013,78012439.0,,,78012439.0,78012439.0
08NK014,78012439.0,,,78012439.0,78012439.0
08NK016,78012205.0,,,78012205.0,78012205.0
08NK017,78012623.0,,,78012623.0,78012623.0
08NK018,78012213.0,,,78012213.0,78012213.0
08NK019,78013497.0,,,78013497.0,78013497.0
08NK020,78012439.0,,,,78012439.0
08NK020&08NK0010,,,,78012439.0,78012439.0
08NK021,78010828.0,,,,78010828.0
08NK021&08NK025,,,,78010828.0,78010828.0
08NK022,78012679.0,,,78012679.0,78012679.0
08NK023,78012439.0,,,78012439.0,78012439.0
08NK025,78010828.0,,,,78010828.0
08NK026,78012171.0,,78012171.0,78012171.0,78012171.0
08NK027,78010585.0,,,78010585.0,78010585.0
08NK028,78013174.0,,,78013174.0,78013174.0
08NK029,78011071.0,,,78011071.0,78011071.0
08NK030,78012158.0,,,78012158.0,78012158.0
08NL0001&08NL043&08NL046,,,,78012638.0,78012638.0
08NL0002,,,,78012418.0,78012418.0
08NL004,78012172.0,,78012172.0,78012172.0,78012172.0
08NL005,78012333.0,,,78012333.0,78012333.0
08NL006,78012151.0,,,78012151.0,78012151.0
08NL007,78012166.0,,78012166.0,78012166.0,78012166.0
08NL008,78012347.0,,,78012347.0,78012347.0
08NL009,78012473.0,,,78012473.0,78012473.0
08NL010,78012669.0,,,78012669.0,78012669.0
08NL011,78012990.0,,,78012990.0,78012990.0
08NL012,78012381.0,,,78012381.0,78012381.0
08NL013,78012418.0,,,,78012418.0
08NL013&08NL053,,,,78012418.0,78012418.0
08NL014,78013073.0,,,78013073.0,78013073.0
08NL015,78013235.0,,,78013235.0,78013235.0
08NL018,78012395.0,,,78012395.0,78012395.0
08NL019,78012562.0,,,78012562.0,78012562.0
08NL020,78012357.0,,,78012357.0,78012357.0
08NL021,78012526.0,,,78012526.0,78012526.0
08NL022,78013968.0,,,78013968.0,78013968.0
08NL023,78012382.0,,,78012382.0,78012382.0
08NL024,78012310.0,,78012310.0,78012310.0,78012310.0
08NL025,78012560.0,,,78012560.0,78012560.0
08NL033,78012700.0,,,78012700.0,78012700.0
08NL034,78012997.0,,,78012997.0,78012997.0
08NL035,78012157.0,,,78012157.0,78012157.0
08NL036,78012538.0,,,78012538.0,78012538.0
08NL037,78012395.0,,,78012395.0,78012395.0
08NL038,78012156.0,,78012155.0,78012156.0,78012156.0
08NL039,78012464.0,,,78012464.0,78012464.0
08NL040,78014082.0,,,78014082.0,78014082.0
08NL041,78012560.0,,,,78012560.0
08NL041&08NL042,,,,78012560.0,78012560.0
08NL042,78012560.0,,,,78012560.0
08NL043,78012638.0,,,,78012638.0
08NL044,78012577.0,,,78012577.0,78012577.0
08NL045,78012577.0,,,78012577.0,78012577.0
08NL046,78012638.0,,,,78012638.0
08NL047,78013048.0,,,78013048.0,78013048.0
08NL049,78012200.0,,,78012200.0,78012200.0
08NL050,78012473.0,,78012473.0,78012473.0,78012473.0
08NL051,78012653.0,,,78012653.0,78012653.0
08NL052,78013406.0,,,78013406.0,78013406.0
08NL053,78012418.0,,,,78012418.0
08NL054,78012638.0,,,78012562.0,78012638.0
08NL056,78012739.0,,,78012739.0,78012739.0
08NL057,78012739.0,,,,78012739.0
08NL057&08NL058,,,,78012739.0,78012739.0
08NL058,78012739.0,,,,78012739.0
08NL059,78012382.0,,,78012382.0,78012382.0
08NL060,78012449.0,,,78012449.0,78012449.0
08NL061,78013547.0,,,78013547.0,78013547.0
08NL062,78012217.0,,,78012217.0,78012217.0
08NL064,78012560.0,,,78012560.0,78012560.0
08NL065,78013116.0,,,,78013116.0
08NL065&08NL068,,,,78013116.0,78013116.0
08NL067,78012409.0,,,78012409.0,78012409.0
08NL068,78013116.0,,,,78013116.0
08NL069,78012228.0,,78012228.0,78012228.0,78012228.0
08NL070,78012217.0,,78012217.0,78012217.0,78012217.0
08NL071,78012536.0,,78012536.0,78012536.0,78012536.0
08NL072,78012223.0,,,78012223.0,78012223.0
08NL074,78012700.0,,,78012700.0,78012700.0
08NL075,78012892.0,,,78012892.0,78012892.0
08NL076,78012566.0,,,78012566.0,78012566.0
08NM0002,,,,78010683.0,78010683.0
08NM0003,,,,78012453.0,78012453.0
08NM0005&08NM022,,,,78010980.0,78010980.0
08NM0006,,,,78010637.0,78010637.0
08NM0007,,,,78010683.0,78010683.0
08NM0008,,,,78010683.0,78010683.0
08NM0009,,,,78010455.0,78010455.0
08NM001,78011968.0,,,78011968.0,78011968.0
08NM0010,,,,78013596.0,78013596.0
08NM0011,,,,78013596.0,78013596.0
08NM0012,,,,78012103.0,78012103.0
08NM0013,,,,78012103.0,78012103.0
08NM0014,,,,78012107.0,78012107.0
08NM0015,,,,78012107.0,78012107.0
08NM0017,,,,78012107.0,78012107.0
08NM0018,,,,78012107.0,78012107.0
08NM0019,,,,78012107.0,78012107.0
08NM002,78011978.0,,,,78011978.0
08NM0020,,,,78012116.0,78012116.0
08NM0021,,,,78012107.0,78012107.0
08NM0022,,,,78012107.0,78012107.0
08NM0023,,,,78012006.0,78012006.0
08NM0024,,,,78012103.0,78012103.0
08NM0025,,,,78012763.0,78012763.0
08NM0026,,,,78011183.0,78011183.0
08NM0027&08NM062,,,,78010980.0,78010980.0
08NM0028,,,,78010630.0,78010630.0
08NM0029,,,,78010630.0,78010630.0
08NM003,78012012.0,,,78012012.0,78012012.0
08NM0030,,,,78010630.0,78010630.0
08NM0031,,,,78010630.0,78010630.0
08NM0032,,,,78010630.0,78010630.0
08NM0033,,,,78010668.0,78010668.0
08NM0034&08NM067,,,,78010630.0,78010630.0
08NM004,78012763.0,,,78012763.0,78012763.0
08NM0043,,,,78010630.0,78010630.0
08NM0044,,,,78010718.0,78010718.0
08NM0046,,,,78012746.0,78012746.0
08NM0047,,,,78013072.0,78013072.0
08NM005,78013071.0,,,78013071.0,78013071.0
08NM006,78013072.0,,,78013072.0,78013072.0
08NM007,78013400.0,,,78013400.0,78013400.0
08NM008,78010630.0,,,78010630.0,78010630.0
08NM009,78010630.0,,,78010630.0,78010630.0
08NM010,78013485.0,,,78013485.0,78013485.0
08NM011,78013387.0,,,78013485.0,78013387.0
08NM012,78012841.0,,,78012841.0,78012841.0
08NM013,78013554.0,,,78013554.0,78013554.0
08NM014,78013596.0,,,78013596.0,78013596.0
08NM015,78012616.0,,,78012616.0,78012616.0
08NM016,78012110.0,,,78012110.0,78012110.0
08NM017,78012287.0,,,78012287.0,78012287.0
08NM018,78012287.0,,,78012287.0,78012287.0
08NM020,78011205.0,,,78011205.0,78011205.0
08NM021,78010468.0,,,78010468.0,78010468.0
08NM022,78010980.0,,,,78010980.0
08NM023,78013398.0,,,78013398.0,78013398.0
08NM024,78010683.0,,,78010683.0,78010683.0
08NM025,78013398.0,,,78013398.0,78013398.0
08NM026,78012093.0,,,78012093.0,78012093.0
08NM028,78011016.0,,,78011016.0,78011016.0
08NM029,78012603.0,,,78012603.0,78012603.0
08NM030,78012603.0,,,78012603.0,78012603.0
08NM031,78012678.0,,,78012678.0,78012678.0
08NM032,78012678.0,,,78012678.0,78012678.0
08NM033,78013644.0,,,78013644.0,78013644.0
08NM034,78013644.0,,,78013644.0,78013644.0
08NM035,78013426.0,,,78013426.0,78013426.0
08NM036,78013625.0,,,78013625.0,78013625.0
08NM037,78013118.0,,,78013118.0,78013118.0
08NM038,78013199.0,,,78013199.0,78013199.0
08NM039,78013485.0,,,78012110.0,78013485.0
08NM040,78013485.0,,,78013485.0,78013485.0
08NM041,78012730.0,,,78012730.0,78012730.0
08NM042,78012321.0,,,78012321.0,78012321.0
08NM043,78010980.0,,,78010980.0,78010980.0
08NM044,78010980.0,,,78010980.0,78010980.0
08NM046,78010668.0,,,78010668.0,78010668.0
08NM047,78011183.0,,,78011183.0,78011183.0
08NM048,78011016.0,,,78011016.0,78011016.0
08NM049,78013099.0,,,78013099.0,78013099.0
08NM050,78011986.0,,,78011986.0,78011986.0
08NM052,78011259.0,,,78011259.0,78011259.0
08NM053,78012074.0,,,78012074.0,78012074.0
08NM054,78012338.0,,,78012338.0,78012338.0
08NM055,78012338.0,,,78012338.0,78012338.0
08NM056,78012676.0,,,78012676.0,78012676.0
08NM057,78012107.0,,,78012107.0,78012107.0
08NM058,78012012.0,,,78012012.0,78012012.0
08NM059,78013644.0,,,78013644.0,78013644.0
08NM060,78012763.0,,,78012763.0,78012763.0
08NM061,78012093.0,,,78012093.0,78012093.0
08NM062,78010980.0,,,,78010980.0
08NM063,78011987.0,,,78011987.0,78011987.0
08NM065,78010468.0,,,78010468.0,78010468.0
08NM066,78010630.0,,,78010630.0,78010630.0
08NM067,78010630.0,,,,78010630.0
08NM068,78013325.0,,,78013325.0,78013325.0
08NM069,78013328.0,,,78013328.0,78013328.0
08NM070,78013233.0,,,78013233.0,78013233.0
08NM071,78011986.0,,,,78011986.0
08NM071&08NM083,,,,78011986.0,78011986.0
08NM072,78013812.0,,,78013812.0,78013812.0
08NM073,78013825.0,,,,78013825.0
08NM074,78013166.0,,,78013166.0,78013166.0
08NM075,78010809.0,,,78010809.0,78010809.0
08NM076,78012678.0,,,78012678.0,78012678.0
08NM082,78012841.0,,,78012841.0,78012841.0
08NM083,78011986.0,,,,78011986.0
08NM084,78011978.0,,,,78011978.0
08NM084&08NM002,,,,78011978.0,78011978.0
08NM085,78011966.0,,,78011966.0,78011966.0
08NM113,78013827.0,,,,78013827.0
08NM116,78012107.0,,,78012107.0,78012107.0
08NM117,78012074.0,,,78012074.0,78012074.0
08NM118,78012678.0,,,78012678.0,78012678.0
08NM119,78010809.0,,,78010809.0,78010809.0
08NM120,78012527.0,,,78012527.0,78012527.0
08NM121,78012891.0,,,78012891.0,78012891.0
08NM122,78012676.0,,,78012678.0,78012676.0
08NM123,78010718.0,,,78010718.0,78010718.0
08NM124,78011181.0,,,78011181.0,78011181.0
08NM125,78010718.0,,,78010718.0,78010718.0
08NM126,78015447.0,,,78015447.0,78015447.0
08NM127,78013823.0,,,78013823.0,78013823.0
08NM129,78013532.0,,,78013532.0,78013532.0
08NM130,78012858.0,,,78012858.0,78012858.0
08NM131,78013825.0,,,78013825.0,78013825.0
08NM132,78013823.0,,,78013823.0,78013823.0
08NM133,78013298.0,,,78013298.0,78013298.0
08NM134,78013427.0,,78013427.0,78013427.0,78013427.0
08NM135,78012676.0,,,78012676.0,78012676.0
08NM136,78013662.0,,,78013662.0,78013662.0
08NM137,78013562.0,,,78013562.0,78013562.0
08NM138,78012281.0,,,78012281.0,78012281.0
08NM139,78012281.0,,,78012281.0,78012281.0
08NM140,78012603.0,,,78012603.0,78012603.0
08NM141,78012012.0,,,78012012.0,78012012.0
08NM142,78011181.0,,78011181.0,78011181.0,78011181.0
08NM143,78010468.0,,,,78010468.0
08NM143&08NM183,,,,78010468.0,78010468.0
08NM145,78012093.0,,,78012093.0,78012093.0
08NM146,78010927.0,,,78010927.0,78010927.0
08NM147,78013048.0,,,78013048.0,78013048.0
08NM148,78013099.0,,,78013029.0,78013099.0
08NM149,78013072.0,,,78013072.0,78013072.0
08NM150,78013118.0,,,78013118.0,78013118.0
08NM151,78011050.0,,,78011050.0,78011050.0
08NM152,78013609.0,,,78013609.0,78013609.0
08NM153,78010809.0,,,78010809.0,78010809.0
08NM154,78010637.0,,,78010637.0,78010637.0
08NM155,78012513.0,,,78012513.0,78012513.0
08NM156,78013426.0,,,78013426.0,78013426.0
08NM157,78013644.0,,,78013644.0,78013644.0
08NM158,78012321.0,,,78012321.0,78012321.0
08NM159,78012603.0,,,78012603.0,78012603.0
08NM160,78010455.0,,,78010455.0,78010455.0
08NM161,78010683.0,,,78010683.0,78010683.0
08NM162,78010630.0,,,78010630.0,78010630.0
08NM163,78010980.0,,,78010980.0,78010980.0
08NM164,78012858.0,,,78012858.0,78012858.0
08NM165,78012018.0,,,78012018.0,78012018.0
08NM166,78012012.0,,,78012012.0,78012012.0
08NM167,78012010.0,,,78012010.0,78012010.0
08NM168,78013328.0,,,78013328.0,78013328.0
08NM169,78013328.0,,,78013328.0,78013328.0
08NM170,78012678.0,,,78012678.0,78012678.0
08NM171,78012642.0,,78012642.0,78012642.0,78012642.0
08NM172,78013619.0,,,78013619.0,78013619.0
08NM173,78013478.0,,78013478.0,78013478.0,78013478.0
08NM174,78011113.0,,78011113.0,78011113.0,78011113.0
08NM175,78010980.0,,,78010980.0,78010980.0
08NM176,78011274.0,,,78011274.0,78011274.0
08NM177,78010809.0,,,78010809.0,78010809.0
08NM179,78010637.0,,,78010637.0,78010637.0
08NM180,78010668.0,,,78010668.0,78010668.0
08NM181,78010630.0,,,78010630.0,78010630.0
08NM182,78010630.0,,,78010630.0,78010630.0
08NM183,78010468.0,,,,78010468.0
08NM197,78011976.0,,,78011976.0,78011976.0
08NM198,78013514.0,,,78013514.0,78013514.0
08NM200,78012841.0,,,78012841.0,78012841.0
08NM201,,,,78013527.0,78013527.0
08NM202&08NM220,,,,78013527.0,78013527.0
08NM207,78013456.0,,,78013456.0,78013456.0
08NM210,78013457.0,,,78013457.0,78013457.0
08NM212,78013456.0,,,78013387.0,78013456.0
08NM213,78013387.0,,,78013485.0,78013387.0
08NM215,78013485.0,,,78013485.0,78013485.0
08NM216,78013485.0,,,78013485.0,78013485.0
08NM217,78013485.0,,,78013485.0,78013485.0
08NM219,,,,78013527.0,78013527.0
08NM220,78013527.0,,,,78013527.0
08NM224,78011016.0,,,78011016.0,78011016.0
08NM225,78012209.0,,,78012209.0,78012209.0
08NM226,78012763.0,,,78012763.0,78012763.0
08NM227,78013432.0,,,78013432.0,78013432.0
08NM228,78013432.0,,,78013432.0,78013432.0
08NM229,78012147.0,,,,78012147.0
08NM229&08NM230,,,,78012147.0,78012147.0
08NM230,78012147.0,,,,78012147.0
08NM231,78012287.0,,,78012287.0,78012287.0
08NM232,78012287.0,,,78012287.0,78012287.0
08NM233,78012147.0,,,78012147.0,78012147.0
08NM234,78012093.0,,,78012093.0,78012093.0
08NM235,78010630.0,,,78010630.0,78010630.0
08NM237,78012596.0,,,78012596.0,78012596.0
08NM238,78012596.0,,,78012596.0,78012596.0
08NM239,78012110.0,,,78012110.0,78012110.0
08NM240,78013328.0,,78013328.0,78013328.0,78013328.0
08NM241,78013328.0,,78013328.0,78013328.0,78013328.0
08NM242,78013328.0,,78013328.0,78013328.0,78013328.0
08NM243,78011976.0,,,78011976.0,78011976.0
08NM246,78012453.0,,,78012453.0,78012453.0
08NM247,78011976.0,,,78011976.0,78011976.0
08NM248,78010637.0,,,,78010637.0
08NN001,78014075.0,,,78014075.0,78014075.0
08NN002,78012303.0,,78012303.0,78012303.0,78012303.0
08NN003,78012298.0,,,78012298.0,78012298.0
08NN004,78012023.0,,,78012023.0,78012023.0
08NN005,78012017.0,,,78012017.0,78012017.0
08NN006,78012011.0,,,78012011.0,78012011.0
08NN007,78012579.0,,,78012579.0,78012579.0
08NN008,78012926.0,,,78012926.0,78012926.0
08NN009,78012011.0,,,78012011.0,78012011.0
08NN010,78012245.0,,,78012245.0,78012245.0
08NN011,78014075.0,,,78014075.0,78014075.0
08NN012,78013824.0,,78013824.0,78013824.0,78013824.0
08NN013,78013893.0,,78013893.0,78013893.0,78013893.0
08NN014,78012437.0,,,78012437.0,78012437.0
08NN015,78012563.0,,78012563.0,78012563.0,78012563.0
08NN016,78012736.0,,,78012736.0,78012736.0
08NN017,78012437.0,,,78012437.0,78012437.0
08NN018,78014084.0,,,78014084.0,78014084.0
08NN019,78012661.0,,78012661.0,78012661.0,78012661.0
08NN020,78013352.0,,,78013352.0,78013352.0
08NN021,78012437.0,,,78012437.0,78012437.0
08NN022,78012351.0,,,78012351.0,78012351.0
08NN023,78012553.0,,78012553.0,78012553.0,78012553.0
08NN024,78012011.0,,,78012011.0,78012011.0
08NN025,78012335.0,,,78012335.0,78012335.0
08NN026,78012036.0,,,78012036.0,78012036.0
08NN027,78013242.0,,,78013242.0,78013242.0
08NN028,78013088.0,,,78013088.0,78013088.0
08NP001,78013949.0,,78013949.0,78013949.0,78013949.0
08NP002,78012138.0,,,78012138.0,78012138.0
08NP003,78012611.0,,,78012611.0,78012611.0
08NP004,78012834.0,,78012834.0,78012834.0,78012834.0
08NP005,78012138.0,,,78012138.0,78012138.0
08OA001,78005706.0,,,78005706.0,78005706.0
08OA002,78005565.0,,,78005565.0,78005565.0
08OA003,86044107.0,,,,86044107.0
08OA004,78006141.0,,,78006141.0,78006141.0
08OA005,86044096.0,,86044096.0,86044096.0,86044096.0
08OB001,78005997.0,,,78005997.0,78005997.0
08OB002,78005939.0,,,78005939.0,78005939.0
08OB003,78005388.0,,,86043498.0,78005388.0
08PA001,78014074.0,,,78014074.0,78014074.0
08PA002,78012667.0,,,78012667.0,78012667.0
08PA003,78012929.0,,,78012929.0,78012929.0
08PA004,78014074.0,,,78014074.0,78014074.0
08PA009,78014012.0,,,,78014012.0
08PA010,78014079.0,,,78014079.0,78014079.0
08PA012,78012440.0,,,,78012440.0
09AA001,81034013.0,,,,81034013.0
09AA001&09AA006,,,,81034013.0,81034013.0
09AA003,81034749.0,,,81034749.0,81034749.0
09AA004,81029550.0,,81029550.0,81029550.0,81029550.0
09AA006,81034013.0,,,,81034013.0
09AA007,81029435.0,,,81029435.0,81029435.0
09AA008,81034445.0,,,81034445.0,81034445.0
09AA009,81029949.0,,,81029949.0,81029949.0
09AA010,81034749.0,,,81034749.0,81034749.0
09AA011,81032051.0,,,81032051.0,81032051.0
09AA012,81030128.0,,81030128.0,81030128.0,81030128.0
09AA013,81034197.0,,81034197.0,81034197.0,81034197.0
09AA014,81034502.0,,,,81034502.0
09AA014&09AA016,,,,81034502.0,81034502.0
09AA015,81034577.0,,,81034577.0,81034577.0
09AA016,81034502.0,,,,81034502.0
09AA017,81029333.0,,,81029333.0,81029333.0
09AA018,81035989.0,,,81035989.0,81035989.0
09AB001,81029295.0,,,81029299.0,81029295.0
09AB004,81029309.0,,,81029309.0,81029309.0
09AB008,81030061.0,,,81030061.0,81030061.0
09AB009,81023847.0,,,81023847.0,81023847.0
09AB010,81023852.0,,,81023852.0,81023852.0
09AC001,81029358.0,,81029358.0,81029358.0,81029358.0
09AC004,81029368.0,,,81029368.0,81029368.0
09AC005,81029368.0,,,81029368.0,81029368.0
09AC007,81030415.0,,81030415.0,81030415.0,81030415.0
09AD001,81029227.0,,,81029227.0,81029227.0
09AD002,81030945.0,,,81030945.0,81030945.0
09AE001,81029212.0,,,81029212.0,81029212.0
09AE002,81029213.0,,81029213.0,81029213.0,81029213.0
09AE003,81034085.0,,81034085.0,81034085.0,81034085.0
09AE004,81034392.0,,,81034392.0,81034392.0
09AE006,81029676.0,,81029676.0,81029676.0,81029676.0
09AF001,81023752.0,,,81023752.0,81023752.0
09AG001,81024148.0,,81024148.0,81024148.0,81024148.0
09AG002,81030315.0,,,81030315.0,81030315.0
09AG003,81024269.0,,,81024269.0,81024269.0
09AH001,81023732.0,,,81023732.0,81023732.0
09AH003,81018832.0,,81018832.0,81018832.0,81018832.0
09AH004,81024059.0,,81024059.0,81024063.0,81024059.0
09AH005,81025055.0,,,81025055.0,81025055.0
09BA001,81024048.0,,81024048.0,81024048.0,81024048.0
09BA002,81024065.0,,,81024065.0,81024065.0
09BB001,81019656.0,,81019656.0,81019656.0,81019656.0
09BB002,81018956.0,,,81018956.0,81018956.0
09BC001,81018496.0,,81018496.0,81018496.0,81018496.0
09BC002,81024024.0,,,81024024.0,81024024.0
09BC003,81025707.0,,,81025707.0,81025707.0
09BC004,81024014.0,,81024014.0,81024014.0,81024014.0
09BC005,81018766.0,,,81018766.0,81018766.0
09CA001,81023970.0,,,81023970.0,81023970.0
09CA002,81023970.0,,,81023970.0,81023970.0
09CA003,81023916.0,,,81023916.0,81023916.0
09CA004,81024318.0,,81024318.0,81024318.0,81024318.0
09CA006,81024473.0,,81024473.0,81024473.0,81024473.0
09CB001,81024537.0,,81024537.0,81024537.0,81024537.0
09CB002,81024791.0,,,81024791.0,81024791.0
09CD001,81018427.0,,81018427.0,81018427.0,81018427.0
09DA001,81019005.0,,,81019005.0,81019005.0
09DB001,81015017.0,,81015017.0,81015017.0,81015017.0
09DC001,81018737.0,,,81018737.0,81018737.0
09DC002,81018563.0,,,81018563.0,81018563.0
09DC003,81018570.0,,,81018570.0,81018570.0
09DC004,81018734.0,,,81018734.0,81018734.0
09DC005,81014741.0,,,81014741.0,81014741.0
09DC006,81018563.0,,,81018563.0,81018563.0
09DD002,81018558.0,,,81018558.0,81018558.0
09DD003,81018519.0,,81018520.0,81018520.0,81018519.0
09DD004,81019068.0,,81019068.0,81019068.0,81019068.0
09EA003,81014678.0,,81014678.0,81014678.0,81014678.0
09EA004,81015189.0,,81015189.0,81015189.0,81015189.0
09EA005,81015259.0,,,81015259.0,81015259.0
09EA006,81014707.0,,,81014707.0,81014707.0
09EB001,81014397.0,,,81014397.0,81014397.0
09EB002,81018420.0,,,81018420.0,81018420.0
09EB003,81014516.0,,81014516.0,81014516.0,81014516.0
09EB004,81019153.0,,,81019153.0,81019153.0
09EC001,81015955.0,,,81015955.0,81015955.0
09EC002,81014340.0,,,81014341.0,81014340.0
09ED001,81014329.0,,81014329.0,81015447.0,81014329.0
09FA001,81007021.0,,,81007021.0,81007021.0
09FB001,81006811.0,,,81006811.0,81006811.0
09FB002,81006891.0,,81006891.0,81006891.0,81006891.0
09FB003,81009181.0,,,81009181.0,81009181.0
09FC001,81003610.0,,81003610.0,81003610.0,81003610.0
09FD001,81003296.0,,,81003296.0,81003296.0
09FD002,81006642.0,,81006642.0,81006642.0,81006642.0
09FD003,81003296.0,,,81003296.0,81003296.0
102010,,,,72000765.0,72000765.0
102015,,,,72000853.0,72000853.0
102701,,,,72003684.0,72003684.0
102705&03JA002,,,,72003741.0,72003741.0
102706,,,,72003697.0,72003697.0
103605,,,,72003727.0,72003727.0
103702,,,,72006039.0,72006039.0
103714,,,,72012056.0,72012056.0
104001,,,,72003771.0,72003771.0
104801,,,,72003646.0,72003646.0
10802,,,,72034783.0,72034783.0
10901,,,,72034776.0,72034776.0
10902,,,,72034784.0,72034784.0
10AA001,82020880.0,,82020881.0,82020881.0,82020880.0
10AA002,82022243.0,,,82022243.0,82022243.0
10AA004,82021235.0,,82021235.0,82021235.0,82021235.0
10AA005,82021308.0,,82021308.0,82021308.0,82021308.0
10AA006,82021227.0,,,82021227.0,82021227.0
10AB001,82020893.0,,82020893.0,82020893.0,82020893.0
10AB002,82021205.0,,,82021205.0,82021205.0
10AB003,82024520.0,,,82024520.0,82024520.0
10AC001,82025963.0,,,82025963.0,82025963.0
10AC002,82025789.0,,,82025789.0,82025789.0
10AC003,82025852.0,,,82025963.0,82025852.0
10AC004,82026156.0,,,82026156.0,82026156.0
10AC005,82026385.0,,82026385.0,82026385.0,82026385.0
10AC006,82025707.0,,,82025707.0,82025707.0
10AD001,82025441.0,,,82025441.0,82025441.0
10AD002,82017778.0,,,82017778.0,82017778.0
10BA001,82025733.0,,,82025733.0,82025733.0
10BB001,82025460.0,,,82025460.0,82025460.0
10BB002,82025498.0,,,82025498.0,82025498.0
10BC001,82025398.0,,,82025398.0,82025398.0
10BD001,82021509.0,,,82021509.0,82021509.0
10BE001,82025218.0,,82025218.0,82025218.0,82025218.0
10BE002,82025919.0,,,82025919.0,82025919.0
10BE004,82025519.0,,82025519.0,82025519.0,82025519.0
10BE005,82025192.0,,,82025192.0,82025192.0
10BE006,82025234.0,,,82025236.0,82025234.0
10BE007,82026297.0,,82026297.0,82026297.0,82026297.0
10BE008,82027483.0,,,82027483.0,82027483.0
10BE009,82026950.0,,82026950.0,82026950.0,82026950.0
10BE010,82025483.0,,,82025483.0,82025483.0
10BE011,82026129.0,,,82026129.0,82026129.0
10BE012,82025787.0,,,82025787.0,82025787.0
10BE013,82025345.0,,82025345.0,82025345.0,82025345.0
10CA001,82030215.0,,82030215.0,82030215.0,82030215.0
10CB001,82034857.0,,82034857.0,82034857.0,82034857.0
10CC001,82025401.0,,,82025401.0,82025401.0
10CC002,82030035.0,,,82030035.0,82030035.0
10CD001,82025404.0,,82025404.0,82025404.0,82025404.0
10CD002,82033346.0,,,82033346.0,82033346.0
10CD003,82026984.0,,82026984.0,82026984.0,82026984.0
10CD004,82031408.0,,82031408.0,82031408.0,82031408.0
10CD005,82031914.0,,82031914.0,82031914.0,82031914.0
10CD006,82030222.0,,,82030222.0,82030222.0
10DA001,82020920.0,,,82020920.0,82020920.0
10DB001,82026012.0,,,82026012.0,82026012.0
10EA002,82018780.0,,,82018780.0,82018780.0
10EA003,82017297.0,,82017297.0,82017297.0,82017297.0
10EA004,82018780.0,,,82018780.0,82018780.0
10EB001,82017353.0,,82017353.0,82017353.0,82017353.0
10EB002,82018023.0,,,82018023.0,82018023.0
10EB003,82020526.0,,,82020526.0,82020526.0
10EC001,82017168.0,,,82017168.0,82017168.0
10EC002,82018258.0,,,82018258.0,82018258.0
10EC003,82018258.0,,,82018258.0,82018258.0
10ED001,82020865.0,,82020866.0,82020866.0,82020865.0
10ED002,82017075.0,,82017076.0,82017076.0,82017075.0
10ED003,82017565.0,,82017565.0,82017565.0,82017565.0
10ED004,82023813.0,,,82023813.0,82023813.0
10ED005,82018767.0,,,82018767.0,82018767.0
10ED006,82023813.0,,,82023813.0,82023813.0
10ED007,82021780.0,,82021780.0,82021780.0,82021780.0
10ED008,82020834.0,,,82020835.0,82020834.0
10ED009,82018635.0,,82018635.0,82018360.0,82018635.0
10ED010,82018983.0,,,82018983.0,82018983.0
10FA001,82021531.0,,,82021531.0,82021531.0
10FA002,82021477.0,,82021477.0,82021477.0,82021477.0
10FB001,82017021.0,,,,82017021.0
10FB002,82016981.0,,,82016981.0,82016981.0
10FB003,82016986.0,,,82016985.0,82016986.0
10FB004,82017013.0,,,82019174.0,82017013.0
10FB005,82017526.0,,82017526.0,82017526.0,82017526.0
10FB006,82016975.0,,,82016976.0,82016975.0
10FC001,82020381.0,,,82020381.0,82020381.0
10GA001,82017336.0,,82017347.0,82017347.0,82017336.0
10GB001,82013508.0,,,82013508.0,82013508.0
10GB002,82016930.0,,,82016931.0,82016930.0
10GB003,82013440.0,,,82013441.0,82013440.0
10GB004,82013438.0,,,82013438.0,82013438.0
10GB005,82014739.0,,,82014739.0,82014739.0
10GB006,82013508.0,,82013508.0,82013508.0,82013508.0
10GC001,82016963.0,,,82016963.0,82016963.0
10GC002,82017813.0,,,82017813.0,82017813.0
10GC003,82017732.0,,82017732.0,82017732.0,82017732.0
10GC004,82016967.0,,,82016966.0,82016967.0
10GC005,82018735.0,,,82018735.0,82018735.0
10GC006,82016943.0,,,82016942.0,82016943.0
10GD001,82019370.0,,,82019370.0,82019370.0
10GD002,82017922.0,,,82017922.0,82017922.0
10HA001,82009709.0,,,82009709.0,82009709.0
10HA002,82014829.0,,,82014829.0,82014829.0
10HA003,82010045.0,,,82010045.0,82010045.0
10HA004,82010068.0,,,82010068.0,82010068.0
10HB001,82009755.0,,,82009755.0,82009755.0
10HB002,82009724.0,,,82009724.0,82009724.0
10HB003,82014320.0,,,82014320.0,82014320.0
10HB004,82014205.0,,,82014205.0,82014205.0
10HB005,82009774.0,,,82009774.0,82009774.0
10HC001,82013424.0,,,82013425.0,82013424.0
10HC002,82009728.0,,,82009728.0,82009728.0
10HC003,82010465.0,,,82010489.0,82010465.0
10HC004,82009720.0,,,82009719.0,82009720.0
10HC005,82009754.0,,,82009754.0,82009754.0
10HC006,82009768.0,,,82009768.0,82009768.0
10HC007,82014491.0,,,82014491.0,82014491.0
10HC008,82014157.0,,,82014157.0,82014157.0
10JA001,82006626.0,,,,82006626.0
10JA002,82006730.0,,82006730.0,82006730.0,82006730.0
10JA003,82009862.0,,,,82009862.0
10JA004,82010122.0,,,82010122.0,82010122.0
10JB001,82009912.0,,,82010447.0,82009912.0
10JC001,82009697.0,,,82009698.0,82009697.0
10JC002,82006626.0,,,,82006626.0
10JC002&10JA001,,,,82006626.0,82006626.0
10JC003,82006626.0,,82006627.0,82006627.0,82006626.0
10JD001,82004278.0,,,82004278.0,82004278.0
10JD002,82007274.0,,,82007274.0,82007274.0
10JE001,82004236.0,,,82004236.0,82004236.0
10JE002,82006626.0,,,82006627.0,82006626.0
10KA001,82006554.0,,,82006555.0,82006554.0
10KA002,82009698.0,,,82009698.0,82009698.0
10KA003,82008577.0,,,82008577.0,82008577.0
10KA004,82006563.0,,,82006562.0,82006563.0
10KA005,82008554.0,,,82008554.0,82008554.0
10KA006,82008222.0,,,82008222.0,82008222.0
10KA007,82008577.0,,82008577.0,82008577.0,82008577.0
10KA008,82007495.0,,,82007495.0,82007495.0
10KA009,82008519.0,,,82008519.0,82008519.0
10KB001,82006932.0,,82006932.0,82006932.0,82006932.0
10KB901,82006897.0,,,82006897.0,82006897.0
10KC001,82006953.0,,,82006953.0,82006953.0
10KC901,82006847.0,,,82006847.0,82006847.0
10KD001,82006539.0,,,82007339.0,82006539.0
10KD002,82004077.0,,,82004078.0,82004077.0
10KD003,82006532.0,,,82006532.0,82006532.0
10KD004,82006716.0,,,82006716.0,82006716.0
10KD005,82004077.0,,,82004078.0,82004077.0
10KD006,82004077.0,,,82004078.0,82004077.0
10KD007,82006541.0,,,82006541.0,82006541.0
10KD008,82006539.0,,,82007339.0,82006539.0
10KD009,82009250.0,,,82009250.0,82009250.0
10LA001,82001753.0,,,,82001753.0
10LA002,82004120.0,,82004120.0,82004120.0,82004120.0
10LA004,82004312.0,,,82004312.0,82004312.0
10LB001,82004047.0,,,82004048.0,82004047.0
10LB002,82004029.0,,,82004030.0,82004029.0
10LB003,82004038.0,,,82004037.0,82004038.0
10LB004,82004494.0,,,82004494.0,82004494.0
10LB005,82002284.0,,,82002284.0,82002284.0
10LB006,82004271.0,,,82004271.0,82004271.0
10LB007,82004753.0,,,82004753.0,82004753.0
10LC003,82002206.0,,82002296.0,,82002206.0
10LC004,82002508.0,,,,82002508.0
10LC005,82001745.0,,,82001745.0,82001745.0
10LC007,82002281.0,,82002281.0,,82002281.0
10LC008,82001738.0,,,,82001738.0
10LC009,82002767.0,,,,82002767.0
10LC010,82003639.0,,,,82003639.0
10LC011,82001747.0,,,82001748.0,82001747.0
10LC012,,,,82000801.0,82000801.0
10LC014,82001753.0,,,,82001753.0
10LC014&10LA001,,,,82001754.0,82001754.0
10LC017,82003576.0,,,,82003576.0
10LC018,,,,82000566.0,82000566.0
10LC020,82001497.0,,,,82001497.0
10LD001,,,,82004078.0,82004078.0
10LD002,82005307.0,,,82005307.0,82005307.0
10LD004,82004190.0,,,82004190.0,82004190.0
10MA001,82006594.0,,82006594.0,82006594.0,82006594.0
10MA002,82007001.0,,82007001.0,82007001.0,82007001.0
10MA003,82010650.0,,82010650.0,82010650.0,82010650.0
10MB001,82006754.0,,,82006754.0,82006754.0
10MB003,82006702.0,,,82006702.0,82006702.0
10MB004,82010334.0,,,82010334.0,82010334.0
10MC002,82004084.0,,82004084.0,82004084.0,82004084.0
10MC007,82002251.0,,,,82002251.0
10MC008,82001739.0,,,,82001739.0
10MC022,82001760.0,,,82001760.0,82001760.0
10MD001,82000156.0,,,,82000156.0
10MD002,82000201.0,,,,82000201.0
10NA001,82001797.0,,,82001797.0,82001797.0
10NB001,82001871.0,,,,82001871.0
10NC001,82001794.0,,82001794.0,82001794.0,82001794.0
10ND001,82000165.0,,,82000173.0,82000165.0
10ND002,82000289.0,,82000289.0,82000289.0,82000289.0
10ND003,82000464.0,,,82000464.0,82000464.0
10ND004,82000173.0,,,82000173.0,82000173.0
10ND005,82000570.0,,,82000570.0,82000570.0
10ND006,82000263.0,,,71000001.0,82000263.0
10OB001,82000062.0,,,82000062.0,82000062.0
10OC001,83000605.0,,,83000605.0,83000605.0
10PA001,83013149.0,,,83013157.0,83013149.0
10PA002,83012875.0,,,83012875.0,83012875.0
10PB001,83009365.0,,83009365.0,,83009365.0
10PB001&10PB003,,,,83009348.0,83009348.0
10PB002,83010252.0,,,83010252.0,83010252.0
10PB003,83009365.0,,,,83009365.0
10PC001,83003098.0,,,83003098.0,83003098.0
10PC002,83004001.0,,,83004001.0,83004001.0
10PC003,83002868.0,,,83002868.0,83002868.0
10PC004,83002888.0,,83002888.0,83002888.0,83002888.0
10PC005,83006169.0,,83006171.0,83006171.0,83006169.0
10QA001,83002962.0,,,83002962.0,83002962.0
10QB001,83002936.0,,,83002936.0,83002936.0
10QC001,83006116.0,,83006116.0,83006116.0,83006116.0
10QC002,83006559.0,,,83006559.0,83006559.0
10QC003,83006158.0,,,83006158.0,83006158.0
10QC004,83006158.0,,,,83006158.0
10QD001,83002814.0,,83002814.0,83002814.0,83002814.0
10RA001,83009430.0,,83009431.0,83009430.0,83009430.0
10RA002,83009473.0,,83009473.0,83009473.0,83009473.0
10RC001,83006004.0,,83006005.0,83006005.0,83006004.0
10RC002,83009587.0,,,83009587.0,83009587.0
10SA001,83000654.0,,,,83000654.0
10SA002,83000197.0,,,,83000197.0
10SA003,83000211.0,,,,83000211.0
10SA004,83000216.0,,,,83000216.0
10SB001,83002811.0,,,,83002811.0
10TA001,84001455.0,,,,84001455.0
10TF001,84006587.0,,,,84006587.0
10TM001,84000216.0,,,,84000216.0
10TM002,84000224.0,,,,84000224.0
10TN001,84003083.0,,,,84003083.0
10TN002,84001560.0,,,,84001560.0
10TN003,84000933.0,,,,84000933.0
10UB001,85000386.0,,,,85000386.0
10UE001,85005322.0,,,,85005322.0
10UF001,85006752.0,,,,85006752.0
10UG001,85007872.0,,,,85007872.0
10UG002,85008764.0,,,,85008764.0
10UH001,85009406.0,,,,85009406.0
10UH002,85009423.0,,,,85009423.0
10UH003,85008817.0,,,,85008817.0
10UH004,85009380.0,,,,85009380.0
10UH005,85009481.0,,,,85009481.0
10UH006,85009794.0,,,,85009794.0
10UH007,85008870.0,,,,85008870.0
10UH008,85009376.0,,,,85009376.0
10UH009,85009414.0,,,,85009414.0
10UH010,85009489.0,,,,85009489.0
10UH011,85008858.0,,,,85008858.0
10UH012,86075390.0,,,,86075390.0
10UH013,86075390.0,,,,86075390.0
10UH014,85009463.0,,,,85009463.0
10UJ001,85009843.0,,,,85009843.0
10VB001,86005596.0,,,,86005596.0
10VB002,86005651.0,,,,86005651.0
10VB003,86005528.0,,,,86005528.0
10VB004,86004954.0,,,,86004954.0
10VC001,86006520.0,,,,86006520.0
10VC002,86006865.0,,,,86006865.0
10VC003,86005716.0,,,,86005716.0
10VC004,86005625.0,,,,86005625.0
10VC005,86006451.0,,,,86006451.0
10VC006,86005598.0,,,,86005598.0
10VC007,86005812.0,,,,86005812.0
10VC008,86006878.0,,,,86006878.0
10VC009,86006577.0,,,,86006577.0
10VC010,86005511.0,,,,86005511.0
10VC011,86006440.0,,,,86006440.0
10VC012,86006103.0,,,,86006103.0
10VC013,86006236.0,,,,86006236.0
10VC014,86006236.0,,,,86006236.0
10VH001,86001556.0,,,,86001556.0
10VK001,86000641.0,,,,86000641.0
11003,,,,72034840.0,72034840.0
11507,,,,72035288.0,72035288.0
11702,,,,72034808.0,72034808.0
11707,,,,72034808.0,72034808.0
11AA001,74000070.0,,,74000070.0,74000070.0
11AA002,74000049.0,,,74000049.0,74000049.0
11AA003,74000042.0,,,74000042.0,74000042.0
11AA004,74000061.0,,,74000061.0,74000061.0
11AA005,74000038.0,,,74000038.0,74000038.0
11AA006,74000023.0,,,74000023.0,74000023.0
11AA007,74000011.0,,,74000011.0,74000011.0
11AA009,74000253.0,,,74001514.0,74000253.0
11AA010,74000577.0,,,74000577.0,74000577.0
11AA011,74000577.0,,,74000577.0,74000577.0
11AA012,74000577.0,,,74000532.0,74000577.0
11AA013,74000532.0,,,74000532.0,74000532.0
11AA022,74000532.0,,,74000532.0,74000532.0
11AA024,74001512.0,,,74001512.0,74001512.0
11AA025,74000071.0,,,74000071.0,74000071.0
11AA026,74000271.0,,74000271.0,74000271.0,74000271.0
11AA027,74000253.0,,,74001709.0,74000253.0
11AA028,74000077.0,,,74000077.0,74000077.0
11AA029,74000076.0,,,74000076.0,74000076.0
11AA030,74001959.0,,,74001959.0,74001959.0
11AA031,74001235.0,,,74001235.0,74001235.0
11AA032,74000072.0,,74000072.0,74000072.0,74000072.0
11AA033,74002584.0,,,74002584.0,74002584.0
11AA034,74000021.0,,,74000021.0,74000021.0
11AA035,74000009.0,,,74000009.0,74000009.0
11AA036,74000015.0,,,74000015.0,74000015.0
11AA037,74000026.0,,,74000026.0,74000026.0
11AA038,74000400.0,,,74000400.0,74000400.0
11AA039,74000472.0,,,74000696.0,74000472.0
11AA040,74000074.0,,,74000074.0,74000074.0
11AB001,74000349.0,,,74000349.0,74000349.0
11AB003,74000263.0,,,74000824.0,74000263.0
11AB004,74000824.0,,,74000824.0,74000824.0
11AB005,74000905.0,,,74000905.0,74000905.0
11AB006,74000186.0,,,74000186.0,74000186.0
11AB007,74000449.0,,,74000449.0,74000449.0
11AB008,74000218.0,,,74000218.0,74000218.0
11AB009,74000396.0,,,74000396.0,74000396.0
11AB010,74000165.0,,,74000662.0,74000165.0
11AB011,74000228.0,,,74000228.0,74000228.0
11AB014,74000905.0,,,74000905.0,74000905.0
11AB015,74000213.0,,,74000213.0,74000213.0
11AB019,74000263.0,,,74000263.0,74000263.0
11AB022,74000827.0,,,74000827.0,74000827.0
11AB023,74000258.0,,,74000258.0,74000258.0
11AB025,74000201.0,,,74000201.0,74000201.0
11AB027,74001707.0,,,74001707.0,74001707.0
11AB043,74000263.0,,,74000263.0,74000263.0
11AB051,74000851.0,,,74000851.0,74000851.0
11AB052,74000851.0,,,74000851.0,74000851.0
11AB063,74000885.0,,,74000885.0,74000885.0
11AB066,74000365.0,,,74000365.0,74000365.0
11AB067,74000365.0,,,74000365.0,74000365.0
11AB070,74000652.0,,,74000652.0,74000652.0
11AB071,74000232.0,,,74000232.0,74000232.0
11AB073,74000213.0,,,74000213.0,74000213.0
11AB075,74001720.0,,74001720.0,74001720.0,74001720.0
11AB076,74000228.0,,,74000228.0,74000228.0
11AB080,74000349.0,,,,74000349.0
11AB081,74000365.0,,,74000365.0,74000365.0
11AB082,74000248.0,,,74000248.0,74000248.0
11AB083,74001510.0,,,74001510.0,74001510.0
11AB086,74000770.0,,,74000770.0,74000770.0
11AB087,74000285.0,,,74000285.0,74000285.0
11AB088,74000216.0,,,74000216.0,74000216.0
11AB089,74000248.0,,,74000248.0,74000248.0
11AB090,74000913.0,,,,74000913.0
11AB091,74000859.0,,,74000859.0,74000859.0
11AB092,74000834.0,,,74000834.0,74000834.0
11AB093,74000415.0,,,74000415.0,74000415.0
11AB094,74000809.0,,,74000809.0,74000809.0
11AB095,74000905.0,,,74000905.0,74000905.0
11AB096,74000179.0,,,74000179.0,74000179.0
11AB097,74000692.0,,,74000702.0,74000692.0
11AB098,74000648.0,,,74000648.0,74000648.0
11AB099,74000849.0,,,74000849.0,74000849.0
11AB100,74000228.0,,,74000228.0,74000228.0
11AB101,74000154.0,,,74000154.0,74000154.0
11AB103,74000479.0,,,74000479.0,74000479.0
11AB104,74000834.0,,,74000834.0,74000834.0
11AB105,74001642.0,,,74001642.0,74001642.0
11AB107,74001443.0,,,74001443.0,74001443.0
11AB108,74000218.0,,,74000218.0,74000218.0
11AB111,74000902.0,,,74000902.0,74000902.0
11AB112,74000246.0,,,74000246.0,74000246.0
11AB113,74000349.0,,,,74000349.0
11AB114,74000349.0,,,,74000349.0
11AB115,74000349.0,,,,74000349.0
11AB115&11AB114&11AB113&11AB080,,,,74000349.0,74000349.0
11AB117,74000430.0,,74000430.0,74000430.0,74000430.0
11AB118,74000228.0,,,74000228.0,74000228.0
11AB119,74000248.0,,,74000248.0,74000248.0
11AB902,74000415.0,,,74000415.0,74000415.0
11AC001,74000182.0,,,74000215.0,74000182.0
11AC002,74000485.0,,,74000485.0,74000485.0
11AC003,74000374.0,,,74000374.0,74000374.0
11AC004,74000923.0,,,74000923.0,74000923.0
11AC006,74000910.0,,,74000910.0,74000910.0
11AC007,74000910.0,,,74000910.0,74000910.0
11AC008,74000901.0,,,74000901.0,74000901.0
11AC009,74000471.0,,,74000471.0,74000471.0
11AC010,74000119.0,,,74000120.0,74000119.0
11AC011,74000862.0,,,74000862.0,74000862.0
11AC014,74000416.0,,,74000416.0,74000416.0
11AC015,74000892.0,,,74000892.0,74000892.0
11AC016,74000910.0,,,74000910.0,74000910.0
11AC017,74000219.0,,,74000220.0,74000219.0
11AC018,74000215.0,,,74000215.0,74000215.0
11AC019,74000471.0,,,74000471.0,74000471.0
11AC020,74000899.0,,,74000899.0,74000899.0
11AC021,74000485.0,,,74000485.0,74000485.0
11AC022,74000288.0,,,74000288.0,74000288.0
11AC023,74000122.0,,,74000125.0,74000122.0
11AC024,74000817.0,,,74000817.0,74000817.0
11AC025,74000315.0,,74000315.0,74000425.0,74000315.0
11AC026,74000327.0,,,74000327.0,74000327.0
11AC027,74000099.0,,,74000099.0,74000099.0
11AC028,74000385.0,,,74000385.0,74000385.0
11AC029,74000097.0,,,74000099.0,74000097.0
11AC030,74000921.0,,,74000921.0,74000921.0
11AC031,74000921.0,,,74000921.0,74000921.0
11AC032,74000367.0,,,74000367.0,74000367.0
11AC034,74000817.0,,,74000817.0,74000817.0
11AC035,74000374.0,,,74000374.0,74000374.0
11AC036,74000861.0,,,74000861.0,74000861.0
11AC037,74000213.0,,,,74000213.0
11AC038,74000213.0,,,,74000213.0
11AC038&11AC037,,,,74000471.0,74000471.0
11AC040,74000213.0,,,74000288.0,74000213.0
11AC041,74001595.0,,,74001706.0,74001595.0
11AC046,74000907.0,,,74000907.0,74000907.0
11AC051,74000106.0,,,74000106.0,74000106.0
11AC052,74000182.0,,,,74000182.0
11AC054,74000116.0,,,,74000116.0
11AC054&11AC056,,,,74000116.0,74000116.0
11AC055,74000182.0,,,,74000182.0
11AC055&11AC052,,,,74000215.0,74000215.0
11AC056,74000116.0,,,,74000116.0
11AC057,74000161.0,,,74000161.0,74000161.0
11AC060,74000213.0,,,74000288.0,74000213.0
11AC062,74000116.0,,,74000116.0,74000116.0
11AC063,74000119.0,,,74000120.0,74000119.0
11AC064,74000910.0,,,74000910.0,74000910.0
11AC067,74000155.0,,,74000155.0,74000155.0
11AC070,74000105.0,,,74000106.0,74000105.0
11AC071,74000131.0,,,74000134.0,74000131.0
11AC072,74000910.0,,,74000910.0,74000910.0
11AC073,74000750.0,,,74000750.0,74000750.0
11AD001,74001492.0,,,74001492.0,74001492.0
11AD002,74000622.0,,,74000622.0,74000622.0
11AE001,74001513.0,,,74001513.0,74001513.0
11AE002,74001511.0,,,74001511.0,74001511.0
11AE003,74001708.0,,,74001708.0,74001708.0
11AE005,74001540.0,,,74001540.0,74001540.0
11AE006,74001716.0,,,74001716.0,74001716.0
11AE007,74001503.0,,,74001503.0,74001503.0
11AE008,74001413.0,,74001412.0,74001713.0,74001413.0
11AE009,74001534.0,,74001534.0,74001534.0,74001534.0
11AE010,74000462.0,,,74000462.0,74000462.0
11AE011,74001708.0,,,74001708.0,74001708.0
11AE012,74001719.0,,,74001719.0,74001719.0
11AE013,74001708.0,,,74001708.0,74001708.0
11AE014,74000495.0,,74000495.0,74000495.0,74000495.0
11AE015,74000233.0,,,74000233.0,74000233.0
11AE016,74000311.0,,,74000311.0,74000311.0
11AE018,74000343.0,,,74000343.0,74000343.0
11AF001,74000230.0,,,,74000230.0
11AF002,74000036.0,,,74000040.0,74000036.0
11AF004,74001440.0,,,74001440.0,74001440.0
11AF005,74001715.0,,,74001715.0,74001715.0
12170600,,,,78014074.0,78014074.0
12171000,,,,78014029.0,78014029.0
12172000,,,,78014440.0,78014440.0
12172500&12174500&12175000&12171500&08PA009,,,,78014012.0,78014012.0
12173000,,,,78015034.0,78015034.0
12173500,,,,78014255.0,78014255.0
12174000,,,,78014255.0,78014255.0
12175400,,,,78014338.0,78014338.0
12175500,,78014338.0,78014338.0,78014338.0,78014338.0
12176000,,,,78014338.0,78014338.0
12176500,,,,78014007.0,78014007.0
12177000,,,,78014007.0,78014007.0
12177450,,,,78015231.0,78015231.0
12177500,,78015231.0,,78015231.0,78015231.0
12177700,,,,78014004.0,78014004.0
12177800,,,,78014004.0,78014004.0
12178000,,,,78014004.0,78014004.0
12178100,,78015092.0,78015092.0,78015092.0,78015092.0
12178150,,,,78015092.0,78015092.0
12178400,,,,78015237.0,78015237.0
12178500,,,,78015237.0,78015237.0
12179000,,,,78013998.0,78013998.0
12179500,,,,78013998.0,78013998.0
12179800,,,,78013998.0,78013998.0
12179900,,78014540.0,,78014540.0,78014540.0
12180000,,,,78014540.0,78014540.0
12180500,,,,78015105.0,78015105.0
12181000,,,,78013995.0,78013995.0
12181100,,78014901.0,,,78014901.0
12181200,,78014901.0,,,78014901.0
12181500,,,,78015042.0,78015042.0
12182000,,,,78014276.0,78014276.0
12182500,,78014276.0,,78014276.0,78014276.0
12183500,,,,78015000.0,78015000.0
12184000,,,,78015017.0,78015017.0
12184500,,,,78014926.0,78014926.0
12184700,,,,78013992.0,78013992.0
12190000,,,,78015066.0,78015066.0
12190400,,,,78014398.0,78014398.0
12190710,,,,78014541.0,78014541.0
12190718,,,,78015220.0,78015220.0
12191500&12191600,,,,78014240.0,78014240.0
12191800,,,,78015153.0,78015153.0
12192000,,,,78015104.0,78015104.0
12192500,,,,78015104.0,78015104.0
12192600,,,,78015104.0,78015104.0
12192700,,,,78015103.0,78015103.0
12193000,,,,78014185.0,78014185.0
12193400,,,,78014185.0,78014185.0
12193500,,78014185.0,,78014185.0,78014185.0
12196000,,78015030.0,,,78015030.0
12201000,,,,78015138.0,78015138.0
12201500,,,,78014290.0,78014290.0
12201950,,,,78015155.0,78015155.0
12201960,,,,78015155.0,78015155.0
12202000,,,,78015155.0,78015155.0
12202050,,,,78015155.0,78015155.0
12202300,,78015155.0,,78015155.0,78015155.0
12202310,,78015155.0,,,78015155.0
12202400,,,,78015155.0,78015155.0
12202420,,78015155.0,,,78015155.0
12203000,,,,78015155.0,78015155.0
12203500,,,,78015155.0,78015155.0
12205000,,78014296.0,,78014296.0,78014296.0
12205245,,,,78015297.0,78015297.0
12205500,,,,78014194.0,78014194.0
12206000,,,,78015449.0,78015449.0
12206900,,78015343.0,,78015343.0,78015343.0
12207200,,,,78014144.0,78014144.0
12207750,,78015207.0,,78015207.0,78015207.0
12207850,,78015288.0,,78015288.0,78015288.0
12208000,,78014376.0,,78014376.0,78014376.0
12208500,,,,78014376.0,78014376.0
12209000,,,,78014525.0,78014525.0
12209490,,78015176.0,,78015176.0,78015176.0
12209500,,78015176.0,,78015176.0,78015176.0
12210000,,,,78014200.0,78014200.0
12210500,,,,78014129.0,78014129.0
12210700,,,,78014129.0,78014129.0
12210900,,,,78015309.0,78015309.0
12211200,,,,78014112.0,78014112.0
12211500,,,,78014112.0,78014112.0
12212000,,,,78015446.0,78015446.0
12212050,,,,78015446.0,78015446.0
12212100,,,,78014112.0,78014112.0
12212900,,,,78015331.0,78015331.0
12213100,,,,78013830.0,78013830.0
12214500,,,,78015349.0,78015349.0
12300200,,,,78014435.0,78014435.0
12300200,,,,78014435.0,78014435.0
12300400,,,,78014472.0,78014472.0
12300500,,,,78014324.0,78014324.0
12300500,,,,78014324.0,78014324.0
12300800,,,,78015276.0,78015276.0
12301000,,,,78014513.0,78014513.0
12301000,,,,78014513.0,78014513.0
12301250,,,,78014148.0,78014148.0
12301300,,78014139.0,,78014139.0,78014139.0
12301300,,78014139.0,,78014139.0,78014139.0
12301550,,,,78015149.0,78015149.0
12301550,,,,78015149.0,78015149.0
12301800,,,,78013883.0,78013883.0
12301810,,,,78014221.0,78014221.0
12301810,,,,78014221.0,78014221.0
12301920,,,,78013865.0,78013865.0
12301920&12301500&12301850&08NG042&08NG039,,,,78013865.0,78013865.0
12301933,,,,78013865.0,78013865.0
12301933,,,,78013865.0,78013865.0
12301990,,,,78014003.0,78014003.0
12301997,,,,78014233.0,78014233.0
12301999,,,,78014233.0,78014233.0
12301999,,,,78014233.0,78014233.0
12302000,,,,78014001.0,78014001.0
12302000,,,,78014001.0,78014001.0
12302055,,78014001.0,,78014001.0,78014001.0
12302055,,78014001.0,,78014001.0,78014001.0
12302500,,,,78014805.0,78014805.0
12302500,,,,78014805.0,78014805.0
12303000,,,,78013861.0,78013861.0
12303000,,,,78013861.0,78013861.0
12303100,,78014856.0,,78014856.0,78014856.0
12303100,,78014856.0,,78014856.0,78014856.0
12303400,,,,78014723.0,78014723.0
12303430,,,,78014781.0,78014781.0
12303440,,,,78014833.0,78014833.0
12303490,,,,78014257.0,78014257.0
12303500,,78014224.0,,78014224.0,78014224.0
12303500,,78014224.0,,78014224.0,78014224.0
12304000,,,,78014388.0,78014388.0
12304000,,,,78014388.0,78014388.0
12304040,,,,78014528.0,78014528.0
12304040,,,,78014528.0,78014528.0
12304060,,,,78015419.0,78015419.0
12304120,,,,78015202.0,78015202.0
12304200,,,,78013930.0,78013930.0
12304200,,,,78013930.0,78013930.0
12304300,,,,78013914.0,78013914.0
12304400,,,,78013912.0,78013912.0
12304500,,,,78013903.0,78013903.0
12304500,,,,78013903.0,78013903.0
12305000,,,,78013849.0,78013849.0
12305000,,,,78013849.0,78013849.0
12305400,,,,78015044.0,78015044.0
12305500,,78014372.0,,78014372.0,78014372.0
12305500,,78014372.0,,78014372.0,78014372.0
12305600,,,,78014372.0,78014372.0
12305730,,,,78015196.0,78015196.0
12306000,,,,78013847.0,78013847.0
12306000,,,,78013847.0,78013847.0
12306500,,,,78013977.0,78013977.0
12306500,,,,78013977.0,78013977.0
12306800,,,,78015416.0,78015416.0
12307000,,,,78013970.0,78013970.0
12307400,,,,78015245.0,78015245.0
12307500,,,,78013960.0,78013960.0
12307500,,,,78013960.0,78013960.0
12308500,,,,78013846.0,78013846.0
12309000,,,,78015146.0,78015146.0
12309000,,,,78015146.0,78015146.0
12309200,,,,78013845.0,78013845.0
12309500,,,,78013845.0,78013845.0
12309500,,,,78013845.0,78013845.0
12310000,,,,78013844.0,78013844.0
12310000,,,,78013844.0,78013844.0
12310800,,,,78015043.0,78015043.0
12311000,,78014329.0,,78014329.0,78014329.0
12311000,,78014329.0,,78014329.0,78014329.0
12311500,,,,78015170.0,78015170.0
12311500,,,,78015170.0,78015170.0
12312000,,,,78015134.0,78015134.0
12312000,,,,78015134.0,78015134.0
12312050,,,,78015134.0,78015134.0
12312100,,,,78014278.0,78014278.0
12312400,,,,78014278.0,78014278.0
12313000,,,,78015210.0,78015210.0
12313000,,,,78015210.0,78015210.0
12313500,,,,78015262.0,78015262.0
12313500,,,,78015262.0,78015262.0
12314000,,,,78013839.0,78013839.0
12314000,,,,78013839.0,78013839.0
12315200,,,,78015311.0,78015311.0
12315200,,,,78015311.0,78015311.0
12315400,,,,78015301.0,78015301.0
12315400,,,,78015301.0,78015301.0
12316800,,,,78015445.0,78015445.0
12316800,,,,78015445.0,78015445.0
12317000,,,,78015445.0,78015445.0
12317000,,,,78015445.0,78015445.0
12317500,,,,78015311.0,78015311.0
12317500,,,,78015311.0,78015311.0
12318500,,,,78013837.0,78013837.0
12319500,,,,78015360.0,78015360.0
12319500,,,,78015360.0,78015360.0
12320500,,,,78015326.0,78015326.0
12320500,,,,78015326.0,78015326.0
12320700,,,,78014422.0,78014422.0
12320700,,,,78014422.0,78014422.0
12321000,,,,78014422.0,78014422.0
12321000,,,,78014422.0,78014422.0
12321001,,,,78014422.0,78014422.0
12321500,,,,78012087.0,78012087.0
12321500,,,,78012087.0,78012087.0
12322000,,,,78012016.0,78012016.0
12322000,,,,78012016.0,78012016.0
12322001,,,,78012015.0,78012015.0
12323170,,,,78020071.0,78020071.0
12323170,,,,78020071.0,78020071.0
12323200,,,,78021549.0,78021549.0
12323200,,,,78021549.0,78021549.0
12323220,,,,78021534.0,78021534.0
12323230,,,,78020463.0,78020463.0
12323233,,,,78020463.0,78020463.0
12323240,,78017653.0,,78017653.0,78017653.0
12323240,,78017653.0,,78020463.0,78017653.0
12323242,,,,78017653.0,78017653.0
12323248,,,,78017653.0,78017653.0
12323250,,78017653.0,,78017653.0,78017653.0
12323250,,78017653.0,,78017653.0,78017653.0
12323300,,,,78017809.0,78017809.0
12323500,,,,78017808.0,78017808.0
12323500,,,,78017808.0,78017808.0
12323600,,78017512.0,,78017512.0,78017512.0
12323600,,78017512.0,,78017512.0,78017512.0
12323670,,78018612.0,,78018612.0,78018612.0
12323670,,78018612.0,,78018612.0,78018612.0
12323700,,78018612.0,,78018612.0,78018612.0
12323700,,78018612.0,,78018608.0,78018612.0
12323710,,78018608.0,,78018608.0,78018608.0
12323710,,78018608.0,,78018608.0,78018608.0
12323720,,78018608.0,,78018608.0,78018608.0
12323720,,78018608.0,,78018608.0,78018608.0
12323750,,78017510.0,,78017510.0,78017510.0
12323750,,78017510.0,,78017510.0,78017510.0
12323760,,78018390.0,,78018390.0,78018390.0
12323760,,78018390.0,,78018390.0,78018390.0
12323770,,78018390.0,,78017510.0,78018390.0
12323800,,78017509.0,,78017510.0,78017509.0
12323800,,78017509.0,,78017510.0,78017509.0
12323840,,78018791.0,,78018791.0,78018791.0
12323850,,78018067.0,,78018067.0,78018067.0
12324000,,,,78018892.0,78018892.0
12324000,,,,78018892.0,78018892.0
12324100,,,,78018892.0,78018892.0
12324100,,,,78018892.0,78018892.0
12324200,,78017501.0,,78017501.0,78017501.0
12324200,,78017501.0,,78017501.0,78017501.0
12324250,,,,78018944.0,78018944.0
12324300,,,,78017496.0,78017496.0
12324300,,,,78017496.0,78017496.0
12324400,,,,78017496.0,78017496.0
12324400,,,,78017496.0,78017496.0
12324590,,78018044.0,,78018044.0,78018044.0
12324590,,78018044.0,,78018044.0,78018044.0
12324600,,,,78017494.0,78017494.0
12324660,,,,78018388.0,78018388.0
12324680,,78017489.0,,78017489.0,78017489.0
12324680,,78017489.0,,78017489.0,78017489.0
12324800,,,,78019314.0,78019314.0
12325000,,,,78018433.0,78018433.0
12325500,,78018433.0,,78018433.0,78018433.0
12325500,,78018433.0,,78018433.0,78018433.0
12326000,,,,78018785.0,78018785.0
12326000,,,,78018785.0,78018785.0
12326500,,,,78018785.0,78018785.0
12326500,,,,78018785.0,78018785.0
12327000,,,,78018785.0,78018785.0
12327000,,,,78018785.0,78018785.0
12327090,,,,78018240.0,78018240.0
12327090,,,,78018240.0,78018240.0
12327100,,,,78018879.0,78018879.0
12327500,,,,78018962.0,78018962.0
12327500,,,,78018962.0,78018962.0
12328000,,,,78018962.0,78018962.0
12328000,,,,78018962.0,78018962.0
12328500,,,,78018145.0,78018145.0
12328500,,,,78018145.0,78018145.0
12329000,,,,78018145.0,78018145.0
12329000,,,,78018145.0,78018145.0
12329500,,78018145.0,,78018145.0,78018145.0
12329500,,78018145.0,,78018145.0,78018145.0
12330000,,78018403.0,,78018403.0,78018403.0
12330000,,78018403.0,,78018403.0,78018403.0
12330500,,,,78018038.0,78018038.0
12330500,,,,78018038.0,78018038.0
12331000,,,,78018038.0,78018038.0
12331000,,,,78018038.0,78018038.0
12331100,,,,78018023.0,78018023.0
12331100,,,,78018023.0,78018023.0
12331500,,78017997.0,,78017997.0,78017997.0
12331500,,78017997.0,,78017997.0,78017997.0
12331590,,,,78017997.0,78017997.0
12331590,,,,78017997.0,78017997.0
12331600,,,,78017486.0,78017486.0
12331600,,,,78017486.0,78017486.0
12331700,,,,78019296.0,78019296.0
12331800,,78017483.0,,78017483.0,78017483.0
12331800,,78017483.0,,78017483.0,78017483.0
12331900,,,,78017480.0,78017480.0
12331900,,,,78017480.0,78017480.0
12332000,,78017761.0,,78017761.0,78017761.0
12332000,,78017761.0,,78017761.0,78017761.0
12332500,,,,78018613.0,78018613.0
12333000,,,,78018613.0,78018613.0
12333000,,,,78018613.0,78018613.0
12333500,,,,78017690.0,78017690.0
12333500,,,,78017690.0,78017690.0
12334000,,,,78019116.0,78019116.0
12334000,,,,78019116.0,78019116.0
12334500,,,,78019116.0,78019116.0
12334500,,,,78017690.0,78017690.0
12334510,,78017683.0,,78017683.0,78017683.0
12334510,,78017683.0,,78017683.0,78017683.0
12334550,,78017476.0,,78017476.0,78017476.0
12334570,,,,78017476.0,78017476.0
12334600,,,,78016442.0,78016442.0
12334600,,,,78016442.0,78016442.0
12334650,,,,78017658.0,78017658.0
12334650,,,,78017658.0,78017658.0
12334680,,,,78017848.0,78017848.0
12334700,,,,78017648.0,78017648.0
12334800,,,,78017642.0,78017642.0
12334900,,,,78017638.0,78017638.0
12335000,,,,78017635.0,78017635.0
12335000,,,,78017635.0,78017635.0
12335100,,78017635.0,,78017635.0,78017635.0
12335100,,78017635.0,,78017635.0,78017635.0
12335500,,78018278.0,,78018278.0,78018278.0
12335500,,78018278.0,,78018278.0,78018278.0
12336000&12336500,,,,78018235.0,78018235.0
12336600,,,,78018235.0,78018235.0
12337000,,,,78018235.0,78018235.0
12337000,,,,78018235.0,78018235.0
12337500,,,,78018316.0,78018316.0
12337500,,,,78018316.0,78018316.0
12337800,,,,78018016.0,78018016.0
12337800,,,,78019535.0,78019535.0
12338000,,,,78016055.0,78016055.0
12338000,,,,78016055.0,78016055.0
12338100,,,,78015668.0,78015668.0
12338100,,,,78015668.0,78015668.0
12338300,,78017593.0,,78017593.0,78017593.0
12338300,,78017593.0,,78017593.0,78017593.0
12338500,,,,78016423.0,78016423.0
12338540,,,,78016170.0,78016170.0
12338550,,,,78016406.0,78016406.0
12338600,,,,78016484.0,78016484.0
12338690,,,,78015624.0,78015624.0
12338700,,,,78015621.0,78015621.0
12339000,,,,78017543.0,78017543.0
12339000,,,,78017543.0,78017543.0
12339300,,,,78016617.0,78016617.0
12339450,,,,78017841.0,78017841.0
12339500,,,,78017790.0,78017790.0
12339500,,,,78017790.0,78017790.0
12339800,,,,78017538.0,78017538.0
12339800,,,,78017538.0,78017538.0
12339900,,,,78017532.0,78017532.0
12340000,,78017532.0,,78017532.0,78017532.0
12340000,,78017532.0,,78017532.0,78017532.0
12340200,,,,78017475.0,78017475.0
12340500,,78017475.0,,78017475.0,78017475.0
12340500,,78017475.0,,78017475.0,78017475.0
12341000,,,,78017793.0,78017793.0
12341000,,,,78017793.0,78017793.0
12341500,,,,78017474.0,78017474.0
12341500,,,,78017474.0,78017474.0
12342000,,,,78020300.0,78020300.0
12342500,,78020300.0,,78020300.0,78020300.0
12342500,,78020300.0,,78020300.0,78020300.0
12342950,,,,78021595.0,78021595.0
12343000,,,,78020172.0,78020172.0
12343000,,,,78020172.0,78020172.0
12343300,,,,78019949.0,78019949.0
12343300,,,,78019949.0,78019949.0
12343400,,78019949.0,,78019949.0,78019949.0
12343400,,78019949.0,,78019949.0,78019949.0
12343500,,,,78019949.0,78019949.0
12343500,,,,78019949.0,78019949.0
12344000,,78019935.0,,78019935.0,78019935.0
12344300,,,,78017589.0,78017589.0
12344500,,,,78018586.0,78018586.0
12345000,,,,78018586.0,78018586.0
12345000,,,,78018586.0,78018586.0
12345800,,,,78018723.0,78018723.0
12345850,,,,78018356.0,78018356.0
12345850,,,,78018356.0,78018356.0
12346000,,,,78017572.0,78017572.0
12346000,,,,78017572.0,78017572.0
12346500,,78018395.0,,78018395.0,78018395.0
12346500,,78018395.0,,78018395.0,78018395.0
12347000,,,,78018395.0,78018395.0
12347000,,,,78018395.0,78018395.0
12347500,,78018852.0,,78018852.0,78018852.0
12347500,,78018852.0,,78018852.0,78018852.0
12348000,,,,78018852.0,78018852.0
12348000,,,,78018852.0,78018852.0
12348200,,,,78017566.0,78017566.0
12348200,,,,78017566.0,78017566.0
12348500,,,,78018871.0,78018871.0
12348500,,,,78018871.0,78018871.0
12349000,,,,78018871.0,78018871.0
12349000,,,,78018871.0,78018871.0
12349500,,,,78018953.0,78018953.0
12349500,,,,78018953.0,78018953.0
12350000,,,,78018561.0,78018561.0
12350000,,,,78018561.0,78018561.0
12350250,,78017564.0,,78017565.0,78017564.0
12350250,,78017564.0,,78017565.0,78017564.0
12350500,,,,78019174.0,78019174.0
12350500,,,,78019174.0,78019174.0
12351000,,,,78018401.0,78018401.0
12351000,,,,78018401.0,78018401.0
12351200,,78017557.0,,78017558.0,78017557.0
12351200,,78017557.0,,78017558.0,78017557.0
12351400,,,,78019274.0,78019274.0
12351400,,,,78019274.0,78019274.0
12351500,,,,78018079.0,78018079.0
12351500,,,,78018079.0,78018079.0
12352000,,,,78018079.0,78018079.0
12352000,,,,78018079.0,78018079.0
12352200,,,,78017555.0,78017555.0
12352500,,78017555.0,,78017554.0,78017555.0
12352500,,78017555.0,,78017554.0,78017555.0
12352980,,,,78017554.0,78017554.0
12353000,,78017471.0,,78017471.0,78017471.0
12353000,,78017471.0,,78017471.0,78017471.0
12353250,,,,78016624.0,78016624.0
12353280,,,,78016053.0,78016053.0
12353280,,,,78016053.0,78016053.0
12353300,,,,78015531.0,78015531.0
12353300,,,,78017468.0,78017468.0
12353400,,,,78015531.0,78015531.0
12353450,,,,78015776.0,78015776.0
12353500,,,,78015529.0,78015529.0
12353500,,,,78015529.0,78015529.0
12353650,,,,78015521.0,78015521.0
12353800,,,,78016568.0,78016568.0
12353820,,,,78016565.0,78016565.0
12353820,,,,78016565.0,78016565.0
12354000,,78015927.0,,78015927.0,78015927.0
12354000,,78015927.0,,78015927.0,78015927.0
12354100,,,,78016637.0,78016637.0
12354500,,78015514.0,,78015515.0,78015514.0
12354500,,78015514.0,,78015515.0,78015514.0
12354700,,,,78015513.0,78015513.0
12355000,,,,78013949.0,78013949.0
12355100,,,,78014091.0,78014091.0
12355100,,,,78014091.0,78014091.0
12355150,,,,78015393.0,78015393.0
12355150,,,,78015393.0,78015393.0
12355350,,,,78014465.0,78014465.0
12355500,,,,78013901.0,78013901.0
12355500,,,,78013901.0,78013901.0
12355700,,,,78013789.0,78013789.0
12355700,,,,78013789.0,78013789.0
12356000,,,,78014811.0,78014811.0
12356000,,,,78014811.0,78014811.0
12356500,,,,78014811.0,78014811.0
12356500,,,,78014811.0,78014811.0
12357000,,,,78013787.0,78013787.0
12357000,,,,78013787.0,78013787.0
12357500,,,,78013777.0,78013777.0
12357500,,,,78013777.0,78013777.0
12358000,,,,78014189.0,78014189.0
12358000,,,,78014189.0,78014189.0
12358500,,78013776.0,78013776.0,78013776.0,78013776.0
12358500,,78013776.0,78013776.0,78013776.0,78013776.0
12359000,,,,78015844.0,78015844.0
12359000,,,,78015844.0,78015844.0
12359500,,,,78016086.0,78016086.0
12359500,,,,78016086.0,78016086.0
12359800,,78015843.0,,78015843.0,78015843.0
12359800,,78015843.0,,78015843.0,78015843.0
12360000,,,,78015807.0,78015807.0
12360000,,,,78015807.0,78015807.0
12360500,,,,78015813.0,78015813.0
12360500,,,,78015813.0,78015813.0
12360600,,,,78013972.0,78013972.0
12360600,,,,78013972.0,78013972.0
12361000,,78014046.0,,78014046.0,78014046.0
12361000,,78014046.0,,78014046.0,78014046.0
12361500,,,,78014516.0,78014516.0
12361500,,,,78014516.0,78014516.0
12361600,,,,78014727.0,78014727.0
12361880,,,,78014775.0,78014775.0
12361880,,,,78014775.0,78014775.0
12361950,,,,78014861.0,78014861.0
12361950,,,,78014861.0,78014861.0
12361960,,,,78014912.0,78014912.0
12361960,,,,78014912.0,78014912.0
12362000,,,,78013953.0,78013953.0
12362000,,,,78013953.0,78013953.0
12362500,,78013953.0,,78013953.0,78013953.0
12362500,,78013953.0,,78013953.0,78013953.0
12363000,,,,78013772.0,78013772.0
12363000,,,,78013772.0,78013772.0
12363500,,,,78013771.0,78013771.0
12363900,,,,78015078.0,78015078.0
12363920,,,,78014198.0,78014198.0
12363920,,,,78014202.0,78014202.0
12364000,,,,78014309.0,78014309.0
12364000,,,,78014309.0,78014309.0
12364500,,,,78014190.0,78014190.0
12365000,,78014126.0,,78014126.0,78014126.0
12365500,,,,78014126.0,78014126.0
12365700,,78014126.0,,78014126.0,78014126.0
12365700,,78014126.0,,78014126.0,78014126.0
12365800,,,,78014494.0,78014494.0
12365800,,,,78014249.0,78014249.0
12366000,,78014169.0,,78014169.0,78014169.0
12366000,,78014169.0,,78014169.0,78014169.0
12366080,,78014141.0,,78014141.0,78014141.0
12366080,,78014141.0,,78014141.0,78014141.0
12366100,,,,78014884.0,78014884.0
12366500,,,,78013769.0,78013769.0
12367000,,,,78014743.0,78014743.0
12367000,,,,78014743.0,78014743.0
12367500,,,,78014030.0,78014030.0
12367500,,,,78014030.0,78014030.0
12367800,,,,78014011.0,78014011.0
12367800,,,,78014011.0,78014011.0
12369000,,,,78013767.0,78013767.0
12369000,,,,78013767.0,78013767.0
12369200,,78016130.0,,78016130.0,78016130.0
12369200,,78016130.0,,78016130.0,78016130.0
12369250,,,,78016130.0,78016130.0
12369650,,,,78017281.0,78017281.0
12369650,,,,78017250.0,78017250.0
12370000,,78014053.0,,78014053.0,78014053.0
12370000,,78014053.0,,78014053.0,78014053.0
12370100,,,,78014028.0,78014028.0
12370500,,,,78017319.0,78017319.0
12371100,,,,78017095.0,78017095.0
12371100,,,,78017095.0,78017095.0
12371500&12371550,,,,78015546.0,78015546.0
12372000,,78015546.0,,78015546.0,78015546.0
12372500&12373000,,,,78014690.0,78014690.0
12373000,,,,78014690.0,78014690.0
12373500,,,,78015767.0,78015767.0
12374000,,,,78015751.0,78015751.0
12374000,,,,78015751.0,78015751.0
12374250,,78017191.0,78017191.0,78017191.0,78017191.0
12374250,,78017191.0,78017191.0,78017191.0,78017191.0
12374300,,,,78017191.0,78017191.0
12374500,,,,78015732.0,78015732.0
12374500,,,,78015732.0,78015732.0
12374800,,,,78017267.0,78017267.0
12374800,,,,78017267.0,78017267.0
12375000,,,,78017134.0,78017134.0
12375500,,,,78017134.0,78017134.0
12375900,,78016861.0,78016861.0,78016861.0,78016861.0
12375900,,78016861.0,78016861.0,78016861.0,78016861.0
12376000,,,,78016194.0,78016194.0
12376000,,,,78016194.0,78016194.0
12376500,,,,78016383.0,78016383.0
12376500,,,,78016383.0,78016383.0
12377000,,,,78016029.0,78016029.0
12377000,,,,78016029.0,78016029.0
12377150,,78016721.0,78016721.0,78016721.0,78016721.0
12377150,,78016721.0,78016721.0,78016721.0,78016721.0
12377500,,,,78016666.0,78016666.0
12377500,,,,78016666.0,78016666.0
12378000,,,,78016225.0,78016225.0
12378000,,,,78016225.0,78016225.0
12378500,,,,78016798.0,78016798.0
12378500,,,,78016798.0,78016798.0
12379000,,,,78016798.0,78016798.0
12379000,,,,78016798.0,78016798.0
12379500,,,,78016129.0,78016129.0
12379500,,,,78016129.0,78016129.0
12379600,,,,78016020.0,78016020.0
12380500,,,,78016605.0,78016605.0
12381000,,,,78016605.0,78016605.0
12381400,,78016508.0,78016508.0,78016508.0,78016508.0
12381400,,78016508.0,78016508.0,78016128.0,78016508.0
12381500,,,,78016128.0,78016128.0
12381500,,,,78016128.0,78016128.0
12382000,,,,78016634.0,78016634.0
12382000,,,,78016634.0,78016634.0
12383000,,,,78016043.0,78016043.0
12383000,,,,78016043.0,78016043.0
12383500,,78016043.0,78016043.0,78016043.0,78016043.0
12383500,,78016043.0,78016043.0,78016043.0,78016043.0
12384000,,,,78016043.0,78016043.0
12384000,,,,78016043.0,78016043.0
12384500,,,,78016043.0,78016043.0
12384500,,,,78016043.0,78016043.0
12385000&12387100,,,,78016536.0,78016536.0
12385500,,,,78016536.0,78016536.0
12385500&12387200,,,,78016536.0,78016536.0
12386000,,,,78016454.0,78016454.0
12387000,,,,78016454.0,78016454.0
12387000,,,,78016454.0,78016454.0
12387450,,78016549.0,,78016549.0,78016549.0
12387450,,78016549.0,,78016549.0,78016549.0
12387500,,,,78016309.0,78016309.0
12387500,,,,78016309.0,78016309.0
12388000,,,,78015915.0,78015915.0
12388000,,,,78015915.0,78015915.0
12388200,,78015915.0,,78015915.0,78015915.0
12388200,,78015915.0,,78015915.0,78015915.0
12388400,,78016628.0,78016628.0,78016628.0,78016628.0
12388400,,78016628.0,78016628.0,78016628.0,78016628.0
12388500,,,,78016628.0,78016628.0
12388500,,,,78016628.0,78016628.0
12388650,,,,78016853.0,78016853.0
12388650,,,,78016853.0,78016853.0
12388700,,78015536.0,,78015536.0,78015536.0
12388700,,78015536.0,,78015536.0,78015536.0
12389000,,,,78015509.0,78015509.0
12389000,,,,78015509.0,78015509.0
12389200,,,,78015759.0,78015759.0
12389300,,,,78015724.0,78015724.0
12389400,,,,78016081.0,78016081.0
12389450,,,,78017086.0,78017086.0
12389500,,78015705.0,,78015705.0,78015705.0
12389500,,78015705.0,,78015705.0,78015705.0
12390000,,,,78015499.0,78015499.0
12390500,,,,78016033.0,78016033.0
12390500,,,,78016033.0,78016033.0
12390700,,78016011.0,78016011.0,78016011.0,78016011.0
12391000,,,,78015499.0,78015499.0
12391000,,,,78015499.0,78015499.0
12391100,,,,78017128.0,78017128.0
12391200,,,,78016092.0,78016092.0
12391300&12391400,,,,78015487.0,78015487.0
12391400,,,,78015487.0,78015487.0
12391420,,,,78015810.0,78015810.0
12391500,,,,78014510.0,78014510.0
12391550,,,,78014254.0,78014254.0
12391550,,,,78014254.0,78014254.0
12391950,,,,78013761.0,78013761.0
12391950,,,,78013761.0,78013761.0
12392000,,,,78013761.0,78013761.0
12392000,,,,78013761.0,78013761.0
12392150,,,,78014351.0,78014351.0
12392155,,78014351.0,,78014351.0,78014351.0
12392155,,78014351.0,,78014351.0,78014351.0
12392199,,,,78014993.0,78014993.0
12392200,,,,78014344.0,78014344.0
12392300,,78014279.0,,78014279.0,78014279.0
12392300,,78014279.0,,78014279.0,78014279.0
12392350,,,,78014379.0,78014379.0
12392390,,,,78014199.0,78014199.0
12392390,,,,78014199.0,78014199.0
12392400,,,,78014495.0,78014495.0
12392400,,,,78014495.0,78014495.0
12392450,,,,78014495.0,78014495.0
12392450,,,,78014495.0,78014495.0
12392500,,,,78013743.0,78013743.0
12392660,,,,78014527.0,78014527.0
12392660,,,,78014527.0,78014527.0
12392950,,,,78015128.0,78015128.0
12393000,,,,78013910.0,78013910.0
12393500,,,,78013906.0,78013906.0
12393500,,,,78013910.0,78013910.0
12393600,,,,78014982.0,78014982.0
12394000,,78013905.0,,78013905.0,78013905.0
12394000,,78013905.0,,78013905.0,78013905.0
12394500,,,,78013898.0,78013898.0
12395000,,78013896.0,,78013896.0,78013896.0
12395000,,78013896.0,,78013896.0,78013896.0
12395500,,,,78013743.0,78013743.0
12395500,,,,78013743.0,78013743.0
12395502,,,,78013743.0,78013743.0
12395800,,,,78014742.0,78014742.0
12395900,,,,78014742.0,78014742.0
12395950,,,,78013740.0,78013740.0
12396000,,78014342.0,,78014342.0,78014342.0
12396000,,78014342.0,,78014342.0,78014342.0
12396100,,,,78014836.0,78014836.0
12396200,,,,78014438.0,78014438.0
12396450,,,,78015225.0,78015225.0
12396455,,,,78013728.0,78013728.0
12396490&12396501,,,,78013727.0,78013727.0
12396500,,,,78013727.0,78013727.0
12396500,,,,78013727.0,78013727.0
12396900,,78015378.0,,78015378.0,78015378.0
12396950,,,,78015229.0,78015229.0
12397000,,,,78015229.0,78015229.0
12397000,,,,78015229.0,78015229.0
12397100,,78015229.0,,78015229.0,78015229.0
12397100,,78015229.0,,78015229.0,78015229.0
12397500,,,,78014299.0,78014299.0
12397500,,,,78014299.0,78014299.0
12398000,,78014299.0,,78014299.0,78014299.0
12398000,,78014299.0,,78014299.0,78014299.0
12398500&12398550&12398560,,,,78011906.0,78011906.0
12398560,,,,78011906.0,78011906.0
12398600,,,,78011906.0,78011906.0
12398600,,,,78011906.0,78011906.0
12399500,,,,78013723.0,78013723.0
12399500,,,,78013723.0,78013723.0
12399510,,,,78013723.0,78013723.0
12399550,,,,78013723.0,78013723.0
12399550,,,,78013723.0,78013723.0
12399600,,,,78014353.0,78014353.0
12399600,,,,78014353.0,78014353.0
12400000,,,,78014049.0,78014049.0
12400000,,,,78014049.0,78014049.0
12400500,,,,78014027.0,78014027.0
12400500,,,,78014027.0,78014027.0
12400520,,,,78013720.0,78013720.0
12400900,,,,78012245.0,78012245.0
12400900,,,,78012245.0,78012245.0
12401500,,,,78013893.0,78013893.0
12401500,,,,78013893.0,78013893.0
12404500,,,,78013824.0,78013824.0
12404500,,,,78013824.0,78013824.0
12404860,,,,78015395.0,78015395.0
12404900,,,,78013816.0,78013816.0
12405000,,,,78013816.0,78013816.0
12405000,,,,78013816.0,78013816.0
12405400,,,,78015130.0,78015130.0
12405500,,,,78013696.0,78013696.0
12406000,,,,78014676.0,78014676.0
12406500,,,,78014603.0,78014603.0
12407520,,,,78014657.0,78014657.0
12407550,,,,78014717.0,78014717.0
12407700,,,,78014374.0,78014374.0
12408000,,,,78014137.0,78014137.0
12408300,,,,78014231.0,78014231.0
12408420,,,,78014500.0,78014500.0
12408500,,78014421.0,,,78014421.0
12409000,,78014104.0,,78014104.0,78014104.0
12409200,,,,78015014.0,78015014.0
12409290,,,,78013708.0,78013708.0
12409500,,,,78014274.0,78014274.0
12409500,,,,78014274.0,78014274.0
12409900,,,,78014795.0,78014795.0
12409920,,,,78014795.0,78014795.0
12410000,,,,78014795.0,78014795.0
12410000,,,,78014795.0,78014795.0
12410050,,,,78014801.0,78014801.0
12410500,,,,78014260.0,78014260.0
12410500,,,,78014260.0,78014260.0
12410600,,,,78014711.0,78014711.0
12410650,,,,78014721.0,78014721.0
12410700,,,,78014531.0,78014531.0
12410710,,,,78014738.0,78014738.0
12410715,,,,78014693.0,78014693.0
12410770,,,,78014746.0,78014746.0
12410775,,,,78014356.0,78014356.0
12410780,,,,78014356.0,78014356.0
12410785,,,,78017376.0,78017376.0
12410790,,,,78017325.0,78017325.0
12411000,,78015712.0,78015712.0,78015712.0,78015712.0
12411500,,,,78015700.0,78015700.0
12411800,,,,78017063.0,78017063.0
12411935,,,,78016189.0,78016189.0
12412000,,,,78015693.0,78015693.0
12412500,,,,78015998.0,78015998.0
12413000,,78015684.0,,78015684.0,78015684.0
12413040,,,,78016843.0,78016843.0
12413125,,78016909.0,,78016909.0,78016909.0
12413130,,78016878.0,,78016878.0,78016878.0
12413140,,78016830.0,,78016830.0,78016830.0
12413150,,78016104.0,,78016104.0,78016104.0
12413180,,,,78016837.0,78016837.0
12413210,,78016004.0,,78016004.0,78016004.0
12413250,,,,78016004.0,78016004.0
12413300,,,,78016004.0,78016004.0
12413355,,78016004.0,,78016004.0,78016004.0
12413360,,78016836.0,,78016836.0,78016836.0
12413370,,78016836.0,,78016836.0,78016836.0
12413400,,,,78016808.0,78016808.0
12413445,,78016284.0,,78016284.0,78016284.0
12413470,,78015930.0,,78015930.0,78015930.0
12413500,,78015680.0,,78015680.0,78015680.0
12413700,,,,78016809.0,78016809.0
12413810,,,,78015677.0,78015677.0
12413860,,78015672.0,,78015672.0,78015672.0
12413875,,78015623.0,,78015623.0,78015623.0
12414000,,,,78015609.0,78015609.0
12414200,,,,78016158.0,78016158.0
12414350,,,,78016375.0,78016375.0
12414500,,78015603.0,78015603.0,78015603.0,78015603.0
12414900,,78015635.0,,78015635.0,78015635.0
12415075,,,,78015598.0,78015598.0
12415140,,78015597.0,,78015597.0,78015597.0
12415250,,,,78016318.0,78016318.0
12415285,,,,78016890.0,78016890.0
12415290,,,,78016912.0,78016912.0
12415350,,,,78016347.0,78016347.0
12415980,,,,78017279.0,78017279.0
12416000,,78017210.0,,78017210.0,78017210.0
12416500,,,,78017210.0,78017210.0
12419000,,78015585.0,,,78015585.0
12419200,,,,78017271.0,78017271.0
12419500,,78015585.0,,78015585.0,78015585.0
12419800,,,,78017199.0,78017199.0
12420000,,,,78017018.0,78017018.0
12420500,,78015584.0,,78015584.0,78015584.0
12421000,,,,78015583.0,78015583.0
12421500,,,,78015583.0,78015583.0
12422000,,,,78015583.0,78015583.0
12422500,,78015582.0,,78015582.0,78015582.0
12422950,,,,78016068.0,78016068.0
12422990,,78016068.0,,78016068.0,78016068.0
12424000,,78015836.0,,78015836.0,78015836.0
12424500,,,,78015580.0,78015580.0
12426000,,,,78015579.0,78015579.0
12428000,,,,78014668.0,78014668.0
12428500,,,,78015795.0,78015795.0
12431000,,78015650.0,,78015650.0,78015650.0
12431500,,78015649.0,,78015649.0,78015649.0
12433000,,78015577.0,,78015577.0,78015577.0
12433100,,,,78015773.0,78015773.0
12433200,,78015738.0,,78015738.0,78015738.0
12433500,,,,78015574.0,78015574.0
12433542,,78017287.0,,78017287.0,78017287.0
12433558,,,,78017287.0,78017287.0
12433561,,,,78017287.0,78017287.0
12433580,,,,78017061.0,78017061.0
12433890,,78014237.0,,78014237.0,78014237.0
12434110,,78014182.0,,78014182.0,78014182.0
12434500,,,,78014117.0,78014117.0
12434590,,78014117.0,,78014117.0,78014117.0
12436000,,,,78013696.0,78013696.0
12436500,,,,78013696.0,78013696.0
12437505,,,,78014287.0,78014287.0
12437900,,,,78015475.0,78015475.0
12438000,,,,78013685.0,78013685.0
12438900,,,,78013948.0,78013948.0
12438905,,,,78013948.0,78013948.0
12439000,,,,78013825.0,78013825.0
12439000&08NM113&08NM073,,,,78013825.0,78013825.0
12439100,,,,78013825.0,78013825.0
12439150,,,,78013825.0,78013825.0
12439150,,,,78013825.0,78013825.0
12439180,,,,78015385.0,78015385.0
12439240,,,,78015385.0,78015385.0
12439260,,,,78015385.0,78015385.0
12439280,,,,78015385.0,78015385.0
12439300,,78015385.0,,78015385.0,78015385.0
12439300,,78015385.0,,78015385.0,78015385.0
12439350,,,,78013823.0,78013823.0
12439400,,,,78013823.0,78013823.0
12439400,,,,78013823.0,78013823.0
12439500,,,,78013823.0,78013823.0
12439500,,,,78013823.0,78013823.0
12440000,,,,78015200.0,78015200.0
12440000,,,,78015200.0,78015200.0
12441000,,,,78014316.0,78014316.0
12441000,,,,78014316.0,78014316.0
12441500,,,,78014316.0,78014316.0
12441500,,,,78014316.0,78014316.0
12441700,,,,78015380.0,78015380.0
12442000,,,,78014317.0,78014317.0
12442000,,,,78014317.0,78014317.0
12442300,,,,78014229.0,78014229.0
12442300,,,,78014229.0,78014229.0
12442400,,,,78014217.0,78014217.0
12442500,,,,78013968.0,78013968.0
12442500,,,,78013968.0,78013968.0
12443500,,,,78013968.0,78013968.0
12443500,,,,78013968.0,78013968.0
12443600,,,,78013968.0,78013968.0
12443700,,,,78015285.0,78015285.0
12443800,,,,78015285.0,78015285.0
12443800,,,,78015285.0,78015285.0
12444000,,,,78014425.0,78014425.0
12444100,,,,78014425.0,78014425.0
12444150,,,,78015302.0,78015302.0
12444175,,,,78015302.0,78015302.0
12444220,,,,78015302.0,78015302.0
12444225,,,,78015302.0,78015302.0
12444290,,,,78013818.0,78013818.0
12444440,,,,78014512.0,78014512.0
12444475,,,,78014512.0,78014512.0
12444488,,,,78014330.0,78014330.0
12444490,,,,78014330.0,78014330.0
12444490,,,,78014330.0,78014330.0
12444510,,,,78014330.0,78014330.0
12444530,,,,78014330.0,78014330.0
12444550,,,,78014330.0,78014330.0
12444700,,,,78014549.0,78014549.0
12445000,,,,78013812.0,78013812.0
12445000,,,,78013812.0,78013812.0
12445100,,,,78014995.0,78014995.0
12445150,,,,78014995.0,78014995.0
12445190,,,,78014995.0,78014995.0
12445200,,,,78014995.0,78014995.0
12445390,,,,78014995.0,78014995.0
12445400,,,,78014995.0,78014995.0
12445500,,,,78014392.0,78014392.0
12445700,,,,78014931.0,78014931.0
12445800,,,,78014551.0,78014551.0
12445900,,,,78014384.0,78014384.0
12445920,,,,78014772.0,78014772.0
12445930,,,,78014477.0,78014477.0
12445945,,,,78014827.0,78014827.0
12445948,,,,78015802.0,78015802.0
12446000,,,,78013805.0,78013805.0
12446000,,,,78013805.0,78013805.0
12446150,,,,78015116.0,78015116.0
12446400,,,,78014432.0,78014432.0
12446500,,,,78014393.0,78014393.0
12446500,,,,78014393.0,78014393.0
12446995,,,,78014393.0,78014393.0
12447000,,,,78014393.0,78014393.0
12447000,,,,78013805.0,78013805.0
12447200,,,,78013800.0,78013800.0
12447200,,,,78013801.0,78013801.0
12447270,,,,78014885.0,78014885.0
12447285,,,,78014499.0,78014499.0
12447300,,,,78013799.0,78013799.0
12447300,,,,78013800.0,78013800.0
12447306,,,,78014767.0,78014767.0
12447370,,,,78014250.0,78014250.0
12447383,,78014181.0,,,78014181.0
12447387,,,,78014978.0,78014978.0
12447390,,78015352.0,78015352.0,78015352.0,78015352.0
12448000,,78014133.0,,78014133.0,78014133.0
12448500,,78014125.0,,78014125.0,78014125.0
12448998,,78014186.0,,78014186.0,78014186.0
12449500,,78014111.0,,78014111.0,78014111.0
12449760,,,,78014098.0,78014098.0
12449950,,78014092.0,,78014092.0,78014092.0
12450500,,,,78014092.0,78014092.0
12450650,,,,78015472.0,78015472.0
12450660,,,,78015473.0,78015473.0
12450700,,,,78015473.0,78015473.0
12451000,,78014191.0,78014191.0,78014191.0,78014191.0
12451600,,,,78014632.0,78014632.0
12451650,,,,78015671.0,78015671.0
12452500,,78015651.0,,78015651.0,78015651.0
12452800,,78015749.0,,78015749.0,78015749.0
12452890,,78016046.0,,78016046.0,78016046.0
12452990,,78015708.0,,,78015708.0
12453690,,,,78015466.0,78015466.0
12453700,,,,78015466.0,78015466.0
12454000,,78015748.0,,78015748.0,78015748.0
12454500,,,,78015729.0,78015729.0
12455000,,,,78015729.0,78015729.0
12456500,,78015734.0,,78015734.0,78015734.0
12457000,,,,78015711.0,78015711.0
12458000,,,,78016007.0,78016007.0
12458500,,,,78015972.0,78015972.0
12459000,,,,78015690.0,78015690.0
12461000,,,,78015687.0,78015687.0
12461500,,,,78016816.0,78016816.0
12462000,,,,78016295.0,78016295.0
12462500,,,,78015681.0,78015681.0
12462600,,,,78015460.0,78015460.0
12462610,,,,78016697.0,78016697.0
12463500,,,,78015979.0,78015979.0
12464000,,,,78015890.0,78015890.0
12464500,,,,78015455.0,78015455.0
12464606,,,,78019582.0,78019582.0
12464670,,,,78016868.0,78016868.0
12464770,,78015876.0,,78015876.0,78015876.0
12464780,,,,78015867.0,78015867.0
12464800,,78016281.0,,78016281.0,78016281.0
12464809,,,,78015845.0,78015845.0
12465000,,78015831.0,,78015831.0,78015831.0
12465400,,78015942.0,,78015942.0,78015942.0
12465500,,78015891.0,,78015891.0,78015891.0
12467000,,78015820.0,,78015820.0,78015820.0
12470500,,78015993.0,,,78015993.0
12471000,,,,78015819.0,78015819.0
12471090,,,,78017751.0,78017751.0
12471270,,,,78016582.0,78016582.0
12471400,,,,78017599.0,78017599.0
12471500,,,,78017541.0,78017541.0
12471724,,,,78019291.0,78019291.0
12472500,,,,78017530.0,78017530.0
12472600,,,,78017530.0,78017530.0
12472800,,,,78017419.0,78017419.0
12473520,,,,78017406.0,78017406.0
12473740,,,,78018191.0,78018191.0
12474500,,,,78016805.0,78016805.0
12475000,,,,78016613.0,78016613.0
12476000,,78016361.0,,78016361.0,78016361.0
12477000,,,,78016034.0,78016034.0
12479000,,,,78016114.0,78016114.0
12479500,,,,78015913.0,78015913.0
12480000,,,,78016101.0,78016101.0
12480500,,,,78016101.0,78016101.0
12481000,,,,78016213.0,78016213.0
12483500,,,,78017752.0,78017752.0
12483600,,,,78016560.0,78016560.0
12483800,,78016668.0,,78016668.0,78016668.0
12484500,,,,78017721.0,78017721.0
12487000,,,,78017691.0,78017691.0
12487400,,,,78019422.0,78019422.0
12488000,,78018389.0,,78018389.0,78018389.0
12488500,,,,78018410.0,78018410.0
12489500,,,,78017640.0,78017640.0
12491500,,78018163.0,,78018163.0,78018163.0
12492500,,78018136.0,,78018136.0,78018136.0
12494000,,,,78017636.0,78017636.0
12499000,,,,78017631.0,78017631.0
12500450,,,,78017627.0,78017627.0
12500500,,78018359.0,,78018359.0,78018359.0
12501000,,78019082.0,,78019082.0,78019082.0
12501500,,,,78019082.0,78019082.0
12502000,,,,78018155.0,78018155.0
12502500,,78017976.0,,78017976.0,78017976.0
12503000,,,,78017626.0,78017626.0
12505000,,,,78017626.0,78017626.0
12506000,,,,78018141.0,78018141.0
12506500,,,,78018251.0,78018251.0
12508000,,,,78018065.0,78018065.0
12508480,,,,78018040.0,78018040.0
12508500,,,,78018021.0,78018021.0
12508990,,,,78017613.0,78017613.0
12509050,,,,78017613.0,78017613.0
12509500,,,,78017612.0,78017612.0
12509698,,,,78018906.0,78018906.0
12510500,,,,78017609.0,78017609.0
12510618,,,,78019228.0,78019228.0
12510625,,,,78019228.0,78019228.0
12510655,,,,78018109.0,78018109.0
12512000,,,,78017604.0,78017604.0
12512500,,78019552.0,,78019552.0,78019552.0
12512550,,78018373.0,,78018373.0,78018373.0
12513000,,78018129.0,,,78018129.0
12513300,,,,78019218.0,78019218.0
12513500,,78017965.0,,78017965.0,78017965.0
12513650,,,,78017951.0,78017951.0
12514000,,,,78017402.0,78017402.0
12514095,,,,78018727.0,78018727.0
13010000,,,,78022244.0,78022244.0
13010065,,,,78022244.0,78022244.0
13010450,,,,78025082.0,78025082.0
13010500,,,,78024200.0,78024200.0
13011000,,,,78024200.0,78024200.0
13011500,,,,78024332.0,78024332.0
13011900,,,,78024601.0,78024601.0
13012000,,,,78024550.0,78024550.0
13012490,,,,78025025.0,78025025.0
13012500,,,,78025025.0,78025025.0
13013000,,,,78025086.0,78025086.0
13013650,,,,78024194.0,78024194.0
13014500,,,,78024551.0,78024551.0
13015000,,,,78024551.0,78024551.0
13016100,,,,78024193.0,78024193.0
13016240,,78025997.0,,78025997.0,78025997.0
13016305,,78025930.0,,78025930.0,78025930.0
13016450,,78024883.0,,78024883.0,78024883.0
13017000,,,,78025728.0,78025728.0
13018000,,,,78025766.0,78025766.0
13018300,,78025711.0,78025711.0,78025711.0,78025711.0
13018350,,78024759.0,,78024759.0,78024759.0
13018500,,,,78024759.0,78024759.0
13018750,,,,78024190.0,78024190.0
13019000,,,,78025061.0,78025061.0
13019438,,,,78025559.0,78025559.0
13019500,,,,78024552.0,78024552.0
13020000,,,,78025100.0,78025100.0
13020500,,,,78025529.0,78025529.0
13021000,,,,78024186.0,78024186.0
13021500,,,,78025442.0,78025442.0
13022000,,,,78025451.0,78025451.0
13022500,,,,78024184.0,78024184.0
13023000,,,,78024341.0,78024341.0
13024000,,,,78027757.0,78027757.0
13024500,,,,78027835.0,78027835.0
13025000,,78027939.0,,78027939.0,78027939.0
13025500,,,,78027167.0,78027167.0
13026000,,,,78027170.0,78027170.0
13026500,,,,78026924.0,78026924.0
13027000,,,,78028098.0,78028098.0
13027500,,,,78024173.0,78024173.0
13029500,,,,78024911.0,78024911.0
13030000,,,,78025115.0,78025115.0
13032000,,,,78024916.0,78024916.0
13032500,,,,78024158.0,78024158.0
13033500,,,,78025165.0,78025165.0
13034000,,,,78025036.0,78025036.0
13034500,,,,78024985.0,78024985.0
13035500,,,,78025922.0,78025922.0
13036000,,,,78024147.0,78024147.0
13036500,,,,78025943.0,78025943.0
13037000,,,,78024143.0,78024143.0
13037500,,,,78024140.0,78024140.0
13038500,,,,78024140.0,78024140.0
13039000,,,,78022608.0,78022608.0
13039500,,78022608.0,,78022608.0,78022608.0
13040000,,,,78022393.0,78022393.0
13041000,,,,78022339.0,78022339.0
13041010,,,,78022339.0,78022339.0
13041500,,,,78022497.0,78022497.0
13042000,,,,78022223.0,78022223.0
13042500,,78022223.0,,78022223.0,78022223.0
13043000,,,,78022717.0,78022717.0
13043500,,,,78022203.0,78022203.0
13044000,,,,78022133.0,78022133.0
13044500,,,,78022288.0,78022288.0
13046000,,78022109.0,,78022109.0,78022109.0
13046680,,78022467.0,,78022467.0,78022467.0
13046995,,78022257.0,,78022257.0,78022257.0
13047500,,78022257.0,,78022257.0,78022257.0
13047600,,78022257.0,,78022257.0,78022257.0
13048000,,,,78022886.0,78022886.0
13048500,,,,78021718.0,78021718.0
13049500,,78021718.0,,,78021718.0
13050500,,78024051.0,,78024051.0,78024051.0
13051000,,,,78025042.0,78025042.0
13051500,,,,78026079.0,78026079.0
13052000,,,,78024689.0,78024689.0
13052200,,78024671.0,,78024671.0,78024671.0
13052500,,,,78026073.0,78026073.0
13053000,,,,78026139.0,78026139.0
13054000,,,,78024624.0,78024624.0
13054200,,,,78024567.0,78024567.0
13054300,,,,78024945.0,78024945.0
13054500,,,,78024943.0,78024943.0
13054600,,,,78024943.0,78024943.0
13054800,,,,78024509.0,78024509.0
13054805,,,,78024509.0,78024509.0
13055000,,78024481.0,,78024481.0,78024481.0
13055198,,78024481.0,,,78024481.0
13055250,,78026304.0,,,78026304.0
13055319,,,,78025199.0,78025199.0
13055340,,78024468.0,,78024468.0,78024468.0
13056500,,78024048.0,,78024048.0,78024048.0
13057500,,,,78024119.0,78024119.0
13057940,,78024090.0,,78024090.0,78024090.0
13057950,,,,78024083.0,78024083.0
13058000,,78024083.0,,78024083.0,78024083.0
13063000,,,,78026978.0,78026978.0
13063500,,,,78027295.0,78027295.0
13064500,,,,78026848.0,78026848.0
13065000,,,,78026636.0,78026636.0
13065500,,,,78026636.0,78026636.0
13065940,,,,78025519.0,78025519.0
13066000,,,,78024156.0,78024156.0
13066500,,,,78024154.0,78024154.0
13068500,,,,78024060.0,78024060.0
13070000,,,,78026784.0,78026784.0
13071000,,,,78026784.0,78026784.0
13071500,,,,78027329.0,78027329.0
13072000,,,,78026748.0,78026748.0
13072500,,,,78027948.0,78027948.0
13073000,,,,78026724.0,78026724.0
13073500,,,,78026724.0,78026724.0
13074000,,,,78027588.0,78027588.0
13075100,,,,78027344.0,78027344.0
13075320,,,,78027304.0,78027304.0
13075500,,,,78026697.0,78026697.0
13075910,,,,78026697.0,78026697.0
13075958,,,,78026534.0,78026534.0
13075960,,,,78026534.0,78026534.0
13075983,,78026844.0,,,78026844.0
1307599660,,,,78027781.0,78027781.0
1307599910,,,,78027848.0,78027848.0
13076000,,,,78026992.0,78026992.0
13076100,,,,78027128.0,78027128.0
13076110,,,,78026980.0,78026980.0
13076200,,,,78026963.0,78026963.0
13077500,,,,78027068.0,78027068.0
13077600,,,,78027767.0,78027767.0
13077650,,,,78026998.0,78026998.0
13077700,,,,78026818.0,78026818.0
13078000,,,,78026670.0,78026670.0
13078205,,,,78026666.0,78026666.0
13078500,,,,78026662.0,78026662.0
13079000,,,,78026822.0,78026822.0
13079200,,,,78027230.0,78027230.0
13079500,,,,78027230.0,78027230.0
13079600,,,,78027331.0,78027331.0
13079901,,,,78026643.0,78026643.0
13082300,,,,78027279.0,78027279.0
13082500,,,,78026669.0,78026669.0
13083000,,78027334.0,78027334.0,78027334.0,78027334.0
13083500,,,,78026667.0,78026667.0
13084000,,,,78026664.0,78026664.0
13084400,,,,78027424.0,78027424.0
13084500,,,,78027424.0,78027424.0
13088400,,,,78027296.0,78027296.0
13088404,,,,78027296.0,78027296.0
13088500,,,,78027477.0,78027477.0
13088510,,,,78027477.0,78027477.0
13090000,,,,78026461.0,78026461.0
13090500,,,,78026458.0,78026458.0
13092000,,78027135.0,,78027135.0,78027135.0
13092300,,,,78027572.0,78027572.0
13092500,,,,78027565.0,78027565.0
13092747,,78026965.0,,78026965.0,78026965.0
13093000,,,,78026907.0,78026907.0
13093095,,,,78026907.0,78026907.0
13094000,,,,78026454.0,78026454.0
13094680,,,,78027785.0,78027785.0
13096000,,,,78028183.0,78028183.0
13098000,,,,78028285.0,78028285.0
13099000,,,,78028256.0,78028256.0
13101000,,,,78028177.0,78028177.0
13103000,,,,78028263.0,78028263.0
13104000,,,,78028166.0,78028166.0
13104900,,,,78028164.0,78028164.0
13105&01AD014,,,,72040234.0,72040234.0
13105000,,,,78028163.0,78028163.0
13106500,,,,78026608.0,78026608.0
13106600,,,,78027421.0,78027421.0
13106650,,,,78027397.0,78027397.0
13106700,,,,78027084.0,78027084.0
13107000,,,,78027084.0,78027084.0
13107500,,,,78027420.0,78027420.0
13108000,,,,78026566.0,78026566.0
13108150,,,,78026566.0,78026566.0
13108500,,,,78022376.0,78022376.0
13108900,,,,78022346.0,78022346.0
13109000,,,,78022346.0,78022346.0
13111000,,,,78022346.0,78022346.0
13111500,,,,78024413.0,78024413.0
13112000,,78024413.0,,78024415.0,78024413.0
13112500,,,,78022464.0,78022464.0
13113000,,78022464.0,,78022464.0,78022464.0
13113500,,78022332.0,,78022332.0,78022332.0
13114000,,78024415.0,,78024415.0,78024415.0
13114500,,,,78024343.0,78024343.0
13115500,,,,78022519.0,78022519.0
13116000,,78022519.0,,78022519.0,78022519.0
13116500,,78022310.0,,78022310.0,78022310.0
13117000,,,,78022342.0,78022342.0
13117020,,,,78022290.0,78022290.0
13117030,,,,78022290.0,78022290.0
13117300,,,,78022649.0,78022649.0
13117500,,,,78022409.0,78022409.0
13118000,,,,78022320.0,78022320.0
13118500,,,,78022616.0,78022616.0
13118700,,78022285.0,,78022294.0,78022285.0
13119000,,78024120.0,,78024120.0,78024120.0
13120000,,78024862.0,,,78024862.0
13120500,,78022044.0,,78022044.0,78022044.0
13121000,,,,78022010.0,78022010.0
13121500,,,,78022010.0,78022010.0
13122000,,,,78022449.0,78022449.0
13127000,,78024248.0,,78024248.0,78024248.0
13128000,,,,78026363.0,78026363.0
13128500,,,,78026363.0,78026363.0
13128900,,,,78026363.0,78026363.0
13129500,,,,78026363.0,78026363.0
13129800,,,,78026209.0,78026209.0
13130000,,,,78026209.0,78026209.0
13130500,,,,78024238.0,78024238.0
13130900,,,,78025020.0,78025020.0
13131000,,,,78024854.0,78024854.0
13131500,,,,78026399.0,78026399.0
13132000,,,,78024235.0,78024235.0
13132500,,78024221.0,,78024221.0,78024221.0
13132520,,78024216.0,,,78024216.0
13132535,,78024215.0,,,78024215.0
13132565,,78024213.0,,,78024213.0
13135000,,,,78026446.0,78026446.0
13135500,,78024970.0,,78024970.0,78024970.0
13136000,,,,78024697.0,78024697.0
13136500,,,,78025101.0,78025101.0
13137000,,,,78025101.0,78025101.0
13137500,,,,78024983.0,78024983.0
13138500,,,,78024617.0,78024617.0
13139500,,78024573.0,,78024573.0,78024573.0
13139510,,,,78024573.0,78024573.0
13140500,,,,78024534.0,78024534.0
13140800,,78024521.0,,78024521.0,78024521.0
13141000,,78024504.0,,78024504.0,78024504.0
13141070,,,,78025700.0,78025700.0
13141500,,78024493.0,,78024493.0,78024493.0
13142500,,78024471.0,,78024471.0,78024471.0
13144500,,,,78026530.0,78026530.0
13145000,,,,78026530.0,78026530.0
13145500,,,,78026530.0,78026530.0
13146500,,,,78026525.0,78026525.0
13147000,,,,78025332.0,78025332.0
13147500,,,,78024898.0,78024898.0
13147900,,78024822.0,,78024822.0,78024822.0
13148000,,,,78024822.0,78024822.0
13148500,,78024724.0,,78024724.0,78024724.0
13149000,,,,78024986.0,78024986.0
13149500,,,,78025750.0,78025750.0
13150000,,,,78024927.0,78024927.0
13150430,,78024810.0,,78024810.0,78024810.0
13151000,,,,78024511.0,78024511.0
13152500,,78026520.0,,78026520.0,78026520.0
13153500,,78026514.0,,,78026514.0
13153776,,,,78026440.0,78026440.0
13154000,,,,78024263.0,78024263.0
13154400,,,,78026635.0,78026635.0
13154500,,,,78026438.0,78026438.0
13155000,,,,78026843.0,78026843.0
13155300,,,,78026846.0,78026846.0
13155400,,,,78026846.0,78026846.0
13155500,,,,78026846.0,78026846.0
13155620,,,,78026846.0,78026846.0
13155700,,,,78026639.0,78026639.0
13156000,,,,78026847.0,78026847.0
13156500,,,,78025501.0,78025501.0
13157150,,,,78027082.0,78027082.0
13157500,,,,78025432.0,78025432.0
13158000,,,,78025551.0,78025551.0
13159000,,,,78025551.0,78025551.0
13159500,,,,78025181.0,78025181.0
13159800,,78024951.0,,78024951.0,78024951.0
13160000,,,,78024951.0,78024951.0
13161500,,,,78028215.0,78028215.0
13162000,,,,78026792.0,78026792.0
13162225,,,,78026814.0,78026814.0
13162500,,,,78026813.0,78026813.0
13163000,,,,78026757.0,78026757.0
13163500,,,,78027384.0,78027384.0
13164000,,,,78027384.0,78027384.0
13164500,,,,78027137.0,78027137.0
13165000,,,,78026797.0,78026797.0
13165500,,,,78027248.0,78027248.0
13166000,,,,78026830.0,78026830.0
13166500,,,,78027402.0,78027402.0
13167000,,,,78026755.0,78026755.0
13167500,,78026721.0,,78026721.0,78026721.0
13168000,,,,78026696.0,78026696.0
13169500,,78026940.0,,78026940.0,78026940.0
13171620,,,,78026420.0,78026420.0
13172000,,,,78024397.0,78024397.0
13172500,,,,78024019.0,78024019.0
13172890,,,,78024965.0,78024965.0
13173500,,,,78024503.0,78024503.0
13174000,,,,78028265.0,78028265.0
13174900,,,,78028230.0,78028230.0
13175000,,,,78028224.0,78028224.0
13175100,,,,78028221.0,78028221.0
13175500,,,,78028221.0,78028221.0
13176000,,,,78026812.0,78026812.0
13176900,,,,78028346.0,78028346.0
13177000,,,,78028346.0,78028346.0
13177200,,,,78028234.0,78028234.0
13177800,,,,78028208.0,78028208.0
13177985,,,,78026850.0,78026850.0
13178000,,,,78026752.0,78026752.0
13181000,,,,78026539.0,78026539.0
13182000,,,,78024100.0,78024100.0
13182500,,,,78024072.0,78024072.0
13183000,,,,78024072.0,78024072.0
13184000,,,,78024064.0,78024064.0
13184500,,,,78024586.0,78024586.0
13184870,,,,78026402.0,78026402.0
13185000,,78024312.0,,78024312.0,78024312.0
13185500,,,,78026004.0,78026004.0
13186000,,78024520.0,,78024520.0,78024520.0
13186500,,,,78024829.0,78024829.0
13187000,,,,78025863.0,78025863.0
13190000,,,,78024476.0,78024476.0
13190500,,78024476.0,,78024476.0,78024476.0
13191000,,,,78024464.0,78024464.0
13191500,,,,78025882.0,78025882.0
13192000,,,,78025844.0,78025844.0
13192500,,,,78025906.0,78025906.0
13193000,,,,78024982.0,78024982.0
13193500,,,,78025895.0,78025895.0
13194000,,,,78024302.0,78024302.0
13195500,,,,78026315.0,78026315.0
13196000,,,,78026315.0,78026315.0
13196500,,78026315.0,,,78026315.0
13197000,,,,78026315.0,78026315.0
13197500,,,,78026315.0,78026315.0
13198000,,,,78026338.0,78026338.0
13198500,,,,78026338.0,78026338.0
13199000,,,,78024940.0,78024940.0
13199500,,,,78025005.0,78025005.0
13200000,,78024636.0,,78024672.0,78024636.0
13200500,,78025981.0,,78025981.0,78025981.0
13201500,,,,78024299.0,78024299.0
13202000,,78024299.0,,78024299.0,78024299.0
13203510,,,,78024299.0,78024299.0
13203700,,,,78024299.0,78024299.0
13204640,,78025932.0,,78025932.0,78025932.0
13205000,,,,78025932.0,78025932.0
13205500,,78024291.0,,78024291.0,78024291.0
13205633,,,,78025945.0,78025945.0
13206000,,78024287.0,,78024287.0,78024287.0
13206500,,,,78026140.0,78026140.0
13207000,,,,78026140.0,78026140.0
13207500,,,,78024939.0,78024939.0
13210050,,,,78024284.0,78024284.0
13210280,,,,78025759.0,78025759.0
13211309,,,,78024554.0,78024554.0
13212500,,78024271.0,,78024273.0,78024271.0
13213000,,78024268.0,,78024271.0,78024268.0
13213100,,,,78024000.0,78024000.0
13214000,,,,78024315.0,78024315.0
13215000,,,,78024308.0,78024308.0
13216500,,78024421.0,,78024421.0,78024421.0
13217000,,,,78024357.0,78024357.0
13217500,,78024357.0,,,78024357.0
13217501,,,,78024357.0,78024357.0
13219000,,,,78024289.0,78024289.0
13220000,,,,78024272.0,78024272.0
13220500,,,,78024272.0,78024272.0
13226500,,78024059.0,,78024059.0,78024059.0
13227000,,,,78024059.0,78024059.0
13228000,,,,78024058.0,78024058.0
13229500,,,,78022330.0,78022330.0
13233300,,,,78024058.0,78024058.0
13234500,,,,78023122.0,78023122.0
13235000,,78021942.0,78021942.0,78021942.0,78021942.0
13235500,,,,78023493.0,78023493.0
13236000,,,,78022428.0,78022428.0
13236500,,78022428.0,,78022428.0,78022428.0
13237000,,,,78022335.0,78022335.0
13237500,,,,78021928.0,78021928.0
13237920,,78022214.0,,78022214.0,78022214.0
13238000,,78021919.0,,78021919.0,78021919.0
13238322,,,,78020641.0,78020641.0
13238500,,,,78022034.0,78022034.0
13239000,,78022034.0,,78022034.0,78022034.0
13240000,,78022737.0,78022737.0,78022737.0,78022737.0
13240500,,,,78022737.0,78022737.0
13241000,,,,78022737.0,78022737.0
13241500,,,,78022737.0,78022737.0
13242500,,78022737.0,,78022737.0,78022737.0
13243500,,,,78022474.0,78022474.0
13244500,,,,78021944.0,78021944.0
13245000,,78021944.0,,78021944.0,78021944.0
13245500,,,,78021930.0,78021930.0
13246000,,78021930.0,,78021930.0,78021930.0
13246500,,,,78021918.0,78021918.0
13247000,,,,78026371.0,78026371.0
13247500,,78024254.0,,78024254.0,78024254.0
13248000,,,,78025193.0,78025193.0
13248500,,,,78026273.0,78026273.0
13249000,,,,78023452.0,78023452.0
13249500,,78024239.0,,78024239.0,78024239.0
13250000,,78024227.0,,78024227.0,78024227.0
13250500,,,,78024224.0,78024224.0
13250600,,78023031.0,,78023031.0,78023031.0
13251000,,78021830.0,,78021830.0,78021830.0
13251500,,78022084.0,,78022084.0,78022084.0
13252000,,,,78022019.0,78022019.0
13253000,,,,78023818.0,78023818.0
13253500,,,,78021996.0,78021996.0
13254000,,,,78021843.0,78021843.0
13254500,,78021843.0,,78021843.0,78021843.0
13255000,,,,78021825.0,78021825.0
13255050,,,,78021825.0,78021825.0
13255060,,,,78021819.0,78021819.0
13255500,,,,78022588.0,78022588.0
13256000,,,,78021814.0,78021814.0
13256800,,,,78022466.0,78022466.0
13257000,,,,78022466.0,78022466.0
13257500,,,,78023763.0,78023763.0
13258500,,78021805.0,,78021805.0,78021805.0
13260000,,,,78022729.0,78022729.0
13260500,,,,78022494.0,78022494.0
13261000,,78022494.0,,78022494.0,78022494.0
13261500,,,,78022331.0,78022331.0
13262000,,,,78023453.0,78023453.0
13263500,,,,78021790.0,78021790.0
13264000,,,,78022357.0,78022357.0
13264500,,78022357.0,,78022357.0,78022357.0
13265500,,78022307.0,,78022307.0,78022307.0
13266000,,78021786.0,,78021786.0,78021786.0
13267000,,,,78023554.0,78023554.0
13267050,,,,78023554.0,78023554.0
13267500,,,,78023383.0,78023383.0
13268000,,,,78023383.0,78023383.0
13268500,,,,78023383.0,78023383.0
13269000,,,,78021676.0,78021676.0
13269300,,,,78022470.0,78022470.0
13270800,,,,78022813.0,78022813.0
13272500,,,,78022295.0,78022295.0
13273000,,78022295.0,,78022295.0,78022295.0
13274200,,78022134.0,,78022134.0,78022134.0
13275000,,78022101.0,,78022101.0,78022101.0
13275300,,78022442.0,,78022442.0,78022442.0
13275500,,,,78022284.0,78022284.0
13277000,,78022219.0,,78022219.0,78022219.0
13281500,,,,78020031.0,78020031.0
13285500,,,,78021737.0,78021737.0
13286700,,78021728.0,,78021728.0,78021728.0
13288200,,78021997.0,,78021997.0,78021997.0
13289700,,,,78021664.0,78021664.0
13289960,,,,78021981.0,78021981.0
13290000,,,,78021664.0,78021664.0
13290190,,78021971.0,,78021971.0,78021971.0
13290200,,,,78019723.0,78019723.0
13290450,,,,78019721.0,78019721.0
13290460,,,,78019720.0,78019720.0
13290500,,,,78019710.0,78019710.0
13292000,,78020139.0,,78020139.0,78020139.0
13292280,,,,78026235.0,78026235.0
13292380,,,,78026335.0,78026335.0
13292500,,,,78022048.0,78022048.0
13293000,,,,78026291.0,78026291.0
13293350,,,,78022893.0,78022893.0
13293500,,,,78021832.0,78021832.0
13294000,,,,78022615.0,78022615.0
13294500,,,,78021823.0,78021823.0
13294600,,,,78023347.0,78023347.0
13294640,,,,78023151.0,78023151.0
13295000,,78022501.0,,78022501.0,78022501.0
13295500,,,,78021821.0,78021821.0
13296000,,,,78022432.0,78022432.0
13296500,,78021813.0,,78021813.0,78021813.0
13297000,,,,78022718.0,78022718.0
13297330,,78023257.0,,78023257.0,78023257.0
13297350,,78022824.0,,78022824.0,78022824.0
13297355,,78022824.0,,78022824.0,78022824.0
13297450,,,,78022911.0,78022911.0
13297500,,,,78022978.0,78022978.0
13297597,,,,78022009.0,78022009.0
13298000,,,,78021962.0,78021962.0
13298500,,78021788.0,,78021788.0,78021788.0
13299000,,,,78022559.0,78022559.0
13299200,,,,78022559.0,78022559.0
13299255,,,,78022822.0,78022822.0
13299500,,,,78022671.0,78022671.0
13300500,,,,78022784.0,78022784.0
13301500,,,,78022681.0,78022681.0
13301620,,,,78023613.0,78023613.0
13301900,,,,78022195.0,78022195.0
13301990,,,,78022195.0,78022195.0
13302000,,,,78022195.0,78022195.0
13302005,,78022195.0,,78022195.0,78022195.0
13302500,,78019850.0,,78019850.0,78019850.0
13302600,,,,78023476.0,78023476.0
13303030,,,,78022745.0,78022745.0
13303070,,,,78022369.0,78022369.0
13303200,,,,78022796.0,78022796.0
13303500,,,,78023467.0,78023467.0
13304000,,,,78023609.0,78023609.0
13304490,,,,78023616.0,78023616.0
13305000,,78022164.0,,78022183.0,78022164.0
13305260,,,,78020850.0,78020850.0
13305310,,78019901.0,,78019901.0,78019901.0
13305500,,,,78019893.0,78019893.0
13306000,,,,78020364.0,78020364.0
13306385,,78020650.0,,,78020650.0
13306500,,78019948.0,,78019948.0,78019948.0
13307000,,78019825.0,,78019825.0,78019825.0
13307500,,,,78022506.0,78022506.0
13308000,,,,78022803.0,78022803.0
13308500,,78022484.0,,,78022484.0
13309000,,,,78022381.0,78022381.0
13309220,,78022130.0,,78022130.0,78022130.0
13309500,,,,78019921.0,78019921.0
13310000,,,,78019947.0,78019947.0
13310199,,78019888.0,,78019888.0,78019888.0
13310500,,,,78022562.0,78022562.0
13310520,,,,78023734.0,78023734.0
13310565,,,,78023804.0,78023804.0
13310570,,,,78022319.0,78022319.0
13310670,,,,78022847.0,78022847.0
13310700,,78020032.0,78020032.0,78020032.0,78020032.0
13311000,,,,78023907.0,78023907.0
13311500,,,,78022768.0,78022768.0
13312000,,,,78022029.0,78022029.0
13312500,,,,78022758.0,78022758.0
13313000,,78022315.0,78022315.0,78022315.0,78022315.0
13313500,,,,78020428.0,78020428.0
13314000,,,,78019895.0,78019895.0
13314300,,,,78019882.0,78019882.0
13314500,,,,78020653.0,78020653.0
13315000,,,,78019795.0,78019795.0
13315500,,,,78022090.0,78022090.0
13316000,,,,78020811.0,78020811.0
13316500,,78019884.0,,78019884.0,78019884.0
13316530,,,,78021266.0,78021266.0
13316535,,,,78021266.0,78021266.0
13316800,,,,78021417.0,78021417.0
13317000,,78019782.0,,78019782.0,78019782.0
13317500,,,,78020065.0,78020065.0
13318050,,,,78020656.0,78020656.0
13318060,,,,78020656.0,78020656.0
13318500,,,,78020202.0,78020202.0
13318800,,,,78020189.0,78020189.0
13319000,,,,78020167.0,78020167.0
13320000,,78020440.0,,78020440.0,78020440.0
13323500,,78020116.0,,78020116.0,78020116.0
13323600,,,,78021100.0,78021100.0
13324300,,78020498.0,,78020498.0,78020498.0
13325000,,,,78020975.0,78020975.0
13325500,,,,78020583.0,78020583.0
13327500,,78020583.0,,78020583.0,78020583.0
13329500,,78020964.0,,78020964.0,78020964.0
13329765,,78020293.0,,78020293.0,78020293.0
13329770,,78020243.0,,78020243.0,78020243.0
13330000,,78020946.0,,78020946.0,78020946.0
13330050,,,,78020946.0,78020946.0
13330300,,78020946.0,,78020946.0,78020946.0
13330500,,78020461.0,,78020461.0,78020461.0
13331450,,78020153.0,,78020153.0,78020153.0
13331500,,78020203.0,78020203.0,78020203.0,78020203.0
13332500,,78020104.0,,78020104.0,78020104.0
13333000,,78019945.0,,78019945.0,78019945.0
13334000,,,,78017545.0,78017545.0
13334300,,,,78017464.0,78017464.0
13334450,,78018247.0,,78018247.0,78018247.0
13334500,,,,78018214.0,78018214.0
13334700,,78018214.0,,78018214.0,78018214.0
13335050,,78018074.0,,78018074.0,78018074.0
13335249,,,,78018938.0,78018938.0
13335690,,,,78017746.0,78017746.0
13335700,,,,78018033.0,78018033.0
13336000,,,,78017707.0,78017707.0
13336100,,,,78017831.0,78017831.0
13336300,,,,78018493.0,78018493.0
13336500,,78017697.0,,78017697.0,78017697.0
13336635,,,,78019114.0,78019114.0
13336900,,,,78018310.0,78018310.0
13337000,,78017893.0,78017893.0,78017893.0,78017893.0
13337100,,,,78017768.0,78017768.0
13337500,,78020251.0,,78020251.0,78020251.0
13338000,,,,78017828.0,78017828.0
13338500,,78017742.0,78017742.0,78017742.0,78017742.0
13338800,,,,78018151.0,78018151.0
13339000,,,,78017678.0,78017678.0
13339500,,78018112.0,,78018112.0,78018112.0
13339800,,,,78018258.0,78018258.0
13340000,,78017670.0,78017670.0,78017670.0,78017670.0
13340500,,78017923.0,,78017923.0,78017923.0
13340600,,78017906.0,78017906.0,78017906.0,78017906.0
13340615,,,,78018465.0,78018465.0
13340760,,,,78017745.0,78017745.0
13340780,,,,78017756.0,78017756.0
13340855,,,,78018358.0,78018358.0
13341000,,,,78017689.0,78017689.0
13341050,,78017669.0,,,78017669.0
13341128,,,,78018816.0,78018816.0
13341200,,,,78019530.0,78019530.0
13341400,,,,78019530.0,78019530.0
13341500,,,,78017994.0,78017994.0
13341570,,78017964.0,,78017964.0,78017964.0
13342000,,,,78018751.0,78018751.0
13342245,,,,78018827.0,78018827.0
13342250,,,,78018554.0,78018554.0
13342295,,78018773.0,,78018773.0,78018773.0
13342340,,78018275.0,,78018275.0,78018275.0
13342450,,78018093.0,,78018093.0,78018093.0
13342500,,78017661.0,,78017661.0,78017661.0
13343000,,,,78017660.0,78017660.0
13343500,,,,78017457.0,78017457.0
13343600,,,,78017452.0,78017452.0
13343800,,,,78019122.0,78019122.0
13344000,,,,78018104.0,78018104.0
13344500,,78017946.0,,78017946.0,78017946.0
13344510,,,,78019038.0,78019038.0
13345000,,78017726.0,,78017726.0,78017726.0
13345300,,,,78017726.0,78017726.0
13346000,,,,78017577.0,78017577.0
13346100,,,,78017577.0,78017577.0
13346500,,,,78018177.0,78018177.0
13346800,,78019390.0,,78019390.0,78019390.0
13347000,,,,78019390.0,78019390.0
13347500,,,,78018152.0,78018152.0
13348000,,78018152.0,,,78018152.0
13349000,,,,78018269.0,78018269.0
13349200,,,,78017987.0,78017987.0
13349210,,78017571.0,,78017571.0,78017571.0
13349320,,,,78019491.0,78019491.0
13349325,,,,78016783.0,78016783.0
13349400,,,,78015886.0,78015886.0
13349410,,,,78015886.0,78015886.0
13349500,,,,78015862.0,78015862.0
13350000,,,,78017523.0,78017523.0
13350448,,,,78019217.0,78019217.0
13350500,,,,78018160.0,78018160.0
13351000,,78017520.0,,78017520.0,78017520.0
13351800,,,,78015923.0,78015923.0
13352500,,,,78017574.0,78017574.0
13353000,,,,78017433.0,78017433.0
14010000,,78021577.0,,78021577.0,78021577.0
14010500,,,,78021577.0,78021577.0
14010800,,78021581.0,,78021581.0,78021581.0
14011000,,78021581.0,,78021581.0,78021581.0
14013000,,78017656.0,,78017656.0,78017656.0
14013500,,78018610.0,,78018610.0,78018610.0
14013600,,,,78017649.0,78017649.0
14013700,,78017649.0,,78017649.0,78017649.0
14014000,,,,78017649.0,78017649.0
14014500,,,,78017649.0,78017649.0
14015000,,78017649.0,,78017649.0,78017649.0
14016000,,,,78018659.0,78018659.0
14016500,,,,78018300.0,78018300.0
14016610,,,,78018300.0,78018300.0
14017000,,78018055.0,,78018055.0,78018055.0
14017500,,,,78017935.0,78017935.0
14018500,,78017581.0,,78017581.0,78017581.0
14019200,,,,78019701.0,78019701.0
14020000,,78020347.0,78020347.0,78020347.0,78020347.0
14020300,,78020302.0,,78020302.0,78020302.0
14020520,,,,78021269.0,78021269.0
14020700,,,,78020169.0,78020169.0
14020740,,,,78020169.0,78020169.0
14020850,,78020169.0,,78020169.0,78020169.0
14021000,,78020133.0,,78020133.0,78020133.0
14021980,,,,78020696.0,78020696.0
14022000,,,,78020129.0,78020129.0
14022200,,78020667.0,,78020667.0,78020667.0
14022500,,78020408.0,,78020408.0,78020408.0
14023000,,,,78020408.0,78020408.0
14023500,,78020408.0,,78020408.0,78020408.0
14024200,,,,78020564.0,78020564.0
14024500,,,,78020296.0,78020296.0
14025000,,78020256.0,,78020256.0,78020256.0
14025500,,,,78020120.0,78020120.0
14026000,,78020120.0,,78020120.0,78020120.0
14032000,,78020191.0,,78020191.0,78020191.0
14033500,,78020097.0,,78020097.0,78020097.0
14034100,,,,78020016.0,78020016.0
14034270,,,,78018750.0,78018750.0
14034350,,,,78019965.0,78019965.0
14034470,,78020464.0,,78020464.0,78020464.0
14034480,,78020987.0,,78020987.0,78020987.0
14034500,,78020312.0,,78020312.0,78020312.0
14034608,,78020294.0,,78020294.0,78020294.0
14034800,,78020418.0,,78020418.0,78020418.0
14036000,,,,78020125.0,78020125.0
14036500,,,,78020453.0,78020453.0
14036600,,,,78020375.0,78020375.0
14036860,,78022732.0,,78022732.0,78022732.0
14037500,,,,78023278.0,78023278.0
14038500,,,,78022388.0,78022388.0
14038530,,,,78022278.0,78022278.0
14039500,,,,78021883.0,78021883.0
14040500,,,,78021863.0,78021863.0
14040600,,,,78023454.0,78023454.0
14041000,,,,78022472.0,78022472.0
14041500,,,,78021836.0,78021836.0
14042000,,78020884.0,,78020884.0,78020884.0
14042500,,78020399.0,,78020399.0,78020399.0
14043000,,,,78020755.0,78020755.0
14043560,,,,78020628.0,78020628.0
14044000,,78022152.0,,,78022152.0
14044500,,,,78022668.0,78022668.0
14046000,,78021707.0,,78021707.0,78021707.0
14046500,,,,78021698.0,78021698.0
14046778,,78022419.0,,78022419.0,78022419.0
14046890,,78022556.0,,78022556.0,78022556.0
14047390,,,,78020193.0,78020193.0
14048000,,,,78019727.0,78019727.0
14050000,,78024346.0,,78024346.0,78024346.0
14050500,,78026250.0,,78026250.0,78026250.0
14051000,,78026256.0,,78026256.0,78026256.0
14052000,,78026176.0,,78026176.0,78026176.0
14053000,,78026129.0,,78026129.0,78026129.0
14054000,,78024325.0,,78024325.0,78024325.0
14054500,,78026058.0,,78026058.0,78026058.0
14055500,,78025884.0,,78025884.0,78025884.0
14056500,,78024319.0,,78024316.0,78024319.0
14057000,,,,78024316.0,78024316.0
14057500,,78025166.0,,78025166.0,78025166.0
14060000,,78025171.0,,78025171.0,78025171.0
14061000,,,,78024991.0,78024991.0
14063000,,,,78024528.0,78024528.0
14063200,,,,78026066.0,78026066.0
14064500,,,,78024301.0,78024301.0
14066000,,,,78021914.0,78021914.0
14070500,,,,78021903.0,78021903.0
14070700,,,,78022888.0,78022888.0
14073000,,,,78022888.0,78022888.0
14073001,,78022888.0,,,78022888.0
14074500,,,,78021895.0,78021895.0
14074630,,,,78021881.0,78021881.0
14075000,,78023007.0,,78023007.0,78023007.0
14076500,,,,78021871.0,78021871.0
14077000,,,,78021991.0,78021991.0
14077500,,,,78022731.0,78022731.0
14078000,,,,78021958.0,78021958.0
14078500,,,,78022547.0,78022547.0
14079500,,,,78021935.0,78021935.0
14079800,,,,78021920.0,78021920.0
14080250,,,,78021911.0,78021911.0
14080500,,,,78021901.0,78021901.0
14083000,,,,78022397.0,78022397.0
14087300,,,,78021866.0,78021866.0
14087380,,,,78021859.0,78021859.0
14087400,,,,78021859.0,78021859.0
14088000,,78023365.0,,78023365.0,78023365.0
14090350,,78023644.0,,,78023644.0
14090400,,78023718.0,,78023718.0,78023718.0
14091500,,78022273.0,,78022273.0,78022273.0
14092110,,,,78021854.0,78021854.0
14092150,,,,78022644.0,78022644.0
14092500,,,,78021849.0,78021849.0
14092750,,78023764.0,78023764.0,78023764.0,78023764.0
14092885,,78023764.0,,78023764.0,78023764.0
14093000,,78022275.0,,78022275.0,78022275.0
14093500,,,,78021847.0,78021847.0
14095500,,78021900.0,,78021900.0,78021900.0
14096300,,78023810.0,,,78023810.0
14096850,,78021828.0,78021828.0,78021829.0,78021828.0
14097100,,78021817.0,,78021817.0,78021817.0
14097200,,,,78020630.0,78020630.0
14097400,,,,78020859.0,78020859.0
14097500,,,,78020859.0,78020859.0
14098600,,,,78020483.0,78020483.0
14099000,,,,78020392.0,78020392.0
14101500,,78020161.0,,78020161.0,78020161.0
14102000,,,,78019843.0,78019843.0
14103000,,,,78019827.0,78019827.0
14105700,,,,78019674.0,78019674.0
14105850,,,,78021177.0,78021177.0
14107000,,78018182.0,,78018182.0,78018182.0
14108000,,,,78018263.0,78018263.0
14110000,,78018037.0,,78018037.0,78018037.0
14111400,,78019879.0,,78019879.0,78019879.0
14111800,,,,78021613.0,78021613.0
14112000,,,,78020499.0,78020499.0
14112400,,,,78021609.0,78021609.0
14112500,,78020231.0,,78020231.0,78020231.0
14113000,,78019869.0,,78019869.0,78019869.0
14113200,,78020574.0,,78020574.0,78020574.0
14113400,,,,78021138.0,78021138.0
14115815,,,,78021164.0,78021164.0
14118000,,,,78021287.0,78021287.0
14118500,,78020409.0,,78020409.0,78020409.0
14120000,,78020272.0,,78020272.0,78020272.0
14121300,,78018714.0,,78018503.0,78018714.0
14121400,,,,78020059.0,78020059.0
14121500,,,,78020060.0,78020060.0
14122000,,,,78020017.0,78020017.0
14122500,,,,78020012.0,78020012.0
14122900,,,,78019988.0,78019988.0
14123000,,,,78019963.0,78019963.0
14123500,,78019961.0,,78019961.0,78019961.0
14124000,,,,78021556.0,78021556.0
14124500,,,,78020324.0,78020324.0
14125000,,,,78020324.0,78020324.0
14125500,,78020324.0,,78020324.0,78020324.0
14126500,,,,78021610.0,78021610.0
14127000,,78020472.0,,78020472.0,78020472.0
14127300,,,,78021513.0,78021513.0
14127500,,,,78021513.0,78021513.0
14128000,,,,78021546.0,78021546.0
14128500,,78020263.0,,78020263.0,78020263.0
14128600,,,,78019664.0,78019664.0
14128870,,,,78019662.0,78019662.0
14128910,,,,78019658.0,78019658.0
14129400,,,,78019657.0,78019657.0
14130000,,,,78021096.0,78021096.0
14131400,,,,78021033.0,78021033.0
14131500,,,,78020636.0,78020636.0
14133500,,,,78020471.0,78020471.0
14134000,,78020951.0,,78020951.0,78020951.0
14134500,,,,78020439.0,78020439.0
14135000,,,,78020333.0,78020333.0
14135500,,,,78020333.0,78020333.0
14136500,,78020238.0,,78020238.0,78020238.0
14137000,,78020238.0,78020238.0,78020238.0,78020238.0
14137002,,78020238.0,,78020238.0,78020238.0
14138720,,78021190.0,,78021190.0,78021190.0
14138800,,78021157.0,78021157.0,78021157.0,78021157.0
14138850,,78020663.0,,,78020663.0
14138870,,78020663.0,78020663.0,78020663.0,78020663.0
14138900,,78020663.0,78020663.0,78020663.0,78020663.0
14139500,,,,78020663.0,78020663.0
14139700,,78021143.0,,78021143.0,78021143.0
14139800,,78021143.0,78021143.0,78021143.0,78021143.0
14140000,,78020325.0,,,78020325.0
14140001,,78020325.0,,78020325.0,78020325.0
14140500,,,,78021115.0,78021115.0
14141500,,78021115.0,78021115.0,78021115.0,78021115.0
14142500,,78020148.0,,78020148.0,78020148.0
14142800,,78021205.0,,78021205.0,78021205.0
14143500,,78020370.0,,78020370.0,78020370.0
14144000,,,,78021360.0,78021360.0
14144700,,,,78019655.0,78019655.0
14144800,,,,78024675.0,78024675.0
14144900,,78025917.0,,78025917.0,78025917.0
14145100,,,,78024606.0,78024606.0
14145500,,,,78024606.0,78024606.0
14146000,,,,78024841.0,78024841.0
14146500,,78024897.0,,78024897.0,78024897.0
14146700,,,,78024583.0,78024583.0
14147000,,,,78026070.0,78026070.0
14147500,,78024580.0,,78024580.0,78024580.0
14148000,,,,78024531.0,78024531.0
14149000,,,,78024498.0,78024498.0
14150000,,,,78024498.0,78024498.0
14150300,,78024369.0,,78024369.0,78024369.0
14150800,,78025058.0,,78025058.0,78025058.0
14150900,,,,78024327.0,78024327.0
14151000,,78024327.0,,78024327.0,78024327.0
14151500,,,,78024211.0,78024211.0
14152000,,,,78021764.0,78021764.0
14152500,,,,78025000.0,78025000.0
14153000,,,,78024815.0,78024815.0
14153500,,,,78024815.0,78024815.0
14154500,,,,78024741.0,78024741.0
14155000,,,,78024645.0,78024645.0
14155500,,,,78024645.0,78024645.0
14156000,,,,78025854.0,78025854.0
14156500,,,,78025854.0,78025854.0
14157000,,,,78024574.0,78024574.0
14157500,,,,78022043.0,78022043.0
14158000,,,,78021761.0,78021761.0
14158500,,78022530.0,78022530.0,78022530.0,78022530.0
14158700,,,,78022530.0,78022530.0
14158790,,78023280.0,78023280.0,78023280.0,78023280.0
14158800,,,,78023189.0,78023189.0
14158850,,78022343.0,,78022343.0,78022343.0
14159000,,78022267.0,,78022267.0,78022267.0
14159100,,,,78022458.0,78022458.0
14159110,,78021994.0,,78021994.0,78021994.0
14159200,,78022027.0,,78022027.0,78022027.0
14159500,,78022004.0,,78022004.0,78022004.0
14161100,,78022683.0,,78022683.0,78022683.0
14161500,,78023116.0,,78023116.0,78023116.0
14162100,,,,78022648.0,78022648.0
14162200,,78022648.0,,78022648.0,78022648.0
14162500,,78021960.0,,78021960.0,78021960.0
14163000,,78022672.0,,78022672.0,78022672.0
14163150,,78021947.0,,78021947.0,78021947.0
14163900,,78021947.0,,78021947.0,78021947.0
14164000,,,,78021947.0,78021947.0
14164700,,78021947.0,,,78021947.0
14164900,,78021933.0,,78021933.0,78021933.0
14165000,,78022384.0,,78022384.0,78022384.0
14165500,,78021926.0,,78021926.0,78021926.0
14166000,,,,78021760.0,78021760.0
14166500,,,,78022488.0,78022488.0
14167000,,,,78021755.0,78021755.0
14168000,,,,78021753.0,78021753.0
14169000,,,,78021753.0,78021753.0
14170000,,,,78021751.0,78021751.0
14170500,,,,78023515.0,78023515.0
14171000,,,,78022276.0,78022276.0
14171500,,,,78022373.0,78022373.0
14172000,,78023126.0,,,78023126.0
14173500,,78022132.0,,78022132.0,78022132.0
14174000,,,,78021743.0,78021743.0
14178000,,78022292.0,,78022292.0,78022292.0
14178700,,,,78023786.0,78023786.0
14179000,,78022438.0,,78022438.0,78022438.0
14179100,,,,78023774.0,78023774.0
14180300,,78023619.0,,78023619.0,78023619.0
14180500,,,,78022215.0,78022215.0
14181500,,78022215.0,,78022215.0,78022215.0
14181750,,78023716.0,,78023716.0,78023716.0
14181900,,78023850.0,,78023850.0,78023850.0
14182400,,,,78022486.0,78022486.0
14182500,,78022486.0,78022486.0,78022486.0,78022486.0
14183000,,78022131.0,,78022131.0,78022131.0
14184100,,78022113.0,,78022113.0,78022113.0
14185000,,78022389.0,78022389.0,78022389.0,78022389.0
14185700,,,,78022735.0,78022735.0
14185800,,,,78022735.0,78022735.0
14185880,,,,78023599.0,78023599.0
14185900,,78022457.0,78022457.0,78022457.0,78022457.0
14186600,,,,78022222.0,78022222.0
14186700,,,,78022222.0,78022222.0
14187000,,78022543.0,78022543.0,78022543.0,78022543.0
14187100,,,,78022543.0,78022543.0
14187200,,78022209.0,,78022209.0,78022209.0
14187500,,78022154.0,,78022154.0,78022154.0
14188610,,78023610.0,,,78023610.0
14188700,,,,78022417.0,78022417.0
14188800,,78022344.0,,78022344.0,78022344.0
14188850,,,,78022344.0,78022344.0
14189000,,78022102.0,,78022102.0,78022102.0
14189500,,,,78023792.0,78023792.0
14190000,,,,78022362.0,78022362.0
14190100,,,,78023866.0,78023866.0
14190500,,,,78022248.0,78022248.0
14190700,,,,78023913.0,78023913.0
14191000,,,,78019770.0,78019770.0
14191500,,,,78020033.0,78020033.0
14192000,,78020033.0,,,78020033.0
14192500,,,,78019875.0,78019875.0
14193000,,,,78020523.0,78020523.0
14193300,,,,78020040.0,78020040.0
14194000,,,,78019864.0,78019864.0
14194150,,,,78019864.0,78019864.0
14194300,,,,78021081.0,78021081.0
14195000,,,,78021044.0,78021044.0
14196000,,,,78021044.0,78021044.0
14196001,,,,78021044.0,78021044.0
14196500,,,,78020619.0,78020619.0
14197000,,,,78020486.0,78020486.0
14197500,,,,78019862.0,78019862.0
14197900,,,,78019760.0,78019760.0
14198000,,,,78019755.0,78019755.0
14198400,,78023927.0,,,78023927.0
14198500,,78020035.0,,78020035.0,78020035.0
14199000,,,,78019999.0,78019999.0
14199704,,78020882.0,,,78020882.0
14200000,,78019952.0,,78019952.0,78019952.0
14200300,,,,78020034.0,78020034.0
14200400,,,,78020036.0,78020036.0
14201000,,,,78019980.0,78019980.0
14201300,,78020791.0,,78020791.0,78020791.0
14201340,,78019957.0,,78019957.0,78019957.0
14201500,,78020043.0,,78020043.0,78020043.0
14202000,,78019939.0,,78019939.0,78019939.0
14202500,,,,78021170.0,78021170.0
14202850,,,,78021224.0,78021224.0
14202920,,,,78021184.0,78021184.0
14202980,,,,78020598.0,78020598.0
14203000,,,,78020598.0,78020598.0
14203500,,,,78020306.0,78020306.0
14203750,,,,78021337.0,78021337.0
14204500,,,,78020593.0,78020593.0
14204950,,,,78021393.0,78021393.0
14205400,,,,78021430.0,78021430.0
14205500,,,,78021430.0,78021430.0
14205800,,,,78020371.0,78020371.0
14206000,,,,78021388.0,78021388.0
14206180,,,,78020405.0,78020405.0
14206298,,,,78021191.0,78021191.0
14206347,,,,78021272.0,78021272.0
14206500,,,,78020158.0,78020158.0
14206750,,,,78021087.0,78021087.0
14206900,,78021169.0,,,78021169.0
14206950,,78021169.0,,78021169.0,78021169.0
14207700,,,,78019752.0,78019752.0
14207740,,,,78019752.0,78019752.0
14207770,,,,78019752.0,78019752.0
14208000,,78020037.0,,78020037.0,78020037.0
14208300,,,,78020038.0,78020038.0
14208700,,78020581.0,,78020581.0,78020581.0
14209000,,78020342.0,,78020342.0,78020342.0
14209500,,78019971.0,,78019971.0,78019971.0
14209600,,,,78020897.0,78020897.0
14209700,,,,78020687.0,78020687.0
14210000,,78019938.0,,78019938.0,78019938.0
14210500,,,,78019932.0,78019932.0
14211000,,78019931.0,,78019931.0,78019931.0
14211010,,78019931.0,,78019931.0,78019931.0
14211315,,78019748.0,,78019748.0,78019748.0
14211400,,78021167.0,,78021167.0,78021167.0
14211499,,78021167.0,,,78021167.0
14211500,,78021167.0,,78021167.0,78021167.0
14211550,,78020423.0,,78020423.0,78020423.0
14211559,,,,78020423.0,78020423.0
14211720,,,,78019746.0,78019746.0
14211814,,,,78021248.0,78021248.0
14211898,,,,78021346.0,78021346.0
14211900,,,,78021346.0,78021346.0
14211902,,,,78021346.0,78021346.0
14212000,,78021454.0,,78021454.0,78021454.0
14213000,,,,78020420.0,78020420.0
14213500,,,,78018654.0,78018654.0
14214000,,,,78018626.0,78018626.0
14214500,,,,78018626.0,78018626.0
14215000,,,,78018626.0,78018626.0
14215500,,,,78018597.0,78018597.0
14216000,,78018073.0,,78018073.0,78018073.0
14216300,,,,78018854.0,78018854.0
14216350,,,,78018353.0,78018353.0
14216450,,,,78018826.0,78018826.0
14216500,,78018257.0,78018257.0,78018257.0,78018257.0
14216900,,,,78018682.0,78018682.0
14217600,,,,78017749.0,78017749.0
14218000,,,,78017749.0,78017749.0
14219000,,78020391.0,,78020391.0,78020391.0
14219500,,,,78019911.0,78019911.0
14219800,,78020084.0,,78020084.0,78020084.0
14220500,,78019905.0,,78019905.0,78019905.0
14221500,,,,78020659.0,78020659.0
14222500,,78020358.0,78020358.0,78020358.0,78020358.0
14222920,,,,78018705.0,78018705.0
14222930,,,,78018698.0,78018698.0
14222980,,,,78018474.0,78018474.0
14223000,,,,78017798.0,78017798.0
14223500,,78017798.0,,78017798.0,78017798.0
14223600,,,,78017798.0,78017798.0
14224500,,,,78018319.0,78018319.0
14225000,,,,78019257.0,78019257.0
14225400,,,,78019191.0,78019191.0
14225500,,78019191.0,,78019191.0,78019191.0
14226000,,,,78019191.0,78019191.0
14226500,,,,78018167.0,78018167.0
14228500,,,,78019212.0,78019212.0
14229500,,,,78018541.0,78018541.0
14230000,,,,78018541.0,78018541.0
14231000,,,,78018000.0,78018000.0
14231900,,,,78018043.0,78018043.0
14232000,,,,78018419.0,78018419.0
14232500,,78018030.0,,78018030.0,78018030.0
14233500,,,,78017944.0,78017944.0
14234800,,,,78017926.0,78017926.0
14234810,,,,78017926.0,78017926.0
14235000,,,,78017926.0,78017926.0
14235500,,,,78019256.0,78019256.0
14236200,,,,78018213.0,78018213.0
14236400,,,,78019213.0,78019213.0
14236500,,,,78018213.0,78018213.0
14237000,,78019145.0,,78019145.0,78019145.0
14237500,,78018480.0,,78018480.0,78018480.0
14237900,,,,78017902.0,78017902.0
14238000,,,,78017902.0,78017902.0
14238500,,,,78019177.0,78019177.0
14239000,,,,78018264.0,78018264.0
14240525,,78018078.0,,,78018078.0
14240800,,,,78018056.0,78018056.0
14241000,,,,78018056.0,78018056.0
14241100,,,,78018027.0,78018027.0
14241200,,,,78018780.0,78018780.0
14241490,,,,78018780.0,78018780.0
14241500,,78018075.0,,78018075.0,78018075.0
14242000,,,,78018476.0,78018476.0
14242500,,78017968.0,,78017968.0,78017968.0
14242580,,78017968.0,,78017968.0,78017968.0
14242690,,,,78017968.0,78017968.0
14243000,,,,78017888.0,78017888.0
14243500,,78018848.0,,78018848.0,78018848.0
14244200,,,,78017886.0,78017886.0
14245000,,78018118.0,,78018118.0,78018118.0
14246000,,,,78018850.0,78018850.0
14246500,,,,78018521.0,78018521.0
14246900,,,,78017388.0,78017388.0
14247000,,,,78017778.0,78017778.0
15008000,,,,78002465.0,78002465.0
15009000,,,,78003340.0,78003340.0
15010000,,,,78003370.0,78003370.0
15010500,,,,78003541.0,78003541.0
15011500,,,,78003388.0,78003388.0
15011858,,,,78003361.0,78003361.0
15011860,,,,78003361.0,78003361.0
15011865,,,,78003618.0,78003618.0
15011875,,,,78003618.0,78003618.0
15011880,,,,78003344.0,78003344.0
15011894,,,,78003698.0,78003698.0
15011900,,,,86042966.0,86042966.0
15012000,,,,78003621.0,78003621.0
15014000,,,,78003670.0,78003670.0
15015592,,,,78002634.0,78002634.0
15015595,,,,78002304.0,78002304.0
15015596,,,,78002612.0,78002612.0
15015597,,,,78002469.0,78002469.0
15015598,,,,78002582.0,78002582.0
15015599,,,,78002498.0,78002498.0
15015600,,,,78002558.0,78002558.0
15016000,,,,78003237.0,78003237.0
15018000,,,,78003910.0,78003910.0
15020500,,,,78002652.0,78002652.0
15022000,,,,78002460.0,78002460.0
15024000,,,,78002481.0,78002481.0
15024750,,,,78002824.0,78002824.0
15028000,,,,78001611.0,78001611.0
15028300,,,,78001346.0,78001346.0
15031000,,,,78000780.0,78000780.0
15031700&15032000,,,,78000780.0,78000780.0
15034000,,,,78000780.0,78000780.0
15036000,,,,78000520.0,78000520.0
15038000,,,,78000753.0,78000753.0
15039900,,,,78000804.0,78000804.0
15042000,,,,78000846.0,78000846.0
15044000,,,,78000846.0,78000846.0
15045900,,,,86046853.0,86046853.0
15048000,,86046853.0,,86046853.0,86046853.0
15049900,,,,78000829.0,78000829.0
15050000,,78000829.0,,78000829.0,78000829.0
15051008,,,,78000841.0,78000841.0
15051010,,,,78000841.0,78000841.0
15052000,,78000872.0,,78000872.0,78000872.0
15052009,,,,78000872.0,78000872.0
15052020,,,,78000872.0,78000872.0
15052495,,,,78000885.0,78000885.0
15052500,,,,78000572.0,78000572.0
15052700,,,,78000544.0,78000544.0
15052790,,,,78000889.0,78000889.0
15052792,,,,78000889.0,78000889.0
15052793,,,,78000889.0,78000889.0
15052796,,,,78000889.0,78000889.0
15052800,,,,78000889.0,78000889.0
15052815,,,,78000889.0,78000889.0
15054000,,,,86047271.0,86047271.0
15054098,,,,78000916.0,78000916.0
15054200,,,,78000568.0,78000568.0
15054990,,,,78001001.0,78001001.0
15055500,,78001089.0,,78001089.0,78001089.0
15056070,,,,78000220.0,78000220.0
15056095,,,,78000081.0,78000081.0
15056100,,,,78000066.0,78000066.0
15056200,,,,78000264.0,78000264.0
15056210,,,,78000063.0,78000063.0
15056280,,,,78000068.0,78000068.0
15056400,,,,78000055.0,78000055.0
15056500,,,,78000033.0,78000033.0
15056560,,,,78000049.0,78000049.0
15057580,,,,78000895.0,78000895.0
15057585,,,,78000895.0,78000895.0
15057593,,,,78000882.0,78000882.0
15057596,,,,78000882.0,78000882.0
15129000,,,,81033953.0,81033953.0
15129120,,,,81033947.0,81033947.0
15129600,,,,81034683.0,81034683.0
15193500,,,,81032392.0,81032392.0
15195000,,,,81032065.0,81032065.0
15200000,,81023972.0,,,81023972.0
15209000,,,,81026378.0,81026378.0
15209100,,,,81026563.0,81026563.0
15209700,,,,81025553.0,81025553.0
15210000,,,,81025867.0,81025867.0
15210025,,,,81025867.0,81025867.0
15210200,,,,81025234.0,81025234.0
15210260&15210300,,,,81026678.0,81026678.0
15210600,,,,81026822.0,81026822.0
15210700,,,,81026990.0,81026990.0
15211500,,,,81024383.0,81024383.0
15211700,,,,81027124.0,81027124.0
15305950,,,,81016172.0,81016172.0
15306000,,,,81014370.0,81014370.0
15308000,,,,81015459.0,81015459.0
15310000,,,,81014734.0,81014734.0
15310002,,,,81014728.0,81014728.0
15314000,,,,81016889.0,81016889.0
15316000,,,,81016889.0,81016889.0
15320100,,,,81017096.0,81017096.0
15322000,,,,81016995.0,81016995.0
15324000,,,,81014363.0,81014363.0
15328000,,,,81017162.0,81017162.0
15330000,,,,81015209.0,81015209.0
15331000,,,,81015073.0,81015073.0
15332000,,,,81017307.0,81017307.0
15336000,,,,81017307.0,81017307.0
15338000,,,,81017307.0,81017307.0
15341900,,,,81017738.0,81017738.0
15342000,,,,81016220.0,81016220.0
15344000,,,,81015497.0,81015497.0
15347000,,,,81015374.0,81015374.0
15348000,,,,81014351.0,81014351.0
15350000,,,,81017218.0,81017218.0
15352000,,,,81017038.0,81017038.0
15354000,,,,81016109.0,81016109.0
15356000,,,,81015447.0,81015447.0
15360000,,,,81015952.0,81015952.0
15362000,,,,81017988.0,81017988.0
15364000,,,,81017855.0,81017855.0
15365000,,,,81017855.0,81017855.0
15368000,,,,81017855.0,81017855.0
15370000,,,,81014659.0,81014659.0
15372000,,,,81018243.0,81018243.0
15380000,,,,81018266.0,81018266.0
15382000,,,,81014626.0,81014626.0
15386000,,,,81018305.0,81018305.0
15388030,,,,81010911.0,81010911.0
15388060,,,,81010747.0,81010747.0
15388070,,,,81010747.0,81010747.0
15389000,,,,81006621.0,81006621.0
15389100,,,,81006604.0,81006604.0
15469900,,,,81022053.0,81022053.0
15470000,,,,81018987.0,81018987.0
15470300,,,,81024447.0,81024447.0
15470330,,,,81024432.0,81024432.0
15470340,,,,81024354.0,81024354.0
15477740,,81015122.0,,,81015122.0
15478040,,81022626.0,,,81022626.0
15484000,,81014662.0,,,81014662.0
15493000,,81014576.0,,,81014576.0
15511000,,81014754.0,,,81014754.0
15515060,,81016747.0,,,81016747.0
15515080,,81016747.0,,,81016747.0
15564879,,81008043.0,,,81008043.0
1AHA040,,,,86038783.0,86038783.0
1AHA045,,,,86038636.0,86038636.0
20401,,,,72030649.0,72030649.0
20404,,,,72030894.0,72030894.0
20502,,,,72032345.0,72032345.0
20503,,,,72032345.0,72032345.0
20602,,,,72030925.0,72030925.0
21407,,,,72030860.0,72030860.0
21502,,,,72030118.0,72030118.0
21601,,,,72030083.0,72030083.0
21608&02QB016,,,,72039582.0,72039582.0
21915,,,,72036000.0,72036000.0
22513,,,,72034804.0,72034804.0
22704,,,,72041279.0,72041279.0
23005,,,,72043880.0,72043880.0
23006,,,,72043886.0,72043886.0
23007,,,,72042420.0,72042420.0
23103,,,,72040964.0,72040964.0
23104,,,,72040964.0,72040964.0
23305,,,,72043620.0,72043620.0
23306,,,,72043208.0,72043208.0
23401,,,,72041157.0,72041157.0
23402,,,,72039864.0,72039864.0
23407,,,,72039867.0,72039867.0
23422,,,,72046270.0,72046270.0
23428,,,,72047197.0,72047197.0
23429,,,,72046954.0,72046954.0
23430,,,,72046954.0,72046954.0
23432,,,,72041964.0,72041964.0
23442,,,,72043397.0,72043397.0
23443,,,,72043267.0,72043267.0
23444,,,,72043054.0,72043054.0
23445,,,,72043267.0,72043267.0
23446,,,,72046954.0,72046954.0
23448,,,,72046985.0,72046985.0
23449,,,,72042764.0,72042764.0
23450,,,,72042884.0,72042884.0
23451,,,,72048324.0,72048324.0
24013,,,,72047793.0,72047793.0
24016,,,,72040535.0,72040535.0
30101,,,,72047544.0,72047544.0
30103,,,,72047032.0,72047032.0
30106&02OD009,,,,72047248.0,72047248.0
30120,,,,72047104.0,72047104.0
30201,,,,72047258.0,72047258.0
30206,,,,72046952.0,72046952.0
30208,,,,72046386.0,72046386.0
30215,,,,72046406.0,72046406.0
30225&02OE024,,,,72047258.0,72047258.0
30247&02OF015,,,,72049009.0,72049009.0
30268&02OF023,,,,72049009.0,72049009.0
30278,,,,72047098.0,72047098.0
30282,,,,72047249.0,72047249.0
30283,,,,72046406.0,72046406.0
30291,,,,72047511.0,72047511.0
30298,,,,72047098.0,72047098.0
30299,,,,72047511.0,72047511.0
30326&30309,,,,72048876.0,72048876.0
30329,,,,72049191.0,72049191.0
30332,,,,72048876.0,72048876.0
30340,,,,72047537.0,72047537.0
30344,,,,72047829.0,72047829.0
30345,,,,72046962.0,72046962.0
30348,,,,72049191.0,72049191.0
30350,,,,72048646.0,72048646.0
30353,,,,72047899.0,72047899.0
30354,,,,72047899.0,72047899.0
30355,,,,72048187.0,72048187.0
30356,,,,72047732.0,72047732.0
30415,,,,72047874.0,72047874.0
30420,,,,72046612.0,72046612.0
30422,,,,72046569.0,72046569.0
30424,,,,72046588.0,72046588.0
30425,,,,72051208.0,72051208.0
30426,,,,72048531.0,72048531.0
30427,,,,72048586.0,72048586.0
30428,,,,72048586.0,72048586.0
30429,,,,72049208.0,72049208.0
30430,,,,72048399.0,72048399.0
30431,,,,72048399.0,72048399.0
30601,,,,72048843.0,72048843.0
30801,,,,72048939.0,72048939.0
30905,,,,72046542.0,72046542.0
30907,,,,72046621.0,72046621.0
30920,,,,72048449.0,72048449.0
30921,,,,72046648.0,72046648.0
30923,,,,72048443.0,72048443.0
30924,,,,72048495.0,72048495.0
30925,,,,72048087.0,72048087.0
30926,,,,72046683.0,72046683.0
31101,,,,72048490.0,72048490.0
31102,,,,72048490.0,72048490.0
31501,,,,72042760.0,72042760.0
31502,,,,72042760.0,72042760.0
40102&02LC014,,,,72050529.0,72050529.0
40103,,,,72048110.0,72048110.0
40104,,,,72047941.0,72047941.0
40106,,,,72050411.0,72050411.0
40107&02LC016,,,,72050319.0,72050319.0
40110,,,,72049709.0,72049709.0
40128,,,,72049868.0,72049868.0
40134,,,,72049868.0,72049868.0
40135,,,,72046973.0,72046973.0
40204,,,,72046531.0,72046531.0
40212,,,,72042997.0,72042997.0
40238,,,,72046607.0,72046607.0
40240,,,,72046570.0,72046570.0
40241,,,,72040845.0,72040845.0
40406,,,,72046565.0,72046565.0
40408,,,,72046591.0,72046591.0
40409,,,,72050023.0,72050023.0
40412,,,,72050005.0,72050005.0
40605,,,,72040921.0,72040921.0
40608&02LE017,,,,72041181.0,72041181.0
40609&02LE015&02LE014,,,,72040196.0,72040196.0
40619,,,,72040180.0,72040180.0
40624,,,,72040164.0,72040164.0
40627,,,,72041102.0,72041102.0
40629,,,,72042236.0,72042236.0
40709,,,,72047341.0,72047341.0
40814,,,,72047030.0,72047030.0
40842,,,,72047600.0,72047600.0
41301,,,,72046389.0,72046389.0
41901,,,,72046802.0,72046802.0
42103,,,,72041337.0,72041337.0
42602,,,,72044821.0,72044821.0
42607,,,,72044410.0,72044410.0
43005,,,,72034679.0,72034679.0
43012,,,,72035180.0,72035180.0
43030,,,,72035891.0,72035891.0
43202,,,,72047487.0,72047487.0
43208,,,,72047905.0,72047905.0
43301,,,,72049254.0,72049254.0
43319,,,,72047749.0,72047749.0
454122114015401,,,,78021400.0,78021400.0
455037113480701,,,,78021527.0,78021527.0
455129114042401,,,,78019949.0,78019949.0
455947114015401,,,,78020083.0,78020083.0
460601114055001,,,,78018662.0,78018662.0
460636114001501,,,,78018470.0,78018470.0
46404,,,,72047286.0,72047286.0
464934113484801&464934113484802&464934113484803&12334550,,,,78017476.0,78017476.0
46709,,,,72047828.0,72047828.0
470733114260901,,,,78016522.0,78016522.0
471742115102001,,,,78016667.0,78016667.0
471842115135901,,,,78016683.0,78016683.0
471854114482601,,,,78016680.0,78016680.0
471931095564601,,,,71047235.0,71047235.0
472202115154901,,,,78016322.0,78016322.0
472304115235900,,,,78016177.0,78016177.0
472510115360800,,,,78016820.0,78016820.0
473123113422801,,,,78016066.0,78016066.0
473941113494401,,,,78015933.0,78015933.0
474109115241301,,,,78017133.0,78017133.0
474319113512001,,,,78017106.0,78017106.0
474446115262701,,,,78017147.0,78017147.0
474519113472301,,,,78017111.0,78017111.0
474557113454801,,,,78017157.0,78017157.0
474626113422801,,,,78017157.0,78017157.0
474837113461101,,,,78017230.0,78017230.0
474853113440801,,,,78017230.0,78017230.0
475055113494301,,,,78015885.0,78015885.0
475141113524601,,,,78017242.0,78017242.0
475226113500001,,,,78017250.0,78017250.0
475436113323301,,,,78017291.0,78017291.0
475507093044801,,,,71047231.0,71047231.0
475521113502501,,,,78017306.0,78017306.0
481636113365101,,,,78014789.0,78014789.0
481843113362201,,,,78014918.0,78014918.0
481958093280501,,,,71044072.0,71044072.0
482327115333401,,,,78014856.0,78014856.0
482550115374101,,,,78014916.0,78014916.0
482721115380801,,,,78014507.0,78014507.0
483107115570001,,,,78015013.0,78015013.0
484701115552001,,,,78015269.0,78015269.0
484714115561601,,,,78015269.0,78015269.0
484716115550801,,,,78015312.0,78015312.0
484756115565701,,,,78015269.0,78015269.0
484918115173001,,,,78015310.0,78015310.0
484923115510101,,,,78015363.0,78015363.0
484940114114801,,,,78015397.0,78015397.0
484953115455601,,,,78015374.0,78015374.0
485007115580501,,,,78015312.0,78015312.0
485119115462001,,,,78015374.0,78015374.0
485215115152501,,,,78015345.0,78015345.0
485515114243101,,,,78014378.0,78014378.0
485805115172401,,,,78015431.0,78015431.0
50119,,,,72040974.0,72040974.0
50135,,,,72035302.0,72035302.0
50144,,,,72034727.0,72034727.0
50304,,,,72040250.0,72040250.0
50408,,,,72040985.0,72040985.0
50409,,,,72041252.0,72041252.0
50501,,,,72043963.0,72043963.0
50801,,,,72040104.0,72040104.0
50807&50805,,,,72041808.0,72041808.0
50812,,,,72042086.0,72042086.0
50813,,,,72044604.0,72044604.0
50904,,,,72041673.0,72041673.0
50906,,,,72044630.0,72044630.0
50907,,,,72044360.0,72044360.0
50908,,,,72044455.0,72044455.0
50914,,,,72044209.0,72044209.0
50915,,,,72044455.0,72044455.0
50916,,,,72044800.0,72044800.0
50917,,,,72044630.0,72044630.0
50918,,,,72044360.0,72044360.0
51001,,,,72040989.0,72040989.0
51007,,,,72042363.0,72042363.0
51012,,,,72045799.0,72045799.0
51305,,,,72035748.0,72035748.0
52228,,,,72042166.0,72042166.0
52231,,,,72050225.0,72050225.0
52234,,,,72050084.0,72050084.0
52235,,,,72050205.0,72050205.0
52237,,,,72050650.0,72050650.0
52238,,,,72047915.0,72047915.0
52401,,,,72047935.0,72047935.0
52603,,,,72041135.0,72041135.0
52604,,,,72041065.0,72041065.0
52606&02OC021,,,,72041929.0,72041929.0
52607,,,,72041376.0,72041376.0
52806,,,,72041506.0,72041506.0
52809,,,,72043380.0,72043380.0
52810,,,,72040991.0,72040991.0
52811,,,,72041006.0,72041006.0
54001,,,,72044307.0,72044307.0
60102,,,,72035603.0,72035603.0
60202,,,,72035771.0,72035771.0
60601,,,,72035760.0,72035760.0
60602,,,,72035760.0,72035760.0
60603,,,,72036296.0,72036296.0
60704,,,,72035854.0,72035854.0
60901,,,,72035782.0,72035782.0
61021,,,,72038949.0,72038949.0
61024,,,,72035672.0,72035672.0
61029,,,,72038949.0,72038949.0
61306,,,,72038920.0,72038920.0
61307,,,,72035995.0,72035995.0
61502,,,,72034469.0,72034469.0
61601&61602&02RG007&02RG008&02RG009,,,,72035762.0,72035762.0
61801,,,,72030660.0,72030660.0
61905,,,,72030196.0,72030196.0
61909,,,,72034739.0,72034739.0
61910,,,,72030580.0,72030580.0
62002,,,,72032024.0,72032024.0
62102,,,,72030181.0,72030181.0
62209&02RB004,,,,72030032.0,72030032.0
62701,,,,72034853.0,72034853.0
62803,,,,72035411.0,72035411.0
62914,,,,72035544.0,72035544.0
64101,,,,72036177.0,72036177.0
651140141082000,,,,81011701.0,81011701.0
651535141375800,,,,81010927.0,81010927.0
651742141362800,,,,81011200.0,81011200.0
652133141213200,,,,81012665.0,81012665.0
652532141221500,,,,81012686.0,81012686.0
652536141224800,,,,81011057.0,81011057.0
70204,,,,72035402.0,72035402.0
70401,,,,72039346.0,72039346.0
71201,,,,72030949.0,72030949.0
71203,,,,72030949.0,72030949.0
71401,,,,72030220.0,72030220.0
71801,,,,72030372.0,72030372.0
72301,,,,72025375.0,72025375.0
73503,,,,72025536.0,72025536.0
74903,,,,72025624.0,72025624.0
75701,,,,72025549.0,72025549.0
75702&02XA007,,,,72021083.0,72021083.0
75705,,,,72025549.0,72025549.0
76201&02XB002,,,,72021713.0,72021713.0
76601,,,,72020899.0,72020899.0
80101,,,,72035185.0,72035185.0
80106,,,,72036010.0,72036010.0
80707,,,,72029938.0,72029938.0
80710&03AA005&03AA004&03AA003&03AA002,,,,72030294.0,72030294.0
80711,,,,72030331.0,72030331.0
80801,,,,72026063.0,72026063.0
80802,,,,72026082.0,72026082.0
80809&03BD002,,,,72026086.0,72026086.0
81002,,,,72020832.0,72020832.0
81007&03BA001&03BB001&03BB002,,,,72020889.0,72020889.0
89902,,,,71044312.0,71044312.0
89903&04MA001,,,,71044618.0,71044618.0
89907,,,,71046364.0,71046364.0
90601,,,,72020747.0,72020747.0
92701&92706&92707,,,,72012030.0,72012030.0
92709,,,,72016844.0,72016844.0
92711,,,,72019922.0,72019922.0
92716,,,,72016452.0,72016452.0
92719,,,,72019922.0,72019922.0
93801,,,,72008832.0,72008832.0
93803,,,,72008815.0,72008815.0
93806,,,,72012108.0,72012108.0
93807,,,,72010249.0,72010249.0
93808,,,,72009124.0,72009124.0
94201,,,,72009017.0,72009017.0
94206,,,,72009298.0,72009298.0
94207,,,,72009302.0,72009302.0
94502,,,,72008991.0,72008991.0
95001,,,,72011491.0,72011491.0
96102,,,,72003898.0,72003898.0
97303,,,,72003389.0,72003389.0
BOU002,,,,78013008.0,78013008.0
CHI001,,,,78012588.0,78012588.0
MER001,,,,78015423.0,78015423.0
NB000001,,,,72040015.0,72040015.0
NB000002,,,,72039986.0,72039986.0
NB000003,,,,72039963.0,72039963.0
NB000004,,,,72039959.0,72039959.0
NEW001,,,,78010234.0,78010234.0
NLENHM0003,,,,72029963.0,72029963.0
NLENHM0004,,,,72029812.0,72029812.0
QUA001,,,,78012400.0,78012400.0
SKO001,,,,78012288.0,78012288.0
WIG001,,,,78012075.0,78012075.0
WIG002,,,,78012082.0,78012082.0
