 MESH 1.5 ---  (1.5.5)
 
 READING: MESH_input_run_options.ini
 READING: MESH_drainage_database.nc
   WARNING: The variable 'LandUse' is an unknown or unsupported data format (Code: 1).
   4 attributes found in the file.
   33 variables found in the file.
   35 valid fields found in the file.
   INFO: Found the variable 'author'.
   INFO: Found the variable 'license'.
   INFO: Found the variable 'purpose'.
   INFO: Found the variable 'featureType'.
   INFO: Found the variable 'subbasin'.
   INFO: Found the variable 'ChnlSlope'.
   INFO: Found the variable 'ChnlLength'.
   INFO: Found the variable 'IAK'.
   INFO: Found the variable 'oldRank'.
   INFO: Found the variable 'oldNext'.
   INFO: Found the variable 'GridArea'.
   INFO: Found the variable 'lat'.
   INFO: Found the variable 'lon'.
   INFO: Found the variable 'grid_mapping_name'.
   INFO: Found the variable 'semi_major_axis'.
   INFO: Found the variable 'inverse_flattening'.
   INFO: Found the variable 'NGRU'.
   INFO: Found the variable 'GRU 1'.
   INFO: Found the variable 'GRU 2'.
   INFO: Found the variable 'GRU 3'.
   INFO: Found the variable 'GRU 4'.
   INFO: Found the variable 'GRU 5'.
   INFO: Found the variable 'GRU 6'.
   INFO: Found the variable 'GRU 7'.
   INFO: Found the variable 'GRU 8'.
   INFO: Found the variable 'GRU 9'.
   INFO: Found the variable 'GRU 10'.
   INFO: Found the variable 'GRU 11'.
   INFO: Found the variable 'GRU 12'.
   INFO: Found the variable 'GRU 13'.
   INFO: Found the variable 'GRU 14'.
   INFO: Found the variable 'GRU 15'.
   INFO: Found the variable 'GRU 16'.
   INFO: Found the variable 'Rank'.
   INFO: Found the variable 'Next'.
   INFO: Assigned the variable 'ChnlSlope'.
   INFO: Assigned the variable 'ChnlLength'.
   INFO: Assigned the variable 'GridArea'.
   INFO: Assigned the variable 'Next'.
   INFO: 'SHDPADOUTLETS' is active.
   REMARK: Re-routing outflows at 0 in-basin outlets to 'Rank 520'.
   Total number of grids: 520
   Total number of grids inside the basin: 519
   Total number of Columns: 520
   Total number of Rows: 1
   Side length of grid: 1.000000 m
   REMARK: 'GRU 2' has zero coverage in the basin and is not active.
   REMARK: 'GRU 3' has zero coverage in the basin and is not active.
   REMARK: 'GRU 4' has zero coverage in the basin and is not active.
   REMARK: 'GRU 7' has zero coverage in the basin and is not active.
   REMARK: 'GRU 9' has zero coverage in the basin and is not active.
   REMARK: 'GRU 11' has zero coverage in the basin and is not active.
   REMARK: 'GRU 13' has zero coverage in the basin and is not active.
   REMARK: 'GRU 15' has zero coverage in the basin and is not active.
   Number of GRUs: 15
   Number of land-based tiles: 2328
 READING: MESH_input_soil_levels.txt
   Number of soil layers: 4
             Level   Thickness (m)      Bottom (m)
                 1   0.1000000       0.1000000
                 2   0.2500000       0.3500000
                 3   0.8500000        1.200000
                 4    2.900000        4.100000
 READING: MESH_parameters_CLASS.ini
 READING: MESH_parameters_hydrology.ini
   WARNING: The parameter 'SOIL_POR_MAX' is active but not used.
   WARNING: The parameter 'SOIL_DEPTH' is active but not used.
   WARNING: The parameter 'S0' is active but not used.
   WARNING: The parameter 'T_ICE_LENS' is active but not used.
   WARNING: The parameter 't0_ACC' is active but not used.
 READING: MESH_parameters.nc
   The projection of the file is 'LATLONG'.
   ERROR: The dimension 'lon' was not found (Code: -46).
   ERROR: The dimension 'lat' was not found (Code: -46).
   Active parameters in file: 8
 
 READING: Resume run configuration
   RESUMEFLAG is not active: RESUMEFLAG off
   SAVERESUMEFLAG is not active: SAVERESUMEFLAG off
 READING: MESH_forcing_subbasin.nc
   Checking the spatial reference of the file.
   WARNING: A CRS projection 'crs' was not found in the file (Code -49).
   9 attributes found in the file.
   14 variables found in the file.
   22 valid fields found in the file.
   INFO: Found the variable 'CDI'.
   INFO: Found the variable 'Conventions'.
   INFO: Found the variable 'Author'.
   INFO: Found the variable 'License'.
   INFO: Found the variable 'History'.
   INFO: Found the variable 'easymore_hash'.
   INFO: Found the variable 'Source'.
   INFO: Found the variable 'history'.
   INFO: Found the variable 'CDO'.
   INFO: Found the variable 'CaSR_v3.2_A_PR0_SFC'.
   INFO: Found the variable 'CaSR_v3.2_P_FB_SFC'.
   REMARK: Mapping the field 'CaSR_v3.2_P_FB_SFC' to the 'FSIN' variable.
   INFO: Found the variable 'CaSR_v3.2_P_FI_SFC'.
   INFO: Found the variable 'CaSR_v3.2_P_HU_09975'.
   INFO: Found the variable 'CaSR_v3.2_P_P0_SFC'.
   INFO: Found the variable 'CaSR_v3.2_P_PR0_SFC'.
   INFO: Found the variable 'CaSR_v3.2_P_TT_09975'.
   INFO: Found the variable 'CaSR_v3.2_P_UUC_09975'.
   INFO: Found the variable 'CaSR_v3.2_P_UVC_09975'.
   INFO: Found the variable 'CaSR_v3.2_P_VVC_09975'.
   INFO: Found the variable 'latitude'.
   INFO: Found the variable 'longitude'.
   INFO: Found the variable 'subbasin'.
   INFO: Activated the variable 'CaSR_v3.2_P_FB_SFC'.
   REMARK: 'INTERPOLATIONFLAG' is enabled for temporal linear interpolation to the model time-step between records.
 READING: MESH_forcing_subbasin.nc
   Checking the spatial reference of the file.
   WARNING: A CRS projection 'crs' was not found in the file (Code -49).
   9 attributes found in the file.
   14 variables found in the file.
   22 valid fields found in the file.
   INFO: Found the variable 'CDI'.
   INFO: Found the variable 'Conventions'.
   INFO: Found the variable 'Author'.
   INFO: Found the variable 'License'.
   INFO: Found the variable 'History'.
   INFO: Found the variable 'easymore_hash'.
   INFO: Found the variable 'Source'.
   INFO: Found the variable 'history'.
   INFO: Found the variable 'CDO'.
   INFO: Found the variable 'CaSR_v3.2_A_PR0_SFC'.
   INFO: Found the variable 'CaSR_v3.2_P_FB_SFC'.
   INFO: Found the variable 'CaSR_v3.2_P_FI_SFC'.
   REMARK: Mapping the field 'CaSR_v3.2_P_FI_SFC' to the 'FLIN' variable.
   INFO: Found the variable 'CaSR_v3.2_P_HU_09975'.
   INFO: Found the variable 'CaSR_v3.2_P_P0_SFC'.
   INFO: Found the variable 'CaSR_v3.2_P_PR0_SFC'.
   INFO: Found the variable 'CaSR_v3.2_P_TT_09975'.
   INFO: Found the variable 'CaSR_v3.2_P_UUC_09975'.
   INFO: Found the variable 'CaSR_v3.2_P_UVC_09975'.
   INFO: Found the variable 'CaSR_v3.2_P_VVC_09975'.
   INFO: Found the variable 'latitude'.
   INFO: Found the variable 'longitude'.
   INFO: Found the variable 'subbasin'.
   INFO: Activated the variable 'CaSR_v3.2_P_FI_SFC'.
   REMARK: 'INTERPOLATIONFLAG' is enabled for temporal linear interpolation to the model time-step between records.
 READING: MESH_forcing_subbasin.nc
   Checking the spatial reference of the file.
   WARNING: A CRS projection 'crs' was not found in the file (Code -49).
   9 attributes found in the file.
   14 variables found in the file.
   22 valid fields found in the file.
   INFO: Found the variable 'CDI'.
   INFO: Found the variable 'Conventions'.
   INFO: Found the variable 'Author'.
   INFO: Found the variable 'License'.
   INFO: Found the variable 'History'.
   INFO: Found the variable 'easymore_hash'.
   INFO: Found the variable 'Source'.
   INFO: Found the variable 'history'.
   INFO: Found the variable 'CDO'.
   INFO: Found the variable 'CaSR_v3.2_A_PR0_SFC'.
   REMARK: Mapping the field 'CaSR_v3.2_A_PR0_SFC' to the 'PRE' variable.
   INFO: Found the variable 'CaSR_v3.2_P_FB_SFC'.
   INFO: Found the variable 'CaSR_v3.2_P_FI_SFC'.
   INFO: Found the variable 'CaSR_v3.2_P_HU_09975'.
   INFO: Found the variable 'CaSR_v3.2_P_P0_SFC'.
   INFO: Found the variable 'CaSR_v3.2_P_PR0_SFC'.
   INFO: Found the variable 'CaSR_v3.2_P_TT_09975'.
   INFO: Found the variable 'CaSR_v3.2_P_UUC_09975'.
   INFO: Found the variable 'CaSR_v3.2_P_UVC_09975'.
   INFO: Found the variable 'CaSR_v3.2_P_VVC_09975'.
   INFO: Found the variable 'latitude'.
   INFO: Found the variable 'longitude'.
   INFO: Found the variable 'subbasin'.
   INFO: Activated the variable 'CaSR_v3.2_A_PR0_SFC'.
   REMARK: 'INTERPOLATIONFLAG' is enabled for temporal linear interpolation to the model time-step between records.
 READING: MESH_forcing_subbasin.nc
   Checking the spatial reference of the file.
   WARNING: A CRS projection 'crs' was not found in the file (Code -49).
   9 attributes found in the file.
   14 variables found in the file.
   22 valid fields found in the file.
   INFO: Found the variable 'CDI'.
   INFO: Found the variable 'Conventions'.
   INFO: Found the variable 'Author'.
   INFO: Found the variable 'License'.
   INFO: Found the variable 'History'.
   INFO: Found the variable 'easymore_hash'.
   INFO: Found the variable 'Source'.
   INFO: Found the variable 'history'.
   INFO: Found the variable 'CDO'.
   INFO: Found the variable 'CaSR_v3.2_A_PR0_SFC'.
   INFO: Found the variable 'CaSR_v3.2_P_FB_SFC'.
   INFO: Found the variable 'CaSR_v3.2_P_FI_SFC'.
   INFO: Found the variable 'CaSR_v3.2_P_HU_09975'.
   INFO: Found the variable 'CaSR_v3.2_P_P0_SFC'.
   INFO: Found the variable 'CaSR_v3.2_P_PR0_SFC'.
   INFO: Found the variable 'CaSR_v3.2_P_TT_09975'.
   REMARK: Mapping the field 'CaSR_v3.2_P_TT_09975' to the 'TA' variable.
   INFO: Found the variable 'CaSR_v3.2_P_UUC_09975'.
   INFO: Found the variable 'CaSR_v3.2_P_UVC_09975'.
   INFO: Found the variable 'CaSR_v3.2_P_VVC_09975'.
   INFO: Found the variable 'latitude'.
   INFO: Found the variable 'longitude'.
   INFO: Found the variable 'subbasin'.
   INFO: Activated the variable 'CaSR_v3.2_P_TT_09975'.
   REMARK: 'INTERPOLATIONFLAG' is enabled for temporal linear interpolation to the model time-step between records.
 READING: MESH_forcing_subbasin.nc
   Checking the spatial reference of the file.
   WARNING: A CRS projection 'crs' was not found in the file (Code -49).
   9 attributes found in the file.
   14 variables found in the file.
   22 valid fields found in the file.
   INFO: Found the variable 'CDI'.
   INFO: Found the variable 'Conventions'.
   INFO: Found the variable 'Author'.
   INFO: Found the variable 'License'.
   INFO: Found the variable 'History'.
   INFO: Found the variable 'easymore_hash'.
   INFO: Found the variable 'Source'.
   INFO: Found the variable 'history'.
   INFO: Found the variable 'CDO'.
   INFO: Found the variable 'CaSR_v3.2_A_PR0_SFC'.
   INFO: Found the variable 'CaSR_v3.2_P_FB_SFC'.
   INFO: Found the variable 'CaSR_v3.2_P_FI_SFC'.
   INFO: Found the variable 'CaSR_v3.2_P_HU_09975'.
   INFO: Found the variable 'CaSR_v3.2_P_P0_SFC'.
   INFO: Found the variable 'CaSR_v3.2_P_PR0_SFC'.
   INFO: Found the variable 'CaSR_v3.2_P_TT_09975'.
   INFO: Found the variable 'CaSR_v3.2_P_UUC_09975'.
   INFO: Found the variable 'CaSR_v3.2_P_UVC_09975'.
   REMARK: Mapping the field 'CaSR_v3.2_P_UVC_09975' to the 'UV' variable.
   INFO: Found the variable 'CaSR_v3.2_P_VVC_09975'.
   INFO: Found the variable 'latitude'.
   INFO: Found the variable 'longitude'.
   INFO: Found the variable 'subbasin'.
   INFO: Activated the variable 'CaSR_v3.2_P_UVC_09975'.
   REMARK: 'INTERPOLATIONFLAG' is enabled for temporal linear interpolation to the model time-step between records.
 READING: MESH_forcing_subbasin.nc
   Checking the spatial reference of the file.
   WARNING: A CRS projection 'crs' was not found in the file (Code -49).
   9 attributes found in the file.
   14 variables found in the file.
   22 valid fields found in the file.
   INFO: Found the variable 'CDI'.
   INFO: Found the variable 'Conventions'.
   INFO: Found the variable 'Author'.
   INFO: Found the variable 'License'.
   INFO: Found the variable 'History'.
   INFO: Found the variable 'easymore_hash'.
   INFO: Found the variable 'Source'.
   INFO: Found the variable 'history'.
   INFO: Found the variable 'CDO'.
   INFO: Found the variable 'CaSR_v3.2_A_PR0_SFC'.
   INFO: Found the variable 'CaSR_v3.2_P_FB_SFC'.
   INFO: Found the variable 'CaSR_v3.2_P_FI_SFC'.
   INFO: Found the variable 'CaSR_v3.2_P_HU_09975'.
   INFO: Found the variable 'CaSR_v3.2_P_P0_SFC'.
   REMARK: Mapping the field 'CaSR_v3.2_P_P0_SFC' to the 'PRES' variable.
   INFO: Found the variable 'CaSR_v3.2_P_PR0_SFC'.
   INFO: Found the variable 'CaSR_v3.2_P_TT_09975'.
   INFO: Found the variable 'CaSR_v3.2_P_UUC_09975'.
   INFO: Found the variable 'CaSR_v3.2_P_UVC_09975'.
   INFO: Found the variable 'CaSR_v3.2_P_VVC_09975'.
   INFO: Found the variable 'latitude'.
   INFO: Found the variable 'longitude'.
   INFO: Found the variable 'subbasin'.
   INFO: Activated the variable 'CaSR_v3.2_P_P0_SFC'.
   REMARK: 'INTERPOLATIONFLAG' is enabled for temporal linear interpolation to the model time-step between records.
 READING: MESH_forcing_subbasin.nc
   Checking the spatial reference of the file.
   WARNING: A CRS projection 'crs' was not found in the file (Code -49).
   9 attributes found in the file.
   14 variables found in the file.
   22 valid fields found in the file.
   INFO: Found the variable 'CDI'.
   INFO: Found the variable 'Conventions'.
   INFO: Found the variable 'Author'.
   INFO: Found the variable 'License'.
   INFO: Found the variable 'History'.
   INFO: Found the variable 'easymore_hash'.
   INFO: Found the variable 'Source'.
   INFO: Found the variable 'history'.
   INFO: Found the variable 'CDO'.
   INFO: Found the variable 'CaSR_v3.2_A_PR0_SFC'.
   INFO: Found the variable 'CaSR_v3.2_P_FB_SFC'.
   INFO: Found the variable 'CaSR_v3.2_P_FI_SFC'.
   INFO: Found the variable 'CaSR_v3.2_P_HU_09975'.
   REMARK: Mapping the field 'CaSR_v3.2_P_HU_09975' to the 'QA' variable.
   INFO: Found the variable 'CaSR_v3.2_P_P0_SFC'.
   INFO: Found the variable 'CaSR_v3.2_P_PR0_SFC'.
   INFO: Found the variable 'CaSR_v3.2_P_TT_09975'.
   INFO: Found the variable 'CaSR_v3.2_P_UUC_09975'.
   INFO: Found the variable 'CaSR_v3.2_P_UVC_09975'.
   INFO: Found the variable 'CaSR_v3.2_P_VVC_09975'.
   INFO: Found the variable 'latitude'.
   INFO: Found the variable 'longitude'.
   INFO: Found the variable 'subbasin'.
   INFO: Activated the variable 'CaSR_v3.2_P_HU_09975'.
   REMARK: 'INTERPOLATIONFLAG' is enabled for temporal linear interpolation to the model time-step between records.
 
 
 The simulation starts at: 1980/10/01 00:00:00.000000
 Checking the start dates of the input files...
   INFO: The records in 'MESH_forcing_subbasin.nc' start at: 1979/12/31 06:00:00.000000
   Skipping 6594 records in 'MESH_forcing_subbasin.nc'.
   REMARK: 'INTERPOLATIONFLAG' is enabled but the frame length in the file is the same as the model time-step. The option has no effect.
   INFO: The records in 'MESH_forcing_subbasin.nc' start at: 1979/12/31 06:00:00.000000
   Skipping 6594 records in 'MESH_forcing_subbasin.nc'.
   REMARK: 'INTERPOLATIONFLAG' is enabled but the frame length in the file is the same as the model time-step. The option has no effect.
   INFO: The records in 'MESH_forcing_subbasin.nc' start at: 1979/12/31 06:00:00.000000
   Skipping 6594 records in 'MESH_forcing_subbasin.nc'.
   REMARK: 'INTERPOLATIONFLAG' is enabled but the frame length in the file is the same as the model time-step. The option has no effect.
   INFO: The records in 'MESH_forcing_subbasin.nc' start at: 1979/12/31 06:00:00.000000
   Skipping 6594 records in 'MESH_forcing_subbasin.nc'.
   REMARK: 'INTERPOLATIONFLAG' is enabled but the frame length in the file is the same as the model time-step. The option has no effect.
   INFO: The records in 'MESH_forcing_subbasin.nc' start at: 1979/12/31 06:00:00.000000
   Skipping 6594 records in 'MESH_forcing_subbasin.nc'.
   REMARK: 'INTERPOLATIONFLAG' is enabled but the frame length in the file is the same as the model time-step. The option has no effect.
   INFO: The records in 'MESH_forcing_subbasin.nc' start at: 1979/12/31 06:00:00.000000
   Skipping 6594 records in 'MESH_forcing_subbasin.nc'.
   REMARK: 'INTERPOLATIONFLAG' is enabled but the frame length in the file is the same as the model time-step. The option has no effect.
   INFO: The records in 'MESH_forcing_subbasin.nc' start at: 1979/12/31 06:00:00.000000
   Skipping 6594 records in 'MESH_forcing_subbasin.nc'.
   REMARK: 'INTERPOLATIONFLAG' is enabled but the frame length in the file is the same as the model time-step. The option has no effect.
 
 RUNCLASS36 is active.
   ICEBAL_FREEZE_THRESHOLD (FREZTH) override is ACTIVE.
       GRU value:     0.000000        0.000000        0.000000        0.000000        0.000000        0.000000        0.000000        0.000000        0.000000        0.000000        0.000000        0.000000        0.000000        0.000000       -2.000000
   ICEBAL_SWE_LIMIT (SWELIM) override is ACTIVE.
       GRU value:     0.000000        0.000000        0.000000        0.000000        0.000000        0.000000        0.000000        0.000000        0.000000        0.000000        0.000000        0.000000        0.000000        0.000000        2500.000
   ICEBAL_SNOW_DENSITY_LIMIT (SNDENLIM) override is ACTIVE.
       GRU value:     0.000000        0.000000        0.000000        0.000000        0.000000        0.000000        0.000000        0.000000        0.000000        0.000000        0.000000        0.000000        0.000000        0.000000        650.0000
   BASEFLOW component is ACTIVE.
     BASEFLOWFLAG  wf_lzs grid hf=60
     pwr_grid (min.,    2.500000        2.500000
     flz_grid (min.,   0.1000000E-04   0.1000000E-04
 READING: outputs_balance.txt
   Reading output variable: SNO
   Reading output variable: LQWSSNO
   Reading output variable: ALWSSOL
   Reading output variable: ET
   Reading output variable: RFF
   Output variables: 5
 
 
 DONE INTITIALIZATION
 
 STARTING MESH
  1980 275     1.966     0.681     0.002
  1980 276     0.600     0.459     0.000
  1980 277     0.431     0.444     0.000
  1980 278     1.817     0.351     0.000
  1980 279     0.875     0.527     0.000
  1980 280     4.687     0.319     0.000
  1980 281     1.716     0.450     0.001
  1980 282     0.347     0.463     0.000
  1980 283     9.474     0.358     0.000
  1980 284     2.054     0.359     0.000
  1980 285     0.692     0.273     0.000
  1980 286     0.601     0.275     0.000
  1980 287     0.297     0.255     0.000
  1980 288     0.403     0.163     0.000
  1980 289     0.319     0.131     0.000
  1980 290     0.330     0.087     0.000
  1980 291     0.329     0.109     0.000
  1980 292     0.467     0.126     0.000
  1980 293     0.583     0.140     0.000
  1980 294     0.629     0.161     0.001
  1980 295     0.430     0.126     0.002
  1980 296     0.374     0.100     0.001
  1980 297     0.201     0.067     0.000
  1980 298     0.824     0.080     0.000
  1980 299     0.381     0.139     0.000
  1980 300     0.158     0.098     0.000
  1980 301     0.061    -0.007     0.000
  1980 302     0.131    -0.014     0.000
  1980 303     3.611     0.015     0.000
  1980 304     6.313     0.474     0.000
  1980 305     1.030     0.269     0.000
  1980 306     0.143     0.040     0.000
  1980 307     2.416     0.141     0.000
  1980 308     1.272     0.542     0.001
  1980 309     0.536     0.267     0.001
  1980 310     1.244     0.094     0.001
  1980 311     0.102     0.012     0.001
  1980 312     0.169     0.021     0.001
  1980 313     0.009     0.000     0.001
  1980 314     0.004     0.008     0.001
  1980 315     0.326     0.028     0.001
  1980 316     1.468     0.042     0.001
  1980 317     0.980     0.042     0.001
  1980 318     0.701     0.093     0.001
  1980 319     0.172     0.026     0.001
  1980 320     0.631     0.056     0.001
  1980 321     0.322     0.067     0.001
  1980 322     0.211     0.157     0.001
  1980 323     0.242    -0.025     0.001
  1980 324     0.812     0.020     0.001
  1980 325     0.649     0.026     0.001
  1980 326     2.981     0.099     0.001
  1980 327     1.066     0.080     0.002
  1980 328     1.730     0.032     0.002
  1980 329     0.213     0.049     0.002
  1980 330     0.853     0.033     0.002
  1980 331     1.829     0.099     0.002
  1980 332     0.819     0.113     0.002
  1980 333     1.834     0.088     0.002
  1980 334     2.037     0.134     0.002
  1980 335     1.591     0.175     0.002
  1980 336     0.275     0.085     0.002
  1980 337     0.111     0.024     0.002
  1980 338     0.031    -0.007     0.002
  1980 339     0.532     0.016     0.002
  1980 340     1.490     0.047     0.003
  1980 341     0.903     0.038     0.003
  1980 342     1.313     0.034     0.003
  1980 343     0.366     0.046     0.003
  1980 344     0.697     0.127     0.003
  1980 345     0.150     0.039     0.003
  1980 346     0.106    -0.005     0.003
  1980 347     0.063    -0.004     0.003
  1980 348     0.563     0.032     0.003
  1980 349     0.110     0.001     0.003
  1980 350     0.023    -0.003     0.003
  1980 351     7.492     0.075     0.004
  1980 352     0.774     0.113     0.004
  1980 353     1.071     0.120     0.004
  1980 354     0.150     0.036     0.004
  1980 355     0.218     0.052     0.004
  1980 356     0.235     0.044     0.004
  1980 357     0.110     0.010     0.004
  1980 358     0.110     0.001     0.004
  1980 359     0.224     0.019     0.004
  1980 360     0.140    -0.001     0.004
  1980 361     2.009     0.032     0.004
  1980 362     4.965     0.050     0.005
  1980 363     0.772     0.041     0.005
  1980 364     0.894     0.019     0.005
  1980 365     2.597     0.058     0.005
  1980 366     0.902     0.077     0.005
  1981   1     0.045     0.007     0.005
  1981   2     0.027    -0.007     0.005
  1981   3     0.016    -0.002     0.005
  1981   4     1.670     0.062     0.005
  1981   5     0.930     0.054     0.005
  1981   6     0.116     0.010     0.005
  1981   7     1.038     0.027     0.005
  1981   8     0.168     0.010     0.005
  1981   9     0.104    -0.002     0.005
  1981  10     0.013    -0.011     0.006
  1981  11     0.183    -0.003     0.006
  1981  12     0.257     0.011     0.006
  1981  13     0.314     0.026     0.006
  1981  14     0.273     0.014     0.006
  1981  15     0.127     0.003     0.006
  1981  16     0.088    -0.070     0.006
  1981  17     0.000    -0.087     0.006
  1981  18     0.359     0.003     0.006
  1981  19     0.196     0.029     0.006
  1981  20     0.228    -0.031     0.006
  1981  21     0.648     0.252     0.006
  1981  22     0.221     0.055     0.006
  1981  23     0.326     0.029     0.006
  1981  24     1.356     0.047     0.006
  1981  25     0.469     0.035     0.007
  1981  26     0.264     0.041     0.007
  1981  27     0.486     0.042     0.007
  1981  28     0.004    -0.009     0.007
  1981  29     0.000    -0.040     0.007
  1981  30     1.052     0.041     0.007
  1981  31     0.133    -0.001     0.007
  1981  32     0.286     0.045     0.007
  1981  33     0.092     0.003     0.007
  1981  34     0.014     0.000     0.007
  1981  35     0.672     0.072     0.007
  1981  36     0.636     0.051     0.007
  1981  37     1.248     0.056     0.007
  1981  38     0.104     0.007     0.007
  1981  39     0.550     0.038     0.007
  1981  40     0.205     0.041     0.007
  1981  41     0.124     0.021     0.007
  1981  42     0.060     0.006     0.007
  1981  43     0.160     0.018     0.008
  1981  44     0.037     0.004     0.008
  1981  45     2.601     0.087     0.008
  1981  46     0.813     0.130     0.008
  1981  47     0.676     0.080     0.008
  1981  48     0.669     0.091     0.008
  1981  49     0.643     0.144     0.008
  1981  50     1.399     0.131     0.008
  1981  51     5.125     0.137     0.008
  1981  52     5.447     0.184     0.008
  1981  53     1.032     0.232     0.008
  1981  54     0.555     0.149     0.008
  1981  55     0.666     0.181     0.008
  1981  56     0.203     0.092     0.008
  1981  57     0.930     0.060     0.008
  1981  58     0.479     0.077     0.008
  1981  59     1.933     0.180     0.008
  1981  60     0.027     0.045     0.008
  1981  61     0.273     0.101     0.008
  1981  62     0.350     0.108     0.008
  1981  63     0.031     0.054     0.008
  1981  64     0.100     0.090     0.008
  1981  65     0.302     0.099     0.008
  1981  66     1.113     0.112     0.008
  1981  67     0.953     0.168     0.008
  1981  68     0.445     0.161     0.008
  1981  69     0.161     0.143     0.008
  1981  70     3.918     0.390     0.007
  1981  71     0.293     0.154     0.007
  1981  72     0.149     0.128     0.007
  1981  73     0.594     0.158     0.007
  1981  74     1.276     0.144     0.007
  1981  75     0.160     0.083     0.007
  1981  76     0.022     0.085     0.007
  1981  77     0.343     0.121     0.007
  1981  78     1.230     0.127     0.007
  1981  79     0.513     0.166     0.007
  1981  80     1.458     0.240     0.007
  1981  81     1.521     0.252     0.007
  1981  82     0.765     0.300     0.007
  1981  83     0.137     0.208     0.007
  1981  84     0.007     0.144     0.007
  1981  85     0.677     0.351     0.007
  1981  86     0.800     0.193     0.007
  1981  87     5.117     0.303     0.007
  1981  88     0.143     0.122     0.007
  1981  89     1.206     0.179     0.007
  1981  90     1.585     0.216     0.007
  1981  91     0.209     0.209     0.007
  1981  92     0.373     0.243     0.007
  1981  93     0.315     0.241     0.007
  1981  94     1.370     0.452     0.007
  1981  95     0.049     0.129     0.007
  1981  96     4.646     0.312     0.007
  1981  97     4.849     0.440     0.007
  1981  98     2.216     0.348     0.007
  1981  99     0.896     0.318     0.007
  1981 100     0.049     0.238     0.007
  1981 101     0.224     0.365     0.006
  1981 102     8.158     0.289     0.006
  1981 103     0.282     0.270     0.006
  1981 104     0.062     0.263     0.006
  1981 105     0.302     0.299     0.006
  1981 106     0.617     0.267     0.006
  1981 107     0.978     0.245     0.006
  1981 108     0.387     0.252     0.006
  1981 109     0.003     0.222     0.006
  1981 110     0.868     0.404     0.006
  1981 111     0.319     0.360     0.006
  1981 112     0.448     0.308     0.006
  1981 113     0.217     0.292     0.006
  1981 114     0.133     0.218     0.006
  1981 115     0.414     0.260     0.006
  1981 116     0.242     0.103     0.006
  1981 117     1.826     0.180     0.006
  1981 118     0.569     0.425     0.006
  1981 119     0.356     0.269     0.006
  1981 120     0.487     0.218     0.006
  1981 121     0.852     0.061     0.006
  1981 122     1.476     0.191     0.006
  1981 123     1.187     0.520     0.006
  1981 124     0.421     0.289     0.006
  1981 125     0.062     0.009     0.006
  1981 126     2.330     0.216     0.006
  1981 127     0.908     0.521     0.006
  1981 128     0.595     0.493     0.006
  1981 129     0.198     0.544     0.007
  1981 130     0.004     0.091     0.006
  1981 131     0.000    -0.069     0.007
  1981 132     0.159    -0.079     0.014
  1981 133     3.574     0.373     0.021
  1981 134     1.614     0.754     0.012
  1981 135     0.127     0.542     0.011
  1981 136     0.000     0.156     0.016
  1981 137     0.000     0.043     0.026
  1981 138     1.183    -0.030     0.082
  1981 139     1.169     0.079     0.193
  1981 140     0.328     0.147     0.925
  1981 141     3.741     0.274     3.559
  1981 142     0.293     1.054     0.828
  1981 143     0.016     0.855     0.602
  1981 144     0.010     0.876     1.154
  1981 145     0.074     1.205     1.859
  1981 146     0.018     1.728     2.950
  1981 147     0.190     1.683     0.955
  1981 148     1.357     1.646     0.768
  1981 149     0.765     1.786     0.135
  1981 150     0.313     1.765     0.123
  1981 151     0.034     2.376     0.123
  1981 152     0.097     2.145     0.126
  1981 153     0.208     2.380     0.199
  1981 154     0.047     2.709     0.546
  1981 155     5.045     2.100     0.270
  1981 156     5.571     1.360     0.142
  1981 157     0.949     1.586     0.274
  1981 158     0.109     1.930     0.290
  1981 159     0.916     1.787     0.302
  1981 160     1.759     1.680     0.293
  1981 161     3.829     1.382     0.424
  1981 162     0.862     1.499     0.257
  1981 163     1.415     1.569     0.216
  1981 164     0.108     2.913     0.190
  1981 165     2.786     2.901     0.511
  1981 166     0.212     3.342     0.201
  1981 167     0.397     3.016     0.121
  1981 168     0.231     2.583     0.117
  1981 169     0.289     2.294     0.110
  1981 170     0.016     2.174     0.098
  1981 171     0.284     2.621     0.087
  1981 172     0.106     2.479     0.078
  1981 173     0.017     2.733     0.075
  1981 174     0.728     2.817     0.075
  1981 175     0.364     1.865     0.072
  1981 176     0.806     2.706     0.066
  1981 177     2.713     2.793     0.058
  1981 178     3.170     3.436     0.051
  1981 179     0.290     3.192     0.044
  1981 180     0.401     3.307     0.037
  1981 181     1.109     3.372     0.032
  1981 182     8.038     2.696     0.067
  1981 183     4.789     3.988     0.056
  1981 184     0.013     3.640     0.031
  1981 185     0.304     4.256     0.025
  1981 186     0.362     4.178     0.021
  1981 187     2.512     2.188     0.018
  1981 188     1.400     2.793     0.021
  1981 189     6.148     3.125     0.025
  1981 190     3.394     3.479     0.030
  1981 191     0.467     3.999     0.023
  1981 192     1.445     2.973     0.017
  1981 193     1.853     2.958     0.015
  1981 194     0.041     3.248     0.014
  1981 195     0.315     3.139     0.012
  1981 196     0.008     3.143     0.012
  1981 197     0.963     3.337     0.011
  1981 198     3.843     3.478     0.012
  1981 199    17.061     2.273     0.112
  1981 200     0.814     4.195     0.055
  1981 201     0.002     3.836     0.025
  1981 202     0.000     3.321     0.018
  1981 203     0.189     2.303     0.016
  1981 204     9.722     2.588     0.158
  1981 205     4.604     3.111     0.137
  1981 206     1.233     2.623     0.049
  1981 207     0.001     3.403     0.029
  1981 208     0.011     3.785     0.023
  1981 209     2.777     2.858     0.023
  1981 210     0.524     3.181     0.023
  1981 211     0.040     2.722     0.024
  1981 212     0.000     2.706     0.025
  1981 213     0.038     2.587     0.026
  1981 214     0.258     2.350     0.027
  1981 215     0.938     2.353     0.029
  1981 216     1.261     2.135     0.031
  1981 217     0.150     2.296     0.033
  1981 218     0.921     2.243     0.034
  1981 219     0.499     2.079     0.036
  1981 220     0.260     1.986     0.039
  1981 221     0.030     1.861     0.041
  1981 222     0.029     2.210     0.043
  1981 223     0.325     2.258     0.045
  1981 224     2.633     1.814     0.048
  1981 225    11.778     2.235     0.056
  1981 226     0.105     2.837     0.054
  1981 227     0.002     3.191     0.056
  1981 228     3.700     2.511     0.059
  1981 229     0.005     2.713     0.061
  1981 230     6.662     2.314     0.113
  1981 231     1.359     2.273     0.075
  1981 232     0.104     2.707     0.072
  1981 233     0.471     2.131     0.073
  1981 234     0.056     2.443     0.076
  1981 235     0.055     2.041     0.079
  1981 236     0.159     1.854     0.082
  1981 237     0.247     1.735     0.084
  1981 238     0.017     1.902     0.087
  1981 239     0.045     2.157     0.090
  1981 240     1.808     2.408     0.093
  1981 241     4.971     1.873     0.100
  1981 242     8.508     1.428     0.112
  1981 243     2.376     1.496     0.104
  1981 244     0.592     2.316     0.104
  1981 245    17.584     1.624     0.182
  1981 246     3.296     2.415     0.150
  1981 247     1.920     2.174     0.125
  1981 248     3.999     1.336     0.143
  1981 249     0.246     1.844     0.129
  1981 250     3.129     1.814     0.132
  1981 251     0.201     1.567     0.127
  1981 252     0.275     1.454     0.125
  1981 253     4.966     1.336     0.137
  1981 254     2.068     1.775     0.139
  1981 255     0.369     1.460     0.135
  1981 256     1.083     1.223     0.136
  1981 257     1.084     0.936     0.136
  1981 258     0.249     1.024     0.136
  1981 259     0.012     1.637     0.136
  1981 260     0.025     1.570     0.138
  1981 261     0.284     1.754     0.140
  1981 262     0.303     1.024     0.142
  1981 263     0.110     1.181     0.145
  1981 264     0.000     1.257     0.144
  1981 265     1.826     1.048     0.145
  1981 266     6.952     1.127     0.156
  1981 267     0.336     1.269     0.152
  1981 268     0.097     1.185     0.151
  1981 269     0.540     0.950     0.153
  1981 270     0.197     0.975     0.153
  1981 271     0.015     0.669     0.153
  1981 272     0.000     0.653     0.154
  1981 273     0.028     0.630     0.156
  1981 274     0.161     0.955     0.157
  1981 275     2.776     1.192     0.161
  1981 276     0.599     0.934     0.161
  1981 277     1.849     0.490     0.163
  1981 278     1.123     0.616     0.165
  1981 279     0.875     0.705     0.164
  1981 280     0.868     0.469     0.164
  1981 281     0.431     0.703     0.164
  1981 282     0.835     0.883     0.166
  1981 283     5.880     0.399     0.167
  1981 284     1.746     0.515     0.172
  1981 285     3.859     0.347     0.179
  1981 286     6.344     0.383     0.225
  1981 287     2.850     0.399     0.199
  1981 288     4.398     0.408     0.192
  1981 289     3.438     0.311     0.205
  1981 290     1.066     0.693     0.192
  1981 291     0.243     0.493     0.182
  1981 292     0.387     0.481     0.177
  1981 293     0.377     0.493     0.179
  1981 294     0.351     0.320     0.190
  1981 295     0.750     0.381     0.222
  1981 296     1.408     0.163     0.230
  1981 297     0.935     0.317     0.243
  1981 298     0.398     0.242     0.196
  1981 299     0.058     0.049     0.174
  1981 300     0.011     0.025     0.173
  1981 301     0.496     0.116     0.173
  1981 302     0.910     0.182     0.173
  1981 303     4.469     0.053     0.174
  1981 304     0.830     0.180     0.174
  1981 305     0.663     0.433     0.176
  1981 306     0.126    -0.008     0.176
  1981 307     0.349     0.016     0.175
  1981 308     4.441     0.120     0.175
  1981 309     0.699     0.085     0.175
  1981 310     0.025    -0.028     0.175
  1981 311     0.823     0.195     0.176
  1981 312     0.332     0.193     0.176
  1981 313     0.145     0.002     0.176
  1981 314     0.584     0.020     0.176
  1981 315     0.566     0.087     0.176
  1981 316     0.599     0.087     0.176
  1981 317     1.330     0.052     0.176
  1981 318     0.016    -0.056     0.175
  1981 319     1.420     0.093     0.175
  1981 320     2.260     0.155     0.175
  1981 321     0.195     0.062     0.175
  1981 322     0.074     0.026     0.175
  1981 323     0.235     0.024     0.174
  1981 324     0.235     0.031     0.174
  1981 325     0.210     0.031     0.174
  1981 326     0.456     0.041     0.173
  1981 327     1.936     0.068     0.173
  1981 328     1.738     0.034     0.173
  1981 329     0.578     0.027     0.172
  1981 330     0.410     0.026     0.172
  1981 331     0.326     0.009     0.171
  1981 332     0.319     0.089     0.171
  1981 333     1.689     0.084     0.170
  1981 334     3.915     0.106     0.170
  1981 335     0.277     0.021     0.169
  1981 336     0.645     0.060     0.169
  1981 337     0.524     0.047     0.168
  1981 338     0.787     0.025     0.168
  1981 339     0.865     0.072     0.167
  1981 340     0.736     0.103     0.167
  1981 341     0.441     0.063     0.166
  1981 342     0.306     0.006     0.166
  1981 343     0.215     0.015     0.165
  1981 344     1.733     0.080     0.164
  1981 345     4.369     0.150     0.164
  1981 346     1.151     0.078     0.163
  1981 347     0.142    -0.004     0.162
  1981 348     0.172     0.010     0.162
  1981 349     0.276     0.014     0.161
  1981 350     0.147     0.003     0.160
  1981 351     0.037    -0.007     0.160
  1981 352     0.094     0.002     0.159
  1981 353     0.038     0.004     0.158
  1981 354     0.801     0.065     0.158
  1981 355     0.209     0.026     0.157
  1981 356     0.002    -0.003     0.157
  1981 357     0.526     0.025     0.156
  1981 358     0.172    -0.001     0.155
  1981 359     0.027    -0.015     0.155
  1981 360     0.078    -0.003     0.154
  1981 361     0.038    -0.005     0.153
  1981 362     0.084    -0.003     0.152
  1981 363     0.086     0.002     0.152
  1981 364     0.147     0.010     0.151
  1981 365     0.089     0.003     0.150
  1982   1     0.026    -0.005     0.150
  1982   2     0.014    -0.003     0.149
  1982   3     0.035     0.001     0.148
  1982   4     0.538     0.018     0.147
  1982   5     1.080     0.026     0.147
  1982   6     0.099     0.003     0.146
  1982   7     0.189     0.006     0.145
  1982   8     0.193     0.004     0.144
  1982   9     0.200     0.024     0.144
  1982  10     0.078     0.005     0.143
  1982  11     0.078    -0.008     0.142
  1982  12     0.009    -0.009     0.141
  1982  13     0.550     0.023     0.140
  1982  14     1.284     0.042     0.140
  1982  15     0.165     0.026     0.139
  1982  16     0.105     0.014     0.138
  1982  17     0.008    -0.002     0.137
  1982  18     0.009    -0.002     0.136
  1982  19     0.014    -0.001     0.136
  1982  20     0.020    -0.001     0.135
  1982  21     0.024     0.000     0.134
  1982  22     0.035     0.001     0.133
  1982  23     0.042     0.004     0.132
  1982  24     0.043     0.006     0.131
  1982  25     0.297     0.017     0.131
  1982  26     4.626     0.037     0.130
  1982  27     6.254     0.101     0.129
  1982  28     2.710     0.104     0.128
  1982  29     0.111     0.038     0.128
  1982  30     0.026     0.009     0.127
  1982  31     0.282     0.030     0.126
  1982  32     0.166     0.019     0.125
  1982  33     0.202     0.028     0.124
  1982  34     0.243     0.039     0.124
  1982  35     0.108     0.013     0.123
  1982  36     0.059     0.006     0.122
  1982  37     0.327     0.054     0.121
  1982  38     0.804     0.120     0.121
  1982  39     0.193     0.067     0.120
  1982  40     0.304     0.053     0.119
  1982  41     0.297     0.046     0.118
  1982  42     0.092     0.022     0.118
  1982  43     0.316     0.081     0.117
  1982  44     0.356     0.043     0.116
  1982  45     0.378     0.021     0.116
  1982  46     0.153     0.041     0.115
  1982  47     0.833     0.087     0.114
  1982  48     2.170     0.098     0.113
  1982  49     0.705     0.114     0.113
  1982  50     2.976     0.118     0.112
  1982  51     0.663     0.171     0.111
  1982  52     5.454     0.217     0.111
  1982  53     0.229     0.087     0.110
  1982  54     0.050     0.037     0.109
  1982  55     0.020     0.025     0.109
  1982  56     0.058     0.034     0.108
  1982  57     0.140     0.055     0.107
  1982  58     0.779     0.055     0.106
  1982  59     2.317     0.116     0.106
  1982  60     0.448     0.107     0.105
  1982  61     0.006     0.066     0.104
  1982  62     0.153     0.120     0.104
  1982  63     0.443     0.149     0.103
  1982  64     0.305     0.077     0.102
  1982  65     0.167     0.072     0.101
  1982  66     0.075     0.036     0.101
  1982  67     0.161     0.053     0.100
  1982  68     0.399     0.051     0.099
  1982  69     0.238     0.062     0.098
  1982  70     1.432     0.100     0.098
  1982  71     2.163     0.152     0.097
  1982  72     0.542     0.174     0.096
  1982  73     0.091     0.078     0.095
  1982  74     0.984     0.143     0.094
  1982  75     0.103     0.069     0.094
  1982  76     0.001     0.051     0.093
  1982  77     0.063     0.140     0.092
  1982  78     0.086     0.167     0.091
  1982  79     0.299     0.243     0.090
  1982  80     0.358     0.158     0.089
  1982  81     1.885     0.262     0.088
  1982  82     0.489     0.162     0.088
  1982  83     0.073     0.088     0.087
  1982  84     0.135     0.110     0.086
  1982  85     0.015     0.083     0.085
  1982  86     0.125     0.229     0.084
  1982  87     1.471     0.316     0.083
  1982  88     0.617     0.188     0.082
  1982  89     3.782     0.262     0.081
  1982  90     1.769     0.229     0.080
  1982  91     0.066     0.124     0.079
  1982  92     0.065     0.123     0.078
  1982  93     0.112     0.136     0.077
  1982  94     0.067     0.111     0.076
  1982  95     0.006     0.136     0.075
  1982  96     0.098     0.202     0.074
  1982  97     1.479     0.197     0.073
  1982  98     2.801     0.338     0.072
  1982  99     1.039     0.328     0.071
  1982 100     0.333     0.398     0.070
  1982 101     0.523     0.273     0.069
  1982 102     0.268     0.262     0.068
  1982 103     0.665     0.257     0.067
  1982 104     1.810     0.326     0.066
  1982 105     2.119     0.262     0.065
  1982 106     1.219     0.314     0.064
  1982 107     0.178     0.359     0.063
  1982 108     0.560     0.440     0.062
  1982 109     0.514     0.146     0.061
  1982 110     0.591     0.270     0.060
  1982 111     0.067    -0.013     0.059
  1982 112     0.237     0.244     0.058
  1982 113     0.363     0.053     0.057
  1982 114     1.625     0.351     0.057
  1982 115     0.333     0.316     0.056
  1982 116     0.024     0.211     0.055
  1982 117     0.104     0.097     0.054
  1982 118     0.002    -0.139     0.053
  1982 119     3.077    -0.120     0.053
  1982 120     1.485    -0.001     0.053
  1982 121     0.001    -0.088     0.053
  1982 122     5.672     0.043     0.059
  1982 123     0.241     0.039     0.264
  1982 124     7.623     0.107     0.942
  1982 125    24.326     0.405     1.465
  1982 126     6.321     0.512     0.786
  1982 127     4.919     0.676     0.444
  1982 128     0.328     0.654     0.286
  1982 129     0.063     0.272     0.268
  1982 130     1.085     0.287     0.481
  1982 131     0.071     0.434     0.498
  1982 132     0.590     0.207     1.419
  1982 133     3.409     0.503     1.301
  1982 134     1.939     0.854     0.796
  1982 135     0.191     0.847     0.525
  1982 136     0.046     0.592     0.553
  1982 137     0.132     0.405     1.087
  1982 138     0.562     1.109     0.742
  1982 139     0.224     1.345     0.604
  1982 140     1.939     0.613     0.849
  1982 141     0.156     1.299     1.113
  1982 142     0.067     1.580     1.394
  1982 143     0.046     1.958     1.727
  1982 144     5.592     0.998     2.579
  1982 145     2.724     2.061     1.781
  1982 146    12.660     1.084     1.684
  1982 147     5.903     1.131     0.919
  1982 148     5.734     0.644     0.789
  1982 149     1.096     0.914     0.883
  1982 150     0.143     1.095     1.144
  1982 151     0.098     1.670     1.453
  1982 152     1.792     1.268     1.371
  1982 153     2.658     1.665     1.199
  1982 154     1.727     2.187     1.582
  1982 155     0.942     2.248     1.032
  1982 156     9.355     1.890     0.921
  1982 157    18.214     0.808     0.800
  1982 158     2.116     1.308     0.546
  1982 159     0.763     0.894     1.070
  1982 160     6.373     0.886     2.638
  1982 161     1.723     1.579     1.232
  1982 162     0.446     2.173     1.132
  1982 163     0.895     2.244     1.220
  1982 164     1.208     2.021     1.257
  1982 165     0.253     2.371     0.996
  1982 166     0.376     2.554     0.920
  1982 167     0.503     2.209     0.925
  1982 168     0.965     2.843     0.694
  1982 169     0.900     2.950     0.578
  1982 170     1.277     2.496     0.469
  1982 171     1.777     2.088     0.420
  1982 172     0.111     2.721     0.365
  1982 173     1.808     1.801     0.324
  1982 174     9.673     1.851     0.643
  1982 175     0.396     3.645     0.379
  1982 176     2.079     3.459     0.316
  1982 177     3.560     2.785     0.314
  1982 178     3.014     2.632     0.334
  1982 179     0.049     3.273     0.295
  1982 180     0.009     3.264     0.265
  1982 181     0.023     3.363     0.247
  1982 182     0.139     2.748     0.240
  1982 183     0.007     3.871     0.234
  1982 184     0.063     3.031     0.230
  1982 185     6.523     1.557     0.265
  1982 186     0.068     3.443     0.250
  1982 187     0.608     2.741     0.243
  1982 188     6.433     2.293     0.253
  1982 189     0.871     3.813     0.265
  1982 190     1.597     3.613     0.259
  1982 191     0.888     2.967     0.264
  1982 192     2.938     2.484     0.317
  1982 193     0.165     3.415     0.285
  1982 194     0.088     2.674     0.287
  1982 195     0.373     3.000     0.294
  1982 196     1.735     3.053     0.304
  1982 197     0.973     3.545     0.321
  1982 198     0.082     3.134     0.329
  1982 199     0.001     3.160     0.340
  1982 200    11.527     2.716     0.396
  1982 201     5.065     3.861     0.413
  1982 202     0.109     3.811     0.397
  1982 203     0.782     3.399     0.397
  1982 204    12.717     2.454     0.476
  1982 205     4.976     2.014     0.478
  1982 206     0.179     3.030     0.465
  1982 207     1.077     2.939     0.457
  1982 208     0.048     3.266     0.461
  1982 209     0.889     3.374     0.468
  1982 210     1.011     3.575     0.477
  1982 211     6.080     2.604     0.515
  1982 212     2.403     3.333     0.530
  1982 213     0.039     2.613     0.520
  1982 214     0.002     3.276     0.520
  1982 215     2.182     2.340     0.581
  1982 216     1.012     1.972     0.545
  1982 217     4.273     1.712     0.554
  1982 218     0.680     2.488     0.557
  1982 219     6.264     1.600     0.599
  1982 220     1.283     3.085     0.595
  1982 221     0.001     2.905     0.580
  1982 222     0.000     3.180     0.577
  1982 223     0.000     3.021     0.579
  1982 224     1.536     2.620     0.587
  1982 225     3.917     2.898     0.593
  1982 226     0.063     2.718     0.591
  1982 227     7.171     1.626     0.807
  1982 228     0.257     2.507     0.628
  1982 229     0.142     2.514     0.610
  1982 230     5.700     1.323     0.624
  1982 231     1.599     2.177     0.630
  1982 232     1.074     2.151     0.630
  1982 233     1.361     2.283     0.620
  1982 234     0.474     2.297     0.617
  1982 235     3.016     2.088     0.619
  1982 236     4.289     1.881     0.627
  1982 237     3.127     1.527     0.627
  1982 238     3.843     1.406     0.626
  1982 239     1.085     1.524     0.624
  1982 240     0.897     1.367     0.618
  1982 241     3.432     1.255     0.622
  1982 242     0.410     1.818     0.617
  1982 243     0.334     1.888     0.613
  1982 244     2.717     1.036     0.614
  1982 245     1.451     1.236     0.615
  1982 246    14.027     1.211     0.808
  1982 247     4.406     1.637     0.711
  1982 248     0.420     1.440     0.641
  1982 249     3.363     1.566     0.625
  1982 250     5.345     1.475     0.633
  1982 251     0.947     2.238     0.628
  1982 252     0.681     1.791     0.625
  1982 253     6.825     1.541     0.616
  1982 254    12.869     1.948     0.988
  1982 255     1.300     1.762     0.661
  1982 256     0.355     1.253     0.622
  1982 257     0.000     2.045     0.607
  1982 258     2.547     1.030     0.604
  1982 259     1.302     1.162     0.607
  1982 260     0.801     1.480     0.599
  1982 261     5.983     1.047     0.639
  1982 262     0.293     1.117     0.615
  1982 263     0.000     1.438     0.603
  1982 264     0.102     1.275     0.598
  1982 265     0.226     1.425     0.595
  1982 266     0.307     1.191     0.595
  1982 267     1.971     0.893     0.594
  1982 268    12.965     0.516     0.622
  1982 269     1.907     0.980     0.619
  1982 270     0.098     0.678     0.608
  1982 271     0.084     0.618     0.602
  1982 272     3.984     0.559     0.604
  1982 273     1.228     0.485     0.611
  1982 274     0.003     0.515     0.614
  1982 275     4.349     0.503     0.634
  1982 276     0.253     0.780     0.631
  1982 277     0.012     0.470     0.614
  1982 278     0.002     0.634     0.617
  1982 279     0.012     0.560     0.623
  1982 280     0.172     0.504     0.612
  1982 281     2.532     0.250     0.666
  1982 282     0.202     0.370     0.632
  1982 283     0.121     0.491     0.627
  1982 284     0.660     0.570     0.611
  1982 285     1.342     0.506     0.633
  1982 286     0.148     0.650     0.617
  1982 287     0.722     0.796     0.614
  1982 288     0.435     0.798     0.601
  1982 289     0.142     0.469     0.597
  1982 290     1.761     0.361     0.595
  1982 291     0.292     0.258     0.593
  1982 292     0.819     0.276     0.598
  1982 293     0.457     0.299     0.606
  1982 294     0.144     0.173     0.607
  1982 295     0.300     0.206     0.604
  1982 296     1.471     0.074     0.614
  1982 297     0.345     0.235     0.620
  1982 298     0.027     0.107     0.616
  1982 299     0.044     0.070     0.613
  1982 300     0.353     0.094     0.655
  1982 301     4.418     0.399     0.681
  1982 302     7.766     0.355     0.625
  1982 303     1.772     0.799     0.622
  1982 304     0.536     0.559     0.611
  1982 305     0.535     0.297     0.596
  1982 306     0.834     0.335     0.588
  1982 307     1.039     0.245     0.590
  1982 308     0.051     0.017     0.583
  1982 309     0.140     0.004     0.602
  1982 310     0.892     0.046     0.628
  1982 311     0.393     0.061     0.631
  1982 312     0.825     0.028     0.606
  1982 313     1.885     0.232     0.597
  1982 314     4.577     0.296     0.603
  1982 315     0.283     0.077     0.558
  1982 316     0.234     0.040     0.520
  1982 317     0.218     0.029     0.513
  1982 318     0.135     0.010     0.508
  1982 319     0.803     0.036     0.504
  1982 320     0.499     0.036     0.498
  1982 321     0.588     0.017     0.493
  1982 322     2.698     0.060     0.488
  1982 323     0.793     0.074     0.484
  1982 324    10.238     0.161     0.479
  1982 325     3.341     0.157     0.474
  1982 326     0.869     0.078     0.469
  1982 327     0.247     0.023     0.464
  1982 328     0.321     0.045     0.459
  1982 329     0.045     0.015     0.455
  1982 330     0.042    -0.001     0.450
  1982 331     1.185     0.045     0.445
  1982 332     0.470     0.042     0.440
  1982 333     0.650     0.083     0.436
  1982 334     0.215     0.044     0.431
  1982 335     0.865     0.069     0.426
  1982 336     1.456     0.078     0.422
  1982 337     3.548     0.153     0.417
  1982 338     0.106     0.011     0.413
  1982 339     1.607     0.049     0.408
  1982 340     0.317     0.040     0.404
  1982 341     0.269     0.058     0.400
  1982 342     0.815     0.011     0.395
  1982 343     2.721     0.058     0.391
  1982 344     0.234     0.046     0.387
  1982 345     0.145     0.004     0.383
  1982 346     0.369     0.010     0.379
  1982 347     0.030     0.001     0.375
  1982 348     0.802     0.021     0.371
  1982 349     0.051     0.002     0.367
  1982 350     1.185     0.066     0.363
  1982 351     1.445     0.056     0.359
  1982 352     0.855     0.076     0.355
  1982 353     0.112     0.005     0.351
  1982 354     1.455     0.033     0.348
  1982 355     0.459     0.022     0.344
  1982 356     0.045    -0.005     0.340
  1982 357     2.321     0.048     0.336
  1982 358     0.221    -0.003     0.333
  1982 359     2.045     0.046     0.329
  1982 360     0.981     0.040     0.325
  1982 361     0.796     0.031     0.322
  1982 362     0.147     0.011     0.318
  1982 363     0.051    -0.005     0.314
  1982 364     0.071    -0.003     0.311
  1982 365     0.051    -0.004     0.307
  1983   1     0.051    -0.002     0.304
  1983   2     0.012    -0.016     0.301
  1983   3     1.018     0.048     0.297
  1983   4     0.877     0.040     0.294
  1983   5     1.438     0.041     0.290
  1983   6     0.810     0.033     0.287
  1983   7     0.188     0.018     0.284
  1983   8     4.877     0.098     0.281
  1983   9     1.800     0.108     0.278
  1983  10     0.475     0.071     0.274
  1983  11     0.107     0.033     0.271
  1983  12     0.029    -0.001     0.268
  1983  13     0.034     0.001     0.265
  1983  14     1.140     0.017     0.262
  1983  15     4.451     0.057     0.259
  1983  16     0.923     0.029     0.257
  1983  17     0.042     0.067     0.254
  1983  18     0.113     0.045     0.251
  1983  19     0.157     0.014     0.248
  1983  20     0.189     0.013     0.245
  1983  21     2.220     0.033     0.243
  1983  22     2.345     0.109     0.240
  1983  23     0.612     0.069     0.238
  1983  24     0.032     0.003     0.235
  1983  25     0.200     0.036     0.232
  1983  26     0.094     0.012     0.230
  1983  27     0.003     0.007     0.228
  1983  28     0.193     0.014     0.225
  1983  29     0.102     0.004     0.223
  1983  30     0.140     0.024     0.220
  1983  31     0.347     0.093     0.218
  1983  32     0.125     0.042     0.216
  1983  33     0.053     0.005     0.214
  1983  34     0.071     0.001     0.211
  1983  35     0.046     0.005     0.209
  1983  36     0.130     0.013     0.207
  1983  37     0.128     0.006     0.205
  1983  38     0.032     0.004     0.203
  1983  39     0.035     0.003     0.201
  1983  40     2.453     0.051     0.199
  1983  41     2.141     0.062     0.197
  1983  42     0.219     0.029     0.195
  1983  43     4.569     0.095     0.193
  1983  44     1.059     0.117     0.191
  1983  45     1.697     0.104     0.189
  1983  46     4.210     0.110     0.187
  1983  47     1.845     0.186     0.186
  1983  48     0.084     0.037     0.184
  1983  49     0.077     0.028     0.182
  1983  50     0.867     0.106     0.180
  1983  51     0.015     0.027     0.178
  1983  52     1.428     0.101     0.177
  1983  53     1.279     0.114     0.175
  1983  54     0.319     0.104     0.173
  1983  55     0.649     0.171     0.171
  1983  56     5.243     0.404     0.170
  1983  57     0.188     0.096     0.168
  1983  58     0.073     0.033     0.167
  1983  59     0.849     0.101     0.165
  1983  60     0.689     0.104     0.163
  1983  61     0.044     0.053     0.162
  1983  62     0.499     0.078     0.160
  1983  63     2.945     0.244     0.159
  1983  64     0.004     0.064     0.157
  1983  65     0.720     0.178     0.155
  1983  66     4.383     0.151     0.154
  1983  67     0.425     0.160     0.152
  1983  68     0.148     0.091     0.151
  1983  69     2.743     0.368     0.149
  1983  70     0.131     0.163     0.148
  1983  71     1.543     0.194     0.146
  1983  72     0.839     0.158     0.145
  1983  73     0.067     0.123     0.144
  1983  74     0.534     0.162     0.142
  1983  75     1.011     0.128     0.141
  1983  76     0.076     0.067     0.139
  1983  77     0.009     0.059     0.138
  1983  78     0.023     0.066     0.137
  1983  79     0.011     0.077     0.135
  1983  80     0.064     0.093     0.134
  1983  81     0.071     0.063     0.132
  1983  82     0.038     0.075     0.131
  1983  83     1.950     0.123     0.130
  1983  84     0.506     0.150     0.128
  1983  85     0.455     0.101     0.127
  1983  86     0.655     0.198     0.125
  1983  87     0.149     0.159     0.124
  1983  88     1.522     0.242     0.123
  1983  89     1.340     0.271     0.121
  1983  90     0.217     0.184     0.120
  1983  91     0.011     0.128     0.119
  1983  92     0.118     0.242     0.117
  1983  93     0.162     0.102     0.116
  1983  94     0.185     0.124     0.115
  1983  95     0.016     0.007     0.114
  1983  96     0.015    -0.052     0.112
  1983  97     2.661     0.255     0.111
  1983  98     6.727     0.277     0.110
  1983  99     3.537     0.464     0.108
  1983 100     0.255     0.269     0.107
  1983 101     0.908     0.211     0.106
  1983 102     0.335     0.250     0.105
  1983 103     0.125     0.214     0.103
  1983 104     2.604     0.274     0.102
  1983 105     0.043     0.230     0.101
  1983 106     0.023     0.285     0.100
  1983 107     2.080     0.375     0.099
  1983 108     1.528     0.406     0.098
  1983 109     2.972     0.190     0.096
  1983 110     0.140     0.068     0.095
  1983 111     0.056     0.044     0.094
  1983 112     0.202     0.177     0.093
  1983 113     1.803     0.230     0.092
  1983 114     1.902     0.178     0.091
  1983 115     2.405     0.334     0.090
  1983 116     5.751     0.478     0.089
  1983 117    11.303     0.655     0.088
  1983 118     6.157     0.682     0.087
  1983 119     1.847     0.736     0.086
  1983 120     0.430     0.611     0.085
  1983 121     0.916     0.457     0.084
  1983 122     0.215     0.354     0.083
  1983 123     0.150     0.320     0.082
  1983 124     0.076     0.304     0.081
  1983 125     0.252     0.348     0.081
  1983 126     0.097     0.268     0.080
  1983 127     1.103     0.230     0.079
  1983 128     2.635     0.131     0.078
  1983 129     5.586     0.513     0.077
  1983 130     3.449     0.489     0.076
  1983 131     1.172     0.614     0.076
  1983 132     0.678     0.417     0.075
  1983 133     0.972     0.395     0.074
  1983 134     0.354     0.374     0.073
  1983 135     0.033     0.290     0.073
  1983 136     2.039     0.117     0.072
  1983 137     0.525     0.526     0.071
  1983 138     0.870     0.349     0.071
  1983 139     0.089     0.252     0.070
  1983 140     3.711     0.298     0.069
  1983 141     0.628     0.377     0.069
  1983 142     1.381     0.762     0.068
  1983 143     0.504     0.685     0.068
  1983 144     0.056     0.450     0.067
  1983 145     0.091     0.011     0.066
  1983 146     5.245     0.183     0.086
  1983 147     7.689     0.156     0.174
  1983 148     2.078     0.221     0.289
  1983 149     1.064     0.144     0.465
  1983 150     0.173     0.153     0.726
  1983 151     0.186     0.122     1.063
  1983 152     0.268     0.337     1.479
  1983 153     0.913     0.495     1.024
  1983 154     0.223     0.459     1.376
  1983 155     0.237     0.455     1.756
  1983 156     0.261     0.334     5.819
  1983 157     0.267     0.752     3.731
  1983 158     0.085     0.776     3.598
  1983 159     1.177     0.586     4.962
  1983 160     0.099     1.017     5.591
  1983 161     2.800     0.685     8.937
  1983 162     4.920     0.836     9.843
  1983 163     7.039     1.135    10.152
  1983 164    12.047     0.581     9.397
  1983 165    10.785     0.992    10.362
  1983 166     0.779     2.362     5.025
  1983 167     0.075     3.436     4.197
  1983 168     0.123     3.926     3.637
  1983 169     0.166     4.213     2.771
  1983 170     1.419     3.232     2.000
  1983 171     4.792     2.156     1.713
  1983 172     1.900     1.965     1.335
  1983 173     0.164     2.727     1.108
  1983 174     0.028     3.805     0.978
  1983 175     0.918     4.093     0.961
  1983 176     0.746     3.340     0.934
  1983 177     0.004     3.709     0.734
  1983 178     0.000     3.477     0.619
  1983 179     0.034     3.462     0.566
  1983 180     0.641     2.953     0.528
  1983 181     0.088     3.556     0.499
  1983 182     0.001     3.424     0.469
  1983 183     1.302     3.038     0.448
  1983 184     2.050     2.405     0.447
  1983 185     0.104     2.319     0.388
  1983 186     0.005     3.037     0.331
  1983 187     4.341     1.893     0.328
  1983 188     0.129     3.358     0.302
  1983 189     0.009     3.242     0.289
  1983 190     2.592     2.865     0.275
  1983 191     0.583     3.855     0.266
  1983 192     1.226     2.341     0.282
  1983 193     1.120     2.329     0.255
  1983 194     8.657     2.743     0.277
  1983 195     1.090     2.926     0.267
  1983 196    15.129     2.003     0.367
  1983 197    23.789     1.924     1.467
  1983 198     4.951     3.098     0.657
  1983 199     0.861     3.376     0.478
  1983 200     1.396     3.181     0.425
  1983 201     0.029     3.691     0.393
  1983 202     0.090     3.420     0.377
  1983 203     2.353     2.603     0.390
  1983 204     0.496     3.134     0.392
  1983 205     1.641     3.319     0.401
  1983 206     6.703     2.913     0.435
  1983 207     9.557     2.238     0.622
  1983 208    23.610     2.062     2.397
  1983 209     1.856     1.832     0.729
  1983 210     0.024     3.214     0.627
  1983 211     0.059     3.601     0.601
  1983 212     0.592     3.270     0.602
  1983 213     6.339     3.243     0.662
  1983 214     3.527     2.694     0.806
  1983 215    15.622     3.055     2.142
  1983 216     7.225     4.327     1.699
  1983 217     0.322     4.267     0.821
  1983 218     8.690     3.040     0.982
  1983 219     2.025     3.382     0.929
  1983 220     0.279     3.230     0.897
  1983 221    11.641     1.789     1.641
  1983 222     0.109     3.248     1.027
  1983 223     0.013     3.243     1.015
  1983 224     5.713     2.475     1.055
  1983 225     0.494     4.414     1.099
  1983 226     0.428     3.931     1.102
  1983 227     5.560     2.603     1.217
  1983 228     4.165     2.064     1.182
  1983 229     3.797     2.024     1.229
  1983 230     4.522     2.366     1.315
  1983 231    13.981     1.892     2.451
  1983 232     2.527     1.782     1.465
  1983 233     6.987     1.888     1.780
  1983 234     2.670     1.945     1.460
  1983 235     2.605     2.274     1.593
  1983 236     1.209     2.431     1.346
  1983 237     0.888     2.710     1.343
  1983 238     0.057     2.851     1.345
  1983 239     0.877     2.126     1.346
  1983 240     0.530     2.291     1.347
  1983 241     0.472     2.311     1.343
  1983 242     0.119     1.982     1.336
  1983 243     3.014     1.675     1.331
  1983 244     0.347     2.288     1.322
  1983 245     9.265     1.486     1.472
  1983 246    27.046     1.759     4.938
  1983 247     0.781     1.147     1.516
  1983 248     0.640     1.503     1.416
  1983 249     0.698     1.554     1.367
  1983 250     5.059     1.203     1.587
  1983 251     8.423     1.113     2.246
  1983 252     0.587     1.698     1.436
  1983 253     2.115     1.478     1.444
  1983 254     1.041     1.816     1.405
  1983 255     0.676     1.598     1.389
  1983 256     0.267     1.450     1.388
  1983 257     0.018     1.415     1.385
  1983 258     0.037     1.579     1.382
  1983 259     1.259     1.391     1.381
  1983 260    13.776     1.419     1.866
  1983 261    21.102     0.799     4.021
  1983 262    11.357     0.819     3.096
  1983 263     0.926     1.124     1.661
  1983 264     0.842     1.253     1.518
  1983 265     0.048     0.994     1.488
  1983 266     0.231     0.721     1.478
  1983 267     1.465     1.075     1.519
  1983 268     0.143     0.965     1.492
  1983 269     0.396     0.850     1.489
  1983 270     0.553     0.919     1.493
  1983 271     3.642     1.172     1.531
  1983 272     0.310     1.141     1.506
  1983 273     0.482     1.134     1.501
  1983 274     0.272     0.900     1.498
  1983 275     0.201     0.769     1.494
  1983 276     0.199     0.553     1.488
  1983 277     1.802     0.543     1.481
  1983 278     3.529     0.630     1.492
  1983 279     0.556     0.875     1.478
  1983 280     0.151     0.515     1.459
  1983 281     0.097     0.520     1.442
  1983 282     0.901     0.368     1.429
  1983 283     0.260     0.595     1.414
  1983 284     0.394     0.487     1.395
  1983 285     0.626     0.532     1.377
  1983 286     1.262     0.393     1.363
  1983 287     0.593     0.490     1.345
  1983 288     4.057     0.339     1.332
  1983 289     4.846     0.645     1.331
  1983 290     3.271     0.584     1.308
  1983 291     0.364     0.505     1.284
  1983 292     0.002     0.367     1.270
  1983 293     0.994     0.102     1.256
  1983 294     0.744     0.259     1.246
  1983 295     1.162     0.164     1.229
  1983 296     5.959     0.280     1.737
  1983 297     0.278     0.315     1.228
  1983 298     0.183     0.232     1.200
  1983 299     4.613     0.144     1.195
  1983 300     4.325     0.342     1.209
  1983 301     0.833     0.232     1.195
  1983 302     0.020     0.082     1.199
  1983 303     0.004     0.013     1.186
  1983 304     0.062    -0.010     1.184
  1983 305     0.238     0.190     1.149
  1983 306     0.038    -0.024     1.207
  1983 307     0.353     0.036     1.321
  1983 308     3.874    -0.014     1.452
  1983 309    13.568     0.335     1.645
  1983 310     0.446     0.298     1.292
  1983 311     1.641     0.225     1.242
  1983 312     0.202     0.114     1.287
  1983 313     0.060     0.016     1.238
  1983 314     0.130     0.006     1.021
  1983 315     0.092    -0.031     0.962
  1983 316     0.777     0.046     0.932
  1983 317     2.319     0.160     0.920
  1983 318     0.222     0.043     0.907
  1983 319     0.677     0.082     0.896
  1983 320     0.452     0.141     0.886
  1983 321     2.819     0.129     0.876
  1983 322     4.292     0.158     0.867
  1983 323     3.434     0.215     0.857
  1983 324     2.951     0.379     0.848
  1983 325     1.068     0.342     0.839
  1983 326     0.527     0.114     0.829
  1983 327     2.288     0.161     0.820
  1983 328     9.505     0.338     0.811
  1983 329     1.964     0.327     0.802
  1983 330     0.356     0.046     0.793
  1983 331     0.316     0.046     0.784
  1983 332     0.663     0.048     0.775
  1983 333     1.111     0.078     0.766
  1983 334     0.677     0.062     0.757
  1983 335     1.036     0.131     0.748
  1983 336     0.179     0.001     0.739
  1983 337     0.055     0.026     0.730
  1983 338     0.029    -0.000     0.721
  1983 339     0.012    -0.005     0.712
  1983 340     0.086     0.013     0.703
  1983 341     0.689     0.029     0.693
  1983 342     0.578     0.023     0.684
  1983 343     0.303     0.015     0.675
  1983 344     0.049    -0.006     0.667
  1983 345     0.443     0.034     0.658
  1983 346     1.678     0.033     0.649
  1983 347     1.552     0.046     0.640
  1983 348     0.028    -0.005     0.631
  1983 349     0.031    -0.006     0.622
  1983 350     0.112     0.011     0.614
  1983 351     0.147     0.022     0.605
  1983 352     0.102     0.001     0.597
  1983 353     0.070    -0.004     0.589
  1983 354     0.137     0.010     0.581
  1983 355     0.383     0.016     0.573
  1983 356     0.345     0.029     0.565
  1983 357     0.111     0.011     0.557
  1983 358     2.592     0.095     0.550
  1983 359     2.892     0.256     0.542
  1983 360     0.738     0.213     0.535
  1983 361     0.328     0.046     0.528
  1983 362     0.433     0.080     0.521
  1983 363     0.809     0.167     0.514
  1983 364     0.039     0.001     0.508
  1983 365     0.415     0.055     0.501
  1984   1     0.461     0.007     0.495
  1984   2     3.925     0.055     0.488
  1984   3     1.815     0.044     0.482
  1984   4     0.933     0.050     0.476
  1984   5     0.097     0.020     0.470
  1984   6     0.030     0.007     0.464
  1984   7     0.024    -0.006     0.458
  1984   8     0.127     0.002     0.452
  1984   9     0.067     0.006     0.446
  1984  10     0.048    -0.001     0.441
  1984  11     0.051    -0.003     0.435
  1984  12     0.028    -0.003     0.430
  1984  13     0.011    -0.015     0.424
  1984  14     3.018     0.250     0.419
  1984  15     1.105     0.158     0.413
  1984  16     0.162     0.042     0.408
  1984  17     0.220     0.031     0.402
  1984  18     0.194     0.026     0.397
  1984  19     0.070     0.001     0.392
  1984  20     0.263     0.034     0.386
  1984  21     0.361     0.081     0.381
  1984  22     0.022    -0.003     0.376
  1984  23     2.883     0.053     0.371
  1984  24     3.360     0.114     0.366
  1984  25     0.137     0.008     0.361
  1984  26     0.064    -0.000     0.356
  1984  27     0.427     0.019     0.352
  1984  28     0.489     0.016     0.347
  1984  29     0.149     0.011     0.342
  1984  30     0.604     0.026     0.338
  1984  31     0.880     0.066     0.333
  1984  32     0.092     0.021     0.329
  1984  33     1.613     0.085     0.324
  1984  34     1.756     0.053     0.320
  1984  35     0.824     0.028     0.316
  1984  36     2.680     0.087     0.312
  1984  37     0.175     0.045     0.308
  1984  38     2.362     0.084     0.304
  1984  39     1.421     0.120     0.300
  1984  40     1.741     0.134     0.296
  1984  41     2.516     0.085     0.292
  1984  42     0.822     0.120     0.288
  1984  43     0.884     0.124     0.285
  1984  44     0.233     0.128     0.281
  1984  45     0.410     0.100     0.277
  1984  46     0.747     0.085     0.274
  1984  47     0.375     0.101     0.271
  1984  48     0.411     0.092     0.267
  1984  49     0.570     0.088     0.264
  1984  50     0.852     0.107     0.261
  1984  51     3.139     0.119     0.258
  1984  52     1.371     0.242     0.254
  1984  53     0.411     0.140     0.251
  1984  54     0.241     0.076     0.248
  1984  55     0.297     0.060     0.246
  1984  56     0.537     0.107     0.243
  1984  57     0.576     0.128     0.240
  1984  58     0.215     0.063     0.237
  1984  59     0.022     0.066     0.234
  1984  60     0.015     0.085     0.232
  1984  61     0.375     0.096     0.229
  1984  62     0.410     0.089     0.226
  1984  63     1.006     0.170     0.224
  1984  64     0.178     0.067     0.221
  1984  65     0.001     0.024     0.219
  1984  66     0.008     0.035     0.217
  1984  67     0.001     0.033     0.214
  1984  68     0.023     0.050     0.212
  1984  69     1.533     0.106     0.210
  1984  70     0.317     0.108     0.207
  1984  71     0.227     0.084     0.205
  1984  72     0.040     0.026     0.203
  1984  73     0.033     0.028     0.201
  1984  74     0.011     0.025     0.199
  1984  75     0.007     0.037     0.197
  1984  76     0.646     0.202     0.195
  1984  77     0.166     0.137     0.193
  1984  78     1.957     0.191     0.191
  1984  79     0.841     0.218     0.189
  1984  80     0.488     0.307     0.187
  1984  81     1.179     0.194     0.185
  1984  82     1.586     0.201     0.183
  1984  83     1.479     0.297     0.181
  1984  84     0.307     0.255     0.180
  1984  85     2.396     0.357     0.178
  1984  86     1.764     0.440     0.176
  1984  87     1.560     0.329     0.174
  1984  88     0.811     0.272     0.173
  1984  89     0.155     0.346     0.171
  1984  90     0.008     0.087     0.169
  1984  91     0.270     0.101     0.168
  1984  92     0.304     0.200     0.166
  1984  93     0.322     0.153     0.165
  1984  94     0.241     0.177     0.163
  1984  95     0.224     0.165     0.162
  1984  96     5.622     0.257     0.160
  1984  97     1.868     0.337     0.159
  1984  98     2.461     0.348     0.157
  1984  99     4.053     0.006     0.156
  1984 100     1.724    -0.013     0.154
  1984 101     3.535     0.049     0.153
  1984 102     2.304     0.300     0.152
  1984 103     0.559     0.322     0.150
  1984 104     4.569     0.368     0.149
  1984 105     0.387     0.440     0.148
  1984 106     0.061     0.290     0.146
  1984 107     0.000    -0.217     0.145
  1984 108     0.000    -0.256     0.144
  1984 109     0.079     0.006     0.180
  1984 110     0.040     0.175     0.215
  1984 111     0.057     0.114     0.277
  1984 112     0.000    -0.376     0.479
  1984 113     0.013     0.027     0.987
  1984 114     0.637     0.082     1.895
  1984 115     0.274     0.492     1.969
  1984 116     1.257     0.711     0.803
  1984 117     2.081     0.570     0.548
  1984 118     0.815     0.688     0.254
  1984 119    10.624     0.867     0.145
  1984 120     1.570     1.076     0.135
  1984 121     0.041     0.523     0.133
  1984 122     0.031     0.113     0.134
  1984 123     0.130     0.209     0.159
  1984 124     0.435     0.379     0.168
  1984 125     2.786     0.489     0.155
  1984 126     3.308     0.680     0.146
  1984 127     2.187     0.580     0.141
  1984 128     8.450     0.577     0.136
  1984 129     5.636     0.510     0.138
  1984 130     0.517     0.412     0.154
  1984 131     0.397     0.433     0.159
  1984 132     0.306     0.434     0.157
  1984 133     1.014     0.305     0.203
  1984 134     0.417     0.270     0.257
  1984 135     0.021     0.235     0.248
  1984 136     1.016     0.194     0.416
  1984 137     4.835     0.134     1.148
  1984 138    14.274     0.012     4.876
  1984 139     1.265     0.882     2.134
  1984 140     0.236     0.659     1.015
  1984 141     0.005     0.849     1.780
  1984 142     1.731     0.604     1.760
  1984 143     0.849     0.949     1.075
  1984 144     0.438     0.883     0.896
  1984 145     0.083     0.841     0.970
  1984 146     0.090     0.892     1.059
  1984 147     0.016     0.776     1.133
  1984 148     0.030     0.900     1.592
  1984 149     0.167     1.027     3.571
  1984 150     1.335     1.033     5.173
  1984 151     0.694     1.738     5.095
  1984 152     3.401     0.984     7.508
  1984 153     8.949     1.914     9.921
  1984 154     8.737     1.278     7.886
  1984 155     5.211     1.238     4.878
  1984 156     2.936     1.500     4.021
  1984 157     3.276     1.778     3.961
  1984 158     1.856     2.131     3.513
  1984 159     0.568     2.526     2.649
  1984 160     0.150     2.796     2.010
  1984 161     0.068     2.657     1.802
  1984 162     2.210     1.997     1.912
  1984 163     0.527     2.522     1.521
  1984 164     0.050     1.932     1.087
  1984 165     0.003     3.015     1.305
  1984 166     3.515     3.169     1.826
  1984 167     0.916     3.407     1.375
  1984 168     0.059     3.142     0.738
  1984 169     0.004     3.555     0.680
  1984 170     0.272     2.645     0.668
  1984 171     0.013     3.194     0.675
  1984 172     0.036     3.491     0.680
  1984 173     9.853     1.862     0.779
  1984 174     0.290     3.527     0.718
  1984 175     0.353     2.708     0.703
  1984 176     0.684     3.958     0.669
  1984 177     2.228     3.353     0.649
  1984 178     1.440     2.388     0.635
  1984 179     0.078     3.601     0.616
  1984 180     0.202     3.256     0.596
  1984 181     1.234     3.391     0.583
  1984 182     0.529     3.776     0.578
  1984 183     0.348     4.598     0.574
  1984 184     1.433     3.481     0.571
  1984 185     2.575     3.268     0.574
  1984 186     2.234     3.672     0.589
  1984 187     0.020     3.288     0.585
  1984 188     0.005     3.399     0.586
  1984 189     1.218     2.836     0.590
  1984 190     2.888     2.757     0.598
  1984 191     3.381     2.778     0.609
  1984 192     0.465     2.735     0.619
  1984 193     0.287     2.721     0.622
  1984 194     0.587     2.919     0.626
  1984 195     1.246     2.978     0.631
  1984 196     0.293     3.065     0.635
  1984 197     4.408     2.713     0.647
  1984 198     1.323     3.167     0.658
  1984 199     9.950     3.105     0.772
  1984 200     2.187     3.843     0.694
  1984 201     1.212     3.838     0.669
  1984 202     0.213     3.069     0.662
  1984 203     9.840     1.879     0.689
  1984 204     4.025     2.179     0.698
  1984 205     0.900     3.310     0.683
  1984 206     1.619     2.948     0.677
  1984 207     0.111     3.374     0.671
  1984 208     0.574     3.373     0.668
  1984 209     0.465     3.280     0.666
  1984 210     1.227     2.158     0.666
  1984 211     2.301     3.350     0.667
  1984 212     0.098     3.843     0.665
  1984 213     0.428     3.236     0.663
  1984 214     1.290     3.688     0.661
  1984 215     0.033     3.082     0.659
  1984 216     0.272     3.532     0.657
  1984 217     0.133     2.560     0.655
  1984 218     1.537     2.437     0.653
  1984 219     1.813     2.435     0.650
  1984 220     3.015     2.297     0.650
  1984 221     2.110     1.816     0.648
  1984 222     0.068     2.552     0.643
  1984 223     0.439     2.514     0.639
  1984 224     1.811     2.694     0.636
  1984 225     0.026     2.244     0.632
  1984 226     3.650     2.301     0.645
  1984 227     4.747     3.024     0.648
  1984 228     0.026     2.469     0.625
  1984 229     1.946     2.288     0.617
  1984 230     0.849     2.246     0.612
  1984 231     0.021     2.271     0.606
  1984 232     2.453     1.960     0.602
  1984 233    22.928     1.892     1.083
  1984 234     0.694     3.111     0.647
  1984 235     0.001     2.812     0.604
  1984 236     0.002     2.609     0.588
  1984 237     0.541     2.442     0.580
  1984 238     0.756     2.723     0.574
  1984 239     3.167     1.852     0.569
  1984 240     0.027     2.357     0.563
  1984 241     6.976     2.243     0.568
  1984 242     3.432     2.176     0.560
  1984 243     4.084     2.209     0.560
  1984 244     0.563     1.898     0.550
  1984 245     0.154     1.924     0.540
  1984 246     3.291     1.288     0.538
  1984 247     3.264     1.200     0.547
  1984 248     0.471     1.392     0.531
  1984 249     0.330     1.643     0.521
  1984 250     9.645     1.159     0.548
  1984 251     3.035     1.709     0.544
  1984 252     0.510     1.170     0.525
  1984 253     0.424     0.969     0.515
  1984 254     0.166     0.945     0.502
  1984 255     1.266     1.170     0.497
  1984 256     0.412     1.412     0.492
  1984 257     1.021     1.345     0.488
  1984 258     0.515     1.299     0.482
  1984 259     0.130     1.496     0.478
  1984 260     0.003     1.419     0.475
  1984 261     1.429     1.290     0.473
  1984 262     1.016     1.835     0.468
  1984 263     0.172     1.424     0.463
  1984 264     0.110     1.004     0.460
  1984 265     0.077     0.826     0.455
  1984 266     1.363     0.661     0.453
  1984 267     0.429     0.749     0.448
  1984 268     0.188     0.729     0.444
  1984 269     0.762     0.602     0.440
  1984 270     0.761     0.702     0.436
  1984 271     0.281     0.647     0.432
  1984 272     0.210     0.678     0.429
  1984 273     0.601     0.609     0.425
  1984 274     2.527     0.468     0.422
  1984 275     8.099     0.372     0.419
  1984 276     0.520     0.383     0.415
  1984 277     0.521     0.400     0.411
  1984 278     0.874     0.337     0.408
  1984 279     1.915     0.252     0.414
  1984 280     0.263     0.689     0.413
  1984 281     0.205     0.271     0.402
  1984 282     0.001     0.387     0.414
  1984 283     0.000     0.463     0.408
  1984 284     0.008     0.519     0.399
  1984 285     0.172     0.484     0.394
  1984 286     0.633     0.454     0.390
  1984 287     0.875     0.683     0.387
  1984 288     0.267     0.678     0.381
  1984 289     0.244     0.390     0.378
  1984 290     3.619     0.691     0.377
  1984 291     3.336     0.916     0.387
  1984 292     4.812     0.799     0.392
  1984 293     0.513     0.482     0.376
  1984 294     0.070     0.308     0.367
  1984 295     0.450     0.306     0.362
  1984 296     2.811     0.233     0.360
  1984 297     1.269     0.276     0.357
  1984 298     0.169     0.136     0.356
  1984 299     0.222     0.191     0.366
  1984 300     3.310     0.174     0.388
  1984 301     0.458     0.356     0.376
  1984 302     0.277     0.167     0.363
  1984 303     0.912     0.318     0.371
  1984 304     1.056     0.397     0.378
  1984 305     0.265     0.082     0.359
  1984 306     1.546     0.132     0.352
  1984 307     0.163     0.036     0.345
  1984 308     2.369     0.082     0.339
  1984 309     1.677     0.116     0.342
  1984 310     0.336     0.079     0.339
  1984 311     0.200     0.066     0.330
  1984 312     1.283     0.088     0.320
  1984 313     6.373     0.124     0.318
  1984 314     1.037     0.075     0.316
  1984 315     0.827     0.040     0.314
  1984 316     0.969     0.094     0.312
  1984 317     0.446     0.077     0.310
  1984 318     3.615     0.126     0.308
  1984 319     1.830     0.144     0.305
  1984 320    12.152     0.150     0.303
  1984 321     4.008     0.166     0.301
  1984 322     0.853     0.115     0.299
  1984 323     0.333     0.048     0.297
  1984 324     0.071     0.017     0.295
  1984 325     1.228     0.087     0.293
  1984 326     1.322     0.115     0.291
  1984 327     0.331     0.052     0.289
  1984 328     0.822     0.163     0.287
  1984 329     1.702     0.061     0.285
  1984 330     0.251     0.022     0.283
  1984 331     0.152     0.020     0.280
  1984 332     0.129     0.016     0.278
  1984 333     0.289     0.015     0.276
  1984 334     0.206     0.014     0.274
  1984 335     0.078     0.000     0.273
  1984 336     0.141     0.004     0.271
  1984 337     0.209    -0.002     0.269
  1984 338     0.409     0.011     0.267
  1984 339     0.608     0.026     0.265
  1984 340     0.080     0.009     0.263
  1984 341     0.709     0.059     0.261
  1984 342     1.824     0.079     0.259
  1984 343     0.273     0.007     0.257
  1984 344     0.395     0.023     0.255
  1984 345     3.701     0.082     0.253
  1984 346     0.499     0.040     0.252
  1984 347     0.045    -0.001     0.250
  1984 348     0.014    -0.003     0.248
  1984 349     0.699     0.039     0.246
  1984 350     0.431     0.045     0.244
  1984 351     0.020    -0.007     0.242
  1984 352     0.017    -0.017     0.241
  1984 353     0.303     0.008     0.239
  1984 354     0.093     0.002     0.237
  1984 355     0.882     0.014     0.235
  1984 356     1.205     0.034     0.234
  1984 357     0.092     0.010     0.232
  1984 358     0.239     0.042     0.230
  1984 359     0.467     0.059     0.228
  1984 360     0.083    -0.002     0.227
  1984 361     0.163    -0.002     0.225
  1984 362     1.152     0.021     0.223
  1984 363     0.020    -0.008     0.222
  1984 364     0.011    -0.005     0.220
  1984 365     0.068     0.000     0.218
  1984 366     0.034    -0.015     0.216
  1985   1     0.078     0.007     0.215
  1985   2     1.503     0.035     0.213
  1985   3     4.071     0.182     0.211
  1985   4     0.216     0.003     0.210
  1985   5     0.036     0.005     0.208
  1985   6     0.995     0.043     0.206
  1985   7     0.097    -0.001     0.205
  1985   8     0.430     0.044     0.203
  1985   9     0.347     0.043     0.201
  1985  10     0.125     0.003     0.200
  1985  11     0.533     0.067     0.198
  1985  12     1.856     0.032     0.197
  1985  13     0.848     0.025     0.195
  1985  14     0.066    -0.006     0.193
  1985  15     0.046    -0.004     0.192
  1985  16     0.126     0.008     0.190
  1985  17     0.129     0.009     0.189
  1985  18     0.197     0.020     0.187
  1985  19     1.485     0.064     0.186
  1985  20     0.616     0.031     0.184
  1985  21     0.131     0.015     0.183
  1985  22     0.622     0.094     0.181
  1985  23     0.393     0.029     0.180
  1985  24     0.349     0.064     0.178
  1985  25     0.244     0.028     0.177
  1985  26     0.485     0.050     0.175
  1985  27     0.502     0.018     0.174
  1985  28     0.531     0.038     0.172
  1985  29     0.427     0.047     0.171
  1985  30     0.849     0.050     0.170
  1985  31     0.977     0.059     0.168
  1985  32     0.747     0.053     0.167
  1985  33     1.064     0.069     0.165
  1985  34     0.173     0.027     0.164
  1985  35     0.014     0.012     0.163
  1985  36     0.070     0.016     0.161
  1985  37     0.142     0.022     0.160
  1985  38     0.098     0.014     0.159
  1985  39     0.068     0.008     0.157
  1985  40     0.922     0.035     0.156
  1985  41     2.148     0.047     0.155
  1985  42     0.473     0.066     0.154
  1985  43     0.198     0.015     0.153
  1985  44     0.905     0.045     0.151
  1985  45     0.091     0.015     0.150
  1985  46     0.655     0.042     0.149
  1985  47     0.643     0.051     0.148
  1985  48     0.633     0.116     0.147
  1985  49     0.219     0.066     0.145
  1985  50     2.868     0.090     0.144
  1985  51     1.830     0.122     0.143
  1985  52     0.071     0.046     0.142
  1985  53     1.030     0.112     0.141
  1985  54     0.620     0.034     0.140
  1985  55     0.899     0.054     0.139
  1985  56     0.062     0.036     0.138
  1985  57     0.182     0.042     0.137
  1985  58     1.853     0.135     0.136
  1985  59     3.371     0.185     0.135
  1985  60     0.523     0.148     0.133
  1985  61     0.144     0.109     0.132
  1985  62     0.444     0.132     0.131
  1985  63     0.529     0.097     0.130
  1985  64     0.240     0.079     0.129
  1985  65     0.846     0.114     0.128
  1985  66     0.245     0.063     0.127
  1985  67     0.247     0.225     0.126
  1985  68     1.448     0.110     0.126
  1985  69     0.692     0.313     0.125
  1985  70     1.824     0.149     0.124
  1985  71     4.218     0.174     0.123
  1985  72     0.504     0.105     0.122
  1985  73     0.278     0.126     0.121
  1985  74     3.465     0.208     0.120
  1985  75     0.455     0.224     0.119
  1985  76     0.180     0.142     0.118
  1985  77     0.652     0.282     0.117
  1985  78     0.076     0.066     0.116
  1985  79     2.987     0.184     0.115
  1985  80     2.573     0.315     0.114
  1985  81     0.285     0.172     0.113
  1985  82     0.605     0.207     0.112
  1985  83     6.629     0.302     0.111
  1985  84     2.521     0.368     0.111
  1985  85     0.123     0.173     0.110
  1985  86     0.074     0.158     0.109
  1985  87     0.357     0.184     0.108
  1985  88     0.128     0.099     0.107
  1985  89     0.671     0.280     0.106
  1985  90     0.136     0.090     0.105
  1985  91     4.952     0.214     0.104
  1985  92     4.096     0.354     0.104
  1985  93     0.562     0.273     0.103
  1985  94     2.094     0.372     0.102
  1985  95     2.152     0.390     0.101
  1985  96     0.730     0.334     0.100
  1985  97     0.339     0.300     0.099
  1985  98     0.322     0.263     0.098
  1985  99     4.152     0.538     0.097
  1985 100     0.747     0.125     0.097
  1985 101     0.743     0.250     0.096
  1985 102     0.122     0.277     0.095
  1985 103     2.677     0.007     0.094
  1985 104     2.919     0.339     0.093
  1985 105     1.676     0.238     0.093
  1985 106     0.152     0.343     0.092
  1985 107     2.315     0.322     0.091
  1985 108     0.698     0.343     0.090
  1985 109     0.950     0.084     0.089
  1985 110    10.208     0.303     0.089
  1985 111     2.518    -0.020     0.089
  1985 112     2.622    -0.002     0.090
  1985 113     0.037     0.134     0.091
  1985 114     0.288     0.084     0.092
  1985 115     0.268     0.255     0.091
  1985 116     0.086     0.176     0.090
  1985 117     1.296     0.290     0.089
  1985 118     1.344     0.059     0.090
  1985 119     0.703     0.045     0.096
  1985 120     0.022     0.069     0.097
  1985 121     0.028     0.066     0.110
  1985 122     0.166     0.219     0.131
  1985 123     0.750     0.085     0.149
  1985 124     0.401     0.315     0.261
  1985 125     0.238     0.522     0.325
  1985 126     0.194     0.285     0.269
  1985 127     0.895     0.120     0.292
  1985 128     2.602     0.094     0.693
  1985 129     0.493     0.435     0.459
  1985 130     0.584     0.261     0.653
  1985 131     4.074     0.145     1.942
  1985 132     0.646     0.494     1.865
  1985 133     7.253     0.421     0.906
  1985 134     2.870     0.287     1.326
  1985 135     0.318     0.404     1.175
  1985 136     0.015     0.542     3.072
  1985 137     0.961     0.841     2.911
  1985 138    12.305     1.055     5.489
  1985 139     0.968     1.104     1.181
  1985 140     0.987     0.972     1.282
  1985 141     0.520     1.246     1.802
  1985 142     0.528     1.441     1.650
  1985 143     6.554     1.380     3.184
  1985 144     2.429     1.414     1.918
  1985 145     0.971     1.216     1.154
  1985 146     0.384     1.444     0.971
  1985 147     1.256     1.333     1.150
  1985 148     1.215     1.478     1.397
  1985 149     1.364     1.530     1.115
  1985 150     0.758     1.459     1.175
  1985 151     1.817     1.161     1.007
  1985 152     3.255     1.553     0.904
  1985 153     1.516     1.073     0.997
  1985 154     0.232     1.467     0.982
  1985 155     0.034     1.857     1.650
  1985 156     1.018     2.166     1.406
  1985 157     0.867     2.413     1.340
  1985 158     1.819     2.074     1.052
  1985 159     3.591     1.774     1.040
  1985 160     0.589     2.428     0.994
  1985 161     0.120     2.970     0.772
  1985 162     0.011     3.025     0.828
  1985 163     0.001     3.204     0.800
  1985 164     0.175     2.431     0.733
  1985 165     1.575     2.848     0.664
  1985 166     0.814     3.188     0.611
  1985 167     0.889     3.576     0.596
  1985 168     0.005     3.436     0.563
  1985 169     0.047     2.950     0.535
  1985 170     2.439     2.542     0.535
  1985 171     7.616     3.246     0.565
  1985 172     0.721     2.679     0.522
  1985 173     0.039     2.111     0.419
  1985 174     0.004     2.599     0.365
  1985 175     0.014     3.060     0.329
  1985 176     5.823     1.631     0.385
  1985 177     6.654     0.947     0.375
  1985 178     0.135     3.078     0.312
  1985 179     0.016     3.651     0.290
  1985 180     0.083     2.860     0.282
  1985 181     2.062     1.948     0.290
  1985 182     0.179     3.840     0.285
  1985 183     0.635     3.749     0.277
  1985 184     0.425     3.385     0.275
  1985 185     0.264     3.086     0.274
  1985 186     0.242     3.141     0.274
  1985 187     4.644     2.712     0.305
  1985 188     5.642     3.793     0.423
  1985 189     5.007     3.897     0.314
  1985 190     1.096     3.624     0.315
  1985 191     0.419     3.329     0.310
  1985 192     0.066     3.363     0.313
  1985 193     0.211     2.964     0.318
  1985 194     2.958     1.773     0.326
  1985 195     1.086     2.391     0.336
  1985 196     5.841     3.100     0.378
  1985 197     2.801     3.966     0.374
  1985 198     0.930     2.985     0.376
  1985 199     3.118     3.488     0.379
  1985 200     3.354     3.801     0.403
  1985 201     4.481     2.751     0.405
  1985 202     0.154     2.997     0.403
  1985 203     5.067     1.586     0.414
  1985 204     5.289     2.811     0.439
  1985 205     3.024     2.005     0.437
  1985 206     0.474     2.734     0.431
  1985 207     0.033     3.108     0.427
  1985 208     2.733     2.522     0.489
  1985 209     1.208     2.711     0.442
  1985 210     1.502     2.487     0.441
  1985 211     0.048     3.087     0.443
  1985 212     0.008     3.452     0.445
  1985 213     0.010     3.835     0.449
  1985 214     1.932     3.466     0.453
  1985 215     0.172     2.860     0.457
  1985 216     3.413     1.825     0.461
  1985 217    18.682     1.798     0.764
  1985 218     4.659     2.616     0.600
  1985 219     0.759     3.196     0.513
  1985 220     0.487     2.911     0.495
  1985 221     1.290     2.323     0.491
  1985 222     0.678     2.640     0.490
  1985 223     0.005     2.769     0.489
  1985 224     0.006     2.751     0.489
  1985 225     0.005     2.308     0.490
  1985 226     0.015     2.607     0.492
  1985 227     0.017     2.432     0.493
  1985 228     0.002     2.382     0.494
  1985 229     0.001     2.431     0.495
  1985 230     0.013     2.173     0.496
  1985 231     0.000     2.091     0.497
  1985 232     0.000     2.002     0.497
  1985 233     0.041     1.491     0.498
  1985 234     0.003     1.617     0.498
  1985 235     0.033     1.309     0.498
  1985 236     0.054     1.648     0.498
  1985 237     5.721     1.750     0.500
  1985 238     9.466     2.762     0.508
  1985 239     1.957     2.876     0.503
  1985 240     0.470     2.049     0.499
  1985 241     0.011     2.715     0.497
  1985 242    12.541     1.135     0.594
  1985 243     0.421     1.987     0.518
  1985 244     5.225     1.507     0.514
  1985 245     1.212     2.098     0.511
  1985 246     3.983     1.774     0.513
  1985 247     0.051     2.148     0.498
  1985 248     0.596     2.372     0.489
  1985 249     7.657     1.146     0.516
  1985 250     0.093     2.052     0.494
  1985 251     1.260     1.927     0.483
  1985 252     0.493     1.501     0.478
  1985 253     0.014     1.715     0.473
  1985 254     0.001     1.766     0.469
  1985 255     0.000     1.847     0.467
  1985 256     0.007     1.616     0.465
  1985 257     0.005     1.672     0.461
  1985 258     0.543     1.346     0.457
  1985 259     0.481     1.637     0.452
  1985 260     1.789     1.882     0.450
  1985 261     2.557     1.558     0.451
  1985 262     0.272     1.112     0.445
  1985 263     0.034     1.011     0.440
  1985 264     8.322     0.479     0.444
  1985 265     4.903     0.843     0.452
  1985 266     4.226     0.835     0.444
  1985 267     5.959     1.193     0.440
  1985 268     5.951     1.448     0.437
  1985 269     0.685     0.825     0.433
  1985 270     0.979     0.771     0.430
  1985 271     0.335     0.616     0.425
  1985 272     0.033     0.594     0.420
  1985 273     0.001     0.550     0.416
  1985 274     0.016     0.619     0.413
  1985 275     0.062     0.538     0.410
  1985 276     0.430     0.419     0.408
  1985 277     1.148     0.502     0.405
  1985 278     1.130     0.688     0.402
  1985 279     0.709     0.678     0.399
  1985 280     0.310     0.440     0.395
  1985 281     0.191     0.353     0.392
  1985 282     0.087     0.492     0.390
  1985 283     0.435     0.308     0.390
  1985 284     0.479     0.316     0.400
  1985 285    13.872     0.104     0.434
  1985 286     6.603     0.411     0.505
  1985 287     3.821     0.556     0.444
  1985 288     0.339     0.381     0.437
  1985 289     0.087     0.146     0.451
  1985 290     3.562     0.176     0.493
  1985 291     1.018     0.193     0.506
  1985 292     0.081     0.150     0.492
  1985 293     6.567     0.075     0.503
  1985 294     0.054     0.169     0.499
  1985 295     0.568    -0.309     0.692
  1985 296     3.491     0.162     0.812
  1985 297     0.783     0.533     0.693
  1985 298     0.223     0.206     0.593
  1985 299     1.812     0.186     0.541
  1985 300     0.100     0.099     0.514
  1985 301     6.936     0.288     0.489
  1985 302     2.544     0.610     0.475
  1985 303     0.066     0.043     0.449
  1985 304     2.084     0.124     0.436
  1985 305     1.915     0.136     0.427
  1985 306     0.621     0.115     0.408
  1985 307     0.113     0.028     0.378
  1985 308     2.094     0.116     0.382
  1985 309     6.765     0.140     0.387
  1985 310     4.142     0.431     0.375
  1985 311     0.490     0.240     0.355
  1985 312     0.075     0.038     0.338
  1985 313     0.154     0.116     0.330
  1985 314     0.168     0.072     0.328
  1985 315     0.273     0.033     0.326
  1985 316     0.575     0.028     0.325
  1985 317     1.300     0.126     0.323
  1985 318     0.584     0.041     0.321
  1985 319     0.224     0.033     0.320
  1985 320     0.316     0.153     0.318
  1985 321     0.197     0.093     0.317
  1985 322     0.013    -0.024     0.315
  1985 323     0.012    -0.024     0.314
  1985 324     0.068    -0.018     0.312
  1985 325     0.409     0.024     0.311
  1985 326     0.026    -0.001     0.310
  1985 327     0.261     0.009     0.308
  1985 328     1.447     0.041     0.306
  1985 329     0.978     0.039     0.304
  1985 330     0.844     0.044     0.303
  1985 331     0.299     0.016     0.302
  1985 332     0.174     0.005     0.300
  1985 333     0.391     0.009     0.299
  1985 334     0.311     0.020     0.296
  1985 335     0.021    -0.016     0.294
  1985 336     0.013    -0.037     0.291
  1985 337     0.034    -0.005     0.289
  1985 338     0.014    -0.001     0.287
  1985 339     1.246     0.032     0.285
  1985 340     0.312     0.016     0.283
  1985 341     0.271     0.032     0.281
  1985 342     0.478     0.029     0.279
  1985 343     1.122     0.052     0.277
  1985 344     0.563     0.028     0.275
  1985 345     3.302     0.139     0.273
  1985 346     0.331     0.105     0.271
  1985 347     0.178     0.048     0.269
  1985 348     0.121     0.022     0.268
  1985 349     0.933     0.068     0.266
  1985 350     0.755     0.070     0.264
  1985 351     0.235     0.030     0.262
  1985 352     0.151     0.011     0.260
  1985 353     0.084    -0.003     0.258
  1985 354     0.198     0.018     0.256
  1985 355     2.630     0.076     0.255
  1985 356     0.152     0.018     0.253
  1985 357     0.206     0.024     0.251
  1985 358     0.065    -0.002     0.249
  1985 359     2.971     0.076     0.247
  1985 360     1.537     0.110     0.245
  1985 361     0.940     0.232     0.244
  1985 362     1.655     0.317     0.242
  1985 363     0.448     0.028     0.240
  1985 364     0.815     0.073     0.238
  1985 365     0.223     0.041     0.236
  1986   1     0.144     0.018     0.234
  1986   2     0.068    -0.004     0.232
  1986   3     0.158     0.007     0.231
  1986   4     1.258     0.029     0.229
  1986   5     0.165     0.021     0.227
  1986   6     0.068     0.017     0.225
  1986   7     1.160     0.093     0.223
  1986   8     1.852     0.052     0.221
  1986   9     0.850     0.041     0.219
  1986  10     0.406     0.028     0.217
  1986  11     6.721     0.119     0.216
  1986  12     0.377     0.011     0.214
  1986  13     0.817     0.033     0.212
  1986  14     1.591     0.130     0.210
  1986  15     0.621     0.061     0.208
  1986  16     1.364     0.074     0.206
  1986  17     0.845     0.065     0.204
  1986  18     0.728     0.018     0.203
  1986  19     0.235     0.038     0.201
  1986  20     5.087     0.092     0.199
  1986  21     1.436     0.050     0.197
  1986  22     0.047     0.002     0.195
  1986  23     0.011     0.001     0.194
  1986  24     1.215     0.089     0.192
  1986  25     0.436     0.060     0.190
  1986  26     0.184     0.020     0.188
  1986  27     3.172     0.066     0.187
  1986  28     0.321     0.057     0.185
  1986  29     0.287     0.054     0.183
  1986  30     0.063     0.028     0.182
  1986  31     0.281     0.027     0.180
  1986  32     1.350     0.056     0.178
  1986  33     0.251     0.057     0.177
  1986  34     2.458     0.093     0.175
  1986  35     1.488     0.113     0.174
  1986  36     1.515     0.116     0.172
  1986  37     0.449     0.097     0.171
  1986  38     0.327     0.098     0.169
  1986  39     0.118     0.044     0.168
  1986  40     0.053     0.021     0.166
  1986  41     0.009     0.009     0.165
  1986  42     0.227     0.025     0.163
  1986  43     0.325     0.058     0.162
  1986  44     0.170     0.053     0.160
  1986  45     0.517     0.082     0.159
  1986  46     0.173     0.067     0.158
  1986  47     0.024     0.006     0.156
  1986  48     0.130     0.020     0.155
  1986  49     0.028     0.010     0.154
  1986  50     0.017     0.007     0.152
  1986  51     0.074     0.019     0.151
  1986  52     0.085     0.010     0.150
  1986  53     0.369     0.032     0.149
  1986  54     0.050     0.016     0.147
  1986  55     0.659     0.042     0.146
  1986  56     0.541     0.104     0.145
  1986  57     0.790     0.100     0.144
  1986  58     0.218     0.063     0.143
  1986  59     0.236     0.122     0.141
  1986  60     0.455     0.194     0.140
  1986  61     0.966     0.118     0.139
  1986  62     1.902     0.265     0.138
  1986  63     0.012     0.043     0.137
  1986  64     1.895     0.257     0.136
  1986  65     0.176     0.131     0.135
  1986  66     0.088     0.055     0.134
  1986  67     0.005     0.034     0.133
  1986  68     0.621     0.116     0.132
  1986  69     0.677     0.109     0.131
  1986  70     0.742     0.090     0.130
  1986  71     0.955     0.128     0.129
  1986  72     0.315     0.129     0.128
  1986  73     1.475     0.233     0.127
  1986  74     0.904     0.154     0.126
  1986  75     0.747     0.186     0.125
  1986  76     1.354     0.169     0.124
  1986  77     0.127     0.115     0.123
  1986  78     0.016     0.069     0.122
  1986  79     0.282     0.215     0.121
  1986  80     1.777     0.123     0.120
  1986  81     4.703     0.148     0.119
  1986  82     0.132     0.170     0.119
  1986  83     0.017     0.110     0.118
  1986  84     0.104     0.234     0.117
  1986  85     1.004     0.167     0.116
  1986  86     2.138     0.290     0.115
  1986  87     1.989     0.213     0.114
  1986  88     2.263     0.233     0.113
  1986  89     1.281     0.285     0.112
  1986  90     1.592     0.272     0.112
  1986  91     3.411     0.329     0.111
  1986  92     0.257     0.251     0.110
  1986  93     0.663     0.329     0.109
  1986  94     0.148     0.228     0.108
  1986  95     0.020    -0.165     0.107
  1986  96     1.513    -0.027     0.107
  1986  97     2.860     0.423     0.106
  1986  98     0.126     0.195     0.105
  1986  99     0.132     0.125     0.104
  1986 100     3.203     0.284     0.103
  1986 101     9.924     0.321     0.103
  1986 102     8.144     0.359     0.102
  1986 103     1.238     0.433     0.101
  1986 104     0.677     0.336     0.100
  1986 105     0.018     0.392     0.099
  1986 106     0.050     0.609     0.099
  1986 107     1.372     0.021     0.098
  1986 108     5.230     0.328     0.097
  1986 109     2.581     0.426     0.096
  1986 110     0.041     0.216     0.096
  1986 111     1.850     0.437     0.095
  1986 112     0.145     0.186     0.094
  1986 113     0.664     0.179     0.093
  1986 114     1.542     0.258     0.093
  1986 115     0.295     0.046     0.092
  1986 116     0.212     0.176     0.091
  1986 117     0.105     0.193     0.091
  1986 118     0.838     0.260     0.090
  1986 119    14.331     0.619     0.089
  1986 120     2.104     0.645     0.088
  1986 121     0.173     0.595     0.088
  1986 122     0.014     0.570     0.087
  1986 123     1.040     0.062     0.086
  1986 124     3.617     0.606     0.086
  1986 125     0.158     0.321     0.085
  1986 126     0.361     0.303     0.085
  1986 127     0.062     0.230     0.084
  1986 128     0.002     0.006     0.083
  1986 129     1.788     0.199     0.083
  1986 130     4.842    -0.143     0.082
  1986 131     0.335    -0.089     0.120
  1986 132    14.191     0.171     0.697
  1986 133     6.159     0.577     0.519
  1986 134     2.190     0.439     0.469
  1986 135    13.790     0.568     0.317
  1986 136     2.348     0.819     0.215
  1986 137     0.187     0.687     0.132
  1986 138     0.026     0.139     0.168
  1986 139     0.617    -0.055     1.059
  1986 140     0.030    -0.018     2.425
  1986 141     0.018    -0.007     5.003
  1986 142     0.000     0.196     8.890
  1986 143     0.000     0.400    11.980
  1986 144     0.176     0.704    13.455
  1986 145     0.166     0.543    15.917
  1986 146     0.010     1.060    10.213
  1986 147     0.007     1.947    12.272
  1986 148     0.114     3.466     7.582
  1986 149     5.027     1.763     4.208
  1986 150     0.276     2.695     2.797
  1986 151     0.505     2.341     2.170
  1986 152     0.313     2.846     1.692
  1986 153     1.691     1.874     1.593
  1986 154     0.772     2.743     1.094
  1986 155     0.062     2.471     0.716
  1986 156     0.104     2.732     0.557
  1986 157    11.813     1.402     1.330
  1986 158     3.410     2.149     0.821
  1986 159     1.024     2.568     0.880
  1986 160     0.335     2.413     0.766
  1986 161     1.249     2.743     0.843
  1986 162     6.615     1.633     0.869
  1986 163     5.403     2.628     1.282
  1986 164     0.716     2.451     0.755
  1986 165     1.150     3.034     0.632
  1986 166     0.757     2.012     0.549
  1986 167     0.103     2.694     0.494
  1986 168     0.496     3.652     0.443
  1986 169     0.565     3.548     0.420
  1986 170     0.531     3.865     0.404
  1986 171     1.071     4.585     0.411
  1986 172     1.319     3.163     0.443
  1986 173     0.401     2.922     0.458
  1986 174     0.002     3.190     0.427
  1986 175     4.095     1.962     0.398
  1986 176     2.951     2.822     0.394
  1986 177     4.417     2.559     0.429
  1986 178     1.748     2.214     0.405
  1986 179     0.410     2.637     0.409
  1986 180     0.866     3.331     0.361
  1986 181     2.601     3.432     0.335
  1986 182     0.118     2.409     0.302
  1986 183     0.201     3.206     0.271
  1986 184     6.895     2.046     0.327
  1986 185    17.380     1.559     0.724
  1986 186     5.182     1.660     0.510
  1986 187    19.258     1.408     1.129
  1986 188     3.059     2.647     0.674
  1986 189     0.003     3.502     0.436
  1986 190     0.003     3.271     0.358
  1986 191     0.000     3.899     0.308
  1986 192     0.002     3.857     0.277
  1986 193     0.010     3.906     0.257
  1986 194     0.003     3.664     0.246
  1986 195     0.753     3.126     0.241
  1986 196     5.498     2.071     0.252
  1986 197     0.578     3.519     0.267
  1986 198     0.002     3.646     0.260
  1986 199     3.712     1.848     0.301
  1986 200     0.663     3.358     0.287
  1986 201     5.000     2.925     0.285
  1986 202     2.967     3.357     0.303
  1986 203     9.368     3.136     0.509
  1986 204    11.461     2.114     1.169
  1986 205     1.888     1.881     0.552
  1986 206     4.763     2.671     0.656
  1986 207     0.280     3.257     0.431
  1986 208     0.119     3.304     0.391
  1986 209     0.021     3.215     0.384
  1986 210     0.053     2.184     0.387
  1986 211     0.961     2.515     0.398
  1986 212     1.148     2.826     0.412
  1986 213     0.817     3.017     0.414
  1986 214     0.587     3.075     0.418
  1986 215     1.957     3.040     0.425
  1986 216     0.334     3.223     0.434
  1986 217     0.538     3.128     0.438
  1986 218     3.658     2.387     0.449
  1986 219     4.128     2.759     0.476
  1986 220     3.168     2.400     0.474
  1986 221     0.022     3.553     0.472
  1986 222     0.028     3.121     0.474
  1986 223     4.186     2.163     0.481
  1986 224     5.339     2.391     0.539
  1986 225     8.265     1.833     0.616
  1986 226    11.468     1.631     0.870
  1986 227     8.015     2.802     0.743
  1986 228     6.038     2.774     0.678
  1986 229     1.926     2.916     0.594
  1986 230     0.982     2.237     0.592
  1986 231    15.523     1.617     0.849
  1986 232     3.340     2.675     0.833
  1986 233     4.767     1.669     0.692
  1986 234     0.629     1.941     0.641
  1986 235     0.000     3.111     0.606
  1986 236     2.517     2.350     0.602
  1986 237     0.117     2.998     0.599
  1986 238     0.174     2.404     0.594
  1986 239     0.003     2.479     0.594
  1986 240     0.118     1.874     0.593
  1986 241     0.093     2.354     0.593
  1986 242     2.991     2.377     0.600
  1986 243     0.849     2.325     0.603
  1986 244     0.007     2.175     0.600
  1986 245     0.296     1.462     0.598
  1986 246    11.947     0.943     0.681
  1986 247     2.475     1.587     0.700
  1986 248     0.136     1.771     0.647
  1986 249     4.633     1.319     0.643
  1986 250     2.330     1.992     0.681
  1986 251     0.185     1.281     0.650
  1986 252     0.337     1.019     0.637
  1986 253     0.079     1.198     0.628
  1986 254     0.447     0.969     0.625
  1986 255     1.490     1.160     0.624
  1986 256     0.703     0.829     0.625
  1986 257     0.140     1.014     0.622
  1986 258     0.004     1.366     0.618
  1986 259     0.334     0.911     0.616
  1986 260     1.480     0.903     0.616
  1986 261     0.503     0.902     0.614
  1986 262     0.848     1.009     0.614
  1986 263     0.084     0.956     0.610
  1986 264     0.152     1.275     0.606
  1986 265     0.091     1.065     0.603
  1986 266     1.342     0.566     0.600
  1986 267     0.836     0.998     0.598
  1986 268     0.615     1.019     0.594
  1986 269     0.060     1.320     0.588
  1986 270     0.023     1.020     0.583
  1986 271     1.233     0.465     0.581
  1986 272     2.155     0.570     0.577
  1986 273     0.846     1.116     0.574
  1986 274     0.989     0.776     0.568
  1986 275     0.101     0.652     0.561
  1986 276     0.161     0.539     0.556
  1986 277     0.828     0.490     0.553
  1986 278     1.637     0.501     0.548
  1986 279     0.741     0.796     0.549
  1986 280     0.632     0.825     0.541
  1986 281     0.458     0.507     0.534
  1986 282     3.678     0.266     0.531
  1986 283     3.225     0.711     0.550
  1986 284     0.066     0.456     0.532
  1986 285     0.017     0.351     0.563
  1986 286     0.790     0.331     0.551
  1986 287     0.282     0.273     0.554
  1986 288     1.229     0.345     0.596
  1986 289     0.242     0.149     0.582
  1986 290     0.231     0.125     0.568
  1986 291     0.860     0.226     0.573
  1986 292     7.608     0.266     0.577
  1986 293     1.566     0.268     0.564
  1986 294     3.092     0.232     0.557
  1986 295     0.205     0.168     0.542
  1986 296     0.375     0.040     0.544
  1986 297     0.525     0.124     0.551
  1986 298     1.170     0.382     0.535
  1986 299     1.126     0.172     0.545
  1986 300     6.702     0.148     0.539
  1986 301     0.928     0.418     0.523
  1986 302     0.517     0.461     0.498
  1986 303     1.956     0.192     0.490
  1986 304     0.718     0.278     0.483
  1986 305     0.253     0.271     0.484
  1986 306     0.150     0.055     0.488
  1986 307     0.064     0.017     0.473
  1986 308     0.619     0.052     0.465
  1986 309     1.968     0.153     0.476
  1986 310     0.270     0.066     0.447
  1986 311     0.034     0.009     0.423
  1986 312     0.038    -0.004     0.419
  1986 313     0.172    -0.004     0.416
  1986 314     0.345     0.054     0.412
  1986 315     0.311     0.044     0.409
  1986 316     0.323     0.094     0.406
  1986 317     0.066     0.017     0.403
  1986 318     0.073     0.017     0.400
  1986 319     0.061     0.005     0.397
  1986 320     0.071     0.005     0.393
  1986 321     0.115     0.013     0.390
  1986 322     0.114     0.023     0.387
  1986 323     0.025    -0.003     0.384
  1986 324     0.491     0.031     0.380
  1986 325     2.090     0.073     0.377
  1986 326     0.812     0.036     0.374
  1986 327     0.162     0.002     0.371
  1986 328     2.476     0.087     0.367
  1986 329     0.694     0.118     0.364
  1986 330     0.053    -0.003     0.361
  1986 331     0.209     0.022     0.358
  1986 332     0.135     0.013     0.355
  1986 333     0.126    -0.015     0.351
  1986 334     0.109    -0.043     0.348
  1986 335     0.588    -0.074     0.345
  1986 336     2.487     0.135     0.342
  1986 337     1.253     0.067     0.339
  1986 338     0.130    -0.001     0.336
  1986 339     0.315     0.014     0.333
  1986 340     0.038    -0.003     0.330
  1986 341     0.115     0.010     0.327
  1986 342     0.109     0.019     0.324
  1986 343     0.006    -0.003     0.321
  1986 344     0.358     0.019     0.318
  1986 345     0.213     0.010     0.316
  1986 346     1.130     0.073     0.313
  1986 347     0.780     0.095     0.310
  1986 348     0.654     0.004     0.307
  1986 349     0.307    -0.010     0.304
  1986 350     0.572     0.041     0.301
  1986 351     1.940     0.045     0.299
  1986 352     1.424     0.054     0.296
  1986 353     0.379     0.004     0.293
  1986 354     0.162    -0.002     0.290
  1986 355     0.469     0.028     0.287
  1986 356     1.059     0.162     0.285
  1986 357     1.960     0.022     0.282
  1986 358     5.589     0.113     0.279
  1986 359     0.529     0.066     0.276
  1986 360     1.516     0.001     0.273
  1986 361     0.362    -0.016     0.271
  1986 362     0.568     0.053     0.268
  1986 363     0.160    -0.010     0.265
  1986 364     0.188     0.030     0.262
  1986 365     1.021     0.035     0.260
  1987   1     0.623     0.040     0.257
  1987   2     1.856     0.064     0.254
  1987   3     0.375     0.032     0.252
  1987   4     2.736     0.099     0.249
  1987   5     0.791     0.072     0.247
  1987   6     0.177     0.021     0.244
  1987   7     1.061     0.135     0.241
  1987   8     0.820     0.076     0.239
  1987   9     0.081    -0.050     0.236
  1987  10     0.181     0.037     0.234
  1987  11     0.295    -0.038     0.232
  1987  12     1.340     0.044     0.229
  1987  13     8.046     0.177     0.227
  1987  14     0.286     0.058     0.224
  1987  15     0.040    -0.004     0.222
  1987  16     0.472     0.047     0.220
  1987  17     0.460     0.080     0.218
  1987  18     0.021     0.001     0.215
  1987  19     0.221     0.011     0.213
  1987  20     0.582     0.028     0.211
  1987  21     0.216     0.032     0.209
  1987  22     0.006     0.001     0.207
  1987  23     0.009     0.002     0.205
  1987  24     0.010     0.000     0.202
  1987  25     0.121     0.095     0.200
  1987  26     1.568     0.060     0.198
  1987  27     0.116    -0.004     0.196
  1987  28     0.085    -0.001     0.194
  1987  29     0.240     0.025     0.193
  1987  30     0.507     0.037     0.191
  1987  31     2.977     0.070     0.189
  1987  32     1.058     0.060     0.187
  1987  33     0.795     0.052     0.185
  1987  34     0.346     0.039     0.183
  1987  35     0.444     0.104     0.181
  1987  36     1.941     0.067     0.180
  1987  37     0.699     0.089     0.178
  1987  38     0.200     0.021     0.176
  1987  39     0.469     0.105     0.175
  1987  40     0.125     0.034     0.173
  1987  41     1.408     0.076     0.171
  1987  42     2.767     0.146     0.170
  1987  43     0.153     0.030     0.168
  1987  44     0.048     0.026     0.167
  1987  45     1.493     0.101     0.165
  1987  46     1.614     0.080     0.164
  1987  47     0.427     0.062     0.162
  1987  48     0.394     0.084     0.161
  1987  49     0.499     0.111     0.159
  1987  50     0.590     0.108     0.158
  1987  51     1.055     0.142     0.156
  1987  52     2.059     0.144     0.155
  1987  53     0.986     0.143     0.154
  1987  54     0.281     0.076     0.152
  1987  55     0.158     0.061     0.151
  1987  56     0.094     0.049     0.150
  1987  57     0.085     0.050     0.148
  1987  58     0.078     0.037     0.147
  1987  59     1.698     0.082     0.146
  1987  60     3.873     0.127     0.145
  1987  61     0.194     0.090     0.144
  1987  62     1.146     0.113     0.142
  1987  63     0.655     0.146     0.141
  1987  64     1.339     0.201     0.140
  1987  65     6.335     0.140     0.139
  1987  66     0.276     0.230     0.138
  1987  67     0.066     0.107     0.137
  1987  68     0.029     0.138     0.135
  1987  69     1.237     0.134     0.134
  1987  70     0.081     0.065     0.133
  1987  71     0.065     0.149     0.132
  1987  72     0.008     0.096     0.131
  1987  73     0.001     0.101     0.130
  1987  74     1.786     0.200     0.129
  1987  75     1.227     0.210     0.128
  1987  76     0.708     0.205     0.127
  1987  77     2.678     0.314     0.126
  1987  78     4.111     0.114     0.125
  1987  79     3.321     0.252     0.124
  1987  80     4.021     0.184     0.123
  1987  81     0.802     0.317     0.122
  1987  82     0.347     0.187     0.121
  1987  83     0.323     0.218     0.120
  1987  84     2.194     0.160     0.119
  1987  85     5.565     0.221     0.118
  1987  86     0.338     0.164     0.117
  1987  87     0.333     0.145     0.116
  1987  88     0.041     0.207     0.115
  1987  89     0.864     0.237     0.115
  1987  90     0.112     0.211     0.114
  1987  91     0.140     0.252     0.113
  1987  92     0.355     0.187     0.112
  1987  93     2.472     0.376     0.111
  1987  94     0.786     0.237     0.110
  1987  95     1.103     0.262     0.109
  1987  96     0.021     0.157     0.108
  1987  97     2.695     0.113     0.108
  1987  98     4.440     0.286     0.107
  1987  99     1.717     0.334     0.106
  1987 100     1.696     0.350     0.105
  1987 101     0.331     0.365     0.104
  1987 102     1.975     0.311     0.103
  1987 103     0.689     0.418     0.102
  1987 104     2.323     0.207     0.102
  1987 105     0.191     0.016     0.101
  1987 106     0.938     0.029     0.100
  1987 107     0.726     0.034     0.100
  1987 108     0.014    -0.068     0.099
  1987 109     2.011     0.212     0.099
  1987 110     0.435     0.316     0.098
  1987 111     1.407    -0.076     0.098
  1987 112     1.464     0.516     0.097
  1987 113     2.916     0.353     0.096
  1987 114     0.242     0.234     0.095
  1987 115     1.510     0.049     0.094
  1987 116     0.152     0.047     0.094
  1987 117     2.255     0.050     0.098
  1987 118     1.265     0.441     0.105
  1987 119     0.230     0.112     0.109
  1987 120     0.238     0.367     0.119
  1987 121     0.166     0.290     0.143
  1987 122     0.135     0.050     0.345
  1987 123     1.050    -0.361     0.946
  1987 124     0.161    -0.256     1.661
  1987 125     0.723     0.390     1.934
  1987 126     1.233     0.515     2.196
  1987 127     3.531     0.588     1.867
  1987 128     4.043     1.059     3.447
  1987 129     0.204     0.903     1.059
  1987 130     0.298     0.706     1.080
  1987 131     0.961     0.856     1.122
  1987 132     8.052     0.901     1.109
  1987 133     7.547     0.904     0.682
  1987 134     0.188     0.892     0.433
  1987 135     7.567     0.411     0.546
  1987 136     1.140     0.699     0.598
  1987 137     0.136     0.768     0.529
  1987 138     5.819     0.835     1.340
  1987 139     4.733     0.822     0.813
  1987 140     7.233     0.864     0.522
  1987 141     0.349     0.627     0.597
  1987 142     2.154     0.792     1.640
  1987 143     1.553     0.917     1.724
  1987 144     0.760     1.163     1.595
  1987 145     1.744     1.083     3.149
  1987 146     0.175     1.446     2.536
  1987 147     0.134     1.347     2.000
  1987 148     0.129     1.307     2.270
  1987 149     1.640     0.744     2.207
  1987 150     0.227     0.999     1.967
  1987 151     2.667     0.658     3.211
  1987 152    12.189     0.933     9.144
  1987 153     7.748     1.409     2.467
  1987 154     0.942     1.931     0.999
  1987 155     0.344     1.727     1.057
  1987 156     0.012     2.557     1.179
  1987 157     0.001     2.600     0.940
  1987 158     0.003     2.391     0.942
  1987 159     0.035     2.685     1.829
  1987 160     0.006     2.886     2.449
  1987 161     0.011     2.895     2.194
  1987 162     2.812     1.319     1.985
  1987 163     0.806     2.758     1.861
  1987 164     4.898     3.379     2.105
  1987 165     0.154     4.473     1.202
  1987 166     0.260     3.304     0.951
  1987 167     2.992     2.246     1.008
  1987 168     9.515     1.606     1.319
  1987 169     0.342     3.159     0.901
  1987 170     0.229     3.401     0.688
  1987 171     0.138     3.542     0.616
  1987 172     4.315     2.789     0.759
  1987 173     0.459     2.309     0.690
  1987 174    25.553     1.000     2.316
  1987 175     5.146     2.675     2.287
  1987 176     0.752     2.697     1.241
  1987 177     0.031     3.080     0.937
  1987 178     0.031     3.031     0.779
  1987 179     0.003     3.511     0.654
  1987 180     0.000     3.546     0.619
  1987 181     0.281     3.458     0.617
  1987 182     0.145     3.558     0.633
  1987 183     0.595     3.114     0.654
  1987 184     5.226     2.350     0.689
  1987 185     0.081     4.086     0.707
  1987 186     0.003     3.323     0.715
  1987 187     0.112     2.925     0.726
  1987 188     6.533     1.910     0.769
  1987 189     0.627     3.684     0.777
  1987 190     0.621     2.723     0.781
  1987 191     0.617     2.725     0.788
  1987 192     0.884     2.437     0.794
  1987 193     1.132     2.651     0.801
  1987 194     0.157     2.996     0.805
  1987 195     0.041     3.465     0.806
  1987 196     6.127     2.642     0.824
  1987 197     0.979     2.825     0.819
  1987 198     0.163     3.338     0.812
  1987 199     0.001     3.811     0.808
  1987 200     0.778     3.005     0.805
  1987 201     4.385     2.648     0.806
  1987 202     0.013     3.579     0.803
  1987 203     3.656     3.454     0.801
  1987 204     0.644     3.062     0.801
  1987 205     0.139     3.116     0.793
  1987 206     0.000     3.131     0.787
  1987 207     0.005     2.875     0.782
  1987 208     3.102     1.906     0.778
  1987 209     0.852     3.146     0.773
  1987 210     0.053     3.054     0.768
  1987 211     0.413     2.486     0.763
  1987 212     2.739     2.310     0.761
  1987 213     5.262     2.577     0.765
  1987 214     6.695     2.360     0.782
  1987 215     0.037     3.071     0.753
  1987 216     0.337     2.834     0.743
  1987 217     0.657     2.876     0.736
  1987 218     0.329     2.700     0.728
  1987 219     7.855     1.664     0.731
  1987 220     1.136     3.106     0.723
  1987 221     0.044     3.187     0.712
  1987 222     0.012     2.699     0.704
  1987 223     0.348     2.006     0.697
  1987 224     2.410     2.614     0.690
  1987 225     3.601     2.928     0.690
  1987 226     0.080     2.638     0.679
  1987 227     0.003     2.125     0.670
  1987 228     0.498     1.941     0.663
  1987 229     1.427     2.175     0.656
  1987 230     0.961     2.262     0.650
  1987 231     0.932     2.093     0.642
  1987 232     0.640     2.069     0.635
  1987 233     0.969     1.727     0.630
  1987 234     0.125     1.782     0.622
  1987 235     4.439     1.259     0.615
  1987 236     0.218     1.890     0.609
  1987 237     1.614     2.004     0.601
  1987 238     0.937     2.196     0.595
  1987 239     2.686     1.410     0.588
  1987 240     3.814     1.424     0.584
  1987 241    18.351     1.331     1.020
  1987 242     0.768     1.970     0.654
  1987 243     1.857     1.612     0.597
  1987 244     0.053     2.115     0.576
  1987 245     4.213     0.788     0.571
  1987 246     2.010     1.124     0.569
  1987 247     2.057     1.363     0.589
  1987 248     0.229     1.399     0.557
  1987 249     5.519     0.746     0.551
  1987 250     7.954     0.967     0.570
  1987 251     6.254     1.191     0.585
  1987 252     3.047     1.042     0.576
  1987 253     0.694     1.139     0.541
  1987 254     0.821     1.061     0.527
  1987 255     0.816     1.030     0.518
  1987 256     0.547     0.982     0.510
  1987 257     0.236     1.592     0.503
  1987 258     0.122     1.412     0.497
  1987 259     0.828     0.934     0.494
  1987 260     0.371     0.914     0.490
  1987 261     0.011     1.217     0.487
  1987 262     0.020     1.174     0.483
  1987 263     0.002     1.296     0.481
  1987 264     0.000     1.741     0.477
  1987 265     2.513     1.326     0.475
  1987 266     0.013     1.525     0.473
  1987 267     0.009     1.345     0.469
  1987 268     0.074     1.005     0.468
  1987 269     0.074     1.054     0.465
  1987 270     0.563     1.633     0.461
  1987 271     0.232     1.416     0.455
  1987 272     0.648     1.314     0.454
  1987 273     8.713     0.531     0.453
  1987 274     1.474     0.826     0.449
  1987 275     0.329     0.367     0.446
  1987 276     0.019     0.559     0.445
  1987 277     0.486     0.504     0.442
  1987 278     0.527     0.656     0.438
  1987 279     0.928     0.619     0.433
  1987 280     0.190     0.477     0.429
  1987 281     0.142     0.449     0.425
  1987 282     0.290     0.503     0.422
  1987 283     0.443     0.386     0.420
  1987 284     0.257     0.322     0.417
  1987 285     0.545     0.385     0.415
  1987 286     9.969     0.396     0.416
  1987 287     0.940     0.387     0.410
  1987 288     0.827     0.262     0.406
  1987 289     2.306     0.257     0.405
  1987 290     3.753     0.155     0.417
  1987 291     4.163     0.256     0.412
  1987 292     2.370     0.399     0.403
  1987 293     0.428     0.195     0.397
  1987 294     0.401     0.177     0.394
  1987 295     2.619     0.205     0.393
  1987 296     0.263     0.168     0.392
  1987 297     0.004     0.410     0.395
  1987 298     0.933     0.033     0.401
  1987 299     1.200     0.401     0.399
  1987 300     0.121     0.104     0.392
  1987 301     1.116     0.079     0.407
  1987 302     2.966     0.246     0.420
  1987 303     2.120     0.084     0.417
  1987 304     0.292     0.130     0.427
  1987 305     3.537     0.147     0.440
  1987 306     0.184     0.151     0.444
  1987 307     0.536     0.100     0.448
  1987 308     0.427     0.324     0.437
  1987 309     0.179     0.248     0.434
  1987 310     0.199     0.173     0.432
  1987 311     0.252     0.139     0.434
  1987 312     0.250     0.116     0.423
  1987 313     0.030     0.030     0.389
  1987 314     1.474     0.081     0.404
  1987 315     4.239     0.113     0.405
  1987 316     2.676     0.243     0.400
  1987 317     1.031     0.128     0.384
  1987 318     0.390     0.095     0.368
  1987 319     4.426     0.108     0.362
  1987 320     0.649     0.171     0.357
  1987 321     0.210     0.041     0.342
  1987 322     0.259     0.075     0.330
  1987 323     0.244     0.177     0.322
  1987 324     0.749     0.046     0.320
  1987 325     5.970     0.147     0.317
  1987 326     0.390     0.169     0.315
  1987 327     0.040     0.012     0.313
  1987 328     0.087     0.003     0.310
  1987 329     0.593     0.056     0.308
  1987 330     0.695     0.054     0.306
  1987 331     1.195     0.106     0.304
  1987 332     0.329     0.112     0.302
  1987 333     0.187     0.013     0.300
  1987 334     0.361     0.027     0.298
  1987 335     0.195     0.021     0.296
  1987 336     0.036    -0.020     0.294
  1987 337     0.119     0.001     0.292
  1987 338     0.082    -0.011     0.290
  1987 339     3.949     0.107     0.288
  1987 340     0.428     0.077     0.285
  1987 341     0.845     0.102     0.283
  1987 342     2.313     0.088     0.281
  1987 343     0.475     0.041     0.279
  1987 344     0.492     0.033     0.277
  1987 345     1.524     0.085     0.275
  1987 346     1.632     0.085     0.273
  1987 347     0.657     0.061     0.271
  1987 348     0.384     0.022     0.269
  1987 349     0.362     0.015     0.267
  1987 350     0.304     0.017     0.265
  1987 351     0.747     0.032     0.263
  1987 352     0.547     0.030     0.262
  1987 353     1.749     0.055     0.260
  1987 354     1.311     0.070     0.258
  1987 355     0.268     0.032     0.256
  1987 356     0.198     0.015     0.254
  1987 357     0.184     0.011     0.252
  1987 358     0.112    -0.003     0.250
  1987 359     0.197     0.010     0.248
  1987 360     0.328     0.030     0.247
  1987 361     0.454     0.042     0.245
  1987 362     0.148     0.016     0.243
  1987 363     3.785     0.088     0.241
  1987 364     0.271     0.053     0.239
  1987 365     0.305     0.043     0.238
  1988   1     0.298     0.028     0.236
  1988   2     1.132     0.048     0.234
  1988   3     1.024     0.080     0.233
  1988   4     0.166     0.036     0.231
  1988   5     0.052     0.000     0.229
  1988   6     0.436     0.045     0.228
  1988   7     0.281     0.034     0.226
  1988   8     0.029     0.001     0.225
  1988   9     0.363     0.029     0.223
  1988  10     0.167     0.020     0.221
  1988  11     0.160     0.018     0.220
  1988  12     0.031    -0.006     0.218
  1988  13     0.005    -0.003     0.217
  1988  14     0.054     0.018     0.215
  1988  15     0.842     0.040     0.214
  1988  16     3.689     0.088     0.212
  1988  17     0.276     0.030     0.211
  1988  18     0.673     0.055     0.209
  1988  19     0.115     0.006     0.208
  1988  20     1.854     0.063     0.206
  1988  21     2.930     0.081     0.204
  1988  22     0.049     0.005     0.203
  1988  23     0.112     0.007     0.201
  1988  24     0.038    -0.003     0.200
  1988  25     0.313     0.046     0.198
  1988  26     0.140     0.012     0.197
  1988  27     0.267     0.009     0.195
  1988  28     0.155     0.011     0.194
  1988  29     0.011     0.002     0.192
  1988  30     0.176     0.013     0.191
  1988  31     0.296     0.017     0.189
  1988  32     0.082     0.010     0.188
  1988  33     0.093     0.013     0.186
  1988  34     0.079     0.013     0.185
  1988  35     0.851     0.067     0.183
  1988  36     0.598     0.082     0.182
  1988  37     0.453     0.056     0.181
  1988  38     0.194     0.039     0.179
  1988  39     0.090     0.013     0.178
  1988  40     0.291     0.038     0.176
  1988  41     0.008     0.002     0.175
  1988  42     0.737     0.101     0.173
  1988  43     0.121     0.020     0.172
  1988  44     0.336     0.021     0.171
  1988  45     0.179     0.007     0.169
  1988  46     2.772     0.086     0.168
  1988  47     0.408     0.025     0.167
  1988  48     1.178     0.085     0.165
  1988  49     0.519     0.040     0.164
  1988  50     0.068     0.031     0.163
  1988  51     0.160     0.029     0.161
  1988  52     0.083     0.029     0.160
  1988  53     1.375     0.162     0.159
  1988  54     0.999     0.237     0.158
  1988  55     0.070     0.070     0.156
  1988  56     0.325     0.073     0.155
  1988  57     0.045     0.044     0.154
  1988  58     6.519     0.172     0.153
  1988  59     0.396     0.082     0.152
  1988  60     0.001     0.038     0.151
  1988  61     0.006     0.057     0.149
  1988  62     0.035     0.075     0.148
  1988  63     0.047     0.059     0.147
  1988  64     0.045     0.056     0.146
  1988  65     0.872     0.166     0.145
  1988  66     0.203     0.093     0.144
  1988  67     0.846     0.152     0.143
  1988  68     1.684     0.194     0.142
  1988  69     0.356     0.126     0.141
  1988  70     0.006     0.050     0.140
  1988  71     0.006     0.052     0.139
  1988  72     0.012     0.048     0.138
  1988  73     0.028     0.089     0.137
  1988  74     0.002     0.082     0.136
  1988  75     0.090     0.101     0.135
  1988  76     0.726     0.135     0.134
  1988  77     0.606     0.246     0.133
  1988  78     0.178     0.149     0.132
  1988  79     0.103     0.083     0.131
  1988  80     0.159     0.080     0.130
  1988  81     2.957     0.192     0.129
  1988  82     2.402     0.343     0.128
  1988  83     0.108     0.204     0.127
  1988  84     0.224     0.156     0.126
  1988  85     0.200     0.168     0.125
  1988  86     0.072     0.097     0.124
  1988  87     0.058     0.117     0.123
  1988  88     1.423     0.218     0.123
  1988  89     4.405     0.345     0.122
  1988  90     0.708     0.351     0.121
  1988  91     0.240     0.313     0.120
  1988  92     1.388     0.331     0.119
  1988  93     0.252     0.262     0.118
  1988  94     1.968     0.289     0.117
  1988  95    16.558     0.335     0.116
  1988  96     9.184     0.560     0.116
  1988  97     3.258     0.452     0.115
  1988  98     0.590     0.412     0.114
  1988  99     7.680     0.442     0.113
  1988 100     7.361     0.411     0.112
  1988 101     0.341     0.403     0.111
  1988 102     3.239     0.576     0.111
  1988 103     3.732     0.639     0.110
  1988 104     0.915     0.585     0.109
  1988 105     0.056     0.353     0.108
  1988 106     3.476     0.225     0.107
  1988 107     1.879     0.423     0.107
  1988 108     0.180     0.347     0.106
  1988 109     0.479     0.314     0.105
  1988 110     0.704     0.396     0.104
  1988 111     1.765     0.612     0.103
  1988 112     1.230     0.481     0.103
  1988 113     3.863     0.428     0.102
  1988 114     1.795     0.567     0.101
  1988 115     0.399     0.481     0.100
  1988 116     0.189     0.387     0.100
  1988 117     0.748     0.239     0.099
  1988 118     0.082     0.020     0.098
  1988 119     1.094    -0.017     0.097
  1988 120     1.911     0.333     0.097
  1988 121     0.406    -0.099     0.097
  1988 122     1.038    -0.117     0.097
  1988 123     0.432     0.412     0.097
  1988 124     1.686     0.423     0.096
  1988 125     2.002     0.282     0.095
  1988 126     0.818     0.398     0.095
  1988 127     0.059    -0.036     0.097
  1988 128     0.856     0.025     0.127
  1988 129     2.247     0.174     0.198
  1988 130     1.989     0.672     0.255
  1988 131     0.267     0.506     0.216
  1988 132     1.305     0.547     0.151
  1988 133     0.629     0.608     0.121
  1988 134     0.153     0.397     0.114
  1988 135     0.119     0.464     0.117
  1988 136     0.158     0.486     0.103
  1988 137     0.070     0.266     0.113
  1988 138     2.561     0.176     0.184
  1988 139     5.414     0.379     0.374
  1988 140     0.025     0.366     0.391
  1988 141     0.713     0.096     0.588
  1988 142     2.348     0.131     1.047
  1988 143     0.454     0.763     0.896
  1988 144     0.135     0.510     0.669
  1988 145     0.126     0.306     0.606
  1988 146     1.400     0.287     1.415
  1988 147     0.260     0.691     1.662
  1988 148     0.242     0.731     1.327
  1988 149     8.484     0.176     3.463
  1988 150     0.912     0.594     2.954
  1988 151     0.563     0.812     3.562
  1988 152     0.986     0.566     9.230
  1988 153     1.797     0.962    10.542
  1988 154    10.861     0.575     9.467
  1988 155     1.198     2.038     9.490
  1988 156     0.530     1.988     4.078
  1988 157     5.161     1.480     4.504
  1988 158     5.436     1.432     4.244
  1988 159     1.041     2.734     2.277
  1988 160     0.001     3.219     2.271
  1988 161     0.000     3.381     2.615
  1988 162     0.001     4.252     1.851
  1988 163     0.943     2.691     1.370
  1988 164     6.648     1.134     1.181
  1988 165     0.459     1.911     1.021
  1988 166     0.108     2.943     0.838
  1988 167     0.097     3.454     0.649
  1988 168     0.395     4.370     0.516
  1988 169     1.416     2.849     0.468
  1988 170     2.397     2.812     0.447
  1988 171    11.762     1.993     0.707
  1988 172     2.863     3.684     0.577
  1988 173     2.236     2.027     0.537
  1988 174     0.110     3.654     0.479
  1988 175     0.172     2.974     0.426
  1988 176     0.727     1.864     0.396
  1988 177     0.426     2.959     0.379
  1988 178     0.022     3.316     0.361
  1988 179     0.016     3.181     0.339
  1988 180     0.004     3.974     0.308
  1988 181     0.000     3.734     0.282
  1988 182     0.249     3.491     0.263
  1988 183     0.743     3.121     0.247
  1988 184     5.241     2.146     0.239
  1988 185     1.307     2.033     0.235
  1988 186     0.636     2.524     0.229
  1988 187     2.071     2.520     0.229
  1988 188     1.266     2.620     0.231
  1988 189    18.401     2.068     0.644
  1988 190     6.032     2.184     0.376
  1988 191     2.063     3.795     0.356
  1988 192     0.005     3.941     0.292
  1988 193     0.045     3.694     0.276
  1988 194     0.110     3.204     0.271
  1988 195     0.104     3.264     0.273
  1988 196     0.002     3.385     0.275
  1988 197     0.246     3.040     0.277
  1988 198     3.259     2.444     0.293
  1988 199     0.350     3.218     0.292
  1988 200     1.065     3.015     0.293
  1988 201     0.543     3.490     0.298
  1988 202     1.570     2.932     0.304
  1988 203     3.514     3.407     0.315
  1988 204     1.236     3.623     0.321
  1988 205     5.334     3.071     0.349
  1988 206     0.066     3.316     0.338
  1988 207     0.836     3.043     0.340
  1988 208     3.099     3.297     0.346
  1988 209     0.208     3.989     0.350
  1988 210     1.395     3.103     0.355
  1988 211     2.688     3.003     0.367
  1988 212     2.383     2.772     0.370
  1988 213     9.183     2.301     0.401
  1988 214     1.444     2.807     0.400
  1988 215     0.016     3.516     0.389
  1988 216     2.661     2.653     0.390
  1988 217     0.738     3.414     0.395
  1988 218     0.437     3.602     0.395
  1988 219     2.107     2.604     0.399
  1988 220    10.532     2.539     0.858
  1988 221     2.304     2.427     0.436
  1988 222     3.181     2.053     0.433
  1988 223     5.002     1.892     0.560
  1988 224     0.044     2.936     0.457
  1988 225     0.864     2.293     0.436
  1988 226     0.024     2.852     0.431
  1988 227     3.198     2.575     0.430
  1988 228     6.466     2.429     0.435
  1988 229     0.731     3.230     0.442
  1988 230     0.004     2.962     0.435
  1988 231     0.001     2.730     0.433
  1988 232     0.004     2.602     0.434
  1988 233     0.001     2.670     0.434
  1988 234     1.710     2.594     0.435
  1988 235     6.186     2.071     0.452
  1988 236     1.937     2.193     0.442
  1988 237     4.549     1.955     0.450
  1988 238     0.240     2.574     0.448
  1988 239     3.955     2.046     0.446
  1988 240     4.141     1.680     0.448
  1988 241     0.216     1.867     0.441
  1988 242     0.001     1.754     0.437
  1988 243     0.000     2.395     0.434
  1988 244     0.304     2.306     0.432
  1988 245     0.532     1.647     0.431
  1988 246     0.014     2.111     0.430
  1988 247     0.008     2.601     0.428
  1988 248     0.029     2.074     0.426
  1988 249     0.002     1.633     0.425
  1988 250     0.068     1.528     0.423
  1988 251     0.236     1.317     0.421
  1988 252     3.183     1.498     0.422
  1988 253     1.906     1.300     0.422
  1988 254     0.185     1.160     0.416
  1988 255     0.358     0.928     0.415
  1988 256     3.366     1.073     0.414
  1988 257     3.948     1.522     0.413
  1988 258     2.249     1.063     0.411
  1988 259     3.492     0.925     0.410
  1988 260     1.572     0.923     0.410
  1988 261     0.633     1.712     0.405
  1988 262     0.208     1.029     0.401
  1988 263     0.193     0.911     0.398
  1988 264     0.242     0.896     0.394
  1988 265     0.190     1.198     0.390
  1988 266     3.438     0.657     0.391
  1988 267     1.347     0.709     0.387
  1988 268     0.902     0.937     0.382
  1988 269     0.868     0.731     0.379
  1988 270     1.003     0.646     0.376
  1988 271     0.080     0.801     0.373
  1988 272     1.498     0.492     0.371
  1988 273     7.129     0.708     0.380
  1988 274     1.687     1.150     0.375
  1988 275     1.160     0.791     0.369
  1988 276     1.736     0.947     0.364
  1988 277     0.165     0.624     0.360
  1988 278     0.001     0.616     0.357
  1988 279     0.001     0.744     0.354
  1988 280     0.009     0.772     0.351
  1988 281     0.162     0.612     0.349
  1988 282     0.003     0.699     0.346
  1988 283     1.468     1.220     0.345
  1988 284     0.383     0.916     0.342
  1988 285     0.021     0.441     0.339
  1988 286     1.301     0.443     0.338
  1988 287     0.435     0.340     0.336
  1988 288     1.279     0.431     0.334
  1988 289     3.471     0.509     0.333
  1988 290     0.504     0.697     0.330
  1988 291     0.203     0.346     0.328
  1988 292     0.921     0.317     0.325
  1988 293     5.066     0.331     0.324
  1988 294     5.012     0.337     0.327
  1988 295     0.424     0.155     0.323
  1988 296    17.317     0.290     0.324
  1988 297     5.215     0.384     0.334
  1988 298     4.142     0.451     0.334
  1988 299     2.531     0.479     0.331
  1988 300     1.301     0.492     0.328
  1988 301     1.303     0.510     0.323
  1988 302     0.670     0.266     0.320
  1988 303     1.959     0.063     0.314
  1988 304     0.422     0.086     0.312
  1988 305     1.425     0.086     0.307
  1988 306     0.724     0.134     0.305
  1988 307    10.076     0.198     0.303
  1988 308     1.756     0.200     0.300
  1988 309     0.106     0.032     0.295
  1988 310     0.421     0.130     0.293
  1988 311     0.611     0.192     0.297
  1988 312     1.968     0.318     0.297
  1988 313     4.703     0.172     0.294
  1988 314     1.647     0.200     0.295
  1988 315     2.401     0.113     0.292
  1988 316     0.421     0.116     0.288
  1988 317     2.711     0.122     0.282
  1988 318     1.955     0.218     0.283
  1988 319     0.770     0.091     0.281
  1988 320     0.591     0.051     0.276
  1988 321     0.526     0.044     0.274
  1988 322     0.698     0.068     0.273
  1988 323     1.340     0.069     0.270
  1988 324     0.276     0.007     0.268
  1988 325     2.424     0.069     0.267
  1988 326     0.284     0.032     0.267
  1988 327     0.285     0.082     0.267
  1988 328     4.603     0.149     0.268
  1988 329     2.411     0.243     0.269
  1988 330     0.379     0.121     0.266
  1988 331     0.471     0.151     0.261
  1988 332     0.018    -0.014     0.257
  1988 333     0.207     0.006     0.254
  1988 334     0.435     0.042     0.252
  1988 335     0.865     0.048     0.251
  1988 336     0.545     0.221     0.250
  1988 337     0.147    -0.012     0.250
  1988 338     0.069    -0.036     0.247
  1988 339     1.057     0.005     0.245
  1988 340     0.206    -0.042     0.246
  1988 341     1.052     0.061     0.244
  1988 342     0.378     0.080     0.240
  1988 343     0.249     0.048     0.237
  1988 344     0.068    -0.001     0.235
  1988 345     0.044     0.009     0.233
  1988 346     2.395     0.078     0.232
  1988 347     0.543     0.058     0.230
  1988 348     0.067    -0.005     0.229
  1988 349     0.017    -0.026     0.227
  1988 350     0.682     0.047     0.226
  1988 351     0.545     0.030     0.224
  1988 352     0.635     0.002     0.223
  1988 353     0.769     0.034     0.221
  1988 354     1.394     0.049     0.220
  1988 355     0.873     0.053     0.219
  1988 356     1.062     0.036     0.217
  1988 357     1.006     0.029     0.216
  1988 358     1.242     0.050     0.214
  1988 359     0.696     0.045     0.213
  1988 360     0.094     0.003     0.212
  1988 361     0.383     0.019     0.210
  1988 362     0.152     0.012     0.209
  1988 363     0.056     0.008     0.208
  1988 364     0.029    -0.004     0.206
  1988 365     0.048    -0.003     0.205
  1988 366     0.041    -0.005     0.204
  1989   1     0.037    -0.002     0.202
  1989   2     0.447     0.009     0.201
  1989   3     1.317     0.029     0.200
  1989   4     0.065    -0.003     0.199
  1989   5     1.368     0.041     0.197
  1989   6     0.078     0.001     0.196
  1989   7     0.022    -0.004     0.195
  1989   8     0.059    -0.005     0.193
  1989   9     0.043    -0.003     0.192
  1989  10     0.008    -0.016     0.191
  1989  11     0.486     0.012     0.190
  1989  12     0.821     0.007     0.188
  1989  13     1.257    -0.005     0.187
  1989  14     0.125     0.049     0.186
  1989  15     0.034    -0.003     0.185
  1989  16     0.013    -0.006     0.184
  1989  17     0.478     0.011     0.182
  1989  18     2.158     0.035     0.181
  1989  19     0.278     0.001     0.180
  1989  20     2.212     0.024     0.179
  1989  21     2.155     0.063     0.177
  1989  22     1.492     0.049     0.176
  1989  23     0.314     0.017     0.175
  1989  24     0.067     0.010     0.174
  1989  25     0.235     0.014     0.173
  1989  26     1.710     0.077     0.171
  1989  27     4.750     0.367     0.170
  1989  28     1.963     0.121     0.169
  1989  29     2.312     0.179     0.168
  1989  30     0.201     0.113     0.167
  1989  31     0.428     0.081     0.165
  1989  32     0.415     0.069     0.164
  1989  33     0.082     0.015     0.163
  1989  34     0.524     0.063     0.162
  1989  35     0.760     0.099     0.161
  1989  36     1.094     0.216     0.159
  1989  37     1.585     0.208     0.158
  1989  38     0.452     0.128     0.157
  1989  39     0.778     0.090     0.156
  1989  40     1.831     0.110     0.155
  1989  41     1.987     0.294     0.154
  1989  42     0.641     0.176     0.153
  1989  43     0.750     0.067     0.151
  1989  44     0.429     0.100     0.150
  1989  45     0.351     0.064     0.149
  1989  46     0.087     0.016     0.148
  1989  47     0.075     0.016     0.147
  1989  48     0.358     0.106     0.146
  1989  49     0.655     0.117     0.145
  1989  50     0.109     0.013     0.144
  1989  51     0.209     0.034     0.143
  1989  52     0.065     0.024     0.142
  1989  53     0.014     0.007     0.141
  1989  54     0.080     0.042     0.140
  1989  55     0.146     0.074     0.139
  1989  56     0.100     0.030     0.138
  1989  57     0.395     0.038     0.137
  1989  58     0.819     0.172     0.136
  1989  59     0.635     0.111     0.135
  1989  60     0.373     0.065     0.134
  1989  61     0.077     0.022     0.133
  1989  62     0.276     0.066     0.132
  1989  63     0.033     0.016     0.131
  1989  64     0.022     0.020     0.130
  1989  65     0.219     0.089     0.129
  1989  66     2.094     0.116     0.128
  1989  67     0.437     0.075     0.127
  1989  68     1.294     0.144     0.126
  1989  69     0.199     0.080     0.125
  1989  70     0.006     0.034     0.124
  1989  71     0.605     0.195     0.123
  1989  72     0.576     0.221     0.123
  1989  73     0.180     0.099     0.122
  1989  74     0.112     0.068     0.121
  1989  75     0.187     0.085     0.120
  1989  76     0.190     0.090     0.119
  1989  77     0.156     0.080     0.118
  1989  78     0.235     0.121     0.117
  1989  79     0.416     0.160     0.117
  1989  80     0.132     0.094     0.116
  1989  81     0.469     0.086     0.115
  1989  82     2.081     0.179     0.114
  1989  83     0.796     0.134     0.113
  1989  84     0.431     0.099     0.113
  1989  85     1.802     0.110     0.112
  1989  86     0.147     0.087     0.111
  1989  87     0.006     0.108     0.110
  1989  88     0.018     0.158     0.110
  1989  89     0.622     0.269     0.109
  1989  90     0.811     0.232     0.108
  1989  91     0.897     0.232     0.107
  1989  92     0.589     0.245     0.107
  1989  93     0.814     0.239     0.106
  1989  94     0.586     0.177     0.105
  1989  95     0.404     0.172     0.104
  1989  96     0.364     0.168     0.104
  1989  97     0.657     0.232     0.103
  1989  98     0.207     0.207     0.102
  1989  99     0.928     0.251     0.102
  1989 100     0.482     0.293     0.101
  1989 101     0.100     0.282     0.100
  1989 102     0.457     0.251     0.100
  1989 103     0.878     0.437     0.099
  1989 104     3.529     0.534     0.098
  1989 105     3.725     0.325     0.098
  1989 106     0.563     0.432     0.097
  1989 107     0.769     0.474     0.096
  1989 108     0.719     0.490     0.096
  1989 109     0.359     0.367     0.095
  1989 110     0.514     0.285     0.094
  1989 111     0.617     0.493     0.094
  1989 112     6.763     0.428     0.093
  1989 113    21.024     0.380     0.092
  1989 114     4.820     0.545     0.092
  1989 115     2.012     0.580     0.091
  1989 116     0.352     0.561     0.090
  1989 117     0.115     0.128     0.090
  1989 118     0.596     0.404     0.089
  1989 119     0.146     0.105     0.088
  1989 120     0.216     0.086     0.088
  1989 121     0.348     0.208     0.087
  1989 122     0.242     0.236     0.087
  1989 123     3.152     0.045     0.088
  1989 124     2.307     0.638     0.089
  1989 125     0.004     0.585     0.088
  1989 126     0.178     0.140     0.088
  1989 127     0.436     0.268     0.090
  1989 128     2.877     0.255     0.091
  1989 129     0.672     0.324     0.093
  1989 130     2.531     0.008     0.113
  1989 131     0.467     0.079     0.242
  1989 132     1.195     0.075     0.598
  1989 133     3.111     0.233     0.821
  1989 134     0.038     0.186     0.913
  1989 135     1.926     0.197     2.434
  1989 136     4.521     0.743     1.302
  1989 137     8.674     0.337     1.753
  1989 138     2.093     0.519     1.944
  1989 139     0.602     0.807     2.012
  1989 140     7.317     0.534     0.694
  1989 141     7.705     0.747     0.565
  1989 142     2.663     0.614     0.705
  1989 143     0.322     0.480     0.730
  1989 144     0.563     0.352     1.447
  1989 145     0.438     0.629     0.484
  1989 146     0.420     0.673     0.354
  1989 147     1.511     0.555     0.318
  1989 148     0.397     0.874     0.310
  1989 149     0.186     0.809     0.339
  1989 150     0.144     0.720     0.346
  1989 151     2.074     0.851     0.430
  1989 152     0.267     0.967     0.415
  1989 153     0.211     0.741     0.467
  1989 154     0.407     0.694     0.478
  1989 155     0.305     0.719     0.687
  1989 156     0.285     0.818     1.211
  1989 157     0.254     0.787     0.799
  1989 158     0.024     0.938     0.945
  1989 159     1.244     0.675     2.210
  1989 160     1.728     0.931     2.199
  1989 161     1.104     1.186     1.795
  1989 162     5.266     0.739     3.470
  1989 163     0.003     1.632     2.267
  1989 164     0.118     1.712     5.027
  1989 165     0.051     2.146     6.039
  1989 166     0.043     2.133     4.799
  1989 167     1.581     1.839     4.393
  1989 168     9.785     1.440     2.574
  1989 169     8.367     0.691     2.218
  1989 170     0.376     2.368     2.287
  1989 171    13.084     1.883     5.540
  1989 172     1.130     2.217     2.100
  1989 173     0.638     2.929     1.517
  1989 174     0.297     3.054     1.231
  1989 175     0.129     2.394     1.014
  1989 176     0.092     2.784     0.900
  1989 177     1.836     2.883     0.806
  1989 178     0.005     3.216     0.729
  1989 179     1.872     2.505     0.654
  1989 180     1.328     1.954     0.663
  1989 181     0.422     2.909     0.652
  1989 182    11.361     1.782     1.001
  1989 183     5.811     1.982     1.001
  1989 184     0.677     3.475     0.720
  1989 185     3.693     2.733     0.650
  1989 186     0.014     3.516     0.602
  1989 187     0.133     3.659     0.548
  1989 188     0.327     4.001     0.509
  1989 189     0.298     3.364     0.484
  1989 190     2.133     3.528     0.471
  1989 191     0.225     3.873     0.464
  1989 192     0.010     3.324     0.461
  1989 193     0.043     3.045     0.464
  1989 194     0.007     3.450     0.468
  1989 195     0.294     3.120     0.474
  1989 196     0.547     3.448     0.484
  1989 197     0.211     3.293     0.494
  1989 198     0.351     3.252     0.507
  1989 199     0.057     3.549     0.520
  1989 200     2.726     3.855     0.535
  1989 201     0.866     3.605     0.551
  1989 202     1.409     3.221     0.565
  1989 203     2.111     3.259     0.579
  1989 204     0.031     4.722     0.591
  1989 205     0.022     3.618     0.602
  1989 206    10.354     1.967     0.732
  1989 207     0.534     3.302     0.662
  1989 208     0.017     3.583     0.647
  1989 209     0.079     3.455     0.650
  1989 210     0.117     2.634     0.656
  1989 211     0.177     3.526     0.663
  1989 212     0.129     2.936     0.670
  1989 213     0.130     2.717     0.676
  1989 214     0.026     2.580     0.681
  1989 215     3.981     2.100     0.709
  1989 216     0.303     2.581     0.701
  1989 217     0.002     2.189     0.697
  1989 218     0.194     2.283     0.698
  1989 219     0.299     2.138     0.699
  1989 220     0.239     2.177     0.700
  1989 221     0.592     2.210     0.701
  1989 222     0.286     1.948     0.701
  1989 223     8.780     2.069     0.726
  1989 224     0.453     2.430     0.703
  1989 225     0.013     2.401     0.699
  1989 226     0.067     2.201     0.695
  1989 227     0.009     2.156     0.692
  1989 228     4.148     2.469     0.705
  1989 229     3.744     1.683     0.694
  1989 230     1.701     2.005     0.688
  1989 231     0.016     1.982     0.679
  1989 232     6.466     1.642     0.682
  1989 233     1.350     1.706     0.676
  1989 234     0.132     1.603     0.667
  1989 235     5.590     1.489     0.661
  1989 236    17.431     0.858     0.817
  1989 237     3.604     1.342     0.692
  1989 238     6.642     1.195     0.711
  1989 239     1.274     1.708     0.670
  1989 240     1.680     1.458     0.650
  1989 241     0.504     1.710     0.638
  1989 242     1.116     1.669     0.629
  1989 243     0.469     2.091     0.622
  1989 244     0.009     2.184     0.617
  1989 245     0.001     1.950     0.612
  1989 246     0.139     1.988     0.608
  1989 247     5.441     1.050     0.607
  1989 248     1.836     1.516     0.606
  1989 249     1.267     1.317     0.601
  1989 250     3.417     1.282     0.606
  1989 251     2.808     1.229     0.601
  1989 252     3.708     1.085     0.620
  1989 253     0.900     1.333     0.598
  1989 254     0.074     1.545     0.588
  1989 255     0.128     1.593     0.582
  1989 256     0.569     1.118     0.576
  1989 257     4.403     1.180     0.576
  1989 258     1.533     1.260     0.574
  1989 259     0.136     1.178     0.568
  1989 260     9.312     0.535     0.594
  1989 261     0.363     1.488     0.572
  1989 262     1.900     1.196     0.563
  1989 263     4.822     1.634     0.590
  1989 264     1.091     1.168     0.564
  1989 265     0.540     0.899     0.555
  1989 266     0.659     0.984     0.550
  1989 267     3.708     1.079     0.549
  1989 268     0.481     1.053     0.547
  1989 269     0.370     0.733     0.542
  1989 270     1.215     1.097     0.540
  1989 271     1.425     1.266     0.540
  1989 272     0.226     0.676     0.536
  1989 273     0.166     0.608     0.532
  1989 274     0.391     0.558     0.529
  1989 275     0.122     0.549     0.526
  1989 276     0.001     0.634     0.524
  1989 277     0.490     0.788     0.525
  1989 278     2.758     1.101     0.522
  1989 279     0.266     0.780     0.517
  1989 280     0.005     0.510     0.513
  1989 281     1.267     0.321     0.512
  1989 282     0.710     0.447     0.510
  1989 283     3.895     0.293     0.509
  1989 284     9.587     0.374     0.516
  1989 285     3.070     0.482     0.509
  1989 286     0.124     0.256     0.501
  1989 287     0.535     0.233     0.497
  1989 288     0.281     0.184     0.493
  1989 289     0.187     0.187     0.492
  1989 290     0.070     0.189     0.493
  1989 291     0.006     0.386     0.499
  1989 292     0.698     0.262     0.506
  1989 293     0.134     0.191     0.497
  1989 294     0.215     0.189     0.494
  1989 295     0.295     0.229     0.488
  1989 296     2.698     0.279     0.484
  1989 297     1.304     0.154     0.482
  1989 298     0.506     0.168     0.482
  1989 299     0.512     0.425     0.476
  1989 300     7.300     0.523     0.475
  1989 301     9.138     0.454     0.475
  1989 302     2.474     0.267     0.473
  1989 303     1.082     0.213     0.470
  1989 304     0.324     0.130     0.475
  1989 305     0.110     0.057     0.494
  1989 306     0.048     0.018     0.507
  1989 307     0.539     0.073     0.523
  1989 308     0.441     0.080     0.547
  1989 309     0.649     0.057     0.530
  1989 310     0.572     0.070     0.504
  1989 311     0.822     0.103     0.484
  1989 312     0.723     0.083     0.474
  1989 313     0.647     0.069     0.471
  1989 314     1.212     0.056     0.461
  1989 315     0.308     0.181     0.441
  1989 316     0.217     0.129     0.434
  1989 317     0.125     0.002     0.414
  1989 318     0.273     0.072     0.409
  1989 319     0.235     0.061     0.407
  1989 320     0.221     0.008     0.404
  1989 321     0.044    -0.000     0.401
  1989 322     0.205    -0.002     0.398
  1989 323     3.361     0.069     0.395
  1989 324     0.261     0.044     0.393
  1989 325     0.164    -0.004     0.390
  1989 326     0.972     0.029     0.387
  1989 327     0.036     0.010     0.384
  1989 328     0.019     0.003     0.380
  1989 329     0.073     0.031     0.377
  1989 330     0.581     0.041     0.374
  1989 331     0.076    -0.004     0.371
  1989 332     1.161     0.014     0.368
  1989 333     2.497     0.043     0.364
  1989 334     0.133     0.003     0.361
  1989 335     0.139     0.006     0.358
  1989 336     0.135     0.005     0.355
  1989 337     6.382     0.110     0.352
  1989 338     3.300     0.154     0.349
  1989 339     0.796     0.157     0.345
  1989 340     0.084     0.019     0.342
  1989 341     0.035    -0.008     0.339
  1989 342     0.042    -0.008     0.336
  1989 343     0.072    -0.001     0.333
  1989 344     0.115     0.021     0.330
  1989 345     0.084     0.010     0.327
  1989 346     0.069     0.010     0.324
  1989 347     0.033     0.001     0.321
  1989 348     0.016    -0.002     0.318
  1989 349     0.311     0.021     0.316
  1989 350     0.084     0.010     0.313
  1989 351     0.165     0.019     0.310
  1989 352     0.035     0.002     0.307
  1989 353     0.141     0.011     0.304
  1989 354     0.581     0.029     0.302
  1989 355     0.126     0.008     0.299
  1989 356     1.078     0.064     0.296
  1989 357     0.160     0.037     0.293
  1989 358     0.147     0.012     0.290
  1989 359     0.193     0.002     0.288
  1989 360     0.312     0.010     0.285
  1989 361     0.031    -0.009     0.282
  1989 362     0.039    -0.003     0.279
  1989 363     0.773     0.071     0.277
  1989 364     1.623     0.090     0.274
  1989 365     0.963     0.016     0.271
  1990   1     3.843     0.065     0.268
  1990   2     0.134     0.002     0.266
  1990   3     0.277     0.015     0.263
  1990   4     0.071     0.004     0.260
  1990   5     0.111     0.013     0.257
  1990   6     1.093     0.019     0.255
  1990   7     0.042     0.000     0.252
  1990   8     1.758     0.083     0.249
  1990   9     1.565     0.100     0.247
  1990  10     0.679     0.081     0.244
  1990  11     0.438     0.046     0.242
  1990  12     0.097    -0.000     0.239
  1990  13     0.048     0.027     0.237
  1990  14     0.376     0.035     0.234
  1990  15     0.661     0.031     0.232
  1990  16     0.152     0.042     0.229
  1990  17     1.124     0.061     0.227
  1990  18     0.050     0.000     0.224
  1990  19     0.027    -0.003     0.222
  1990  20     2.704     0.044     0.220
  1990  21     2.087     0.056     0.217
  1990  22     0.242     0.026     0.215
  1990  23     2.464     0.059     0.213
  1990  24     0.408     0.025     0.211
  1990  25     1.295     0.051     0.208
  1990  26     7.100     0.100     0.206
  1990  27     1.422     0.057     0.204
  1990  28     0.045     0.004     0.202
  1990  29     0.007    -0.001     0.200
  1990  30     0.140     0.021     0.198
  1990  31     0.087     0.017     0.196
  1990  32     0.021     0.006     0.194
  1990  33     0.019     0.005     0.192
  1990  34     0.223     0.015     0.190
  1990  35     2.191     0.065     0.188
  1990  36     0.103     0.014     0.187
  1990  37     1.263     0.051     0.185
  1990  38     0.881     0.075     0.183
  1990  39     0.638     0.074     0.181
  1990  40     1.325     0.069     0.179
  1990  41     0.686     0.048     0.178
  1990  42     0.514     0.029     0.176
  1990  43     0.137     0.025     0.174
  1990  44     0.162     0.033     0.173
  1990  45     0.380     0.028     0.171
  1990  46     0.023     0.011     0.170
  1990  47     0.057     0.017     0.168
  1990  48     0.120     0.025     0.167
  1990  49     0.276     0.054     0.165
  1990  50     0.221     0.026     0.164
  1990  51     1.647     0.077     0.162
  1990  52     0.681     0.131     0.161
  1990  53     0.038     0.019     0.159
  1990  54     0.121     0.038     0.158
  1990  55     0.034     0.017     0.156
  1990  56     1.206     0.085     0.155
  1990  57     0.703     0.250     0.154
  1990  58     0.048     0.044     0.152
  1990  59     0.103     0.110     0.151
  1990  60     1.978     0.470     0.150
  1990  61     0.301     0.140     0.149
  1990  62     0.009     0.023     0.147
  1990  63     0.051     0.066     0.146
  1990  64     0.164     0.139     0.145
  1990  65     0.014     0.037     0.144
  1990  66     0.020    -0.009     0.142
  1990  67     0.913    -0.069     0.141
  1990  68     8.373     0.304     0.140
  1990  69     0.581     0.300     0.139
  1990  70     0.433     0.177     0.138
  1990  71     2.918     0.233     0.136
  1990  72     1.313     0.256     0.135
  1990  73     0.170     0.238     0.134
  1990  74     0.289     0.185     0.133
  1990  75     0.970     0.218     0.132
  1990  76     0.753     0.313     0.131
  1990  77     0.033     0.108     0.130
  1990  78     0.573     0.171     0.129
  1990  79     0.037     0.073     0.128
  1990  80     0.222     0.111     0.127
  1990  81     0.329     0.158     0.125
  1990  82     0.505     0.175     0.124
  1990  83     1.298     0.499     0.123
  1990  84     0.243     0.190     0.122
  1990  85     0.035     0.103     0.121
  1990  86     0.065     0.112     0.120
  1990  87     0.005     0.209     0.119
  1990  88     0.760     0.106     0.118
  1990  89     3.721     0.214     0.117
  1990  90     0.192     0.135     0.116
  1990  91     0.090     0.144     0.115
  1990  92     2.882     0.395     0.114
  1990  93     2.274     0.424     0.113
  1990  94     0.217     0.284     0.112
  1990  95     0.053     0.143     0.111
  1990  96     0.193     0.220     0.111
  1990  97     0.518     0.366     0.110
  1990  98     0.318     0.308     0.109
  1990  99     0.338     0.255     0.108
  1990 100     0.438     0.318     0.107
  1990 101     0.265     0.409     0.106
  1990 102     0.622     0.293     0.105
  1990 103     0.121     0.263     0.104
  1990 104     0.111     0.215     0.103
  1990 105     0.847     0.234     0.102
  1990 106     0.702     0.247     0.101
  1990 107     0.193     0.248     0.100
  1990 108     0.550     0.281     0.100
  1990 109     1.199     0.297     0.099
  1990 110     0.373     0.332     0.098
  1990 111     0.535     0.044     0.097
  1990 112     1.115    -0.106     0.096
  1990 113     3.533     0.150     0.096
  1990 114     0.169     0.388     0.096
  1990 115     0.209     0.443     0.095
  1990 116     0.112     0.380     0.093
  1990 117     0.022     0.302     0.092
  1990 118     1.021     0.391     0.091
  1990 119    15.237     0.616     0.090
  1990 120     3.117     0.754     0.089
  1990 121     0.936     0.985     0.089
  1990 122     0.230     0.795     0.088
  1990 123     0.053     0.441     0.087
  1990 124     0.051     0.170     0.086
  1990 125     1.926     0.127     0.086
  1990 126     0.484     0.431     0.085
  1990 127     0.393     0.413     0.084
  1990 128     0.318     0.377     0.084
  1990 129     0.283     0.136     0.083
  1990 130     0.485     0.459     0.082
  1990 131     0.420     0.456     0.081
  1990 132     0.457     0.499     0.081
  1990 133     0.244     0.508     0.080
  1990 134     0.200     0.116     0.087
  1990 135     0.860     0.312     0.122
  1990 136     0.236     0.428     0.120
  1990 137     0.211     0.402     0.093
  1990 138     1.557     0.394     0.090
  1990 139     1.582     0.308     0.165
  1990 140     0.115     0.104     0.221
  1990 141     0.627     0.133     0.364
  1990 142     0.058     0.287     0.535
  1990 143     0.006     0.339     0.681
  1990 144     0.004     0.540     1.071
  1990 145     0.000     0.741     2.233
  1990 146     0.523     0.952     4.830
  1990 147     1.215     1.194     4.101
  1990 148     0.000     1.564     1.863
  1990 149     0.000     1.781     2.111
  1990 150     0.068     2.001     5.363
  1990 151     2.992     1.720     5.386
  1990 152     0.585     1.979     2.155
  1990 153     0.052     2.180     1.169
  1990 154     0.001     2.899     0.868
  1990 155     0.004     2.821     0.896
  1990 156     0.211     2.580     0.962
  1990 157     2.725     2.531     0.923
  1990 158     0.159     2.748     0.570
  1990 159     3.815     2.542     0.914
  1990 160     0.100     3.222     0.554
  1990 161     2.343     2.838     0.447
  1990 162    13.628     1.776     0.554
  1990 163    16.342     1.035     1.782
  1990 164     1.551     2.559     0.981
  1990 165     0.128     3.512     0.740
  1990 166     3.597     2.930     0.770
  1990 167     0.739     3.179     0.690
  1990 168     1.749     3.668     0.635
  1990 169     6.753     1.969     0.819
  1990 170     2.252     2.736     0.707
  1990 171     0.795     2.704     0.628
  1990 172     0.338     2.398     0.578
  1990 173     0.023     3.331     0.497
  1990 174     0.975     3.416     0.415
  1990 175     2.510     2.990     0.371
  1990 176     0.308     2.246     0.319
  1990 177     0.019     3.087     0.271
  1990 178     0.003     3.516     0.239
  1990 179     0.863     2.232     0.214
  1990 180     0.663     3.005     0.193
  1990 181     2.033     2.949     0.176
  1990 182     8.505     1.573     0.195
  1990 183     0.204     3.376     0.183
  1990 184     0.015     2.865     0.167
  1990 185     0.028     2.819     0.157
  1990 186     0.246     3.211     0.150
  1990 187     0.199     3.238     0.146
  1990 188     5.210     2.308     0.186
  1990 189     4.484     1.896     0.213
  1990 190     0.103     3.244     0.178
  1990 191     0.327     3.262     0.165
  1990 192     0.012     3.605     0.162
  1990 193     0.139     4.150     0.162
  1990 194     1.250     4.153     0.163
  1990 195     0.895     3.893     0.168
  1990 196     5.978     2.406     0.186
  1990 197     3.504     2.176     0.198
  1990 198     2.565     2.240     0.207
  1990 199     1.901     2.467     0.211
  1990 200     1.612     2.160     0.213
  1990 201     0.527     2.468     0.215
  1990 202     0.593     2.720     0.217
  1990 203     1.913     3.741     0.222
  1990 204     7.477     2.778     0.237
  1990 205     2.317     3.390     0.250
  1990 206     0.054     3.780     0.245
  1990 207     0.028     4.018     0.247
  1990 208     7.663     3.166     0.349
  1990 209    10.214     2.740     0.396
  1990 210     0.211     3.672     0.310
  1990 211     2.696     2.355     0.302
  1990 212     1.433     2.681     0.298
  1990 213    10.112     3.019     0.503
  1990 214     7.201     3.881     0.648
  1990 215     1.608     2.416     0.342
  1990 216     0.087     2.991     0.327
  1990 217     0.416     3.245     0.323
  1990 218     0.292     3.360     0.324
  1990 219     0.676     3.387     0.327
  1990 220     2.344     2.482     0.334
  1990 221     0.149     2.617     0.338
  1990 222     0.019     2.922     0.342
  1990 223     0.001     2.754     0.345
  1990 224     3.110     1.157     0.350
  1990 225     6.200     1.911     0.364
  1990 226     0.423     2.948     0.365
  1990 227     1.439     2.810     0.367
  1990 228     0.549     2.159     0.369
  1990 229     0.814     1.879     0.370
  1990 230     0.006     2.356     0.370
  1990 231     0.599     2.206     0.371
  1990 232     0.043     2.648     0.373
  1990 233     0.005     2.257     0.375
  1990 234    21.345     2.257     0.923
  1990 235    16.224     1.803     1.165
  1990 236     1.546     1.786     0.490
  1990 237     0.120     2.464     0.431
  1990 238     0.227     2.370     0.413
  1990 239     1.444     2.272     0.407
  1990 240     0.422     1.759     0.407
  1990 241     4.408     2.134     0.426
  1990 242     1.370     1.558     0.416
  1990 243     2.730     2.219     0.437
  1990 244     0.018     1.532     0.412
  1990 245     3.056     1.995     0.410
  1990 246     0.695     2.288     0.412
  1990 247     4.236     1.710     0.417
  1990 248     3.479     1.493     0.427
  1990 249     0.037     1.735     0.417
  1990 250     6.262     1.180     0.434
  1990 251     0.857     2.207     0.437
  1990 252     0.933     1.629     0.424
  1990 253     3.522     1.629     0.422
  1990 254     0.600     1.389     0.429
  1990 255     0.231     1.321     0.422
  1990 256     1.652     0.914     0.420
  1990 257     5.754     0.855     0.452
  1990 258     0.209     1.349     0.435
  1990 259     0.002     2.030     0.426
  1990 260     0.146     1.589     0.425
  1990 261     8.271     1.567     0.466
  1990 262     0.431     1.314     0.442
  1990 263     0.052     0.933     0.432
  1990 264     0.064     0.807     0.427
  1990 265     0.141     1.015     0.425
  1990 266     0.165     1.159     0.424
  1990 267     0.726     1.022     0.424
  1990 268     1.886     1.491     0.428
  1990 269     3.220     1.001     0.438
  1990 270     0.547     0.857     0.428
  1990 271     0.282     0.675     0.426
  1990 272     0.184     1.265     0.424
  1990 273     0.591     1.033     0.424
  1990 274     0.198     0.823     0.422
  1990 275     1.123     0.609     0.422
  1990 276    13.704     0.621     0.423
  1990 277     3.316     0.989     0.423
  1990 278     2.004     0.685     0.422
  1990 279     1.163     0.440     0.420
  1990 280     0.116     0.183     0.419
  1990 281     0.168     0.212     0.418
  1990 282     1.427     0.163     0.419
  1990 283     4.333     0.152     0.431
  1990 284     5.059     0.566     0.432
  1990 285     0.201     0.253     0.422
  1990 286     1.053     0.199     0.418
  1990 287     1.810     0.283     0.418
  1990 288     3.450     0.322     0.418
  1990 289     1.674     0.324     0.418
  1990 290     0.198     0.128     0.416
  1990 291     0.243     0.154     0.416
  1990 292     0.168     0.162     0.417
  1990 293     0.580     0.144     0.417
  1990 294     1.596     0.191     0.417
  1990 295     0.699     0.211     0.416
  1990 296     0.298     0.123     0.417
  1990 297     1.008     0.138     0.419
  1990 298     1.052     0.128     0.421
  1990 299     0.960     0.174     0.418
  1990 300     0.474     0.320     0.416
  1990 301     1.887     0.112     0.424
  1990 302     3.185     0.276     0.443
  1990 303     0.309     0.069     0.440
  1990 304     0.612     0.116     0.441
  1990 305     0.447     0.113     0.449
  1990 306     1.132     0.109     0.448
  1990 307     0.532     0.088     0.444
  1990 308     0.355     0.044     0.436
  1990 309     1.287     0.063     0.438
  1990 310     0.341     0.066     0.432
  1990 311     0.585     0.115     0.425
  1990 312     1.556     0.044     0.435
  1990 313     3.593     0.163     0.436
  1990 314     1.583     0.243     0.430
  1990 315     0.356     0.156     0.421
  1990 316     0.280     0.073     0.403
  1990 317     4.884     0.135     0.385
  1990 318     4.286     0.240     0.383
  1990 319     0.205     0.119     0.385
  1990 320     0.100     0.007     0.368
  1990 321     0.157     0.015     0.357
  1990 322     0.462     0.076     0.354
  1990 323     0.592     0.044     0.351
  1990 324     0.654     0.090     0.349
  1990 325     3.928     0.204     0.346
  1990 326     9.535     0.330     0.345
  1990 327     4.825     0.264     0.342
  1990 328     1.940     0.154     0.340
  1990 329     0.380     0.116     0.338
  1990 330     0.166     0.022     0.336
  1990 331     0.521     0.032     0.333
  1990 332     0.073     0.007     0.331
  1990 333     1.069     0.040     0.329
  1990 334     3.348     0.098     0.326
  1990 335     0.240     0.041     0.324
  1990 336     0.036    -0.005     0.322
  1990 337     0.103     0.000     0.320
  1990 338     8.385     0.209     0.318
  1990 339     0.975     0.083     0.316
  1990 340     1.480     0.024     0.313
  1990 341     2.591     0.041     0.310
  1990 342     3.956     0.078     0.307
  1990 343     0.394     0.066     0.304
  1990 344     1.008     0.030     0.302
  1990 345     0.247     0.023     0.300
  1990 346     0.340     0.018     0.297
  1990 347     0.521     0.035     0.295
  1990 348     0.752     0.033     0.293
  1990 349     1.392     0.061     0.290
  1990 350     1.474     0.035     0.288
  1990 351     0.161     0.007     0.286
  1990 352     0.458     0.023     0.283
  1990 353     0.040    -0.002     0.281
  1990 354     0.020    -0.005     0.279
  1990 355     0.013    -0.009     0.277
  1990 356     1.146     0.046     0.274
  1990 357     0.601     0.078     0.272
  1990 358     0.182     0.032     0.270
  1990 359     0.238     0.038     0.268
  1990 360     0.052     0.000     0.266
  1990 361     3.613     0.056     0.264
  1990 362     1.304     0.051     0.262
  1990 363     0.179     0.015     0.260
  1990 364     0.028     0.002     0.257
  1990 365     0.122     0.014     0.255
  1991   1     0.324     0.025     0.253
  1991   2     0.494     0.055     0.251
  1991   3     0.718     0.067     0.249
  1991   4     0.336     0.081     0.247
  1991   5     0.132     0.024     0.245
  1991   6     0.052     0.006     0.243
  1991   7     0.054     0.001     0.241
  1991   8     0.098     0.006     0.239
  1991   9     0.120     0.002     0.237
  1991  10     0.480     0.022     0.235
  1991  11     0.075    -0.004     0.234
  1991  12     0.007     0.004     0.232
  1991  13     0.365     0.060     0.230
  1991  14     1.647     0.079     0.228
  1991  15     0.665     0.046     0.226
  1991  16     1.118     0.102     0.224
  1991  17     0.563     0.024     0.222
  1991  18     5.057     0.082     0.220
  1991  19     0.163     0.008     0.218
  1991  20     0.028    -0.008     0.216
  1991  21     1.659     0.028     0.214
  1991  22     0.429     0.032     0.212
  1991  23     0.080     0.015     0.210
  1991  24     0.138     0.003     0.209
  1991  25     0.203     0.049     0.207
  1991  26     0.075     0.007     0.205
  1991  27     0.085     0.005     0.203
  1991  28     0.110     0.013     0.201
  1991  29     0.050    -0.001     0.199
  1991  30     0.050    -0.003     0.198
  1991  31     0.013    -0.005     0.196
  1991  32     1.343     0.036     0.194
  1991  33     0.938     0.062     0.192
  1991  34     0.361     0.054     0.190
  1991  35     0.007    -0.012     0.189
  1991  36     0.491     0.051     0.187
  1991  37     0.194    -0.042     0.185
  1991  38     0.150     0.003     0.184
  1991  39     0.271     0.260     0.182
  1991  40     0.207     0.075     0.180
  1991  41     0.032     0.018     0.179
  1991  42     0.110     0.009     0.177
  1991  43     0.050     0.008     0.176
  1991  44     0.191     0.022     0.174
  1991  45     0.125     0.021     0.173
  1991  46     1.558     0.050     0.171
  1991  47     0.148     0.031     0.170
  1991  48     0.109     0.028     0.168
  1991  49     0.409     0.049     0.167
  1991  50     2.243     0.072     0.165
  1991  51     0.749     0.048     0.164
  1991  52     0.236     0.058     0.162
  1991  53     0.085     0.041     0.161
  1991  54     0.007     0.012     0.160
  1991  55     0.014     0.019     0.158
  1991  56     0.094     0.042     0.157
  1991  57     0.018     0.012     0.156
  1991  58     0.160     0.038     0.154
  1991  59     0.674     0.049     0.153
  1991  60     0.138     0.030     0.152
  1991  61     0.052     0.020     0.150
  1991  62     0.119     0.039     0.149
  1991  63     0.008     0.012     0.148
  1991  64     0.975     0.075     0.147
  1991  65     0.178     0.043     0.146
  1991  66     0.371     0.067     0.144
  1991  67     0.065     0.034     0.143
  1991  68     0.799     0.083     0.142
  1991  69     0.818     0.144     0.141
  1991  70     2.574     0.344     0.140
  1991  71     1.664     0.173     0.139
  1991  72     0.548     0.252     0.138
  1991  73     0.089     0.131     0.137
  1991  74     0.281     0.128     0.135
  1991  75     0.321     0.084     0.134
  1991  76     0.638     0.180     0.133
  1991  77     0.407     0.102     0.132
  1991  78     0.384     0.145     0.131
  1991  79     0.112     0.110     0.130
  1991  80     0.141     0.202     0.129
  1991  81     0.494     0.167     0.128
  1991  82     0.436     0.123     0.127
  1991  83     0.967     0.248     0.126
  1991  84     0.074     0.079     0.125
  1991  85     0.246     0.082     0.124
  1991  86     0.448     0.145     0.123
  1991  87     0.561     0.146     0.122
  1991  88     0.135     0.177     0.121
  1991  89     0.245     0.159     0.120
  1991  90     0.598     0.191     0.120
  1991  91     0.221     0.192     0.119
  1991  92     0.452     0.158     0.118
  1991  93     0.136     0.154     0.117
  1991  94     0.670     0.227     0.116
  1991  95     0.822     0.334     0.115
  1991  96     0.526     0.154     0.114
  1991  97     0.347     0.218     0.113
  1991  98     0.111     0.146     0.112
  1991  99     0.040     0.034     0.112
  1991 100     0.365     0.047     0.111
  1991 101     0.351     0.249     0.110
  1991 102     0.461     0.208     0.109
  1991 103     0.152     0.052     0.108
  1991 104     0.337     0.176     0.107
  1991 105     0.229     0.149     0.107
  1991 106     0.703     0.357     0.106
  1991 107     0.767     0.370     0.105
  1991 108     0.207     0.233     0.104
  1991 109     1.226     0.305     0.103
  1991 110     1.115     0.103     0.103
  1991 111     6.299     0.447     0.102
  1991 112     0.454     0.527     0.101
  1991 113     0.319     0.411     0.100
  1991 114     0.373     0.326     0.099
  1991 115     0.128     0.323     0.099
  1991 116     1.610     0.371     0.098
  1991 117     2.162     0.431     0.097
  1991 118     1.226     0.259     0.097
  1991 119     3.392     0.449     0.096
  1991 120     3.961     0.685     0.095
  1991 121     0.613     0.700     0.095
  1991 122     0.171     0.468     0.094
  1991 123     0.081     0.398     0.093
  1991 124     0.083     0.260     0.092
  1991 125     0.041     0.205     0.092
  1991 126     0.072     0.257     0.091
  1991 127     0.010     0.083     0.091
  1991 128     0.000    -0.020     0.090
  1991 129     0.017     0.008     0.090
  1991 130     3.528     0.030     0.111
  1991 131     0.216    -0.174     0.225
  1991 132     0.007    -0.005     0.444
  1991 133     0.095     0.452     0.704
  1991 134     0.074     0.568     0.850
  1991 135     0.109     0.459     0.758
  1991 136     0.103     0.566     0.686
  1991 137     0.001     0.354     1.110
  1991 138     0.000     0.384     2.500
  1991 139     0.008     0.271     4.554
  1991 140     3.144     0.556     4.203
  1991 141     1.124     1.058     8.431
  1991 142     2.060     1.538    13.961
  1991 143     0.363     2.539     4.186
  1991 144     0.327     1.913     1.478
  1991 145     0.071     2.329     1.283
  1991 146     2.436     1.800     1.245
  1991 147     3.313     1.355     1.198
  1991 148     0.565     2.209     1.342
  1991 149     0.105     2.839     1.671
  1991 150     1.212     1.984     0.920
  1991 151     0.094     2.455     0.602
  1991 152     2.492     3.253     0.821
  1991 153     2.350     3.089     0.723
  1991 154     0.001     3.305     0.568
  1991 155     0.000     3.513     0.481
  1991 156     1.195     3.268     0.444
  1991 157     0.212     4.592     0.412
  1991 158     0.013     3.297     0.378
  1991 159    14.906     2.549     0.707
  1991 160     7.326     2.367     0.717
  1991 161     4.651     1.326     0.731
  1991 162     0.009     3.023     0.633
  1991 163     4.866     3.318     0.639
  1991 164     1.531     3.975     0.473
  1991 165     1.275     3.351     0.430
  1991 166     2.937     2.359     0.367
  1991 167    14.288     1.629     0.625
  1991 168     6.834     0.897     0.746
  1991 169     5.242     0.908     0.750
  1991 170     1.100     2.789     0.479
  1991 171     0.000     3.965     0.355
  1991 172     0.001     4.326     0.302
  1991 173     0.001     3.852     0.269
  1991 174     1.036     2.714     0.242
  1991 175     4.311     3.199     0.245
  1991 176     0.001     3.758     0.226
  1991 177     0.127     3.801     0.211
  1991 178     0.937     2.320     0.208
  1991 179     0.120     3.414     0.201
  1991 180     0.089     3.269     0.196
  1991 181     0.020     3.729     0.193
  1991 182     0.002     2.915     0.194
  1991 183     0.025     2.562     0.197
  1991 184     0.021     3.217     0.200
  1991 185     7.242     3.026     0.297
  1991 186     9.334     2.493     0.276
  1991 187     3.423     2.758     0.273
  1991 188     0.072     4.049     0.256
  1991 189     0.073     3.278     0.249
  1991 190     1.900     3.579     0.253
  1991 191     1.563     2.900     0.260
  1991 192     0.007     3.659     0.263
  1991 193     0.002     3.397     0.267
  1991 194     0.756     2.331     0.272
  1991 195    13.351     3.051     0.414
  1991 196     2.868     3.860     0.400
  1991 197     0.112     3.242     0.318
  1991 198     2.848     2.711     0.335
  1991 199    19.088     1.999     0.648
  1991 200     1.810     2.505     0.428
  1991 201     0.056     3.431     0.373
  1991 202     4.733     2.755     0.386
  1991 203     9.454     3.192     0.741
  1991 204     0.302     3.680     0.425
  1991 205     0.311     3.468     0.398
  1991 206     0.014     3.669     0.393
  1991 207     0.001     3.832     0.393
  1991 208     0.000     3.843     0.395
  1991 209     0.556     3.321     0.399
  1991 210     1.507     3.234     0.404
  1991 211    18.857     2.259     1.160
  1991 212    21.742     2.078     1.333
  1991 213     0.485     2.876     0.624
  1991 214     0.152     3.117     0.521
  1991 215     0.054     3.507     0.487
  1991 216     0.059     3.334     0.476
  1991 217     0.011     3.290     0.473
  1991 218     0.043     3.419     0.473
  1991 219     0.023     3.305     0.475
  1991 220     0.074     3.032     0.477
  1991 221     0.056     2.848     0.480
  1991 222     0.043     2.880     0.483
  1991 223     0.193     3.299     0.486
  1991 224     2.416     3.079     0.490
  1991 225     0.863     2.886     0.498
  1991 226     4.437     2.999     0.536
  1991 227     9.077     2.520     0.653
  1991 228     4.876     2.568     0.582
  1991 229     0.004     2.779     0.524
  1991 230     0.006     2.880     0.514
  1991 231     0.678     3.105     0.510
  1991 232     8.079     1.490     0.545
  1991 233     1.251     1.792     0.540
  1991 234     0.415     2.486     0.525
  1991 235     0.118     2.611     0.515
  1991 236     3.726     1.109     0.514
  1991 237     1.166     2.840     0.512
  1991 238     1.112     2.330     0.509
  1991 239     0.301     2.881     0.508
  1991 240     7.185     1.769     0.563
  1991 241    26.258     0.979     1.921
  1991 242     0.318     1.514     0.677
  1991 243     0.061     2.020     0.569
  1991 244     0.521     1.841     0.541
  1991 245     4.765     1.940     0.543
  1991 246     2.294     1.954     0.539
  1991 247     1.245     1.960     0.534
  1991 248     0.848     1.820     0.524
  1991 249     3.191     1.835     0.526
  1991 250     0.388     1.588     0.519
  1991 251    12.847     0.782     0.717
  1991 252     5.737     1.170     0.701
  1991 253     0.233     1.319     0.567
  1991 254     1.260     1.337     0.549
  1991 255     1.411     0.849     0.555
  1991 256     1.188     1.007     0.549
  1991 257    15.202     0.748     1.170
  1991 258     7.282     1.677     0.974
  1991 259     0.783     1.410     0.616
  1991 260     1.064     1.157     0.584
  1991 261     0.553     0.846     0.575
  1991 262     0.018     1.197     0.570
  1991 263     0.119     1.104     0.569
  1991 264     0.452     1.108     0.570
  1991 265     1.225     1.220     0.574
  1991 266     2.897     0.828     0.589
  1991 267     7.273     0.545     0.709
  1991 268     1.413     1.018     0.628
  1991 269     0.313     0.615     0.614
  1991 270     0.240     0.593     0.611
  1991 271     0.033     0.628     0.608
  1991 272    10.290     0.226     0.648
  1991 273     3.107     0.573     0.691
  1991 274     0.461     0.401     0.659
  1991 275     0.648     0.412     0.649
  1991 276     2.094     0.397     0.647
  1991 277     1.238     0.525     0.646
  1991 278     0.255     0.490     0.645
  1991 279     0.881     0.299     0.646
  1991 280     0.363     0.307     0.648
  1991 281     2.815     0.320     0.657
  1991 282     1.098     0.507     0.659
  1991 283     2.928     0.359     0.762
  1991 284     0.683     0.394     0.701
  1991 285     3.105     0.310     0.797
  1991 286     8.135     0.563     0.780
  1991 287     0.757     0.583     0.674
  1991 288     0.250     0.293     0.668
  1991 289     0.170     0.324     0.678
  1991 290     0.566     0.418     0.731
  1991 291     1.280     0.526     0.763
  1991 292     0.260     0.300     0.741
  1991 293     0.092     0.096     0.727
  1991 294     0.073     0.084     0.735
  1991 295     1.701     0.102     0.736
  1991 296     1.748     0.190     0.737
  1991 297     0.089     0.060     0.723
  1991 298     0.538     0.072     0.743
  1991 299     7.506     0.163     0.750
  1991 300    10.668     0.162     0.748
  1991 301     2.759     0.259     0.741
  1991 302     0.634     0.320     0.732
  1991 303     0.146     0.114     0.731
  1991 304     0.071     0.028     0.731
  1991 305     0.147     0.047     0.688
  1991 306     0.153     0.039     0.637
  1991 307     0.165     0.025     0.620
  1991 308     0.101     0.019     0.615
  1991 309     0.594     0.135     0.610
  1991 310     0.220     0.070     0.606
  1991 311     0.101     0.006     0.601
  1991 312     0.336     0.024     0.596
  1991 313     0.024    -0.014     0.591
  1991 314     0.168     0.048     0.586
  1991 315     0.788     0.049     0.580
  1991 316     3.212     0.092     0.575
  1991 317     1.409     0.185     0.570
  1991 318     0.433     0.156     0.565
  1991 319     0.195     0.060     0.559
  1991 320     0.278     0.052     0.554
  1991 321     0.943     0.075     0.548
  1991 322    11.641     0.184     0.543
  1991 323     5.810     0.241     0.537
  1991 324     0.517     0.145     0.531
  1991 325     0.073     0.029     0.526
  1991 326     0.029     0.006     0.520
  1991 327     0.012    -0.003     0.514
  1991 328     0.001     0.011     0.508
  1991 329     1.498     0.101     0.502
  1991 330     0.225     0.054     0.496
  1991 331     0.289     0.010     0.491
  1991 332     1.718     0.077     0.485
  1991 333     0.467     0.049     0.479
  1991 334     0.250     0.033     0.474
  1991 335     0.131     0.030     0.468
  1991 336     0.056     0.006     0.463
  1991 337     0.130     0.002     0.457
  1991 338     0.109     0.004     0.452
  1991 339     0.036    -0.004     0.447
  1991 340     1.195     0.020     0.442
  1991 341     3.245     0.046     0.437
  1991 342     0.284     0.017     0.432
  1991 343     1.766     0.022     0.427
  1991 344     0.970     0.040     0.422
  1991 345     1.483     0.064     0.417
  1991 346     1.583     0.058     0.413
  1991 347     0.181     0.016     0.408
  1991 348     0.085     0.005     0.403
  1991 349     0.046    -0.000     0.399
  1991 350     2.062     0.083     0.395
  1991 351     0.073     0.015     0.390
  1991 352     0.007     0.014     0.386
  1991 353     0.925     0.083     0.382
  1991 354     0.565     0.113     0.378
  1991 355     4.219     0.062     0.374
  1991 356     0.036     0.002     0.370
  1991 357     1.642     0.030     0.366
  1991 358     0.332     0.024     0.362
  1991 359     1.246     0.056     0.358
  1991 360     0.121     0.015     0.354
  1991 361     0.811     0.028     0.350
  1991 362     1.009     0.065     0.347
  1991 363     0.330     0.050     0.343
  1991 364     0.435     0.055     0.339
  1991 365     0.310     0.019     0.336
  1992   1     0.348     0.025     0.332
  1992   2     0.130    -0.020     0.329
  1992   3     2.424     0.006     0.325
  1992   4     0.079    -0.081     0.322
  1992   5     0.220     0.026     0.319
  1992   6     0.010    -0.003     0.315
  1992   7     2.058     0.105     0.312
  1992   8     0.377     0.026     0.309
  1992   9     0.127     0.004     0.306
  1992  10     0.955     0.063     0.302
  1992  11     1.702     0.076     0.299
  1992  12     0.067     0.005     0.296
  1992  13     0.058     0.005     0.293
  1992  14     0.082     0.007     0.290
  1992  15     1.579     0.037     0.287
  1992  16     1.336     0.063     0.284
  1992  17     0.205     0.027     0.281
  1992  18     0.062    -0.000     0.278
  1992  19     0.139    -0.001     0.275
  1992  20     1.875     0.020     0.272
  1992  21     0.676     0.052     0.269
  1992  22     0.061     0.008     0.266
  1992  23     0.063     0.005     0.263
  1992  24     0.057     0.001     0.260
  1992  25     0.043     0.000     0.258
  1992  26     0.041     0.001     0.255
  1992  27     3.827     0.084     0.252
  1992  28     0.687     0.059     0.249
  1992  29     1.627     0.068     0.247
  1992  30     0.621     0.034     0.244
  1992  31     2.922     0.185     0.242
  1992  32     0.560     0.094     0.239
  1992  33     2.928     0.113     0.236
  1992  34     0.761     0.057     0.234
  1992  35     2.235     0.128     0.231
  1992  36     4.978     0.124     0.229
  1992  37     1.184     0.179     0.227
  1992  38     0.262     0.070     0.224
  1992  39     0.031     0.007     0.222
  1992  40     0.274     0.019     0.219
  1992  41     0.060     0.013     0.217
  1992  42     0.012     0.067     0.215
  1992  43     0.159     0.053     0.213
  1992  44     0.015     0.009     0.210
  1992  45     0.003     0.007     0.208
  1992  46     0.783     0.040     0.206
  1992  47     0.075     0.015     0.204
  1992  48     0.006     0.006     0.202
  1992  49     0.057     0.039     0.200
  1992  50     0.025     0.012     0.198
  1992  51     0.051     0.023     0.196
  1992  52     0.098     0.025     0.194
  1992  53     0.045     0.009     0.192
  1992  54     0.319     0.020     0.190
  1992  55     0.067     0.028     0.188
  1992  56     0.726     0.172     0.186
  1992  57     0.249     0.086     0.184
  1992  58     1.274     0.058     0.183
  1992  59     0.450     0.042     0.181
  1992  60     2.362     0.140     0.179
  1992  61     3.165     0.157     0.178
  1992  62     0.136     0.094     0.176
  1992  63     0.562     0.162     0.174
  1992  64     0.003     0.049     0.173
  1992  65     1.183     0.317     0.171
  1992  66     0.053     0.067     0.169
  1992  67     3.346     0.120     0.168
  1992  68     2.063     0.144     0.166
  1992  69     0.095     0.070     0.165
  1992  70     1.084     0.128     0.163
  1992  71     0.132     0.091     0.162
  1992  72     0.837     0.182     0.160
  1992  73     1.810     0.201     0.159
  1992  74     0.314     0.189     0.158
  1992  75     2.857     0.272     0.156
  1992  76     0.346     0.197     0.155
  1992  77     0.095     0.138     0.154
  1992  78     0.118     0.131     0.152
  1992  79     0.206     0.128     0.151
  1992  80     0.116     0.118     0.150
  1992  81     0.152     0.186     0.149
  1992  82     0.243     0.176     0.147
  1992  83     5.416     0.244     0.146
  1992  84     4.507     0.328     0.145
  1992  85     0.230     0.207     0.144
  1992  86     0.615     0.205     0.143
  1992  87     0.412     0.271     0.141
  1992  88     0.472     0.197     0.140
  1992  89     4.126     0.395     0.139
  1992  90     0.638     0.333     0.138
  1992  91     0.043     0.203     0.137
  1992  92     1.003     0.310     0.136
  1992  93     0.635     0.281     0.135
  1992  94     0.594     0.205     0.134
  1992  95     2.018     0.254     0.133
  1992  96     0.745     0.384     0.132
  1992  97     0.551     0.282     0.131
  1992  98     0.405     0.246     0.130
  1992  99     0.392     0.199     0.129
  1992 100     0.206     0.216     0.128
  1992 101     0.620     0.162     0.127
  1992 102     0.275     0.183     0.126
  1992 103     0.021     0.170     0.125
  1992 104     0.131     0.260     0.124
  1992 105     0.121     0.146     0.123
  1992 106     0.174     0.182     0.122
  1992 107     2.747     0.099     0.122
  1992 108     3.730     0.190     0.121
  1992 109     2.365     0.334     0.120
  1992 110     0.077     0.226     0.119
  1992 111     0.007     0.302     0.118
  1992 112     0.000     0.403     0.117
  1992 113     0.000     0.139     0.117
  1992 114     0.021     0.049     0.116
  1992 115     0.255     0.237     0.115
  1992 116     0.355     0.264     0.114
  1992 117     0.025    -0.055     0.113
  1992 118     0.352    -0.044     0.113
  1992 119     0.542     0.409     0.112
  1992 120     0.248     0.358     0.111
  1992 121     0.141     0.308     0.110
  1992 122     1.972     0.421     0.110
  1992 123     0.282     0.418     0.109
  1992 124     0.264     0.112     0.108
  1992 125     0.036    -0.121     0.108
  1992 126     0.011    -0.214     0.107
  1992 127     1.203     0.406     0.109
  1992 128     1.802     0.395     0.106
  1992 129     0.080     0.430     0.106
  1992 130     1.934     0.490     0.105
  1992 131     4.739     0.587     0.104
  1992 132     0.563     0.487     0.103
  1992 133     0.680     0.673     0.105
  1992 134     1.784     0.211     0.109
  1992 135     1.985     0.610     0.113
  1992 136     1.449     0.399     0.114
  1992 137     0.374     0.164     0.139
  1992 138     3.941     0.110     0.243
  1992 139     0.458     0.091     0.344
  1992 140     4.235     0.263     0.345
  1992 141     0.781     0.498     0.286
  1992 142     0.160     0.554     0.201
  1992 143     0.189     0.331     0.152
  1992 144     0.113     0.154     0.305
  1992 145     0.112     0.159     0.570
  1992 146     0.101     0.276     0.689
  1992 147     0.002     0.118     1.233
  1992 148     0.003     0.272     2.627
  1992 149     1.643     0.402     4.731
  1992 150     0.386     1.155     3.241
  1992 151     0.264     1.083     3.501
  1992 152     0.309     1.101     6.660
  1992 153     5.135     0.974     3.094
  1992 154     1.301     1.440     1.641
  1992 155     0.143     1.358     1.523
  1992 156     0.888     1.280     1.265
  1992 157     0.778     1.159     1.159
  1992 158     0.077     1.254     1.302
  1992 159     0.000     1.608     2.143
  1992 160     0.022     1.927     4.232
  1992 161     0.216     1.393     4.367
  1992 162     1.393     2.368     5.596
  1992 163     1.151     3.267     4.681
  1992 164     0.154     3.606     1.599
  1992 165     0.045     2.877     0.984
  1992 166     0.001     3.304     1.115
  1992 167     0.533     3.072     1.047
  1992 168     0.242     3.689     0.850
  1992 169     1.339     2.198     0.791
  1992 170     0.008     2.441     0.703
  1992 171     0.001     3.086     0.591
  1992 172     0.000     2.956     0.537
  1992 173     1.892     2.283     0.505
  1992 174     3.568     2.146     0.504
  1992 175     1.453     1.907     0.463
  1992 176     1.669     1.585     0.429
  1992 177     1.014     2.105     0.390
  1992 178     0.746     2.411     0.373
  1992 179     1.365     1.917     0.356
  1992 180     4.245     1.432     0.354
  1992 181     0.834     2.397     0.352
  1992 182     0.130     2.767     0.347
  1992 183     0.098     2.509     0.353
  1992 184     0.124     2.224     0.362
  1992 185     0.045     2.414     0.356
  1992 186     0.028     2.207     0.352
  1992 187     0.132     2.953     0.345
  1992 188     0.443     3.292     0.351
  1992 189     1.668     2.264     0.374
  1992 190     1.137     2.276     0.368
  1992 191     0.667     2.841     0.357
  1992 192     1.728     2.708     0.348
  1992 193     2.889     2.838     0.347
  1992 194     0.009     2.823     0.342
  1992 195     0.023     3.192     0.336
  1992 196     0.018     3.374     0.333
  1992 197     0.016     3.173     0.332
  1992 198     0.070     1.924     0.333
  1992 199     1.173     2.089     0.332
  1992 200     1.471     2.645     0.334
  1992 201     0.146     3.002     0.336
  1992 202     0.049     3.013     0.339
  1992 203     0.286     2.852     0.342
  1992 204     0.207     2.540     0.346
  1992 205     5.732     2.082     0.356
  1992 206     0.138     2.773     0.358
  1992 207     0.043     2.164     0.362
  1992 208     0.004     2.317     0.367
  1992 209     0.022     2.139     0.371
  1992 210     0.136     2.587     0.376
  1992 211     3.106     1.714     0.381
  1992 212     0.791     2.530     0.386
  1992 213     0.978     2.388     0.391
  1992 214     0.037     2.510     0.394
  1992 215     0.064     2.397     0.398
  1992 216     0.025     2.840     0.401
  1992 217     2.029     2.277     0.405
  1992 218     0.163     2.720     0.409
  1992 219     0.078     2.610     0.412
  1992 220     6.936     2.259     0.431
  1992 221     6.586     1.734     0.439
  1992 222     4.376     1.222     0.449
  1992 223     0.031     2.188     0.437
  1992 224     0.057     2.527     0.433
  1992 225     0.166     2.235     0.433
  1992 226     0.004     2.515     0.435
  1992 227     0.272     2.681     0.434
  1992 228     1.567     2.444     0.435
  1992 229    12.225     2.845     0.553
  1992 230     0.948     2.239     0.459
  1992 231     0.134     2.510     0.448
  1992 232    19.995     2.155     0.923
  1992 233    15.142     1.998     1.103
  1992 234     1.969     2.356     0.558
  1992 235     0.487     2.231     0.492
  1992 236     0.479     2.299     0.475
  1992 237     0.070     2.427     0.470
  1992 238     0.018     1.848     0.470
  1992 239     0.034     2.133     0.469
  1992 240     0.011     2.040     0.468
  1992 241     1.856     1.430     0.468
  1992 242     2.799     1.578     0.476
  1992 243     4.924     1.332     0.519
  1992 244     2.127     1.774     0.491
  1992 245    10.430     1.042     0.524
  1992 246     0.210     2.045     0.511
  1992 247     0.858     1.883     0.500
  1992 248     1.940     1.623     0.496
  1992 249     0.386     1.087     0.495
  1992 250     0.407     0.839     0.498
  1992 251     0.176     1.258     0.498
  1992 252     0.345     1.436     0.500
  1992 253     0.188     1.416     0.503
  1992 254     0.793     1.255     0.505
  1992 255     9.391     1.085     0.542
  1992 256     0.638     1.251     0.528
  1992 257    17.084     0.576     0.565
  1992 258    19.383     0.107     0.818
  1992 259     6.453     0.368     0.743
  1992 260     3.762     0.347     0.728
  1992 261     1.763     0.511     0.709
  1992 262     0.842     0.591     0.640
  1992 263     2.441     0.327     0.647
  1992 264     4.573     0.646     0.766
  1992 265     3.599     0.973     0.635
  1992 266     0.180     0.673     0.621
  1992 267     1.534     0.339     0.628
  1992 268     5.458     0.259     0.783
  1992 269    17.440     0.243     1.025
  1992 270     8.983     0.757     1.200
  1992 271     1.331     1.089     0.722
  1992 272     0.686     0.628     0.700
  1992 273     1.272     0.355     0.704
  1992 274     0.020     0.115     0.860
  1992 275     0.149     0.492     0.850
  1992 276     0.028     0.504     0.768
  1992 277     0.075     0.547     0.762
  1992 278     0.296     0.459     0.854
  1992 279     2.532     0.371     0.866
  1992 280     1.076     0.722     0.802
  1992 281     0.609     0.380     0.806
  1992 282     0.578     0.355     0.876
  1992 283     0.358     0.335     0.890
  1992 284     0.202     0.318     0.878
  1992 285     5.710     0.719     0.961
  1992 286     6.930     0.775     0.923
  1992 287     0.376     0.528     0.910
  1992 288     0.747     0.327     0.915
  1992 289     0.448     0.271     0.943
  1992 290     0.775     0.296     0.987
  1992 291     0.544     0.191     1.034
  1992 292     0.205     0.181     1.103
  1992 293     0.056     0.063     1.042
  1992 294     0.062     0.063     0.941
  1992 295     1.960     0.193     0.924
  1992 296     0.168     0.170     0.955
  1992 297     2.412     0.106     0.942
  1992 298     6.285     0.115     0.937
  1992 299     1.722     0.547     1.004
  1992 300     0.169     0.135     0.945
  1992 301     0.174     0.070     0.888
  1992 302     0.101     0.038     0.819
  1992 303     0.049    -0.001     0.787
  1992 304     0.287     0.047     0.778
  1992 305     0.140    -0.003     0.773
  1992 306     0.200     0.014     0.768
  1992 307     0.164     0.015     0.763
  1992 308     0.655     0.121     0.758
  1992 309     0.101     0.001     0.751
  1992 310     0.045     0.024     0.745
  1992 311     0.533     0.004     0.738
  1992 312     0.601     0.044     0.731
  1992 313     0.697     0.068     0.725
  1992 314     0.392     0.021     0.719
  1992 315     0.585     0.029     0.712
  1992 316     2.934     0.076     0.705
  1992 317     1.385     0.117     0.698
  1992 318     0.654     0.080     0.690
  1992 319     0.603     0.246     0.682
  1992 320     0.157     0.058     0.673
  1992 321     0.006     0.001     0.665
  1992 322     0.864     0.034     0.657
  1992 323     0.191     0.004     0.649
  1992 324     0.824     0.043     0.642
  1992 325     1.225     0.080     0.635
  1992 326     1.834     0.109     0.627
  1992 327     0.969     0.060     0.619
  1992 328     0.730     0.034     0.612
  1992 329     0.085     0.029     0.604
  1992 330     0.035     0.003     0.597
  1992 331     0.067    -0.020     0.590
  1992 332     0.020     0.113     0.583
  1992 333     0.997     0.121     0.575
  1992 334     0.390     0.033     0.566
  1992 335     2.037     0.048     0.557
  1992 336     0.633     0.045     0.549
  1992 337     0.637     0.036     0.541
  1992 338     0.104     0.024     0.533
  1992 339     0.021     0.088     0.524
  1992 340     0.373     0.198     0.516
  1992 341     0.392     0.193     0.509
  1992 342     0.078     0.000     0.502
  1992 343     1.670     0.027     0.495
  1992 344     1.761     0.062     0.488
  1992 345     0.955     0.072     0.482
  1992 346     3.151     0.076     0.476
  1992 347     1.625     0.059     0.470
  1992 348     0.096    -0.036     0.463
  1992 349     2.708     0.179     0.458
  1992 350     1.506     0.185     0.452
  1992 351     0.121     0.005     0.446
  1992 352     0.109     0.030     0.440
  1992 353     0.214     0.060     0.434
  1992 354     0.137     0.026     0.428
  1992 355     0.039    -0.005     0.423
  1992 356     0.065    -0.005     0.417
  1992 357     0.260     0.017     0.412
  1992 358     0.091     0.014     0.407
  1992 359     0.315     0.011     0.402
  1992 360     0.108     0.012     0.398
  1992 361     0.165     0.002     0.393
  1992 362     0.096     0.008     0.389
  1992 363     0.036    -0.003     0.384
  1992 364     0.013    -0.005     0.380
  1992 365     0.010    -0.006     0.375
  1992 366     0.176     0.112     0.371
  1993   1     0.042     0.000     0.367
  1993   2     3.543     0.040     0.363
  1993   3     0.466     0.021     0.358
  1993   4     0.086    -0.016     0.354
  1993   5     0.318     0.010     0.350
  1993   6     0.216     0.019     0.346
  1993   7     0.030    -0.005     0.342
  1993   8     0.021    -0.006     0.338
  1993   9     0.505     0.221     0.334
  1993  10     0.160     0.046     0.330
  1993  11     0.100    -0.005     0.326
  1993  12     0.052    -0.035     0.322
  1993  13     0.110    -0.032     0.318
  1993  14     0.068     0.004     0.314
  1993  15     0.808     0.019     0.310
  1993  16     0.674     0.121     0.307
  1993  17     0.067    -0.008     0.303
  1993  18     0.063    -0.053     0.299
  1993  19     0.000    -0.121     0.295
  1993  20     0.040    -0.177     0.292
  1993  21     3.453     0.085     0.288
  1993  22     2.249     0.145     0.285
  1993  23     1.685     0.194     0.281
  1993  24     0.031     0.015     0.278
  1993  25     0.866     0.037     0.275
  1993  26     0.066     0.002     0.271
  1993  27     0.182     0.017     0.268
  1993  28     0.068     0.017     0.265
  1993  29     0.386     0.025     0.262
  1993  30     6.216     0.091     0.258
  1993  31     0.207     0.028     0.255
  1993  32     0.202    -0.008     0.252
  1993  33     0.874     0.231     0.249
  1993  34     1.250     0.064     0.246
  1993  35     0.058     0.024     0.244
  1993  36     0.161     0.018     0.241
  1993  37     4.273     0.059     0.238
  1993  38     0.014     0.027     0.235
  1993  39     2.174     0.075     0.233
  1993  40     0.544     0.056     0.230
  1993  41     0.045     0.007     0.227
  1993  42     0.041     0.015     0.225
  1993  43     0.318     0.097     0.222
  1993  44     0.150     0.041     0.220
  1993  45     0.371     0.105     0.217
  1993  46     0.315     0.077     0.215
  1993  47     0.445     0.060     0.213
  1993  48     0.232     0.039     0.210
  1993  49     0.067     0.015     0.208
  1993  50     0.148     0.039     0.206
  1993  51     0.192     0.038     0.204
  1993  52     0.036     0.013     0.202
  1993  53     0.011     0.007     0.199
  1993  54     0.202     0.044     0.197
  1993  55     0.711     0.064     0.195
  1993  56     0.368     0.013     0.193
  1993  57     1.521     0.091     0.191
  1993  58     2.548     0.115     0.189
  1993  59     5.208     0.178     0.188
  1993  60     1.170     0.191     0.186
  1993  61     5.871     0.200     0.184
  1993  62     5.609     0.203     0.182
  1993  63     0.712     0.204     0.180
  1993  64     0.295     0.183     0.179
  1993  65     2.835     0.232     0.177
  1993  66     1.140     0.210     0.175
  1993  67     1.060     0.155     0.174
  1993  68     0.159     0.122     0.172
  1993  69     0.024     0.075     0.170
  1993  70     0.173     0.093     0.169
  1993  71     0.032     0.050     0.167
  1993  72     0.079     0.072     0.166
  1993  73     0.216     0.050     0.164
  1993  74     1.000     0.132     0.163
  1993  75     0.278     0.138     0.161
  1993  76     0.076     0.151     0.160
  1993  77     0.077     0.098     0.159
  1993  78     0.004     0.038     0.157
  1993  79     0.000     0.055     0.156
  1993  80     0.507     0.210     0.155
  1993  81     0.779     0.184     0.153
  1993  82     0.028    -0.099     0.152
  1993  83     0.004    -0.140     0.151
  1993  84     0.003    -0.110     0.149
  1993  85     0.216     0.105     0.148
  1993  86     0.183     0.170     0.147
  1993  87     0.026     0.117     0.146
  1993  88     0.209     0.140     0.144
  1993  89     0.016     0.084     0.143
  1993  90     0.004     0.115     0.142
  1993  91     0.015     0.136     0.141
  1993  92     0.326    -0.062     0.140
  1993  93     0.712     0.130     0.138
  1993  94     0.131     0.012     0.137
  1993  95     0.995     0.197     0.136
  1993  96     0.664     0.299     0.135
  1993  97     2.603     0.206     0.134
  1993  98     1.695     0.345     0.133
  1993  99     0.376     0.282     0.132
  1993 100     0.110     0.195     0.131
  1993 101     0.043     0.218     0.130
  1993 102     0.040     0.252     0.129
  1993 103     0.096     0.223     0.128
  1993 104     0.053     0.149     0.127
  1993 105     0.012     0.119     0.126
  1993 106     0.014     0.128     0.125
  1993 107     0.000     0.189     0.124
  1993 108     0.001     0.162     0.123
  1993 109     0.126     0.153     0.122
  1993 110     0.946     0.290     0.121
  1993 111     0.785     0.248     0.132
  1993 112     0.244     0.283     0.134
  1993 113     0.843     0.290     0.118
  1993 114     0.247     0.275     0.117
  1993 115     0.084     0.278     0.116
  1993 116     0.114     0.211     0.115
  1993 117     0.061     0.149     0.114
  1993 118     0.051     0.088     0.113
  1993 119     0.661     0.212     0.142
  1993 120     1.638     0.208     0.209
  1993 121     0.481     0.149     0.318
  1993 122     0.026     0.033     0.381
  1993 123     0.145     0.088     0.464
  1993 124     0.866     0.255     0.709
  1993 125     0.375     0.433     0.935
  1993 126     0.006     0.314     1.686
  1993 127     0.050     0.601     3.064
  1993 128     1.138     0.831     5.122
  1993 129    18.610     0.764    12.477
  1993 130     2.419     2.033     5.669
  1993 131     0.284     2.231     1.555
  1993 132     0.152     1.474     1.444
  1993 133     1.474     1.290     1.303
  1993 134     3.101     1.127     0.909
  1993 135     4.827     0.875     0.904
  1993 136     1.172     0.935     0.731
  1993 137     0.848     0.764     0.991
  1993 138     1.256     0.742     1.155
  1993 139     0.437     1.701     0.529
  1993 140     0.279     1.445     0.492
  1993 141     0.359     0.918     0.592
  1993 142     0.243     1.075     0.591
  1993 143     0.724     0.936     0.592
  1993 144     2.710     1.479     0.772
  1993 145     2.151     1.089     0.792
  1993 146     0.973     1.147     0.856
  1993 147     1.259     1.125     0.576
  1993 148     1.824     1.007     0.782
  1993 149     1.235     1.147     0.837
  1993 150     0.678     1.439     1.306
  1993 151     3.045     0.860     1.726
  1993 152     2.694     1.090     1.665
  1993 153     0.155     1.850     1.311
  1993 154     0.002     2.597     1.940
  1993 155     1.780     1.548     1.954
  1993 156     0.516     1.693     1.094
  1993 157     0.131     2.716     1.421
  1993 158     0.186     2.515     1.433
  1993 159     1.562     2.760     1.641
  1993 160     0.459     2.243     0.856
  1993 161     0.074     1.814     0.677
  1993 162     0.350     1.344     0.856
  1993 163     0.434     2.005     0.699
  1993 164     3.400     1.401     0.605
  1993 165     1.446     2.011     0.634
  1993 166     0.572     2.667     0.518
  1993 167     2.189     2.767     0.479
  1993 168     0.905     2.684     0.455
  1993 169     0.130     3.073     0.441
  1993 170     5.995     2.067     0.650
  1993 171     4.462     2.570     0.925
  1993 172     0.165     2.855     0.520
  1993 173     5.644     1.831     0.667
  1993 174    14.829     1.655     2.047
  1993 175     3.416     1.662     0.932
  1993 176    11.955     1.248     1.333
  1993 177     2.295     2.059     0.924
  1993 178     0.004     3.059     0.688
  1993 179     0.001     3.923     0.582
  1993 180     0.001     3.950     0.516
  1993 181     0.001     3.781     0.498
  1993 182     0.724     2.495     0.460
  1993 183     1.492     3.047     0.430
  1993 184     0.265     3.030     0.406
  1993 185     0.099     3.441     0.385
  1993 186     0.968     2.804     0.374
  1993 187     0.114     3.135     0.363
  1993 188     0.094     2.989     0.356
  1993 189     0.694     2.447     0.351
  1993 190    10.471     2.550     0.687
  1993 191    19.665     1.769     1.205
  1993 192     6.341     1.490     0.676
  1993 193     2.337     2.029     0.534
  1993 194     0.123     3.150     0.472
  1993 195     0.132     3.225     0.434
  1993 196     0.384     3.205     0.415
  1993 197     0.064     3.580     0.403
  1993 198     0.345     2.779     0.397
  1993 199     0.178     2.953     0.397
  1993 200     0.063     3.320     0.397
  1993 201     0.004     3.584     0.398
  1993 202     0.199     3.708     0.401
  1993 203     4.906     2.864     0.410
  1993 204     3.521     3.259     0.430
  1993 205     1.228     2.956     0.434
  1993 206     0.911     2.855     0.434
  1993 207     0.427     3.222     0.437
  1993 208     0.080     3.152     0.439
  1993 209     1.496     2.918     0.443
  1993 210     1.408     3.424     0.448
  1993 211    13.839     2.651     0.693
  1993 212     9.677     3.132     0.689
  1993 213     3.073     1.966     0.519
  1993 214     2.323     3.058     0.504
  1993 215     1.528     2.205     0.495
  1993 216     0.099     2.920     0.492
  1993 217     1.208     2.476     0.491
  1993 218     8.290     2.012     0.553
  1993 219     0.787     3.043     0.523
  1993 220     8.054     3.235     0.740
  1993 221    13.022     2.168     1.205
  1993 222     1.310     2.064     0.595
  1993 223     7.437     1.348     0.830
  1993 224     4.070     1.996     0.689
  1993 225     1.010     2.237     0.592
  1993 226     6.605     1.598     0.878
  1993 227     6.599     1.469     1.145
  1993 228     0.578     2.449     0.642
  1993 229     0.099     2.690     0.614
  1993 230     0.010     3.045     0.607
  1993 231     0.004     2.663     0.608
  1993 232     3.825     2.817     0.618
  1993 233     1.836     3.106     0.635
  1993 234     0.430     2.415     0.629
  1993 235     5.927     1.505     0.789
  1993 236     4.307     1.768     0.679
  1993 237     1.095     2.691     0.675
  1993 238     0.061     2.310     0.658
  1993 239     3.490     1.994     0.671
  1993 240     0.776     2.168     0.673
  1993 241     2.798     2.227     0.680
  1993 242     3.746     2.233     0.723
  1993 243     1.373     1.956     0.705
  1993 244     0.375     1.964     0.686
  1993 245     1.621     1.327     0.685
  1993 246     0.632     1.703     0.685
  1993 247     1.143     1.545     0.684
  1993 248     1.221     1.615     0.682
  1993 249     0.219     1.317     0.681
  1993 250     1.925     1.651     0.681
  1993 251     6.087     1.571     0.706
  1993 252     0.727     1.620     0.691
  1993 253     2.007     1.240     0.684
  1993 254     5.301     1.449     0.689
  1993 255     0.270     1.360     0.682
  1993 256     0.026     1.351     0.675
  1993 257     0.075     1.055     0.674
  1993 258     1.372     0.913     0.696
  1993 259     2.210     1.290     0.684
  1993 260     1.223     1.094     0.658
  1993 261     0.021     0.964     0.652
  1993 262     0.167     0.939     0.656
  1993 263     5.264     0.516     0.654
  1993 264     0.048     1.168     0.647
  1993 265     0.003     1.149     0.639
  1993 266     1.303     1.238     0.642
  1993 267     0.671     1.285     0.634
  1993 268     0.946     0.635     0.624
  1993 269     0.303     0.862     0.617
  1993 270     0.709     0.723     0.612
  1993 271     1.200     0.689     0.606
  1993 272     7.471     0.547     0.607
  1993 273     7.413     0.686     0.688
  1993 274     0.604     1.030     0.622
  1993 275     0.671     0.667     0.609
  1993 276     0.801     1.033     0.603
  1993 277     0.503     0.841     0.594
  1993 278     0.509     0.393     0.583
  1993 279     0.778     0.504     0.577
  1993 280     0.335     0.409     0.573
  1993 281     0.180     0.277     0.571
  1993 282     0.032     0.176     0.578
  1993 283     0.124     0.159     0.611
  1993 284     0.430     0.198     0.654
  1993 285     0.169     0.144     0.663
  1993 286     0.572     0.261     0.651
  1993 287     0.332     0.190     0.634
  1993 288     0.460     0.327     0.597
  1993 289     0.178     0.247     0.584
  1993 290     0.219     0.133     0.561
  1993 291     0.169     0.071     0.543
  1993 292     7.183     0.144     0.551
  1993 293     2.562     0.381     0.566
  1993 294     0.704     0.155     0.549
  1993 295     0.915     0.147     0.548
  1993 296     1.989     0.237     0.549
  1993 297     2.000     0.267     0.545
  1993 298     0.836     0.244     0.542
  1993 299     0.656     0.339     0.528
  1993 300     2.473     0.142     0.502
  1993 301     1.111     0.372     0.499
  1993 302     0.141     0.086     0.490
  1993 303     0.793     0.218     0.475
  1993 304     0.229     0.102     0.475
  1993 305     1.056     0.160     0.470
  1993 306     3.959     0.226     0.465
  1993 307     0.643     0.194     0.459
  1993 308     0.230     0.079     0.452
  1993 309     0.451     0.098     0.448
  1993 310     0.732     0.113     0.443
  1993 311     0.078     0.032     0.438
  1993 312     0.103     0.024     0.435
  1993 313     0.260     0.016     0.431
  1993 314     0.931     0.061     0.427
  1993 315     0.332     0.013     0.423
  1993 316     2.731     0.110     0.419
  1993 317     0.306     0.009     0.415
  1993 318     0.278     0.018     0.411
  1993 319     4.463     0.257     0.407
  1993 320     0.421     0.272     0.404
  1993 321     0.578     0.023     0.400
  1993 322     0.617     0.096     0.396
  1993 323     0.206     0.030     0.392
  1993 324     4.525     0.071     0.388
  1993 325     1.522     0.069     0.384
  1993 326     0.164     0.118     0.381
  1993 327     0.151     0.213     0.377
  1993 328     0.000     0.056     0.373
  1993 329     0.017    -0.005     0.370
  1993 330     0.007     0.063     0.366
  1993 331     0.616     0.029     0.362
  1993 332     0.968     0.052     0.359
  1993 333     5.942     0.098     0.355
  1993 334     1.381     0.097     0.352
  1993 335     0.352     0.246     0.349
  1993 336     0.377     0.025     0.345
  1993 337     0.774     0.063     0.342
  1993 338     2.444     0.088     0.339
  1993 339     1.712     0.115     0.335
  1993 340     0.601     0.118     0.332
  1993 341     0.216     0.030     0.329
  1993 342     0.140     0.001     0.326
  1993 343     0.107    -0.013     0.323
  1993 344     0.059    -0.005     0.320
  1993 345     4.758     0.147     0.317
  1993 346     0.134     0.010     0.314
  1993 347     0.126     0.010     0.311
  1993 348     0.162     0.063     0.308
  1993 349     0.338     0.030     0.305
  1993 350     0.289    -0.001     0.302
  1993 351     0.262    -0.020     0.300
  1993 352     0.834     0.081     0.297
  1993 353     0.168     0.007     0.294
  1993 354     0.232     0.016     0.292
  1993 355     0.016    -0.007     0.289
  1993 356     0.032    -0.003     0.286
  1993 357     0.039    -0.003     0.284
  1993 358     0.061     0.000     0.281
  1993 359     0.058     0.001     0.279
  1993 360     0.089     0.006     0.276
  1993 361     0.056    -0.002     0.274
  1993 362     0.067    -0.009     0.271
  1993 363     0.091     0.003     0.269
  1993 364     0.959     0.039     0.267
  1993 365     0.176     0.010     0.264
  1994   1     0.052    -0.005     0.262
  1994   2     0.079     0.003     0.260
  1994   3     0.127     0.004     0.257
  1994   4     0.080     0.002     0.255
  1994   5     0.050     0.001     0.252
  1994   6     0.097     0.005     0.250
  1994   7     0.180     0.010     0.248
  1994   8     0.325     0.012     0.245
  1994   9     2.725     0.028     0.243
  1994  10     0.468     0.029     0.241
  1994  11     0.104     0.010     0.239
  1994  12     0.175     0.024     0.236
  1994  13     0.445     0.050     0.234
  1994  14     0.118     0.015     0.232
  1994  15     0.130     0.009     0.230
  1994  16     0.223     0.028     0.227
  1994  17     0.169     0.026     0.225
  1994  18     0.076     0.002     0.223
  1994  19     0.065    -0.009     0.221
  1994  20     0.369     0.036     0.219
  1994  21     0.096     0.019     0.217
  1994  22     0.278     0.003     0.215
  1994  23     0.281     0.009     0.213
  1994  24     0.034     0.001     0.211
  1994  25     0.048     0.017     0.209
  1994  26     2.155     0.081     0.207
  1994  27     0.163     0.018     0.205
  1994  28     0.042    -0.001     0.203
  1994  29     0.117     0.006     0.201
  1994  30     0.093     0.015     0.199
  1994  31     0.057     0.002     0.197
  1994  32     0.361     0.062     0.195
  1994  33     0.454     0.116     0.194
  1994  34     0.134     0.032     0.192
  1994  35     0.252     0.018     0.190
  1994  36     0.195     0.026     0.188
  1994  37     0.411     0.040     0.187
  1994  38     0.335     0.052     0.185
  1994  39     0.087     0.012     0.183
  1994  40     0.008     0.006     0.182
  1994  41     0.050     0.010     0.180
  1994  42     0.055     0.007     0.178
  1994  43     0.025     0.003     0.177
  1994  44     3.577     0.065     0.175
  1994  45     1.355     0.068     0.174
  1994  46     0.192     0.021     0.172
  1994  47     1.388     0.074     0.171
  1994  48     0.019     0.015     0.169
  1994  49     0.533     0.076     0.168
  1994  50     4.005     0.091     0.167
  1994  51     1.830     0.081     0.165
  1994  52     0.122     0.065     0.164
  1994  53     0.057     0.035     0.162
  1994  54     0.041     0.024     0.161
  1994  55     0.026     0.023     0.160
  1994  56     0.153     0.036     0.158
  1994  57     0.215     0.028     0.157
  1994  58     0.145     0.030     0.156
  1994  59     1.184     0.099     0.154
  1994  60     2.406     0.251     0.153
  1994  61     2.624     0.162     0.152
  1994  62     0.952     0.140     0.150
  1994  63     2.395     0.203     0.149
  1994  64     0.944     0.201     0.148
  1994  65     4.030     0.229     0.147
  1994  66     1.937     0.325     0.145
  1994  67     0.316     0.120     0.144
  1994  68     0.123     0.104     0.143
  1994  69     0.580     0.092     0.142
  1994  70     1.692     0.216     0.140
  1994  71     0.418     0.114     0.139
  1994  72     9.152     0.202     0.138
  1994  73     0.473     0.229     0.137
  1994  74     0.093     0.135     0.136
  1994  75     0.000     0.167     0.134
  1994  76     1.963     0.214     0.133
  1994  77     0.941     0.279     0.132
  1994  78     1.282     0.240     0.131
  1994  79     8.350     0.266     0.130
  1994  80     2.645     0.347     0.128
  1994  81     0.903     0.357     0.127
  1994  82     0.079     0.164     0.126
  1994  83     0.120     0.203     0.125
  1994  84     0.489     0.202     0.124
  1994  85     0.702     0.191     0.123
  1994  86     0.102     0.147     0.122
  1994  87     0.057     0.140     0.120
  1994  88     0.268     0.381     0.119
  1994  89     0.072     0.094     0.118
  1994  90     0.033     0.094     0.117
  1994  91     0.125     0.140     0.116
  1994  92     0.807     0.235     0.115
  1994  93     0.489     0.185     0.113
  1994  94     0.433     0.179     0.112
  1994  95     0.508     0.187     0.111
  1994  96     0.296     0.183     0.110
  1994  97     0.070     0.243     0.109
  1994  98     0.193     0.132     0.108
  1994  99     1.662     0.257     0.107
  1994 100     4.295     0.224     0.106
  1994 101     3.812     0.291     0.104
  1994 102     1.003     0.114     0.103
  1994 103     2.049     0.326     0.102
  1994 104     0.080     0.154     0.101
  1994 105     0.242     0.216     0.100
  1994 106     0.237     0.207     0.099
  1994 107     4.194     0.247     0.098
  1994 108     1.542     0.672     0.097
  1994 109     0.856     0.579     0.096
  1994 110     0.009     0.241     0.095
  1994 111     0.002     0.256     0.094
  1994 112     0.102     0.229     0.093
  1994 113     0.380     0.352     0.092
  1994 114     1.108     0.365     0.091
  1994 115     0.691     0.337     0.090
  1994 116     0.617     0.371     0.089
  1994 117     0.201     0.382     0.088
  1994 118     0.000     0.258     0.087
  1994 119     0.000     0.095     0.086
  1994 120     0.000    -0.005     0.085
  1994 121     2.114     0.045     0.085
  1994 122     2.518     0.587     0.085
  1994 123     0.302     0.576     0.083
  1994 124     0.027     0.159     0.082
  1994 125     0.000     0.022     0.081
  1994 126     0.556    -0.057     0.082
  1994 127     6.220    -0.044     0.082
  1994 128     3.327     0.844     0.081
  1994 129     0.299     0.575     0.080
  1994 130     0.770     0.376     0.079
  1994 131     0.071     0.456     0.078
  1994 132     0.272     0.137     0.077
  1994 133     5.263     0.527     0.075
  1994 134     0.391     0.731     0.075
  1994 135     0.250     0.218     0.076
  1994 136     0.032     0.064     0.092
  1994 137     5.862     0.198     0.256
  1994 138    13.197     0.070     0.978
  1994 139     1.083     0.667     0.341
  1994 140     0.477     0.328     0.329
  1994 141     0.343     0.273     0.270
  1994 142     0.078     0.092     0.627
  1994 143     0.022     0.051     0.956
  1994 144     0.345     0.239     0.949
  1994 145     0.201     0.247     0.709
  1994 146     0.041     0.238     1.841
  1994 147     0.012     0.143     3.781
  1994 148     1.458     0.339     6.511
  1994 149    10.984     0.335    10.246
  1994 150     4.132     0.648     7.244
  1994 151     2.589     0.778     5.913
  1994 152     0.076     2.008     5.717
  1994 153     0.000     2.377     6.255
  1994 154     0.211     2.299     4.931
  1994 155     0.180     2.718     3.080
  1994 156     0.546     3.084     2.021
  1994 157     0.001     3.332     1.285
  1994 158     0.001     4.022     1.151
  1994 159     0.006     3.612     0.867
  1994 160     0.002     3.596     0.708
  1994 161     0.091     3.733     0.734
  1994 162     1.286     3.150     0.807
  1994 163     0.891     2.988     0.702
  1994 164     0.001     3.087     0.583
  1994 165     4.351     2.586     0.498
  1994 166     1.628     2.309     0.445
  1994 167     0.031     2.916     0.393
  1994 168     0.417     2.884     0.356
  1994 169     0.425     2.639     0.328
  1994 170     0.296     3.121     0.300
  1994 171     1.634     2.199     0.279
  1994 172     0.170     3.160     0.255
  1994 173     0.185     2.608     0.233
  1994 174     1.178     2.633     0.215
  1994 175     0.162     2.717     0.201
  1994 176     2.107     2.661     0.256
  1994 177     0.012     3.440     0.193
  1994 178     0.843     2.880     0.182
  1994 179     0.276     2.962     0.179
  1994 180     0.098     3.376     0.178
  1994 181     0.471     2.876     0.179
  1994 182     0.024     3.147     0.181
  1994 183     0.001     2.984     0.185
  1994 184     6.775     2.417     0.196
  1994 185     8.992     1.649     0.236
  1994 186     3.999     2.593     0.263
  1994 187     1.754     2.156     0.294
  1994 188     0.027     3.402     0.252
  1994 189     0.002     3.332     0.239
  1994 190     0.048     3.224     0.237
  1994 191     0.156     2.644     0.241
  1994 192     0.003     3.022     0.246
  1994 193     0.599     3.163     0.252
  1994 194     0.642     3.018     0.257
  1994 195     0.475     3.062     0.264
  1994 196     0.029     3.153     0.271
  1994 197     0.004     2.848     0.277
  1994 198     0.150     2.838     0.284
  1994 199     1.988     2.269     0.291
  1994 200     0.799     2.410     0.300
  1994 201     0.012     2.593     0.304
  1994 202     0.079     2.689     0.310
  1994 203     5.237     3.160     0.317
  1994 204     5.963     2.916     0.324
  1994 205     1.278     2.901     0.331
  1994 206     0.040     2.992     0.336
  1994 207     0.098     3.043     0.342
  1994 208     0.261     2.347     0.347
  1994 209     0.007     2.696     0.353
  1994 210     0.085     2.483     0.358
  1994 211     0.003     2.386     0.363
  1994 212     0.000     2.269     0.368
  1994 213     0.010     2.102     0.373
  1994 214     1.326     1.855     0.378
  1994 215     0.169     1.817     0.383
  1994 216     0.055     2.032     0.387
  1994 217     5.167     2.094     0.392
  1994 218     1.255     2.203     0.398
  1994 219     0.084     2.077     0.398
  1994 220     0.025     2.215     0.401
  1994 221     0.163     1.892     0.404
  1994 222     0.286     1.625     0.407
  1994 223     3.027     1.333     0.410
  1994 224     2.852     2.306     0.420
  1994 225     0.381     2.352     0.415
  1994 226     0.237     1.780     0.416
  1994 227     2.458     1.810     0.417
  1994 228     0.058     1.802     0.419
  1994 229     0.629     1.351     0.420
  1994 230     0.615     1.905     0.421
  1994 231     3.635     2.255     0.421
  1994 232     0.030     2.443     0.422
  1994 233     0.026     1.795     0.422
  1994 234     8.050     1.964     0.442
  1994 235     1.809     2.709     0.446
  1994 236     2.890     2.269     0.422
  1994 237     1.225     2.014     0.422
  1994 238     0.621     1.733     0.421
  1994 239     0.642     1.870     0.420
  1994 240     1.674     1.257     0.420
  1994 241     0.625     1.947     0.419
  1994 242     0.030     1.761     0.418
  1994 243     0.184     1.586     0.416
  1994 244     0.222     1.418     0.415
  1994 245     0.001     1.882     0.413
  1994 246     0.010     1.782     0.411
  1994 247     2.961     0.960     0.410
  1994 248     2.363     1.389     0.408
  1994 249     3.250     1.781     0.407
  1994 250     1.258     1.760     0.406
  1994 251     0.292     1.104     0.403
  1994 252     0.044     1.636     0.400
  1994 253     7.012     1.303     0.420
  1994 254     1.607     2.252     0.406
  1994 255     4.893     1.229     0.402
  1994 256     1.454     0.838     0.396
  1994 257     4.060     0.917     0.396
  1994 258     2.041     1.204     0.393
  1994 259     1.831     1.187     0.390
  1994 260     0.084     1.561     0.385
  1994 261     0.290     1.399     0.382
  1994 262     0.023     1.756     0.379
  1994 263     8.187     0.728     0.385
  1994 264     1.186     0.899     0.382
  1994 265     6.675     0.853     0.392
  1994 266     0.784     1.657     0.396
  1994 267     0.348     1.109     0.379
  1994 268     0.042     1.375     0.371
  1994 269     2.503     1.242     0.368
  1994 270     1.259     1.135     0.369
  1994 271     0.614     0.661     0.364
  1994 272     0.215     0.891     0.358
  1994 273     0.272     0.873     0.353
  1994 274     0.003     0.841     0.351
  1994 275     0.005     0.647     0.348
  1994 276     0.002     0.704     0.346
  1994 277     2.982     0.275     0.346
  1994 278     0.012     0.686     0.343
  1994 279     2.923     0.680     0.342
  1994 280     0.197     0.458     0.340
  1994 281     1.571     0.395     0.338
  1994 282     0.658     0.438     0.336
  1994 283    11.277     0.248     0.341
  1994 284     1.693     0.770     0.346
  1994 285     0.317     0.516     0.336
  1994 286     0.000     0.443     0.331
  1994 287     1.398     0.213     0.330
  1994 288     2.135     0.232     0.328
  1994 289     9.357     0.248     0.327
  1994 290     1.326     0.126     0.326
  1994 291     1.203     0.082     0.330
  1994 292     0.206     0.280     0.330
  1994 293     1.747     0.138     0.328
  1994 294     0.881     0.348     0.327
  1994 295     0.756     0.424     0.321
  1994 296     0.973     0.402     0.317
  1994 297     0.365     0.289     0.317
  1994 298     0.047     0.257     0.346
  1994 299     0.105     0.130     0.412
  1994 300     3.100    -0.000     0.442
  1994 301     3.774     0.232     0.440
  1994 302     5.689     0.433     0.415
  1994 303     1.950     0.514     0.387
  1994 304     0.367     0.240     0.378
  1994 305     0.845     0.147     0.422
  1994 306     3.800     0.254     0.473
  1994 307     1.701     0.201     0.455
  1994 308     0.240     0.073     0.440
  1994 309     2.862     0.150     0.461
  1994 310     0.261     0.032     0.448
  1994 311     1.387     0.116     0.451
  1994 312     3.380     0.145     0.435
  1994 313     0.382     0.062     0.421
  1994 314     2.567     0.196     0.406
  1994 315     0.606     0.081     0.407
  1994 316     0.102     0.089     0.398
  1994 317     3.595     0.087     0.396
  1994 318     0.705     0.167     0.385
  1994 319     0.735     0.029     0.346
  1994 320     4.074     0.169     0.330
  1994 321     0.996     0.115     0.325
  1994 322     0.110    -0.019     0.308
  1994 323     0.839     0.125     0.305
  1994 324     0.520     0.093     0.301
  1994 325     0.379     0.063     0.284
  1994 326     0.183     0.056     0.279
  1994 327     3.986     0.070     0.277
  1994 328     3.627     0.105     0.276
  1994 329     0.062     0.007     0.275
  1994 330     0.015    -0.004     0.272
  1994 331     4.422     0.083     0.270
  1994 332     0.667     0.026     0.269
  1994 333     0.536     0.024     0.267
  1994 334     0.241     0.016     0.266
  1994 335     2.722     0.069     0.265
  1994 336     4.015     0.122     0.263
  1994 337     0.899     0.042     0.262
  1994 338     0.283     0.001     0.260
  1994 339     0.327    -0.036     0.259
  1994 340     0.008    -0.018     0.257
  1994 341     0.012    -0.028     0.256
  1994 342     0.862     0.028     0.254
  1994 343     0.147     0.035     0.252
  1994 344     0.101     0.018     0.251
  1994 345     0.015    -0.003     0.249
  1994 346     0.009    -0.010     0.248
  1994 347     0.354     0.053     0.246
  1994 348     0.195     0.002     0.244
  1994 349     0.269     0.030     0.243
  1994 350     1.192     0.059     0.241
  1994 351     0.414    -0.003     0.240
  1994 352     0.452     0.035     0.238
  1994 353     1.958     0.071     0.236
  1994 354     0.690     0.003     0.235
  1994 355     1.449     0.057     0.233
  1994 356     0.012    -0.065     0.232
  1994 357     0.074    -0.145     0.230
  1994 358     0.054    -0.071     0.229
  1994 359     0.112     0.073     0.227
  1994 360     1.904     0.044     0.226
  1994 361     0.312     0.064     0.224
  1994 362     0.002    -0.019     0.223
  1994 363     0.449     0.045     0.221
  1994 364     0.098    -0.004     0.220
  1994 365     0.162    -0.038     0.218
  1995   1     1.699     0.114     0.217
  1995   2     0.296     0.052     0.215
  1995   3     0.023     0.022     0.214
  1995   4     0.192     0.113     0.212
  1995   5     0.561     0.115     0.211
  1995   6     0.072     0.006     0.210
  1995   7     0.110     0.000     0.208
  1995   8     0.088     0.004     0.207
  1995   9     0.029    -0.002     0.205
  1995  10     0.023     0.004     0.204
  1995  11     0.355     0.070     0.203
  1995  12     1.643     0.063     0.201
  1995  13     1.874     0.057     0.200
  1995  14     2.143     0.050     0.199
  1995  15     0.614     0.084     0.197
  1995  16     0.235     0.058     0.196
  1995  17     4.485     0.092     0.195
  1995  18     4.091     0.143     0.193
  1995  19     0.769     0.097     0.192
  1995  20     0.133     0.016     0.191
  1995  21     0.243     0.021     0.189
  1995  22     0.266     0.018     0.188
  1995  23     0.330     0.068     0.187
  1995  24     0.037    -0.016     0.185
  1995  25     0.064    -0.002     0.184
  1995  26     0.044     0.026     0.183
  1995  27     0.257     0.060     0.181
  1995  28     0.436     0.024     0.180
  1995  29     0.092     0.041     0.179
  1995  30     1.767     0.085     0.177
  1995  31     0.756     0.107     0.176
  1995  32     0.759     0.065     0.175
  1995  33     2.633     0.141     0.173
  1995  34     0.218     0.058     0.172
  1995  35     0.001     0.006     0.171
  1995  36     0.436     0.039     0.170
  1995  37     0.197     0.038     0.168
  1995  38     0.493     0.003     0.167
  1995  39     0.898     0.134     0.166
  1995  40     0.610     0.109     0.164
  1995  41     1.379     0.137     0.163
  1995  42     0.305     0.089     0.162
  1995  43     0.604     0.158     0.161
  1995  44     0.299     0.098     0.159
  1995  45     0.282     0.095     0.158
  1995  46     0.124     0.032     0.157
  1995  47     0.166     0.051     0.156
  1995  48     0.001     0.011     0.155
  1995  49     0.105     0.050     0.153
  1995  50     0.380     0.023     0.152
  1995  51     0.453     0.023     0.151
  1995  52     4.385     0.111     0.150
  1995  53     1.338     0.090     0.149
  1995  54     0.679     0.070     0.148
  1995  55     0.059     0.027     0.146
  1995  56     0.014     0.023     0.145
  1995  57     0.081     0.027     0.144
  1995  58     0.022     0.021     0.143
  1995  59     0.078     0.038     0.142
  1995  60     0.626     0.040     0.141
  1995  61     0.261     0.048     0.140
  1995  62     0.087     0.028     0.139
  1995  63     0.009     0.014     0.138
  1995  64     0.004     0.025     0.137
  1995  65     0.018     0.032     0.136
  1995  66     0.015     0.020     0.135
  1995  67     0.002     0.034     0.134
  1995  68     0.387     0.076     0.133
  1995  69     4.122     0.122     0.132
  1995  70     1.624     0.183     0.131
  1995  71     2.999     0.254     0.130
  1995  72     0.017     0.089     0.129
  1995  73     0.053     0.076     0.128
  1995  74     0.009     0.069     0.127
  1995  75     0.150     0.170     0.126
  1995  76     0.299     0.207     0.125
  1995  77     0.452     0.184     0.124
  1995  78     0.332     0.202     0.123
  1995  79     0.272     0.089     0.123
  1995  80     0.246     0.040     0.122
  1995  81     0.074    -0.036     0.121
  1995  82     1.136     0.130     0.120
  1995  83     0.412     0.207     0.119
  1995  84     0.553     0.207     0.118
  1995  85     0.380     0.171     0.118
  1995  86     0.135     0.128     0.117
  1995  87     0.006     0.086     0.116
  1995  88     0.095     0.149     0.115
  1995  89     0.059     0.087     0.114
  1995  90     0.092     0.119     0.114
  1995  91     0.081     0.133     0.113
  1995  92     0.573     0.144     0.112
  1995  93     0.712     0.232     0.111
  1995  94     0.485     0.176     0.111
  1995  95     0.382     0.160     0.110
  1995  96     0.516     0.162     0.109
  1995  97     0.357     0.174     0.108
  1995  98     0.068     0.185     0.108
  1995  99     0.009     0.223     0.107
  1995 100     0.018     0.053     0.106
  1995 101     0.247     0.070     0.106
  1995 102     0.734     0.241     0.105
  1995 103     0.446     0.289     0.104
  1995 104     0.557     0.272     0.104
  1995 105     0.249     0.326     0.103
  1995 106     0.226     0.298     0.102
  1995 107     0.355     0.266     0.102
  1995 108     1.008     0.261     0.101
  1995 109     1.217     0.374     0.100
  1995 110     0.438     0.341     0.100
  1995 111     0.304     0.336     0.099
  1995 112     0.327     0.401     0.099
  1995 113     0.312     0.339     0.098
  1995 114     0.346     0.317     0.097
  1995 115     4.111     0.389     0.097
  1995 116     5.474     0.385     0.096
  1995 117     1.757     0.827     0.096
  1995 118     0.407     0.307     0.095
  1995 119     0.239     0.149     0.094
  1995 120     0.103     0.064     0.094
  1995 121     0.708     0.130     0.094
  1995 122     2.146     0.437     0.095
  1995 123     0.486     0.474     0.094
  1995 124     0.252     0.475     0.095
  1995 125     0.080     0.216     0.096
  1995 126     0.077     0.046     0.098
  1995 127     1.745     0.419     0.133
  1995 128     0.735     0.147     0.167
  1995 129     6.111     0.485     0.185
  1995 130     0.864     0.703     0.117
  1995 131     0.317     0.601     0.106
  1995 132     0.065     0.504     0.103
  1995 133     0.720     0.369     0.100
  1995 134     0.321     0.497     0.099
  1995 135     0.090     0.277     0.097
  1995 136     0.171     0.188     0.098
  1995 137     0.529     0.427     0.106
  1995 138     0.869     0.340     0.130
  1995 139     2.220     0.295     0.211
  1995 140     1.405     0.413     0.193
  1995 141     0.660     0.354     0.177
  1995 142     0.814     0.360     0.162
  1995 143     0.410     0.396     0.176
  1995 144     0.455     0.296     0.266
  1995 145     1.636     0.619     0.286
  1995 146     0.570     0.407     0.397
  1995 147     0.007     0.537     0.527
  1995 148     0.730     0.666     0.596
  1995 149     1.823     0.752     0.490
  1995 150     1.039     0.786     0.687
  1995 151     1.481     0.981     0.694
  1995 152     0.794     1.028     0.547
  1995 153     1.511     0.847     0.838
  1995 154     0.218     1.343     1.592
  1995 155     6.026     0.957     1.774
  1995 156     1.851     1.754     1.524
  1995 157     0.246     1.779     1.695
  1995 158     0.015     2.232     1.706
  1995 159     0.002     2.387     2.306
  1995 160     0.001     2.468     2.166
  1995 161     0.000     2.497     2.152
  1995 162     0.184     2.904     1.842
  1995 163     0.295     3.073     1.164
  1995 164     0.003     3.490     0.724
  1995 165     0.214     2.660     0.665
  1995 166     0.003     3.430     0.583
  1995 167     0.670     2.864     0.461
  1995 168     1.463     2.471     0.410
  1995 169     8.574     2.547     0.440
  1995 170     8.707     2.203     0.542
  1995 171     0.306     3.553     0.444
  1995 172     1.361     3.962     0.412
  1995 173     0.633     2.742     0.396
  1995 174     0.055     3.260     0.372
  1995 175     0.006     3.668     0.333
  1995 176     0.253     4.174     0.293
  1995 177     0.769     3.503     0.254
  1995 178     0.056     3.658     0.221
  1995 179     0.444     2.249     0.197
  1995 180     0.994     2.766     0.181
  1995 181     0.757     2.644     0.170
  1995 182     5.508     2.318     0.176
  1995 183     0.702     3.088     0.176
  1995 184     1.831     2.955     0.170
  1995 185     1.218     2.023     0.172
  1995 186     0.149     2.796     0.172
  1995 187     7.071     1.552     0.189
  1995 188     4.973     2.555     0.225
  1995 189     0.094     3.679     0.205
  1995 190     2.479     2.480     0.209
  1995 191     0.004     3.797     0.205
  1995 192     0.061     3.214     0.205
  1995 193     3.565     1.751     0.213
  1995 194     0.158     3.198     0.219
  1995 195     3.819     2.513     0.226
  1995 196     0.779     3.159     0.237
  1995 197     3.098     3.237     0.244
  1995 198     5.955     2.554     0.292
  1995 199     1.984     3.346     0.266
  1995 200     7.101     3.022     0.314
  1995 201     5.048     2.651     0.307
  1995 202     2.414     3.257     0.320
  1995 203     6.689     2.154     0.327
  1995 204     2.484     3.023     0.331
  1995 205     1.084     3.332     0.323
  1995 206     1.614     2.668     0.326
  1995 207     0.015     2.891     0.327
  1995 208    12.491     1.882     0.482
  1995 209    26.212     2.495     2.824
  1995 210     0.144     3.247     0.520
  1995 211     2.506     2.948     0.451
  1995 212     0.736     3.294     0.424
  1995 213     2.230     2.236     0.425
  1995 214     4.382     2.920     0.459
  1995 215     0.248     3.469     0.447
  1995 216     0.560     2.973     0.448
  1995 217     1.334     3.298     0.456
  1995 218    17.042     1.843     0.720
  1995 219     1.226     4.171     0.613
  1995 220     5.475     1.907     0.551
  1995 221    23.103     2.144     2.092
  1995 222     8.971     2.224     1.378
  1995 223     0.244     2.660     0.651
  1995 224     0.065     1.894     0.612
  1995 225     1.746     2.076     0.612
  1995 226    12.327     1.607     0.856
  1995 227     1.418     1.609     0.764
  1995 228     0.496     2.298     0.700
  1995 229     9.174     1.992     0.979
  1995 230     9.448     1.849     1.718
  1995 231    37.568     1.660     7.326
  1995 232     8.392     1.947     2.024
  1995 233     1.521     1.764     1.053
  1995 234     1.080     2.114     1.018
  1995 235     0.006     2.549     1.011
  1995 236     7.837     1.302     1.454
  1995 237     1.131     2.769     1.208
  1995 238     0.076     2.783     1.192
  1995 239     4.473     1.799     1.287
  1995 240     1.927     2.311     1.308
  1995 241     6.326     1.204     1.626
  1995 242     1.214     1.893     1.380
  1995 243     0.089     2.426     1.332
  1995 244     4.028     1.825     1.482
  1995 245     1.626     2.005     1.361
  1995 246     3.406     2.208     1.548
  1995 247     0.103     2.495     1.346
  1995 248     6.583     2.169     1.781
  1995 249     0.117     1.772     1.376
  1995 250     0.620     1.555     1.361
  1995 251     0.158     1.490     1.341
  1995 252     3.439     0.781     1.340
  1995 253     3.296     0.902     1.688
  1995 254    11.324     1.216     2.606
  1995 255     9.415     0.721     1.546
  1995 256     0.331     1.029     1.418
  1995 257     1.104     1.019     1.461
  1995 258     0.623     0.980     1.405
  1995 259     4.434     1.235     1.576
  1995 260     2.877     1.282     1.526
  1995 261     1.838     0.942     1.361
  1995 262     1.445     0.870     1.341
  1995 263     0.172     0.726     1.318
  1995 264     0.003     0.901     1.317
  1995 265     0.034     0.930     1.317
  1995 266     0.225     0.504     1.329
  1995 267     0.085     0.940     1.327
  1995 268     0.169     0.875     1.310
  1995 269     0.098     0.909     1.299
  1995 270     0.027     1.158     1.245
  1995 271     0.160     0.870     1.232
  1995 272     0.565     1.124     1.226
  1995 273     0.109     0.839     1.204
  1995 274     1.636     0.723     1.197
  1995 275     1.003     0.788     1.196
  1995 276     0.135     0.749     1.160
  1995 277     0.751     0.893     1.140
  1995 278     0.385     0.657     1.120
  1995 279     0.268     0.562     1.101
  1995 280     0.159     0.667     1.081
  1995 281     0.058     0.661     1.060
  1995 282     0.353     0.725     1.040
  1995 283     1.073     0.666     1.024
  1995 284     4.941     0.769     1.056
  1995 285     1.079     0.813     1.010
  1995 286     0.196     0.545     0.979
  1995 287     0.380     0.367     0.959
  1995 288     0.885     0.342     0.946
  1995 289     1.620     0.281     0.930
  1995 290     2.367     0.546     0.914
  1995 291     0.179     0.347     0.897
  1995 292     0.841     0.318     0.882
  1995 293     0.687     0.579     0.878
  1995 294     0.891     0.440     0.869
  1995 295     0.373     0.338     0.859
  1995 296     0.509     0.315     0.848
  1995 297     0.579     0.269     0.830
  1995 298     0.229     0.273     0.823
  1995 299     0.134     0.120     0.814
  1995 300     0.349     0.123     0.810
  1995 301     0.441     0.215     0.806
  1995 302     0.732     0.229     0.784
  1995 303     0.382     0.178     0.761
  1995 304     0.265     0.133     0.740
  1995 305     0.156     0.091     0.730
  1995 306     0.071     0.038     0.719
  1995 307     0.035     0.032     0.711
  1995 308     0.166     0.080     0.714
  1995 309     0.328     0.076     0.702
  1995 310     0.092     0.050     0.687
  1995 311     0.224     0.110     0.676
  1995 312     0.195     0.066     0.660
  1995 313     0.181     0.028     0.649
  1995 314     0.119     0.019     0.639
  1995 315     0.055     0.008     0.630
  1995 316     0.062     0.009     0.621
  1995 317     0.086     0.004     0.612
  1995 318     1.203     0.018     0.603
  1995 319     0.615     0.042     0.594
  1995 320     1.329     0.042     0.585
  1995 321     0.289     0.038     0.577
  1995 322     0.545     0.084     0.568
  1995 323     7.721     0.148     0.560
  1995 324     2.767     0.285     0.552
  1995 325     0.987     0.035     0.544
  1995 326     0.201     0.080     0.536
  1995 327     0.063     0.016     0.529
  1995 328     0.123     0.023     0.521
  1995 329     0.470     0.113     0.514
  1995 330     0.392     0.130     0.507
  1995 331     0.120     0.005     0.500
  1995 332     0.227     0.030     0.493
  1995 333     0.034    -0.009     0.486
  1995 334     0.040     0.001     0.479
  1995 335     0.082    -0.000     0.472
  1995 336     0.747     0.041     0.465
  1995 337     0.597     0.016     0.459
  1995 338     2.760     0.073     0.452
  1995 339     8.991     0.183     0.446
  1995 340     6.109     0.171     0.440
  1995 341     1.629     0.082     0.434
  1995 342     0.164     0.031     0.428
  1995 343     0.066    -0.003     0.422
  1995 344     0.128     0.013     0.416
  1995 345     0.090     0.002     0.410
  1995 346     0.014    -0.003     0.404
  1995 347     0.452     0.022     0.398
  1995 348     4.474     0.056     0.393
  1995 349     1.035     0.044     0.387
  1995 350     0.555     0.040     0.382
  1995 351     0.178     0.016     0.376
  1995 352     0.066     0.005     0.371
  1995 353     0.335     0.073     0.366
  1995 354     0.149     0.012     0.361
  1995 355     0.288     0.031     0.356
  1995 356     1.678     0.059     0.351
  1995 357     1.900     0.100     0.346
  1995 358     0.067    -0.000     0.341
  1995 359     2.430     0.099     0.336
  1995 360     0.341     0.058     0.331
  1995 361     2.944     0.074     0.327
  1995 362     1.550     0.089     0.322
  1995 363     0.818     0.066     0.318
  1995 364     0.758     0.068     0.314
  1995 365     1.393     0.094     0.309
  1996   1     0.058     0.006     0.305
  1996   2     0.024    -0.002     0.301
  1996   3     0.050    -0.005     0.297
  1996   4     0.112    -0.007     0.293
  1996   5     0.072     0.039     0.289
  1996   6     0.005     0.021     0.286
  1996   7     1.897     0.056     0.282
  1996   8     0.112     0.002     0.278
  1996   9     1.314     0.053     0.275
  1996  10     2.897     0.048     0.271
  1996  11     1.966     0.054     0.268
  1996  12     0.552     0.039     0.264
  1996  13     0.173     0.010     0.261
  1996  14     0.114     0.023     0.258
  1996  15     0.241     0.003     0.254
  1996  16     0.114     0.004     0.251
  1996  17     0.029    -0.001     0.248
  1996  18     0.112     0.015     0.245
  1996  19     0.015    -0.010     0.242
  1996  20     0.086    -0.007     0.239
  1996  21     0.154     0.016     0.236
  1996  22     0.167     0.027     0.233
  1996  23     0.297     0.020     0.231
  1996  24     0.111     0.008     0.228
  1996  25     0.121     0.004     0.225
  1996  26     0.062     0.000     0.223
  1996  27     0.066     0.001     0.220
  1996  28     0.077     0.003     0.218
  1996  29     0.045    -0.002     0.215
  1996  30     0.057     0.000     0.213
  1996  31     0.351     0.006     0.210
  1996  32     0.865     0.040     0.208
  1996  33     0.131     0.013     0.206
  1996  34     0.088     0.017     0.204
  1996  35     0.247     0.008     0.201
  1996  36     0.130     0.018     0.199
  1996  37     2.576     0.081     0.197
  1996  38     0.689     0.072     0.195
  1996  39     0.322     0.032     0.193
  1996  40     0.682     0.065     0.191
  1996  41     1.277     0.102     0.189
  1996  42     0.333     0.050     0.187
  1996  43     1.740     0.105     0.185
  1996  44     1.147     0.165     0.183
  1996  45     0.414     0.070     0.181
  1996  46     0.101     0.080     0.180
  1996  47     0.067     0.014     0.178
  1996  48     0.038     0.012     0.176
  1996  49     0.030     0.021     0.174
  1996  50     0.260     0.024     0.172
  1996  51     0.043     0.108     0.171
  1996  52     0.354     0.080     0.169
  1996  53     0.794     0.079     0.168
  1996  54     7.873     0.223     0.166
  1996  55     7.391     0.213     0.164
  1996  56     5.639     0.200     0.163
  1996  57     2.287     0.168     0.161
  1996  58     0.004     0.049     0.160
  1996  59     0.462     0.194     0.158
  1996  60     0.865     0.226     0.157
  1996  61     0.627     0.200     0.155
  1996  62     0.319     0.117     0.154
  1996  63     0.279     0.102     0.152
  1996  64     0.080     0.043     0.151
  1996  65     0.081     0.037     0.149
  1996  66     0.135     0.050     0.148
  1996  67     0.959     0.299     0.146
  1996  68     0.097     0.135     0.145
  1996  69     0.004     0.085     0.144
  1996  70     1.329     0.107     0.142
  1996  71     6.824     0.206     0.141
  1996  72     2.613     0.246     0.140
  1996  73     1.053     0.215     0.138
  1996  74     2.272     0.178     0.137
  1996  75     0.367     0.181     0.136
  1996  76     2.828     0.238     0.134
  1996  77     2.007     0.257     0.133
  1996  78     0.497     0.253     0.132
  1996  79     0.005     0.115     0.130
  1996  80     0.731     0.246     0.129
  1996  81     1.143     0.216     0.128
  1996  82     0.788     0.157     0.127
  1996  83     0.137     0.114     0.126
  1996  84     0.394     0.146     0.124
  1996  85     0.139     0.095     0.123
  1996  86     0.115     0.128     0.122
  1996  87     0.006     0.069     0.121
  1996  88     0.170     0.202     0.119
  1996  89     0.305     0.123     0.118
  1996  90     1.246     0.160     0.117
  1996  91     1.074     0.194     0.116
  1996  92     0.585     0.212     0.115
  1996  93     0.135     0.143     0.113
  1996  94     0.061     0.117     0.112
  1996  95     0.161     0.139     0.111
  1996  96     0.010     0.161     0.110
  1996  97     1.040     0.358     0.109
  1996  98     1.954     0.452     0.108
  1996  99     0.503     0.074     0.106
  1996 100     0.762     0.071     0.105
  1996 101     0.558     0.294     0.104
  1996 102     0.230     0.249     0.103
  1996 103     0.133     0.228     0.102
  1996 104     0.473     0.202     0.101
  1996 105     1.000     0.228     0.100
  1996 106     0.370     0.303     0.098
  1996 107     0.796     0.247     0.097
  1996 108     0.202     0.196     0.096
  1996 109     0.066     0.258     0.095
  1996 110     0.051     0.194     0.094
  1996 111     0.844     0.230     0.093
  1996 112     1.340     0.380     0.092
  1996 113     0.240     0.315     0.091
  1996 114     0.033     0.270     0.090
  1996 115     0.030     0.248     0.089
  1996 116     0.065     0.180     0.088
  1996 117     0.027     0.152     0.087
  1996 118     0.001     0.090     0.086
  1996 119     0.095     0.102     0.085
  1996 120     0.108     0.139     0.084
  1996 121     0.243     0.255     0.083
  1996 122     0.135     0.211     0.082
  1996 123     0.073     0.159     0.081
  1996 124     0.472     0.358     0.080
  1996 125     0.228     0.347     0.079
  1996 126     0.841     0.136     0.078
  1996 127     1.426     0.483     0.077
  1996 128     0.893     0.362     0.077
  1996 129     0.410     0.400     0.076
  1996 130     0.424     0.474     0.075
  1996 131     0.022     0.327     0.074
  1996 132     0.163     0.191     0.073
  1996 133     0.448     0.392     0.072
  1996 134     4.093     0.269     0.072
  1996 135     1.593     0.512     0.071
  1996 136     0.102     0.358     0.070
  1996 137     0.003     0.021     0.070
  1996 138     0.034    -0.030     0.075
  1996 139     0.249     0.079     0.107
  1996 140     2.151     0.522     0.104
  1996 141     1.228     0.503     0.102
  1996 142     0.008     0.226     0.122
  1996 143     0.475     0.422     0.122
  1996 144     0.046     0.118     0.138
  1996 145     0.017     0.004     0.266
  1996 146     0.113     0.164     0.467
  1996 147     0.078     0.148     0.777
  1996 148     0.000     0.182     1.647
  1996 149     0.017     0.240     3.525
  1996 150     0.106     0.581     5.280
  1996 151     1.453     0.579     7.345
  1996 152     0.158     1.493     6.216
  1996 153     0.245     1.875     4.612
  1996 154     0.165     1.968     3.106
  1996 155     0.011     2.310     3.161
  1996 156     0.420     2.410     3.501
  1996 157     0.750     2.035     2.715
  1996 158     4.784     1.929     2.271
  1996 159     3.835     2.216     1.924
  1996 160     5.795     2.024     1.913
  1996 161     0.172     3.423     0.850
  1996 162     7.790     1.519     1.684
  1996 163     0.247     3.451     0.979
  1996 164    14.696     2.061     3.140
  1996 165     1.652     2.371     1.764
  1996 166     0.076     3.789     1.296
  1996 167     1.135     2.817     1.088
  1996 168     1.214     2.603     0.955
  1996 169     0.078     2.810     0.814
  1996 170     6.462     2.888     0.839
  1996 171     6.527     2.639     0.914
  1996 172    30.451     0.873     4.192
  1996 173     1.937     1.405     2.081
  1996 174     0.981     2.428     1.345
  1996 175     1.085     1.832     1.008
  1996 176     0.394     2.634     0.717
  1996 177     0.032     3.209     0.525
  1996 178     0.088     3.511     0.420
  1996 179     1.335     2.747     0.344
  1996 180    13.270     1.856     1.394
  1996 181     9.468     2.388     1.595
  1996 182     3.907     2.061     0.570
  1996 183     0.558     3.349     0.407
  1996 184     4.115     3.635     0.552
  1996 185     1.609     3.699     0.340
  1996 186     0.435     4.126     0.308
  1996 187     0.026     4.044     0.292
  1996 188     0.857     2.718     0.293
  1996 189     0.039     3.503     0.303
  1996 190     0.042     3.503     0.315
  1996 191     0.031     3.841     0.331
  1996 192     0.004     3.304     0.350
  1996 193     0.108     3.232     0.371
  1996 194     0.199     3.297     0.394
  1996 195     1.287     3.595     0.416
  1996 196     0.284     3.411     0.439
  1996 197     0.717     3.324     0.462
  1996 198     1.640     2.535     0.485
  1996 199     0.634     2.852     0.508
  1996 200     0.001     3.210     0.526
  1996 201     0.188     3.131     0.542
  1996 202     6.412     1.810     0.573
  1996 203     6.614     2.264     0.650
  1996 204     1.827     2.961     0.609
  1996 205     0.140     2.868     0.614
  1996 206     1.711     2.984     0.623
  1996 207     0.625     3.013     0.635
  1996 208     0.004     2.939     0.644
  1996 209     0.238     2.797     0.652
  1996 210     0.148     2.829     0.659
  1996 211     0.156     2.844     0.666
  1996 212     0.022     2.867     0.671
  1996 213     0.003     2.885     0.677
  1996 214     0.999     2.437     0.682
  1996 215     0.458     2.497     0.687
  1996 216     0.404     2.178     0.691
  1996 217     6.179     2.416     0.726
  1996 218     4.311     2.589     0.725
  1996 219     4.937     2.458     0.736
  1996 220     8.365     1.753     0.751
  1996 221     0.348     2.176     0.731
  1996 222     2.222     1.810     0.720
  1996 223    13.336     1.764     0.844
  1996 224     3.533     2.532     0.827
  1996 225     0.001     2.918     0.741
  1996 226     0.010     2.432     0.727
  1996 227     0.905     2.873     0.722
  1996 228     0.508     2.387     0.719
  1996 229     1.250     2.305     0.718
  1996 230     1.811     2.437     0.715
  1996 231     1.276     2.457     0.714
  1996 232     0.141     2.307     0.711
  1996 233     3.159     2.601     0.717
  1996 234     4.445     2.761     0.713
  1996 235     0.556     2.526     0.709
  1996 236     1.381     1.735     0.701
  1996 237     1.413     1.380     0.697
  1996 238     1.304     1.690     0.692
  1996 239     0.957     1.907     0.686
  1996 240     6.661     2.834     0.703
  1996 241     0.030     2.175     0.680
  1996 242     3.951     1.637     0.682
  1996 243     1.147     1.505     0.684
  1996 244     1.232     1.623     0.671
  1996 245     5.822     1.297     0.684
  1996 246     2.217     2.309     0.685
  1996 247     2.227     2.113     0.664
  1996 248     1.529     1.725     0.661
  1996 249     0.201     1.289     0.649
  1996 250    10.897     0.540     0.707
  1996 251     1.522     1.683     0.675
  1996 252     0.060     1.216     0.651
  1996 253     1.121     1.293     0.642
  1996 254     0.169     1.605     0.635
  1996 255     0.308     1.617     0.629
  1996 256     0.117     1.774     0.625
  1996 257     1.120     1.659     0.625
  1996 258     0.164     1.738     0.617
  1996 259     0.102     1.640     0.612
  1996 260     0.004     1.065     0.607
  1996 261     0.162     1.293     0.602
  1996 262     0.001     1.229     0.597
  1996 263     0.017     1.169     0.592
  1996 264     0.051     1.113     0.587
  1996 265     0.063     1.136     0.582
  1996 266     1.073     0.933     0.577
  1996 267     1.581     1.233     0.572
  1996 268     2.190     1.178     0.571
  1996 269     1.028     0.812     0.568
  1996 270     0.612     0.993     0.558
  1996 271     6.249     1.162     0.563
  1996 272     1.867     1.371     0.552
  1996 273     1.841     0.990     0.542
  1996 274     0.728     1.036     0.535
  1996 275     0.487     0.915     0.528
  1996 276     0.879     0.806     0.523
  1996 277     0.038     0.509     0.517
  1996 278     0.929     0.516     0.512
  1996 279     0.903     0.760     0.509
  1996 280     0.118     0.666     0.503
  1996 281     3.172     0.590     0.498
  1996 282     0.700     0.746     0.494
  1996 283     0.178     0.358     0.487
  1996 284     3.100     0.296     0.486
  1996 285     0.591     0.560     0.479
  1996 286     1.920     0.383     0.476
  1996 287     0.300     0.438     0.475
  1996 288     6.431     0.459     0.474
  1996 289     7.734     0.339     0.471
  1996 290     2.229     0.348     0.466
  1996 291     1.345     0.403     0.459
  1996 292     7.214     0.360     0.454
  1996 293     0.832     0.431     0.449
  1996 294     0.111     0.091     0.444
  1996 295     0.709     0.076     0.443
  1996 296     0.797     0.164     0.444
  1996 297     2.144     0.125     0.438
  1996 298     1.149     0.121     0.433
  1996 299     0.631     0.168     0.434
  1996 300     1.038     0.191     0.441
  1996 301     0.996     0.159     0.438
  1996 302     0.647     0.105     0.431
  1996 303     5.710     0.184     0.424
  1996 304     4.224     0.387     0.423
  1996 305     0.543     0.234     0.414
  1996 306     0.131     0.074     0.410
  1996 307     1.848     0.200     0.407
  1996 308     0.913     0.261     0.405
  1996 309     0.291     0.060     0.398
  1996 310     0.697     0.082     0.396
  1996 311     0.840     0.101     0.394
  1996 312     1.063     0.122     0.391
  1996 313     0.401     0.117     0.383
  1996 314     0.145     0.000     0.375
  1996 315     0.324     0.013     0.368
  1996 316     0.151    -0.010     0.362
  1996 317     0.231     0.007     0.357
  1996 318     0.143    -0.016     0.354
  1996 319     2.347     0.011     0.352
  1996 320     2.895     0.105     0.351
  1996 321     0.176     0.044     0.347
  1996 322     0.280     0.014     0.342
  1996 323     0.512     0.044     0.338
  1996 324     1.014     0.101     0.335
  1996 325     0.133     0.035     0.332
  1996 326     0.879     0.039     0.329
  1996 327     2.198     0.104     0.326
  1996 328     0.196     0.023     0.324
  1996 329     0.033    -0.028     0.321
  1996 330     0.002    -0.007     0.318
  1996 331     0.019    -0.021     0.315
  1996 332     0.230    -0.005     0.313
  1996 333     0.212     0.010     0.310
  1996 334     0.105     0.003     0.307
  1996 335     0.280     0.012     0.305
  1996 336     0.796     0.033     0.302
  1996 337     0.307     0.018     0.299
  1996 338     0.105    -0.011     0.297
  1996 339     0.338     0.003     0.294
  1996 340     0.478     0.042     0.292
  1996 341     0.923     0.061     0.289
  1996 342     1.249     0.061     0.287
  1996 343     0.649     0.016     0.284
  1996 344     0.381     0.008     0.282
  1996 345     0.368    -0.003     0.279
  1996 346     1.599     0.022     0.277
  1996 347     1.987     0.014     0.275
  1996 348     1.087     0.022     0.272
  1996 349     0.175     0.011     0.270
  1996 350     0.937     0.025     0.268
  1996 351     1.417     0.064     0.266
  1996 352     0.616     0.031     0.264
  1996 353     0.146    -0.009     0.261
  1996 354     0.863     0.028     0.259
  1996 355     0.778     0.057     0.257
  1996 356     0.184     0.040     0.255
  1996 357     0.197     0.019     0.253
  1996 358     0.071    -0.008     0.251
  1996 359     0.188     0.019     0.249
  1996 360     0.173     0.018     0.247
  1996 361     0.096    -0.008     0.245
  1996 362     0.105     0.008     0.243
  1996 363     0.380     0.001     0.241
  1996 364     0.250     0.008     0.239
  1996 365     0.008    -0.004     0.237
  1996 366     0.410     0.009     0.235
  1997   1     2.022     0.033     0.233
  1997   2     4.111     0.048     0.232
  1997   3     0.209    -0.002     0.230
  1997   4     3.180     0.054     0.228
  1997   5     0.241    -0.004     0.226
  1997   6     0.035    -0.004     0.224
  1997   7     0.144     0.000     0.222
  1997   8     1.538     0.047     0.220
  1997   9     0.451     0.028     0.219
  1997  10     0.228     0.035     0.217
  1997  11     0.050     0.011     0.215
  1997  12     0.172     0.191     0.213
  1997  13     0.058    -0.013     0.211
  1997  14     3.273     0.078     0.209
  1997  15     0.128     0.037     0.208
  1997  16     0.022     0.005     0.206
  1997  17     0.003     0.016     0.204
  1997  18     0.638     0.084     0.202
  1997  19     0.754     0.136     0.201
  1997  20     0.003    -0.003     0.199
  1997  21     0.000    -0.008     0.197
  1997  22     0.073    -0.002     0.195
  1997  23     1.602     0.028     0.194
  1997  24     0.091     0.003     0.192
  1997  25     0.135     0.015     0.190
  1997  26     0.059     0.007     0.189
  1997  27     0.159     0.012     0.187
  1997  28     0.078     0.003     0.185
  1997  29     0.529     0.015     0.184
  1997  30     0.045     0.002     0.182
  1997  31     0.016     0.006     0.180
  1997  32     0.343     0.028     0.179
  1997  33     1.033     0.060     0.177
  1997  34     1.033     0.045     0.176
  1997  35     0.261     0.048     0.174
  1997  36     1.533     0.079     0.173
  1997  37     0.023     0.001     0.171
  1997  38     0.337     0.034     0.170
  1997  39     0.675     0.153     0.168
  1997  40     0.077     0.006     0.167
  1997  41     1.494     0.099     0.165
  1997  42     0.158     0.061     0.164
  1997  43     0.058     0.038     0.163
  1997  44     0.308     0.043     0.161
  1997  45     0.082     0.016     0.160
  1997  46     0.008     0.001     0.158
  1997  47     0.118     0.014     0.157
  1997  48     0.058     0.010     0.156
  1997  49     0.003     0.005     0.155
  1997  50     0.420     0.025     0.153
  1997  51     0.029     0.020     0.152
  1997  52     0.175     0.038     0.151
  1997  53     0.278     0.060     0.150
  1997  54     0.033     0.019     0.148
  1997  55     4.925     0.157     0.147
  1997  56     5.486     0.231     0.146
  1997  57     0.241     0.107     0.145
  1997  58     0.790     0.093     0.144
  1997  59     0.312     0.078     0.142
  1997  60     0.234     0.047     0.141
  1997  61     0.043     0.024     0.140
  1997  62     0.079     0.056     0.139
  1997  63     0.112     0.068     0.138
  1997  64     0.126     0.072     0.137
  1997  65     0.134     0.079     0.136
  1997  66     0.025     0.034     0.135
  1997  67     0.094     0.099     0.134
  1997  68     0.839     0.113     0.133
  1997  69     0.305     0.109     0.132
  1997  70     0.294     0.135     0.131
  1997  71     0.312     0.130     0.129
  1997  72     0.398     0.121     0.128
  1997  73     0.279     0.106     0.127
  1997  74     0.025     0.054     0.126
  1997  75     0.119     0.080     0.125
  1997  76     0.219     0.147     0.124
  1997  77     0.029     0.049     0.123
  1997  78     0.031     0.068     0.122
  1997  79     0.276     0.103     0.122
  1997  80     0.936     0.132     0.121
  1997  81     0.245     0.110     0.120
  1997  82     1.673     0.209     0.119
  1997  83     0.593     0.213     0.118
  1997  84     2.655     0.235     0.117
  1997  85     1.925     0.430     0.116
  1997  86     0.909     0.216     0.115
  1997  87     0.064     0.141     0.114
  1997  88     0.013     0.142     0.113
  1997  89     1.413     0.295     0.112
  1997  90     0.169     0.242     0.111
  1997  91     1.554     0.258     0.110
  1997  92     1.793     0.272     0.109
  1997  93     2.233     0.373     0.108
  1997  94     0.365     0.282     0.107
  1997  95     0.567     0.270     0.106
  1997  96     1.287     0.223     0.105
  1997  97     0.009     0.226     0.105
  1997  98     0.000     0.271     0.104
  1997  99     0.386     0.322     0.103
  1997 100     0.094     0.150     0.102
  1997 101     0.483     0.247     0.101
  1997 102     0.496     0.265     0.100
  1997 103     1.446     0.315     0.099
  1997 104     0.448     0.278     0.098
  1997 105     0.004     0.212     0.097
  1997 106     0.000     0.201     0.096
  1997 107     1.020     0.079     0.096
  1997 108     3.761     0.150     0.095
  1997 109     2.038     0.357     0.094
  1997 110     0.532     0.235     0.093
  1997 111     1.017     0.361     0.092
  1997 112     0.645     0.287     0.091
  1997 113     0.311     0.162     0.090
  1997 114     0.305     0.053     0.090
  1997 115     1.008     0.203     0.090
  1997 116     0.379     0.242     0.089
  1997 117     3.376     0.360     0.089
  1997 118     0.708     0.620     0.088
  1997 119     0.480     0.528     0.086
  1997 120     0.078     0.463     0.085
  1997 121     0.344     0.355     0.084
  1997 122     0.211     0.366     0.083
  1997 123     0.165     0.271     0.083
  1997 124     0.174     0.298     0.082
  1997 125     0.292     0.465     0.081
  1997 126     0.206     0.226     0.081
  1997 127     2.553     0.517     0.080
  1997 128     0.843     0.386     0.079
  1997 129     2.317     0.105     0.078
  1997 130     4.146     0.467     0.078
  1997 131     0.393     0.459     0.077
  1997 132     0.407     0.538     0.076
  1997 133     4.365     0.535     0.076
  1997 134     0.521     0.766     0.075
  1997 135     0.278     0.517     0.074
  1997 136     1.254     0.297     0.074
  1997 137     1.024     0.457     0.073
  1997 138     1.417     0.393     0.073
  1997 139     0.971     0.474     0.072
  1997 140     0.444     0.227     0.072
  1997 141     0.223     0.093     0.076
  1997 142     0.241     0.131     0.129
  1997 143     0.264     0.116     0.151
  1997 144     0.093     0.058     0.199
  1997 145     0.377     0.025     0.278
  1997 146     1.494     0.421     0.354
  1997 147     0.283     0.335     0.312
  1997 148     0.642     0.030     0.396
  1997 149     3.431     0.124     1.651
  1997 150     0.022     0.650     2.044
  1997 151     1.565     0.193     5.430
  1997 152     0.020     1.428     6.070
  1997 153     5.377     1.017     8.199
  1997 154     0.358     2.170     4.356
  1997 155     0.675     2.574     3.311
  1997 156     0.207     2.310     2.347
  1997 157     0.001     2.223     1.711
  1997 158     0.950     3.168     1.139
  1997 159     0.222     2.835     0.609
  1997 160     6.304     2.106     0.892
  1997 161     1.049     3.254     0.542
  1997 162     4.493     2.972     0.648
  1997 163     0.121     3.655     0.549
  1997 164     0.089     2.879     0.528
  1997 165     0.068     2.922     0.519
  1997 166     0.132     3.075     0.493
  1997 167     0.191     2.448     0.445
  1997 168     0.001     2.839     0.389
  1997 169     0.000     2.813     0.342
  1997 170     2.136     1.829     0.311
  1997 171     1.413     2.295     0.283
  1997 172     0.013     2.566     0.253
  1997 173     0.000     2.432     0.227
  1997 174     0.282     2.297     0.205
  1997 175     1.997     2.051     0.192
  1997 176     3.977     2.619     0.173
  1997 177     1.714     2.877     0.159
  1997 178     1.719     2.029     0.150
  1997 179     1.017     3.007     0.143
  1997 180     1.874     2.895     0.134
  1997 181     0.058     2.872     0.127
  1997 182     0.305     2.704     0.121
  1997 183     0.204     2.737     0.116
  1997 184     0.169     3.320     0.113
  1997 185     2.393     2.509     0.111
  1997 186     0.008     2.868     0.111
  1997 187     0.963     2.045     0.110
  1997 188     2.056     2.990     0.111
  1997 189     2.121     3.067     0.114
  1997 190     2.983     2.412     0.143
  1997 191     9.422     1.907     0.281
  1997 192     4.820     3.009     0.183
  1997 193     9.325     2.113     0.377
  1997 194    10.670     1.873     0.340
  1997 195     0.577     3.603     0.199
  1997 196     3.950     3.339     0.176
  1997 197     5.028     2.362     0.192
  1997 198     5.177     2.399     0.259
  1997 199     0.039     3.697     0.210
  1997 200     0.135     2.908     0.186
  1997 201     0.127     3.488     0.180
  1997 202     0.003     4.020     0.177
  1997 203     0.001     3.620     0.177
  1997 204     9.108     2.641     0.262
  1997 205    15.253     3.075     0.507
  1997 206     3.853     2.503     0.294
  1997 207     2.354     2.546     0.277
  1997 208     0.034     3.380     0.246
  1997 209     0.055     3.559     0.236
  1997 210     0.257     3.967     0.235
  1997 211     0.305     3.381     0.237
  1997 212     1.075     2.710     0.242
  1997 213     0.030     3.022     0.248
  1997 214     1.802     1.894     0.254
  1997 215     0.082     3.343     0.259
  1997 216     0.463     3.092     0.265
  1997 217     0.010     2.821     0.271
  1997 218     0.288     2.541     0.277
  1997 219     8.398     3.133     0.309
  1997 220    23.910     2.161     0.959
  1997 221     2.645     3.021     0.415
  1997 222     1.628     2.620     0.375
  1997 223     6.426     1.905     0.553
  1997 224     0.627     2.647     0.404
  1997 225     0.015     2.854     0.364
  1997 226     0.056     2.704     0.357
  1997 227     0.491     1.805     0.358
  1997 228     0.049     2.403     0.361
  1997 229     0.009     2.573     0.364
  1997 230     1.823     1.939     0.368
  1997 231     0.863     2.141     0.373
  1997 232     0.126     2.319     0.376
  1997 233     1.824     1.895     0.379
  1997 234     0.679     2.124     0.382
  1997 235     4.454     1.229     0.388
  1997 236     0.507     1.795     0.391
  1997 237     9.370     1.252     0.751
  1997 238     0.885     1.899     0.439
  1997 239     0.081     2.243     0.415
  1997 240     9.203     1.398     0.438
  1997 241     3.246     1.460     0.538
  1997 242     2.359     2.124     0.461
  1997 243     3.265     2.323     0.439
  1997 244     0.267     2.071     0.429
  1997 245     0.002     2.217     0.424
  1997 246     0.167     1.624     0.422
  1997 247     0.056     1.889     0.422
  1997 248     0.439     1.466     0.422
  1997 249     0.106     1.390     0.422
  1997 250     9.202     1.073     0.456
  1997 251     2.973     1.693     0.524
  1997 252     1.052     1.414     0.459
  1997 253     8.724     0.996     0.797
  1997 254     3.878     1.354     0.500
  1997 255     8.654     1.291     0.536
  1997 256    38.473     1.155     2.417
  1997 257     6.144     1.355     1.333
  1997 258     0.112     1.110     0.626
  1997 259    18.449     0.633     1.518
  1997 260    10.782     0.623     1.843
  1997 261     1.663     1.075     0.806
  1997 262     0.195     1.133     0.672
  1997 263     1.934     0.779     0.802
  1997 264     6.332     0.924     1.391
  1997 265     0.657     0.969     0.731
  1997 266     0.605     0.866     0.751
  1997 267     1.036     1.136     0.814
  1997 268     0.127     1.206     0.729
  1997 269     0.038     1.227     0.708
  1997 270     0.048     0.975     0.722
  1997 271     1.475     1.119     0.746
  1997 272     0.530     1.161     0.763
  1997 273     0.295     0.808     0.779
  1997 274     5.988     0.378     0.870
  1997 275     0.685     0.823     0.859
  1997 276     5.242     0.583     1.338
  1997 277     2.328     1.102     1.114
  1997 278     0.429     0.961     0.885
  1997 279     0.213     0.937     0.889
  1997 280     0.147     0.688     0.898
  1997 281    10.845     0.494     0.962
  1997 282     1.977     0.769     0.947
  1997 283     0.658     0.382     0.936
  1997 284     1.172     0.427     0.987
  1997 285    24.568     0.559     1.233
  1997 286    23.131     0.892     1.298
  1997 287     2.444     1.539     0.987
  1997 288     0.352     0.788     0.985
  1997 289     6.959     0.052     1.451
  1997 290     0.983     0.226     1.096
  1997 291     0.299     0.175     1.022
  1997 292     1.505     0.126     1.014
  1997 293     1.111     0.163     1.018
  1997 294     0.556     0.161     1.020
  1997 295     0.400     0.114     1.023
  1997 296     0.245     0.040     1.020
  1997 297     0.135     0.036     1.039
  1997 298     0.135     0.028     1.115
  1997 299     3.843     0.122     1.152
  1997 300     4.172     0.207     1.170
  1997 301     2.452     0.373     1.142
  1997 302     0.128     0.082     1.126
  1997 303     0.071     0.003     1.146
  1997 304     0.854     0.066     1.167
  1997 305     0.392     0.057     1.171
  1997 306     0.227     0.029     1.157
  1997 307     0.229     0.031     1.147
  1997 308     0.239     0.052     1.128
  1997 309     1.152     0.149     1.109
  1997 310     1.143     0.074     1.140
  1997 311     0.660     0.112     1.145
  1997 312     1.286     0.108     1.112
  1997 313     0.676     0.143     1.082
  1997 314     0.041    -0.003     1.010
  1997 315     0.012     0.068     0.962
  1997 316     0.353     0.023     0.916
  1997 317     0.188    -0.016     0.880
  1997 318     0.356     0.021     0.851
  1997 319     0.412     0.092     0.836
  1997 320     0.640     0.285     0.822
  1997 321     0.044    -0.025     0.811
  1997 322     0.145    -0.016     0.801
  1997 323     0.377     0.023     0.791
  1997 324     0.290     0.024     0.781
  1997 325     0.121     0.001     0.771
  1997 326     0.084    -0.004     0.759
  1997 327     0.121    -0.004     0.748
  1997 328     1.270     0.075     0.738
  1997 329     1.546     0.073     0.729
  1997 330     1.178     0.038     0.719
  1997 331     0.594     0.015     0.709
  1997 332     1.739     0.082     0.699
  1997 333     0.168     0.027     0.689
  1997 334     2.516     0.094     0.680
  1997 335     2.237     0.092     0.670
  1997 336     1.555     0.089     0.661
  1997 337     0.896     0.096     0.651
  1997 338     1.225     0.126     0.642
  1997 339     0.566     0.030     0.633
  1997 340     0.420     0.031     0.625
  1997 341     0.221    -0.009     0.616
  1997 342     0.372     0.070     0.607
  1997 343     0.258     0.017     0.599
  1997 344     0.724     0.196     0.591
  1997 345     2.285     0.042     0.583
  1997 346     1.677     0.169     0.575
  1997 347     0.223     0.019     0.567
  1997 348     1.758     0.099     0.559
  1997 349     1.923     0.194     0.552
  1997 350     0.038     0.006     0.544
  1997 351     0.013     0.067     0.537
  1997 352     0.089     0.050     0.530
  1997 353     0.789     0.036     0.523
  1997 354     0.831     0.024     0.516
  1997 355     4.228     0.062     0.510
  1997 356     1.678     0.186     0.503
  1997 357     1.674     0.036     0.496
  1997 358     0.561     0.061     0.490
  1997 359     2.399     0.094     0.483
  1997 360     0.487     0.009     0.477
  1997 361     0.952     0.030     0.471
  1997 362     0.076     0.004     0.465
  1997 363     0.130     0.002     0.459
  1997 364     0.030    -0.006     0.453
  1997 365     0.797     0.025     0.448
  1998   1     0.044    -0.004     0.442
  1998   2     0.023    -0.006     0.437
  1998   3     0.042    -0.006     0.431
  1998   4     0.007    -0.007     0.426
  1998   5     0.338     0.010     0.421
  1998   6     0.756     0.030     0.416
  1998   7     0.355     0.025     0.411
  1998   8     0.409     0.011     0.407
  1998   9     1.308     0.035     0.402
  1998  10     0.279     0.019     0.397
  1998  11     0.064     0.011     0.393
  1998  12     0.223     0.017     0.389
  1998  13     0.191     0.009     0.384
  1998  14     0.165     0.005     0.380
  1998  15     0.209     0.004     0.376
  1998  16     0.087     0.002     0.372
  1998  17     0.191     0.025     0.368
  1998  18     0.131     0.012     0.364
  1998  19     1.265     0.064     0.360
  1998  20     0.115     0.016     0.356
  1998  21     3.452     0.057     0.352
  1998  22     2.950     0.063     0.348
  1998  23     0.680     0.044     0.344
  1998  24     0.052     0.002     0.341
  1998  25     1.208     0.057     0.337
  1998  26     1.590     0.111     0.333
  1998  27     1.444     0.080     0.330
  1998  28     0.385     0.013     0.326
  1998  29     0.772     0.029     0.323
  1998  30     0.070     0.023     0.319
  1998  31     0.256     0.072     0.316
  1998  32     0.004     0.005     0.312
  1998  33     0.332     0.080     0.309
  1998  34     0.379     0.051     0.306
  1998  35     0.317     0.025     0.302
  1998  36     0.744     0.050     0.299
  1998  37     2.759     0.082     0.296
  1998  38     2.080     0.095     0.292
  1998  39     0.481     0.034     0.289
  1998  40     0.058     0.008     0.286
  1998  41     2.057     0.083     0.283
  1998  42     0.522     0.070     0.280
  1998  43     0.109     0.020     0.277
  1998  44     0.963     0.128     0.274
  1998  45     3.522     0.200     0.271
  1998  46     0.519     0.129     0.268
  1998  47     0.386     0.116     0.265
  1998  48     3.047     0.199     0.262
  1998  49     0.582     0.212     0.259
  1998  50     1.106     0.127     0.256
  1998  51     1.547     0.208     0.254
  1998  52     1.915     0.179     0.251
  1998  53     3.885     0.196     0.248
  1998  54     3.848     0.195     0.246
  1998  55     1.540     0.185     0.243
  1998  56     0.456     0.163     0.240
  1998  57     3.992     0.179     0.238
  1998  58     6.241     0.275     0.235
  1998  59     1.349     0.286     0.233
  1998  60     0.438     0.224     0.230
  1998  61     0.281     0.151     0.228
  1998  62     0.075     0.072     0.226
  1998  63     0.009     0.078     0.223
  1998  64     0.298     0.190     0.221
  1998  65     0.241     0.093     0.219
  1998  66     0.309     0.062     0.216
  1998  67     0.306     0.058     0.214
  1998  68     0.205     0.063     0.212
  1998  69     0.004     0.081     0.210
  1998  70     0.000     0.075     0.208
  1998  71     2.462     0.127     0.206
  1998  72     0.530     0.131     0.204
  1998  73     0.005     0.054     0.202
  1998  74     0.920     0.203     0.200
  1998  75     0.562     0.155     0.198
  1998  76     0.008     0.053     0.196
  1998  77     2.600     0.195     0.194
  1998  78     1.379     0.205     0.192
  1998  79     0.093     0.104     0.190
  1998  80     0.212     0.131     0.188
  1998  81     0.298     0.122     0.186
  1998  82     0.425     0.132     0.185
  1998  83     0.719     0.245     0.183
  1998  84     3.226     0.234     0.181
  1998  85     4.968     0.251     0.179
  1998  86     2.172     0.241     0.178
  1998  87     1.163     0.250     0.176
  1998  88     1.234     0.289     0.174
  1998  89     1.381     0.312     0.173
  1998  90     2.269     0.323     0.171
  1998  91     2.288     0.201     0.170
  1998  92     0.280     0.101     0.168
  1998  93     0.318    -0.008     0.167
  1998  94     4.784     0.122     0.165
  1998  95     0.976     0.363     0.164
  1998  96     0.017     0.138     0.162
  1998  97     0.003     0.139     0.161
  1998  98     0.209     0.131     0.159
  1998  99     0.839     0.127     0.158
  1998 100     0.741     0.194     0.157
  1998 101     1.088     0.308     0.155
  1998 102     6.788     0.172     0.154
  1998 103     0.253     0.289     0.153
  1998 104     0.011     0.253     0.152
  1998 105     0.079     0.189     0.150
  1998 106     1.994     0.299     0.149
  1998 107     1.482     0.384     0.148
  1998 108     0.146     0.391     0.147
  1998 109     0.000     0.088     0.146
  1998 110     0.000    -0.004     0.145
  1998 111     0.014    -0.045     0.143
  1998 112     0.706    -0.037     0.142
  1998 113     0.741     0.427     0.141
  1998 114     0.172     0.288     0.140
  1998 115     0.006     0.076     0.139
  1998 116     0.444    -0.073     0.138
  1998 117     2.199    -0.184     0.137
  1998 118     0.197     0.125     0.138
  1998 119     0.117     0.158     0.137
  1998 120     0.304     0.520     0.134
  1998 121     0.343     0.176     0.140
  1998 122     0.324     0.142     0.173
  1998 123     0.889    -0.362     0.440
  1998 124     3.550     0.387     0.890
  1998 125     0.379     0.525     0.500
  1998 126     0.102     0.324     0.405
  1998 127     0.000     0.101     0.525
  1998 128     0.019     0.013     1.544
  1998 129     0.041    -0.021     3.219
  1998 130     0.714     0.033     4.652
  1998 131     5.063     0.410     6.922
  1998 132     4.810     1.076     1.607
  1998 133     9.081     0.485     1.522
  1998 134     3.584     0.387     2.337
  1998 135     0.521     0.334     2.482
  1998 136     0.030     0.384     3.897
  1998 137     0.049     0.764     6.836
  1998 138     0.059     1.176     3.765
  1998 139     0.194     0.908     2.485
  1998 140     0.008     0.986     2.820
  1998 141     0.009     1.057     4.986
  1998 142     0.795     1.491     6.290
  1998 143     2.750     0.959     2.278
  1998 144     0.034     1.365     1.929
  1998 145     0.025     1.432     2.216
  1998 146     1.710     1.500     3.522
  1998 147     2.516     1.433     2.278
  1998 148     0.563     1.375     1.242
  1998 149     0.507     1.390     1.005
  1998 150     1.081     1.332     0.808
  1998 151     1.321     1.363     0.721
  1998 152     0.901     1.053     0.671
  1998 153     4.420     0.943     0.806
  1998 154     3.439     0.737     1.098
  1998 155     0.345     1.103     1.394
  1998 156     0.025     1.894     2.118
  1998 157     0.001     2.014     2.961
  1998 158     0.001     2.517     3.936
  1998 159     0.003     2.831     4.674
  1998 160     1.168     2.704     3.802
  1998 161     4.864     1.896     2.714
  1998 162     0.437     2.798     1.397
  1998 163     0.060     3.166     1.189
  1998 164     0.665     2.755     1.271
  1998 165     2.963     2.038     1.277
  1998 166     0.235     2.739     0.937
  1998 167     0.316     2.560     0.892
  1998 168     1.795     2.658     0.860
  1998 169    10.782     1.303     1.047
  1998 170     4.586     1.371     1.214
  1998 171     1.664     2.008     0.973
  1998 172     0.892     3.200     0.910
  1998 173     0.034     3.777     0.865
  1998 174     0.544     3.776     0.863
  1998 175     0.169     3.907     0.871
  1998 176     9.074     2.243     1.170
  1998 177     2.996     3.220     0.970
  1998 178     0.255     4.376     0.938
  1998 179     0.008     4.160     0.927
  1998 180     0.010     3.680     0.927
  1998 181     0.232     3.213     0.928
  1998 182     0.065     3.499     0.932
  1998 183     0.010     3.647     0.935
  1998 184     0.011     3.591     0.935
  1998 185     0.142     3.300     0.935
  1998 186     0.012     3.539     0.937
  1998 187     0.249     3.490     0.938
  1998 188     0.154     3.303     0.939
  1998 189     0.149     3.418     0.940
  1998 190     0.572     3.418     0.939
  1998 191     3.374     2.763     0.936
  1998 192     0.835     2.879     0.933
  1998 193     3.606     3.030     0.929
  1998 194     9.424     1.638     0.932
  1998 195    11.070     2.656     0.982
  1998 196     0.014     4.375     0.942
  1998 197     0.001     4.404     0.917
  1998 198     0.000     4.026     0.903
  1998 199     0.464     3.223     0.893
  1998 200     1.671     3.068     0.885
  1998 201     1.514     2.774     0.877
  1998 202     5.905     1.755     0.870
  1998 203     2.046     2.580     0.866
  1998 204     0.030     2.984     0.854
  1998 205     0.011     3.337     0.843
  1998 206     7.713     2.182     0.866
  1998 207     4.884     3.010     0.850
  1998 208     1.466     3.413     0.823
  1998 209     2.155     3.026     0.809
  1998 210     0.756     3.413     0.798
  1998 211     0.005     3.290     0.785
  1998 212     2.188     3.379     0.775
  1998 213     0.411     3.340     0.765
  1998 214     0.071     3.202     0.755
  1998 215     0.046     2.861     0.745
  1998 216     0.026     3.009     0.736
  1998 217     2.282     2.641     0.728
  1998 218     0.320     3.000     0.719
  1998 219     1.036     3.017     0.711
  1998 220     0.201     2.503     0.703
  1998 221     0.181     1.908     0.695
  1998 222     0.031     2.126     0.687
  1998 223     5.025     2.198     0.681
  1998 224     0.125     2.816     0.672
  1998 225     2.219     1.609     0.665
  1998 226     2.466     2.055     0.658
  1998 227     5.916     1.874     0.681
  1998 228     0.170     2.532     0.651
  1998 229     0.162     2.529     0.638
  1998 230     0.092     2.580     0.629
  1998 231     5.033     2.212     0.624
  1998 232     0.119     2.645     0.617
  1998 233     0.004     2.344     0.609
  1998 234     3.288     1.907     0.602
  1998 235     5.033     1.928     0.600
  1998 236     2.498     2.078     0.593
  1998 237     7.590     1.853     0.684
  1998 238     0.149     2.103     0.588
  1998 239     1.828     1.808     0.576
  1998 240     3.040     2.513     0.568
  1998 241     0.998     2.258     0.559
  1998 242     0.286     2.284     0.552
  1998 243     6.840     2.323     0.549
  1998 244     5.350     2.192     0.557
  1998 245     0.135     1.643     0.544
  1998 246     3.328     1.374     0.536
  1998 247     2.234     1.443     0.532
  1998 248     2.481     1.961     0.525
  1998 249     2.658     1.813     0.517
  1998 250     0.415     1.395     0.510
  1998 251     2.275     1.551     0.504
  1998 252     1.133     1.440     0.500
  1998 253    11.459     1.255     0.555
  1998 254     0.015     2.157     0.511
  1998 255     1.361     1.822     0.494
  1998 256     6.311     1.253     0.496
  1998 257     1.385     1.912     0.491
  1998 258     0.180     1.690     0.479
  1998 259     0.334     1.498     0.471
  1998 260    11.207     1.592     0.506
  1998 261     0.691     1.346     0.484
  1998 262     1.391     1.139     0.471
  1998 263     1.458     1.282     0.467
  1998 264     0.302     1.020     0.460
  1998 265     4.967     0.765     0.461
  1998 266     4.354     0.946     0.476
  1998 267     1.286     0.698     0.468
  1998 268     0.408     0.880     0.460
  1998 269     1.335     0.720     0.455
  1998 270     0.896     0.648     0.452
  1998 271     3.496     0.904     0.454
  1998 272     0.373     0.997     0.452
  1998 273     0.651     1.010     0.447
  1998 274     0.424     0.773     0.444
  1998 275     0.026     0.754     0.441
  1998 276     0.002     0.718     0.438
  1998 277     0.026     0.691     0.435
  1998 278     1.796     0.376     0.434
  1998 279     1.067     0.569     0.436
  1998 280     2.218     0.665     0.434
  1998 281     4.377     0.536     0.450
  1998 282     0.605     0.703     0.445
  1998 283     0.001     0.501     0.440
  1998 284     0.027     0.392     0.438
  1998 285     0.106     0.295     0.437
  1998 286     0.652     0.379     0.435
  1998 287     2.056     0.303     0.436
  1998 288     3.245     0.176     0.437
  1998 289     0.681     0.445     0.436
  1998 290     0.317     0.396     0.433
  1998 291     0.557     0.358     0.430
  1998 292     0.590     0.304     0.428
  1998 293     0.041     0.151     0.425
  1998 294     0.006     0.098     0.426
  1998 295     0.161     0.208     0.423
  1998 296     0.125     0.330     0.422
  1998 297     0.003     0.249     0.417
  1998 298     0.002     0.135     0.416
  1998 299     0.807     0.320     0.432
  1998 300     0.569     0.802     0.423
  1998 301     0.018     0.316     0.412
  1998 302     0.876     0.212     0.413
  1998 303     4.160     0.306     0.413
  1998 304     0.736     0.312     0.408
  1998 305     0.035     0.122     0.412
  1998 306     0.060     0.111     0.445
  1998 307     0.148     0.065     0.423
  1998 308     0.173     0.046     0.409
  1998 309     0.126     0.025     0.398
  1998 310     0.165     0.018     0.395
  1998 311     0.138     0.017     0.394
  1998 312     0.170     0.021     0.389
  1998 313     0.414     0.042     0.387
  1998 314     0.738     0.048     0.384
  1998 315     0.385     0.163     0.381
  1998 316     0.080     0.046     0.379
  1998 317     0.033    -0.024     0.376
  1998 318     1.157     0.077     0.374
  1998 319     1.239     0.112     0.372
  1998 320     0.435     0.045     0.369
  1998 321     0.379     0.039     0.367
  1998 322     1.963     0.059     0.364
  1998 323     0.598     0.067     0.362
  1998 324     0.521     0.054     0.359
  1998 325     1.712     0.152     0.357
  1998 326     5.166     0.223     0.354
  1998 327     2.967     0.087     0.351
  1998 328     0.300     0.064     0.349
  1998 329     0.337     0.147     0.346
  1998 330     1.010     0.171     0.343
  1998 331     4.694     0.096     0.341
  1998 332     0.652     0.109     0.338
  1998 333     4.534     0.138     0.335
  1998 334     0.899     0.141     0.333
  1998 335     0.764     0.233     0.330
  1998 336     0.228     0.023     0.327
  1998 337     0.094    -0.026     0.324
  1998 338     0.023    -0.034     0.322
  1998 339     0.175    -0.008     0.319
  1998 340     0.303     0.020     0.316
  1998 341     0.257    -0.000     0.313
  1998 342     0.215     0.021     0.310
  1998 343     0.145    -0.022     0.307
  1998 344     0.328     0.001     0.305
  1998 345     0.942    -0.021     0.302
  1998 346     0.388     0.086     0.299
  1998 347     0.073     0.041     0.297
  1998 348     0.552     0.016     0.294
  1998 349     0.668     0.059     0.292
  1998 350     0.141     0.007     0.289
  1998 351     0.010    -0.020     0.287
  1998 352     0.138     0.012     0.284
  1998 353     0.277     0.040     0.282
  1998 354     0.251     0.024     0.279
  1998 355     0.157    -0.001     0.277
  1998 356     0.580     0.064     0.275
  1998 357     0.397     0.064     0.272
  1998 358     0.195     0.022     0.270
  1998 359     0.322     0.019     0.268
  1998 360     1.322     0.043     0.266
  1998 361     0.623     0.059     0.263
  1998 362     0.286     0.028     0.261
  1998 363     0.181     0.034     0.259
  1998 364     0.231     0.023     0.257
  1998 365     0.042    -0.006     0.255
  1999   1     0.029    -0.008     0.253
  1999   2     0.186     0.005     0.251
  1999   3     0.038    -0.013     0.249
  1999   4     0.078    -0.007     0.246
  1999   5     0.171     0.017     0.244
  1999   6     0.331     0.070     0.242
  1999   7     0.327     0.071     0.240
  1999   8     0.363     0.072     0.238
  1999   9     0.401     0.067     0.236
  1999  10     0.309     0.044     0.234
  1999  11     0.129     0.006     0.232
  1999  12     0.034    -0.003     0.230
  1999  13     0.366     0.038     0.228
  1999  14     1.205     0.081     0.226
  1999  15     1.256     0.073     0.224
  1999  16     1.003     0.097     0.222
  1999  17     0.457     0.086     0.220
  1999  18     0.135     0.021     0.218
  1999  19     0.115     0.003     0.216
  1999  20     0.248     0.005     0.214
  1999  21     0.701     0.019     0.212
  1999  22     0.044    -0.005     0.210
  1999  23     0.605     0.034     0.208
  1999  24     0.201     0.027     0.206
  1999  25     0.333     0.025     0.204
  1999  26     0.042     0.000     0.202
  1999  27     0.786     0.029     0.201
  1999  28     0.699     0.050     0.199
  1999  29     1.011     0.054     0.197
  1999  30     1.778     0.111     0.195
  1999  31     0.100     0.066     0.193
  1999  32     4.323     0.122     0.191
  1999  33     3.094     0.174     0.190
  1999  34     1.334     0.232     0.188
  1999  35     0.164     0.055     0.186
  1999  36     0.000     0.007     0.184
  1999  37     0.043     0.036     0.183
  1999  38     0.208     0.127     0.181
  1999  39     0.654     0.115     0.179
  1999  40     0.046     0.049     0.178
  1999  41     1.651     0.076     0.176
  1999  42     2.865     0.092     0.175
  1999  43     1.369     0.122     0.173
  1999  44     0.845     0.162     0.172
  1999  45     0.132     0.044     0.170
  1999  46     0.035     0.012     0.169
  1999  47     0.002     0.044     0.167
  1999  48     0.003     0.021     0.166
  1999  49     0.005     0.021     0.164
  1999  50     0.001     0.024     0.163
  1999  51     0.008     0.022     0.161
  1999  52     0.045    -0.022     0.160
  1999  53     0.031    -0.076     0.159
  1999  54     0.340     0.015     0.157
  1999  55     0.427     0.053     0.156
  1999  56     1.545     0.043     0.155
  1999  57     3.372     0.156     0.153
  1999  58     0.756     0.163     0.152
  1999  59     2.128     0.178     0.151
  1999  60     1.639     0.206     0.150
  1999  61     0.258     0.090     0.148
  1999  62     0.094     0.054     0.147
  1999  63     0.048     0.034     0.146
  1999  64     0.010     0.041     0.145
  1999  65     0.063     0.052     0.144
  1999  66     0.135     0.057     0.142
  1999  67     0.380     0.075     0.141
  1999  68     0.990     0.159     0.140
  1999  69     0.850     0.150     0.139
  1999  70     0.838     0.200     0.138
  1999  71     0.140     0.142     0.137
  1999  72     0.014     0.099     0.136
  1999  73     0.151     0.139     0.135
  1999  74     7.327     0.202     0.134
  1999  75     3.613     0.263     0.133
  1999  76     1.153     0.269     0.132
  1999  77     0.213     0.217     0.131
  1999  78     0.066     0.265     0.130
  1999  79     0.259     0.305     0.129
  1999  80     0.021     0.136     0.128
  1999  81     0.505     0.156     0.127
  1999  82     0.265     0.131     0.126
  1999  83     0.008     0.152     0.125
  1999  84     0.000    -0.100     0.124
  1999  85     0.619    -0.125     0.123
  1999  86     6.279     0.078     0.123
  1999  87     1.358     0.554     0.122
  1999  88     0.437     0.310     0.121
  1999  89     0.063     0.141     0.120
  1999  90     0.397     0.187     0.119
  1999  91     0.416     0.135     0.118
  1999  92     0.249     0.335     0.117
  1999  93     0.000     0.095     0.117
  1999  94     0.519     0.308     0.116
  1999  95     2.162     0.446     0.115
  1999  96     0.860     0.255     0.114
  1999  97     0.507     0.153     0.114
  1999  98     0.128     0.091     0.113
  1999  99     9.853     0.414     0.112
  1999 100     4.035     0.360     0.111
  1999 101     0.096     0.323     0.111
  1999 102     0.001     0.105     0.110
  1999 103     1.994     0.005     0.109
  1999 104    19.023     0.418     0.108
  1999 105     7.955     0.659     0.108
  1999 106     1.322     0.629     0.107
  1999 107     0.279     0.544     0.106
  1999 108     0.381     0.417     0.106
  1999 109     1.109     0.382     0.105
  1999 110     0.357     0.321     0.105
  1999 111     0.218     0.333     0.104
  1999 112     0.041     0.123     0.103
  1999 113     0.009    -0.167     0.103
  1999 114     0.747     0.036     0.174
  1999 115     0.024     0.318     0.179
  1999 116     0.025     0.077     0.262
  1999 117    12.378     0.360     0.387
  1999 118     3.086     0.694     0.385
  1999 119     9.900     0.541     0.234
  1999 120     2.860     0.915     0.173
  1999 121     4.120     0.102     0.555
  1999 122     5.270     0.178     1.371
  1999 123     0.384     0.368     1.855
  1999 124     2.163     0.397     4.010
  1999 125     7.417     0.378     8.840
  1999 126     7.643     1.071     2.024
  1999 127     1.238     1.102     0.770
  1999 128     0.660     0.990     0.589
  1999 129     0.000     0.575     0.522
  1999 130     0.000     0.527     0.624
  1999 131     0.001     0.820     0.708
  1999 132     0.244     0.475     1.090
  1999 133     0.001     0.666     2.535
  1999 134     0.044     0.851     3.091
  1999 135     9.621     0.412     4.497
  1999 136     8.316     1.192     1.322
  1999 137     0.313     0.758     0.895
  1999 138     0.025     0.849     1.170
  1999 139     0.003     1.164     1.919
  1999 140     0.002     1.755     1.721
  1999 141     0.006     2.127     1.754
  1999 142     0.000     2.436     2.265
  1999 143     2.508     1.772     2.546
  1999 144     0.389     2.524     1.161
  1999 145     0.628     2.530     1.363
  1999 146     1.761     2.374     1.573
  1999 147     0.879     3.075     0.964
  1999 148     0.558     2.349     0.712
  1999 149     2.275     1.505     0.665
  1999 150     0.039     2.497     0.586
  1999 151     0.009     3.449     0.507
  1999 152     0.614     3.392     0.476
  1999 153     0.426     3.150     0.513
  1999 154     0.028     3.480     0.597
  1999 155     2.935     1.888     0.705
  1999 156    10.849     2.227     1.023
  1999 157     0.527     2.813     0.917
  1999 158     0.261     2.624     0.799
  1999 159     1.121     2.519     0.717
  1999 160    10.490     1.795     0.739
  1999 161     5.625     2.142     0.701
  1999 162     4.022     2.402     0.690
  1999 163     0.311     2.627     0.600
  1999 164     0.663     2.696     0.534
  1999 165     0.142     2.078     0.490
  1999 166     0.001     3.374     0.455
  1999 167     0.000     3.450     0.431
  1999 168     0.352     3.533     0.417
  1999 169     0.052     3.044     0.405
  1999 170     0.336     3.740     0.398
  1999 171     2.059     3.723     0.391
  1999 172     0.297     3.370     0.387
  1999 173    17.506     2.487     0.714
  1999 174     3.443     3.474     0.553
  1999 175     6.809     2.526     0.536
  1999 176     0.912     2.772     0.508
  1999 177     0.162     2.407     0.482
  1999 178     0.099     2.834     0.478
  1999 179     0.280     3.215     0.478
  1999 180     4.253     2.979     0.576
  1999 181     1.959     2.582     0.547
  1999 182     1.092     3.301     0.534
  1999 183     0.077     3.978     0.530
  1999 184     0.266     3.279     0.532
  1999 185     0.863     3.019     0.541
  1999 186     1.665     2.556     0.553
  1999 187     3.028     2.235     0.565
  1999 188     1.133     3.709     0.577
  1999 189     0.033     3.335     0.577
  1999 190     1.617     3.825     0.579
  1999 191     4.269     3.603     0.593
  1999 192     0.339     4.115     0.603
  1999 193     0.013     3.730     0.595
  1999 194     1.292     2.651     0.594
  1999 195     0.822     3.299     0.596
  1999 196     2.276     2.923     0.600
  1999 197     0.263     3.004     0.600
  1999 198     6.244     2.596     0.613
  1999 199     1.594     3.518     0.621
  1999 200     0.029     3.656     0.607
  1999 201     1.554     2.959     0.603
  1999 202     2.979     3.310     0.654
  1999 203     0.662     3.232     0.605
  1999 204     1.468     3.438     0.601
  1999 205     1.488     2.827     0.598
  1999 206    49.170     1.761     2.992
  1999 207    15.392     2.452     1.893
  1999 208     0.487     3.624     0.756
  1999 209     0.504     3.315     0.675
  1999 210     0.920     2.870     0.653
  1999 211     3.516     1.999     0.648
  1999 212     1.548     2.425     0.658
  1999 213     0.061     3.069     0.650
  1999 214     0.884     3.027     0.646
  1999 215     0.426     3.170     0.647
  1999 216     0.148     3.143     0.646
  1999 217     0.403     3.031     0.647
  1999 218     1.569     2.562     0.648
  1999 219     0.122     2.478     0.648
  1999 220     7.778     1.927     0.669
  1999 221    36.394     1.496     3.244
  1999 222     4.853     1.728     1.294
  1999 223     6.110     2.279     1.377
  1999 224     2.579     3.011     0.899
  1999 225     0.746     2.794     0.752
  1999 226     3.837     1.867     0.781
  1999 227     0.230     2.811     0.758
  1999 228     0.000     2.857     0.751
  1999 229     0.000     2.819     0.754
  1999 230     0.150     2.837     0.761
  1999 231     1.047     2.692     0.768
  1999 232     0.064     2.767     0.774
  1999 233     1.944     2.593     0.779
  1999 234     1.741     2.340     0.786
  1999 235     7.114     1.647     0.824
  1999 236     0.730     2.338     0.806
  1999 237     1.408     1.999     0.822
  1999 238    12.503     3.192     1.351
  1999 239     5.217     2.959     1.165
  1999 240     0.129     2.708     0.827
  1999 241     0.118     2.699     0.815
  1999 242     4.147     1.511     1.237
  1999 243    13.988     1.530     1.335
  1999 244    22.759     1.285     3.699
  1999 245     0.815     1.403     1.358
  1999 246     1.088     2.008     1.172
  1999 247     0.000     2.052     0.927
  1999 248     0.093     2.038     0.913
  1999 249     1.460     1.409     0.917
  1999 250     3.144     1.564     0.959
  1999 251     7.517     1.420     1.043
  1999 252     6.239     1.630     1.151
  1999 253     1.100     1.136     1.043
  1999 254     0.368     1.155     1.001
  1999 255     0.445     1.046     0.991
  1999 256     0.664     0.971     0.984
  1999 257     0.164     1.458     0.978
  1999 258     0.436     1.566     0.968
  1999 259     0.207     1.261     0.960
  1999 260    13.863     0.737     1.055
  1999 261     4.905     1.281     1.059
  1999 262     0.385     0.866     0.991
  1999 263     0.323     0.735     1.110
  1999 264     0.538     1.490     1.214
  1999 265     0.597     1.098     0.977
  1999 266     0.064     1.181     0.944
  1999 267     3.928     1.188     1.237
  1999 268     2.599     1.653     1.149
  1999 269     0.657     1.294     0.955
  1999 270     0.200     0.963     0.946
  1999 271     1.153     0.849     0.945
  1999 272     0.724     0.622     0.942
  1999 273     1.951     0.902     0.943
  1999 274     0.497     0.592     0.940
  1999 275     0.306     0.502     0.936
  1999 276     0.833     0.434     0.933
  1999 277     0.315     0.432     0.926
  1999 278     0.390     0.396     0.920
  1999 279     0.022     0.310     0.929
  1999 280     0.427     0.424     0.953
  1999 281     2.076     0.234     0.973
  1999 282     0.669     0.285     0.955
  1999 283     0.785     0.781     0.917
  1999 284     0.415     0.386     0.893
  1999 285     0.235     0.316     0.900
  1999 286     0.006     0.222     0.941
  1999 287     1.191     0.174     0.951
  1999 288     0.287     0.295     0.918
  1999 289     0.158     0.274     0.930
  1999 290     3.471     0.305     0.934
  1999 291     2.408     0.378     0.879
  1999 292     1.096     0.235     0.841
  1999 293     2.446     0.106     0.889
  1999 294     0.911     0.393     0.887
  1999 295     0.243     0.140     0.838
  1999 296     0.681     0.186     0.835
  1999 297     0.238     0.163     0.824
  1999 298     0.469     0.139     0.812
  1999 299     0.261     0.160     0.804
  1999 300     0.894     0.186     0.801
  1999 301     0.335     0.163     0.795
  1999 302     2.295     0.164     0.783
  1999 303     1.401     0.159     0.784
  1999 304     0.220     0.117     0.784
  1999 305     0.482     0.294     0.759
  1999 306     0.015    -0.028     0.729
  1999 307     1.092     0.056     0.748
  1999 308     8.637     0.213     0.741
  1999 309     3.672     0.479     0.722
  1999 310     0.081     0.072     0.715
  1999 311     0.389     0.108     0.728
  1999 312     4.410     0.128     0.718
  1999 313     1.174     0.226     0.708
  1999 314     1.481     0.326     0.688
  1999 315     2.165     0.165     0.682
  1999 316     6.226     0.142     0.666
  1999 317     4.491     0.335     0.653
  1999 318     0.195     0.113     0.640
  1999 319     0.461     0.212     0.634
  1999 320     0.850     0.072     0.625
  1999 321     0.045    -0.007     0.631
  1999 322     1.755     0.077     0.621
  1999 323     0.455     0.057     0.620
  1999 324     0.041    -0.005     0.592
  1999 325     1.406     0.074     0.562
  1999 326     4.166     0.082     0.548
  1999 327     0.988     0.061     0.541
  1999 328     0.580     0.049     0.534
  1999 329     0.304     0.033     0.527
  1999 330     0.215     0.023     0.522
  1999 331     0.265     0.013     0.516
  1999 332     0.368     0.013     0.510
  1999 333     0.637     0.063     0.505
  1999 334     2.579     0.081     0.500
  1999 335     6.148     0.513     0.494
  1999 336     0.182     0.162     0.489
  1999 337     0.471     0.034     0.484
  1999 338     0.774     0.022     0.479
  1999 339     0.486     0.177     0.474
  1999 340     1.520     0.248     0.469
  1999 341     0.289    -0.016     0.464
  1999 342     1.769     0.064     0.459
  1999 343     0.253     0.023     0.454
  1999 344     1.558     0.061     0.449
  1999 345     0.504     0.049     0.445
  1999 346     0.196     0.029     0.440
  1999 347     2.608     0.032     0.435
  1999 348     2.262     0.088     0.430
  1999 349     0.080     0.000     0.425
  1999 350     0.003     0.000     0.421
  1999 351     0.796     0.052     0.416
  1999 352     0.069    -0.008     0.412
  1999 353     1.353     0.071     0.407
  1999 354     0.149     0.024     0.403
  1999 355     0.096     0.002     0.398
  1999 356     0.115     0.005     0.394
  1999 357     0.128     0.036     0.390
  1999 358     0.098    -0.020     0.386
  1999 359     4.083     0.579     0.382
  1999 360     0.083     0.034     0.378
  1999 361     3.973     0.070     0.374
  1999 362     0.156    -0.001     0.370
  1999 363     0.039    -0.006     0.367
  1999 364     0.151     0.004     0.363
  1999 365     0.194     0.023     0.359
  2000   1     0.056    -0.012     0.356
  2000   2     0.092     0.007     0.352
  2000   3     0.224     0.030     0.349
  2000   4     0.104    -0.003     0.345
  2000   5     0.034    -0.009     0.342
  2000   6     0.062    -0.010     0.339
  2000   7     0.618     0.015     0.335
  2000   8     0.291     0.027     0.332
  2000   9     8.043     0.083     0.329
  2000  10     3.135     0.076     0.326
  2000  11     0.014     0.002     0.323
  2000  12     0.023    -0.005     0.320
  2000  13     0.015    -0.009     0.317
  2000  14     0.034    -0.004     0.314
  2000  15     0.017    -0.010     0.311
  2000  16     0.007    -0.010     0.308
  2000  17     1.511     0.037     0.305
  2000  18     0.527     0.020     0.302
  2000  19     0.097    -0.007     0.299
  2000  20     0.062    -0.001     0.296
  2000  21     0.394     0.021     0.294
  2000  22     0.462     0.023     0.291
  2000  23     1.557     0.042     0.288
  2000  24     0.321     0.060     0.285
  2000  25     0.299     0.035     0.282
  2000  26     0.171     0.006     0.280
  2000  27     0.017    -0.038     0.277
  2000  28     0.004    -0.060     0.274
  2000  29     0.001    -0.054     0.271
  2000  30     0.575     0.082     0.269
  2000  31     0.122    -0.002     0.266
  2000  32     0.047    -0.058     0.263
  2000  33     0.295     0.036     0.261
  2000  34     0.069    -0.037     0.258
  2000  35     0.218    -0.033     0.256
  2000  36     0.118     0.017     0.253
  2000  37     0.564     0.054     0.250
  2000  38     0.609     0.014     0.248
  2000  39     0.589     0.113     0.245
  2000  40     0.200     0.069     0.243
  2000  41     0.404     0.093     0.240
  2000  42     0.393     0.089     0.238
  2000  43     0.039    -0.003     0.236
  2000  44     0.154     0.035     0.233
  2000  45     0.299     0.065     0.231
  2000  46     0.059     0.019     0.229
  2000  47     0.025     0.004     0.226
  2000  48     0.071     0.010     0.224
  2000  49     0.262     0.017     0.222
  2000  50     0.848     0.032     0.220
  2000  51     0.327     0.035     0.217
  2000  52     0.194     0.087     0.215
  2000  53     0.816     0.163     0.213
  2000  54     0.020     0.025     0.211
  2000  55     5.144     0.203     0.209
  2000  56     4.257     0.097     0.207
  2000  57     0.672     0.212     0.205
  2000  58     0.279     0.117     0.203
  2000  59     0.297     0.119     0.201
  2000  60     0.379     0.142     0.199
  2000  61     0.193     0.089     0.197
  2000  62     0.262     0.083     0.195
  2000  63     1.860     0.277     0.193
  2000  64     2.034     0.104     0.191
  2000  65     2.301     0.140     0.189
  2000  66     0.758     0.147     0.188
  2000  67     1.370     0.140     0.186
  2000  68     0.044     0.049     0.184
  2000  69     0.001     0.127     0.182
  2000  70     0.316     0.076     0.181
  2000  71     0.143     0.090     0.179
  2000  72     0.338     0.137     0.177
  2000  73     0.110     0.082     0.176
  2000  74     0.110     0.085     0.174
  2000  75     0.051     0.047     0.173
  2000  76     0.006     0.059     0.171
  2000  77     1.718     0.139     0.170
  2000  78     0.588     0.190     0.168
  2000  79     2.637     0.267     0.167
  2000  80     8.273     0.162     0.165
  2000  81     0.720     0.297     0.164
  2000  82     1.322     0.311     0.162
  2000  83     3.390     0.179     0.161
  2000  84     7.651     0.289     0.159
  2000  85     0.671     0.427     0.158
  2000  86     0.909     0.329     0.157
  2000  87     0.625     0.332     0.155
  2000  88     0.234     0.298     0.154
  2000  89     0.087     0.233     0.153
  2000  90     1.319     0.153     0.152
  2000  91     0.371     0.148     0.150
  2000  92     0.174     0.150     0.149
  2000  93     0.527     0.309     0.148
  2000  94     0.275     0.213     0.147
  2000  95     0.333     0.226     0.145
  2000  96     5.963     0.346     0.144
  2000  97     0.308     0.302     0.143
  2000  98     0.258     0.281     0.142
  2000  99     0.178     0.232     0.141
  2000 100     0.141     0.203     0.140
  2000 101     0.107     0.204     0.139
  2000 102     0.073     0.167     0.138
  2000 103     0.832     0.207     0.137
  2000 104     0.930     0.207     0.135
  2000 105     0.286     0.226     0.134
  2000 106     0.038     0.165     0.133
  2000 107     0.037     0.341     0.132
  2000 108     1.413     0.218     0.131
  2000 109     0.746     0.303     0.130
  2000 110     0.348     0.284     0.129
  2000 111     0.117    -0.042     0.128
  2000 112     0.414     0.227     0.127
  2000 113     0.117     0.156     0.127
  2000 114     0.061    -0.186     0.126
  2000 115     1.044     0.010     0.125
  2000 116     0.693     0.045     0.124
  2000 117     3.748     0.252     0.124
  2000 118     1.631     0.632     0.123
  2000 119     0.014     0.080     0.122
  2000 120     0.293     0.219     0.122
  2000 121     3.944     0.423     0.128
  2000 122     0.041     0.190     0.130
  2000 123     1.430    -0.003     0.253
  2000 124     0.036    -0.022     0.684
  2000 125     6.302     0.086     2.787
  2000 126    13.383     0.484     5.708
  2000 127     6.049     0.634     2.025
  2000 128     0.758     0.767     0.752
  2000 129     3.461     0.657     0.592
  2000 130     2.550     0.832     0.475
  2000 131     0.537     0.741     0.376
  2000 132     0.558     0.610     0.318
  2000 133     0.275     0.490     0.264
  2000 134     0.092     0.365     0.252
  2000 135     0.131     0.383     0.294
  2000 136     0.345     0.499     0.306
  2000 137     1.967     0.561     0.218
  2000 138     0.248     0.626     0.187
  2000 139     0.009     0.233     0.245
  2000 140     0.176     0.341     0.364
  2000 141     0.921     0.247     0.646
  2000 142     4.215     0.265     1.960
  2000 143     1.465     0.695     1.271
  2000 144     1.087     0.634     1.063
  2000 145     0.347     0.790     1.094
  2000 146     0.177     0.819     0.853
  2000 147     0.490     0.622     1.224
  2000 148     2.592     0.585     3.608
  2000 149     5.000     0.454     5.369
  2000 150    17.807     0.326     4.225
  2000 151    12.867     0.527     3.038
  2000 152     1.102     1.233     1.494
  2000 153     0.796     0.967     0.843
  2000 154     1.468     1.039     1.084
  2000 155     0.085     1.073     1.404
  2000 156     1.390     1.012     2.352
  2000 157     3.527     1.407     0.750
  2000 158     0.051     0.938     1.097
  2000 159     0.099     0.999     1.130
  2000 160     0.305     1.306     0.749
  2000 161     0.109     1.284     0.935
  2000 162     0.038     1.655     1.403
  2000 163     0.000     1.302     1.875
  2000 164     2.084     0.775     2.634
  2000 165     1.078     1.043     2.366
  2000 166     0.733     0.789     2.299
  2000 167     0.794     1.395     2.350
  2000 168     0.139     1.880     3.022
  2000 169     0.396     2.392     3.675
  2000 170     0.057     2.396     3.285
  2000 171     0.058     2.640     3.900
  2000 172     0.013     2.685     3.535
  2000 173     0.087     2.572     2.420
  2000 174     1.618     2.122     2.169
  2000 175     1.477     2.402     2.175
  2000 176     1.082     2.272     1.660
  2000 177     2.106     2.305     1.261
  2000 178     1.450     2.419     1.221
  2000 179     1.471     2.541     0.963
  2000 180     2.870     2.617     0.981
  2000 181     2.955     2.626     0.921
  2000 182     0.986     3.207     0.856
  2000 183     0.523     2.585     0.829
  2000 184     0.198     2.730     0.791
  2000 185     0.031     3.322     0.776
  2000 186     0.012     3.539     0.772
  2000 187     0.053     3.136     0.778
  2000 188     0.937     3.447     0.785
  2000 189     3.209     2.588     0.803
  2000 190     1.846     2.963     0.824
  2000 191     0.108     3.226     0.834
  2000 192     0.000     3.332     0.840
  2000 193     0.343     2.936     0.846
  2000 194     3.336     2.040     0.863
  2000 195     0.699     3.058     0.864
  2000 196     2.670     3.904     0.863
  2000 197    15.126     2.867     1.022
  2000 198     9.662     2.964     1.488
  2000 199     0.008     3.224     0.956
  2000 200     0.009     3.305     0.917
  2000 201     0.021     2.364     0.905
  2000 202     0.000     3.285     0.899
  2000 203     0.010     3.742     0.894
  2000 204     2.001     2.881     0.892
  2000 205     0.377     3.493     0.890
  2000 206     0.196     3.401     0.887
  2000 207     0.278     3.215     0.883
  2000 208     0.083     3.539     0.879
  2000 209     1.580     2.894     0.875
  2000 210     5.592     3.640     0.889
  2000 211     3.026     3.813     0.883
  2000 212     1.295     4.359     0.897
  2000 213     1.059     3.012     0.862
  2000 214     0.010     2.960     0.854
  2000 215     0.000     2.941     0.844
  2000 216     0.151     2.834     0.836
  2000 217     0.258     2.571     0.828
  2000 218     0.058     2.942     0.820
  2000 219     0.011     2.723     0.808
  2000 220     0.082     2.551     0.798
  2000 221     0.009     2.245     0.790
  2000 222     4.700     1.478     0.783
  2000 223     1.251     2.034     0.777
  2000 224     2.119     2.040     0.771
  2000 225     9.904     1.508     1.248
  2000 226     2.310     2.431     0.800
  2000 227     5.221     2.075     0.774
  2000 228     1.770     2.683     0.772
  2000 229     3.572     2.908     0.759
  2000 230     0.267     2.881     0.755
  2000 231     0.001     2.596     0.733
  2000 232     0.010     2.894     0.721
  2000 233     1.860     2.183     0.712
  2000 234     4.082     1.646     0.753
  2000 235     1.588     2.272     0.720
  2000 236     1.442     2.088     0.705
  2000 237     0.264     2.840     0.697
  2000 238     0.092     2.423     0.687
  2000 239     0.123     1.881     0.678
  2000 240    14.055     1.638     0.710
  2000 241     1.419     2.070     0.679
  2000 242     1.229     2.367     0.668
  2000 243     0.575     1.771     0.656
  2000 244     0.079     2.022     0.647
  2000 245     0.091     2.058     0.638
  2000 246     0.005     2.011     0.630
  2000 247     0.002     1.869     0.623
  2000 248     0.285     1.797     0.615
  2000 249     1.505     1.621     0.608
  2000 250     1.130     1.259     0.601
  2000 251     0.319     1.542     0.595
  2000 252     0.019     1.892     0.588
  2000 253     6.174     1.288     0.595
  2000 254    40.291     1.816     1.921
  2000 255    13.495     1.665     1.066
  2000 256     2.484     1.475     0.760
  2000 257     0.870     1.384     0.659
  2000 258     0.096     1.428     0.621
  2000 259     0.801     1.459     0.605
  2000 260     0.271     1.665     0.593
  2000 261     0.365     1.196     0.582
  2000 262     0.098     0.783     0.576
  2000 263     0.163     1.000     0.571
  2000 264     3.183     0.750     0.571
  2000 265     1.621     0.910     0.566
  2000 266     0.554     0.977     0.563
  2000 267     2.555     0.857     0.563
  2000 268     2.194     1.266     0.565
  2000 269     0.684     1.097     0.561
  2000 270     0.888     0.938     0.557
  2000 271     0.202     0.577     0.553
  2000 272     2.575     0.480     0.552
  2000 273     3.387     0.623     0.555
  2000 274     2.179     0.348     0.562
  2000 275     9.539     0.511     0.674
  2000 276     2.545     0.616     0.599
  2000 277     1.894     0.749     0.580
  2000 278     2.123     0.649     0.568
  2000 279     1.306     0.562     0.564
  2000 280     0.186     0.250     0.557
  2000 281     0.000     0.624     0.555
  2000 282     0.000     0.241     0.557
  2000 283     0.000     0.156     0.560
  2000 284     0.014     0.240     0.565
  2000 285     3.440     0.352     0.583
  2000 286     0.243     0.405     0.569
  2000 287     0.573     0.400     0.561
  2000 288     1.080     0.338     0.554
  2000 289     1.457     0.230     0.566
  2000 290     0.104     0.099     0.561
  2000 291     0.160     0.259     0.559
  2000 292     1.539     0.285     0.558
  2000 293     7.986     0.389     0.580
  2000 294     0.952     0.435     0.561
  2000 295     7.317     0.337     0.554
  2000 296     2.442     0.522     0.584
  2000 297     0.667     0.091     0.579
  2000 298     1.990     0.073     0.596
  2000 299     1.214     0.217     0.598
  2000 300     2.237     0.443     0.574
  2000 301     0.256     0.440     0.564
  2000 302     0.595     0.152     0.561
  2000 303     2.830     0.201     0.594
  2000 304     3.333     0.058     0.647
  2000 305     0.697     0.228     0.597
  2000 306     0.345     0.143     0.568
  2000 307     1.177     0.134     0.562
  2000 308     0.752     0.279     0.562
  2000 309     0.751     0.131     0.564
  2000 310     1.977     0.186     0.570
  2000 311     0.121     0.018     0.597
  2000 312     0.397     0.033     0.646
  2000 313     2.858     0.186     0.673
  2000 314     0.865     0.184     0.653
  2000 315     0.185     0.059     0.611
  2000 316     0.090     0.001     0.581
  2000 317     0.077    -0.008     0.565
  2000 318     0.225     0.040     0.554
  2000 319     5.104     0.102     0.547
  2000 320     1.102     0.181     0.544
  2000 321     0.369     0.031     0.539
  2000 322     0.683     0.038     0.531
  2000 323     0.139     0.022     0.525
  2000 324     0.083    -0.009     0.520
  2000 325     0.422     0.044     0.515
  2000 326     0.070    -0.004     0.511
  2000 327     0.111     0.022     0.507
  2000 328     0.311     0.040     0.504
  2000 329     1.548     0.016     0.500
  2000 330     0.165    -0.018     0.497
  2000 331     1.931     0.066     0.493
  2000 332     0.729     0.100     0.490
  2000 333     1.303     0.031     0.486
  2000 334     0.250     0.003     0.482
  2000 335     0.091    -0.014     0.478
  2000 336     0.196    -0.016     0.474
  2000 337     0.310     0.080     0.470
  2000 338     0.847     0.198     0.466
  2000 339     0.211     0.071     0.462
  2000 340     0.043    -0.004     0.458
  2000 341     0.026     0.001     0.454
  2000 342     0.056    -0.003     0.449
  2000 343     0.057     0.001     0.445
  2000 344     1.727     0.059     0.440
  2000 345     1.401     0.081     0.435
  2000 346     0.325     0.037     0.431
  2000 347     0.684     0.048     0.427
  2000 348     0.189     0.024     0.422
  2000 349     0.064     0.006     0.418
  2000 350     0.040    -0.003     0.414
  2000 351     0.014    -0.006     0.410
  2000 352     0.017     0.001     0.406
  2000 353     0.122     0.016     0.402
  2000 354     0.127     0.012     0.398
  2000 355     0.044    -0.002     0.394
  2000 356     0.300     0.007     0.390
  2000 357     0.150     0.005     0.386
  2000 358     0.033    -0.006     0.382
  2000 359     0.113     0.019     0.378
  2000 360     0.190     0.024     0.374
  2000 361     0.385     0.012     0.370
  2000 362     0.398     0.021     0.367
  2000 363     0.463     0.026     0.363
  2000 364     0.220     0.008     0.359
  2000 365     0.116    -0.004     0.356
  2000 366     0.129     0.008     0.352
  2001   1     2.996     0.050     0.349
  2001   2     0.720     0.024     0.345
  2001   3     0.639     0.014     0.342
  2001   4     5.067     0.118     0.338
  2001   5     0.708     0.035     0.335
  2001   6     0.677     0.029     0.331
  2001   7     0.335     0.007     0.328
  2001   8     1.679     0.074     0.324
  2001   9     0.335     0.065     0.321
  2001  10     0.117    -0.016     0.317
  2001  11     0.199     0.003     0.314
  2001  12     0.262     0.074     0.311
  2001  13     0.021    -0.005     0.307
  2001  14     0.289     0.002     0.304
  2001  15     0.078    -0.001     0.300
  2001  16     2.283     0.071     0.297
  2001  17     0.782     0.062     0.294
  2001  18     0.108     0.003     0.291
  2001  19     0.759     0.088     0.287
  2001  20     0.234     0.021     0.284
  2001  21     0.100    -0.042     0.281
  2001  22     0.506     0.182     0.278
  2001  23     0.216     0.066     0.275
  2001  24     0.327     0.148     0.272
  2001  25     1.496     0.087     0.269
  2001  26     0.303    -0.002     0.266
  2001  27     0.142     0.015     0.263
  2001  28     2.088     0.086     0.260
  2001  29     0.068     0.016     0.257
  2001  30     1.609     0.064     0.254
  2001  31     0.106     0.010     0.251
  2001  32     1.475     0.102     0.248
  2001  33     1.575     0.129     0.246
  2001  34     0.067     0.013     0.243
  2001  35     1.210     0.056     0.240
  2001  36     0.659     0.071     0.238
  2001  37     0.121     0.037     0.235
  2001  38     0.127     0.034     0.232
  2001  39     0.159     0.028     0.230
  2001  40     0.078     0.007     0.227
  2001  41     0.013    -0.007     0.225
  2001  42     0.179     0.029     0.222
  2001  43     0.275     0.029     0.220
  2001  44     0.007     0.006     0.218
  2001  45     0.568     0.046     0.215
  2001  46     0.495     0.037     0.213
  2001  47     0.229     0.039     0.211
  2001  48     0.686     0.146     0.209
  2001  49     0.414     0.120     0.207
  2001  50     0.324     0.073     0.204
  2001  51     0.101     0.042     0.202
  2001  52     0.446     0.041     0.200
  2001  53     0.152     0.034     0.198
  2001  54     0.017     0.012     0.196
  2001  55     0.061     0.022     0.194
  2001  56     0.350     0.054     0.192
  2001  57     0.292     0.067     0.190
  2001  58     0.297     0.040     0.188
  2001  59     1.417     0.108     0.187
  2001  60     3.150     0.165     0.185
  2001  61     0.864     0.190     0.183
  2001  62     0.118     0.071     0.181
  2001  63     0.021     0.069     0.180
  2001  64     0.012     0.102     0.178
  2001  65     0.997     0.103     0.176
  2001  66     0.473     0.180     0.175
  2001  67     0.115     0.139     0.173
  2001  68     0.347     0.155     0.171
  2001  69     0.025     0.049     0.170
  2001  70     1.195     0.097     0.168
  2001  71     0.797     0.126     0.167
  2001  72     2.302     0.187     0.165
  2001  73     0.248     0.129     0.164
  2001  74     1.288     0.125     0.162
  2001  75     0.190     0.101     0.161
  2001  76     0.400     0.188     0.160
  2001  77     0.959     0.200     0.158
  2001  78     0.612     0.252     0.157
  2001  79     3.655     0.252     0.155
  2001  80     1.903     0.245     0.154
  2001  81     3.291     0.237     0.153
  2001  82     3.268     0.374     0.152
  2001  83     0.574     0.252     0.150
  2001  84     0.025     0.112     0.149
  2001  85     0.009     0.227     0.148
  2001  86     0.158     0.184     0.147
  2001  87     0.255     0.202     0.145
  2001  88     1.078     0.229     0.144
  2001  89     1.477     0.306     0.143
  2001  90     0.256     0.252     0.142
  2001  91     0.745     0.229     0.141
  2001  92     0.553     0.286     0.140
  2001  93     0.244     0.255     0.139
  2001  94     0.034     0.065     0.138
  2001  95     0.549     0.037     0.136
  2001  96     0.390     0.081     0.135
  2001  97     0.374     0.230     0.134
  2001  98     0.543     0.170     0.133
  2001  99     1.629     0.176     0.132
  2001 100     0.357     0.104     0.131
  2001 101     1.111     0.288     0.130
  2001 102     0.256     0.247     0.129
  2001 103     0.018     0.161     0.128
  2001 104     0.006     0.185     0.127
  2001 105     0.008     0.249     0.127
  2001 106     0.180     0.279     0.126
  2001 107     0.001     0.102     0.125
  2001 108     0.000     0.064     0.124
  2001 109     0.621     0.091     0.123
  2001 110     2.502     0.366     0.122
  2001 111     0.295     0.420     0.121
  2001 112     0.100     0.423     0.120
  2001 113     0.066     0.235     0.119
  2001 114     0.002     0.157     0.119
  2001 115     8.307     0.371     0.118
  2001 116     0.270     0.400     0.117
  2001 117     0.025     0.148     0.116
  2001 118     0.485    -0.157     0.115
  2001 119     1.611    -0.290     0.115
  2001 120     3.499     0.074     0.115
  2001 121     1.264     0.547     0.243
  2001 122     2.206     0.583     0.295
  2001 123     0.168     0.324     0.361
  2001 124     0.023    -0.116     1.053
  2001 125     0.277     0.068     2.291
  2001 126     2.840     0.107     2.758
  2001 127     8.049     0.513     4.447
  2001 128     4.134     0.938     1.539
  2001 129     0.919     1.054     0.949
  2001 130     0.033     0.543     0.807
  2001 131     1.206     0.565     1.107
  2001 132     2.383     0.650     1.414
  2001 133     4.430     0.794     3.430
  2001 134    10.430     0.455     8.156
  2001 135     4.837     0.621     2.451
  2001 136    23.633    -0.108     7.916
  2001 137     2.650     0.671     4.437
  2001 138     2.117     1.271     5.137
  2001 139     0.827     1.511     3.233
  2001 140     2.322     1.216     2.799
  2001 141     8.502     0.700     3.000
  2001 142     0.051     1.188     1.805
  2001 143     0.010     1.880     1.783
  2001 144     0.089     2.456     2.751
  2001 145     0.026     2.286     2.700
  2001 146     1.352     1.987     2.455
  2001 147     0.359     3.204     1.378
  2001 148     0.000     3.004     0.978
  2001 149     0.041     3.682     0.961
  2001 150     0.132     3.373     0.816
  2001 151     4.000     2.399     0.795
  2001 152     0.250     2.520     0.695
  2001 153     0.002     3.099     0.630
  2001 154     0.002     3.469     0.579
  2001 155     0.035     3.294     0.537
  2001 156     0.000     3.224     0.532
  2001 157     0.000     3.182     0.552
  2001 158     0.113     2.898     0.594
  2001 159     0.337     2.727     0.653
  2001 160     4.048     2.335     0.713
  2001 161     0.093     2.989     0.633
  2001 162     0.079     2.695     0.545
  2001 163     0.045     2.801     0.473
  2001 164     0.049     2.704     0.416
  2001 165     0.293     2.674     0.377
  2001 166     5.397     1.811     0.366
  2001 167     2.044     1.777     0.357
  2001 168     0.656     2.802     0.336
  2001 169     4.769     2.118     0.320
  2001 170     0.177     2.886     0.310
  2001 171     0.409     3.636     0.301
  2001 172     8.758     3.451     0.327
  2001 173    14.110     3.399     0.602
  2001 174    11.162     3.458     1.041
  2001 175     0.136     3.039     0.441
  2001 176     3.999     1.961     0.419
  2001 177     5.250     2.862     0.500
  2001 178     0.028     4.153     0.412
  2001 179     3.021     2.546     0.396
  2001 180     4.052     2.950     0.467
  2001 181     0.204     3.735     0.422
  2001 182     0.013     4.316     0.401
  2001 183     4.129     3.735     0.406
  2001 184     4.927     3.113     0.437
  2001 185     0.249     3.260     0.438
  2001 186     2.212     3.869     0.434
  2001 187    16.961     2.932     0.600
  2001 188     1.885     2.882     0.535
  2001 189     0.430     2.683     0.501
  2001 190     0.488     3.250     0.496
  2001 191     0.010     3.552     0.500
  2001 192     0.002     4.069     0.506
  2001 193     2.278     3.557     0.517
  2001 194     0.272     4.009     0.529
  2001 195     0.014     3.843     0.536
  2001 196     0.747     3.297     0.544
  2001 197     3.424     3.110     0.556
  2001 198     0.048     3.714     0.559
  2001 199     0.041     3.795     0.562
  2001 200     6.014     2.710     0.589
  2001 201     3.077     2.705     0.584
  2001 202    11.829     2.315     0.676
  2001 203     3.980     2.519     0.695
  2001 204     1.131     2.696     0.621
  2001 205     0.872     2.747     0.611
  2001 206     0.012     3.511     0.605
  2001 207     0.005     3.522     0.602
  2001 208     3.442     2.679     0.603
  2001 209     1.734     3.042     0.606
  2001 210     1.928     3.499     0.610
  2001 211     7.839     2.815     0.624
  2001 212     0.550     3.775     0.615
  2001 213     0.132     3.607     0.606
  2001 214     2.531     3.557     0.602
  2001 215     1.987     3.471     0.603
  2001 216     3.301     2.277     0.602
  2001 217     5.307     1.907     0.612
  2001 218     1.096     3.014     0.606
  2001 219     0.581     3.516     0.595
  2001 220    10.934     2.181     0.741
  2001 221     2.033     3.124     0.641
  2001 222     9.678     1.888     0.640
  2001 223     4.570     2.834     0.653
  2001 224     0.218     3.369     0.615
  2001 225     1.480     1.772     0.596
  2001 226     2.667     2.127     0.592
  2001 227     0.512     2.524     0.589
  2001 228     2.773     2.273     0.587
  2001 229     0.149     2.784     0.582
  2001 230     0.021     2.820     0.576
  2001 231     0.120     2.579     0.572
  2001 232     1.733     2.409     0.569
  2001 233     2.536     2.478     0.567
  2001 234     0.280     2.561     0.565
  2001 235     4.421     1.475     0.562
  2001 236    11.954     1.492     0.668
  2001 237     0.455     2.790     0.584
  2001 238     3.183     1.944     0.569
  2001 239     0.489     2.110     0.563
  2001 240     1.905     1.442     0.556
  2001 241     3.710     1.881     0.578
  2001 242     0.129     2.140     0.559
  2001 243     0.014     1.576     0.546
  2001 244     0.157     1.823     0.539
  2001 245     1.428     1.769     0.536
  2001 246     0.591     1.774     0.534
  2001 247     2.406     2.086     0.529
  2001 248     1.706     1.476     0.526
  2001 249     1.858     1.867     0.524
  2001 250     0.389     1.831     0.520
  2001 251     0.021     1.688     0.514
  2001 252     0.596     1.580     0.510
  2001 253     0.260     1.236     0.509
  2001 254     0.387     1.168     0.506
  2001 255     0.039     1.555     0.497
  2001 256     0.007     1.727     0.493
  2001 257     0.000     1.761     0.489
  2001 258     0.125     1.263     0.484
  2001 259     5.050     1.689     0.504
  2001 260     0.047     1.704     0.483
  2001 261     0.128     1.213     0.476
  2001 262     0.094     1.197     0.473
  2001 263    24.159     0.343     0.551
  2001 264    11.117     1.050     0.565
  2001 265     0.226     0.604     0.497
  2001 266     0.028     0.580     0.486
  2001 267     0.021     0.875     0.507
  2001 268     0.001     1.007     0.502
  2001 269     0.007     1.368     0.497
  2001 270     0.006     1.702     0.483
  2001 271     1.007     1.185     0.473
  2001 272     5.376     1.418     0.531
  2001 273     4.870     1.005     0.498
  2001 274     2.126     1.050     0.502
  2001 275     0.718     0.659     0.479
  2001 276     3.992     0.548     0.476
  2001 277     2.551     0.984     0.474
  2001 278     0.493     0.577     0.465
  2001 279     0.018     0.655     0.457
  2001 280     0.001     0.789     0.458
  2001 281     0.005     0.645     0.456
  2001 282     1.425     0.392     0.455
  2001 283     2.137     0.426     0.461
  2001 284     0.218     0.438     0.462
  2001 285     6.216     0.205     0.512
  2001 286     1.125     0.510     0.513
  2001 287     1.488     0.946     0.476
  2001 288     0.344     0.820     0.468
  2001 289     0.148     0.424     0.459
  2001 290     5.604     0.447     0.475
  2001 291     8.365     0.483     0.518
  2001 292     3.719     0.432     0.489
  2001 293     2.600     0.482     0.480
  2001 294     1.761     0.485     0.475
  2001 295     0.512     0.271     0.472
  2001 296     0.805     0.178     0.471
  2001 297     0.850     0.179     0.471
  2001 298     1.112     0.212     0.467
  2001 299     0.268     0.102     0.464
  2001 300     3.185     0.333     0.470
  2001 301     0.739     0.475     0.465
  2001 302     0.206     0.067     0.465
  2001 303     0.523     0.069     0.493
  2001 304     0.112     0.018     0.489
  2001 305     0.413     0.119     0.509
  2001 306     0.943     0.046     0.512
  2001 307     1.311     0.299     0.508
  2001 308     0.195     0.149     0.497
  2001 309     0.327    -0.024     0.500
  2001 310     0.278     0.221     0.503
  2001 311     0.305    -0.003     0.532
  2001 312     1.449     0.037     0.553
  2001 313     0.251     0.026     0.538
  2001 314     0.756     0.118     0.512
  2001 315     0.151     0.026     0.477
  2001 316     0.883     0.095     0.456
  2001 317     2.290     0.059     0.458
  2001 318     3.290     0.200     0.455
  2001 319     0.683     0.090     0.442
  2001 320     3.625     0.129     0.436
  2001 321     0.669     0.010     0.449
  2001 322     1.426     0.421     0.448
  2001 323     0.230     0.123     0.445
  2001 324     0.523     0.098     0.447
  2001 325     0.150     0.021     0.441
  2001 326     0.223     0.031     0.423
  2001 327     1.510     0.102     0.434
  2001 328     0.523     0.082     0.417
  2001 329     0.068    -0.006     0.390
  2001 330     0.010     0.001     0.386
  2001 331     0.008    -0.008     0.384
  2001 332     0.054    -0.008     0.381
  2001 333     0.146     0.009     0.379
  2001 334     0.069     0.004     0.376
  2001 335     0.029     0.004     0.374
  2001 336     0.456     0.022     0.371
  2001 337     1.765     0.038     0.369
  2001 338     3.381     0.094     0.366
  2001 339     0.015    -0.006     0.363
  2001 340     0.113     0.001     0.360
  2001 341     1.125     0.038     0.357
  2001 342     2.147     0.028     0.354
  2001 343     1.663     0.079     0.351
  2001 344     0.741     0.048     0.348
  2001 345     0.025    -0.012     0.345
  2001 346     0.034     0.012     0.342
  2001 347     0.710     0.054     0.339
  2001 348     1.087     0.079     0.336
  2001 349     6.235     0.184     0.334
  2001 350     0.165     0.060     0.331
  2001 351     0.437     0.102     0.328
  2001 352     3.534     0.118     0.325
  2001 353     0.321     0.030     0.322
  2001 354     0.014    -0.008     0.319
  2001 355     0.203     0.002     0.317
  2001 356     0.208     0.016     0.314
  2001 357     0.109     0.010     0.311
  2001 358     0.092    -0.008     0.309
  2001 359     0.363     0.042     0.306
  2001 360     1.260     0.126     0.303
  2001 361     2.079     0.168     0.301
  2001 362     2.096     0.160     0.298
  2001 363     0.039     0.011     0.296
  2001 364     0.320     0.025     0.293
  2001 365     0.464     0.031     0.290
  2002   1     0.138    -0.023     0.288
  2002   2     0.021    -0.019     0.286
  2002   3     0.060     0.018     0.283
  2002   4     0.260     0.046     0.281
  2002   5     0.380     0.046     0.278
  2002   6     0.845     0.021     0.276
  2002   7     0.183    -0.020     0.274
  2002   8     0.205    -0.004     0.272
  2002   9     0.513     0.055     0.269
  2002  10     0.569     0.051     0.267
  2002  11     1.553     0.070     0.265
  2002  12     0.802     0.056     0.263
  2002  13     0.581     0.034     0.261
  2002  14     0.636     0.030     0.259
  2002  15     0.763     0.040     0.256
  2002  16     0.150     0.012     0.254
  2002  17     0.184     0.021     0.252
  2002  18     0.315     0.014     0.250
  2002  19     0.070     0.005     0.248
  2002  20     0.042     0.001     0.246
  2002  21     0.031     0.002     0.245
  2002  22     0.045     0.002     0.243
  2002  23     0.026    -0.002     0.241
  2002  24     0.093    -0.004     0.239
  2002  25     0.187     0.010     0.237
  2002  26     0.086     0.001     0.235
  2002  27     0.047     0.001     0.233
  2002  28     0.025    -0.003     0.231
  2002  29     0.027    -0.004     0.229
  2002  30     0.012    -0.004     0.227
  2002  31     0.004     0.001     0.226
  2002  32     0.008     0.003     0.224
  2002  33     0.017     0.004     0.222
  2002  34     0.897     0.034     0.220
  2002  35     1.657     0.136     0.218
  2002  36     0.123     0.010     0.216
  2002  37     0.185     0.030     0.214
  2002  38     0.263     0.024     0.212
  2002  39     0.232     0.011     0.210
  2002  40     0.427     0.025     0.209
  2002  41     2.008     0.042     0.207
  2002  42     1.043     0.073     0.205
  2002  43     0.143     0.010     0.203
  2002  44     0.841     0.065     0.201
  2002  45     1.232     0.048     0.200
  2002  46     0.524     0.070     0.198
  2002  47     0.342     0.043     0.196
  2002  48     3.519     0.136     0.194
  2002  49     1.379     0.106     0.193
  2002  50     0.036     0.034     0.191
  2002  51     0.691     0.120     0.189
  2002  52     2.052     0.143     0.188
  2002  53     0.741     0.072     0.186
  2002  54     1.607     0.137     0.184
  2002  55     0.217     0.090     0.183
  2002  56     0.009     0.020     0.181
  2002  57     0.115     0.067     0.179
  2002  58     0.150     0.047     0.178
  2002  59     0.352     0.088     0.176
  2002  60     0.308     0.072     0.175
  2002  61     0.007     0.016     0.173
  2002  62     0.366     0.076     0.172
  2002  63     1.010     0.126     0.170
  2002  64     0.254     0.108     0.169
  2002  65     0.315     0.096     0.167
  2002  66     0.107     0.052     0.166
  2002  67     0.032     0.043     0.165
  2002  68     0.016     0.044     0.163
  2002  69     0.172     0.079     0.162
  2002  70     0.066     0.036     0.160
  2002  71     0.099     0.058     0.159
  2002  72     0.057     0.032     0.158
  2002  73     0.135     0.079     0.157
  2002  74     0.120     0.063     0.155
  2002  75     0.384     0.076     0.154
  2002  76     0.060     0.042     0.153
  2002  77     0.157     0.049     0.152
  2002  78     0.518     0.066     0.150
  2002  79     0.336     0.078     0.149
  2002  80     1.053     0.214     0.148
  2002  81     1.374     0.279     0.147
  2002  82     0.203     0.132     0.146
  2002  83     0.003     0.092     0.145
  2002  84     0.751     0.253     0.143
  2002  85     0.596     0.236     0.142
  2002  86     0.313     0.262     0.141
  2002  87     5.386     0.282     0.140
  2002  88     7.266     0.444     0.139
  2002  89     3.172     0.540     0.138
  2002  90     0.612     0.426     0.137
  2002  91     0.551     0.402     0.136
  2002  92     0.434     0.349     0.135
  2002  93     0.179     0.171     0.134
  2002  94     0.262     0.173     0.133
  2002  95     0.686     0.223     0.132
  2002  96     0.178     0.159     0.131
  2002  97     0.161     0.208     0.130
  2002  98     0.578     0.187     0.129
  2002  99     0.415     0.151     0.128
  2002 100     0.756     0.291     0.128
  2002 101     4.485     0.380     0.127
  2002 102     0.663     0.309     0.126
  2002 103     4.048     0.318     0.125
  2002 104     0.136     0.242     0.124
  2002 105     0.693     0.190     0.123
  2002 106     0.985     0.340     0.122
  2002 107    10.182     0.386     0.121
  2002 108     3.885     0.535     0.121
  2002 109     0.332     0.520     0.120
  2002 110     0.007     0.614     0.119
  2002 111     0.005     0.094     0.118
  2002 112     0.562    -0.096     0.117
  2002 113     2.891     0.342     0.117
  2002 114     4.864     0.499     0.116
  2002 115     0.190     0.484     0.115
  2002 116     0.067     0.441     0.114
  2002 117     0.032     0.513     0.114
  2002 118     0.733     0.254     0.113
  2002 119     1.217     0.399     0.112
  2002 120     1.843     0.414     0.111
  2002 121     1.124     0.433     0.111
  2002 122     0.180     0.511     0.110
  2002 123     2.852     0.418     0.109
  2002 124     6.404     0.557     0.109
  2002 125     0.434     0.714     0.108
  2002 126     0.145     0.574     0.107
  2002 127     0.348     0.597     0.106
  2002 128     0.145     0.384     0.106
  2002 129     0.379     0.329     0.105
  2002 130     0.362     0.215     0.104
  2002 131     0.495     0.257     0.104
  2002 132     0.154     0.187     0.103
  2002 133     0.467     0.247     0.103
  2002 134     2.573     0.540     0.102
  2002 135     0.489     0.577     0.101
  2002 136     0.165     0.451     0.101
  2002 137     0.015     0.151     0.100
  2002 138     0.007     0.085     0.099
  2002 139     0.003    -0.005     0.099
  2002 140     0.573    -0.098     0.098
  2002 141     1.530     0.873     0.098
  2002 142     1.165     0.984     0.097
  2002 143     0.660     0.706     0.096
  2002 144     0.065     0.338     0.096
  2002 145     1.537     0.044     0.095
  2002 146     0.783     0.176     0.112
  2002 147     0.791     0.324     0.206
  2002 148     0.158     0.381     0.196
  2002 149     1.036     0.274     0.350
  2002 150     8.753     0.296     1.217
  2002 151     3.074     0.689     0.815
  2002 152     0.560     0.590     0.447
  2002 153     0.072     0.263     0.562
  2002 154     0.136     0.472     1.005
  2002 155     0.135     0.429     0.861
  2002 156     0.011     0.467     1.485
  2002 157     0.001     0.673     3.173
  2002 158     0.036     1.008     3.005
  2002 159     0.049     1.090     2.698
  2002 160     0.001     1.369     2.570
  2002 161     0.002     1.584     3.210
  2002 162     0.005     1.794     4.160
  2002 163     0.001     1.954     4.153
  2002 164     0.569     2.063     3.837
  2002 165     1.077     1.992     2.672
  2002 166     1.153     1.566     1.679
  2002 167     0.302     1.949     1.768
  2002 168     5.674     1.283     1.607
  2002 169     4.199     1.451     2.373
  2002 170     0.200     2.297     1.303
  2002 171     1.771     1.707     1.394
  2002 172     4.293     3.262     1.509
  2002 173     2.165     3.413     1.172
  2002 174     0.162     4.362     0.897
  2002 175     0.005     4.008     0.624
  2002 176     2.579     2.355     0.623
  2002 177     0.139     3.540     0.564
  2002 178     0.052     3.326     0.519
  2002 179     6.098     3.203     0.497
  2002 180     8.721     2.339     0.738
  2002 181    15.601     1.630     1.367
  2002 182    12.203     1.129     2.042
  2002 183     3.707     1.942     1.300
  2002 184     0.058     3.578     0.693
  2002 185     4.101     3.395     0.573
  2002 186    20.441     2.135     3.558
  2002 187     6.257     4.073     2.264
  2002 188     1.501     4.087     0.707
  2002 189     0.058     4.220     0.563
  2002 190     0.004     3.760     0.473
  2002 191     0.093     4.559     0.426
  2002 192     0.148     4.140     0.404
  2002 193     1.392     3.731     0.403
  2002 194     3.177     3.953     0.478
  2002 195     3.485     3.096     0.444
  2002 196    12.862     3.356     0.702
  2002 197     1.860     2.913     0.552
  2002 198     0.044     2.652     0.540
  2002 199     0.097     3.494     0.549
  2002 200     0.032     2.939     0.567
  2002 201     0.032     3.308     0.590
  2002 202     0.205     3.608     0.614
  2002 203     1.492     2.998     0.639
  2002 204     0.126     3.295     0.660
  2002 205     4.922     2.249     0.704
  2002 206     0.635     3.318     0.712
  2002 207     2.055     2.838     0.729
  2002 208     0.317     3.720     0.739
  2002 209     7.968     2.151     0.808
  2002 210    13.375     1.589     1.015
  2002 211     6.427     2.300     0.956
  2002 212     6.454     1.996     0.940
  2002 213     3.886     2.229     0.922
  2002 214    10.733     2.220     1.001
  2002 215     8.186     1.983     1.158
  2002 216     1.890     2.705     1.020
  2002 217     0.036     2.924     0.893
  2002 218     1.711     2.984     0.888
  2002 219     0.254     3.123     0.896
  2002 220    14.743     1.558     1.736
  2002 221     1.166     2.715     1.248
  2002 222     1.005     2.739     0.955
  2002 223     0.557     2.724     0.948
  2002 224     5.494     1.904     1.077
  2002 225     7.418     1.388     1.419
  2002 226     3.502     2.025     1.155
  2002 227     0.861     2.148     1.069
  2002 228     0.132     1.734     1.018
  2002 229     0.447     1.862     1.019
  2002 230     0.288     2.316     1.024
  2002 231     7.760     2.606     1.085
  2002 232     1.189     3.240     1.091
  2002 233     0.343     2.866     1.061
  2002 234     1.652     1.668     1.056
  2002 235     0.351     1.941     1.052
  2002 236     1.530     2.442     1.070
  2002 237     0.184     2.248     1.047
  2002 238     0.545     1.881     1.041
  2002 239     2.187     1.659     1.062
  2002 240     1.800     1.768     1.121
  2002 241     9.251     1.439     1.432
  2002 242     2.175     2.226     1.171
  2002 243    10.610     1.028     1.438
  2002 244     2.896     1.893     1.187
  2002 245     1.947     1.565     1.156
  2002 246     2.597     1.270     1.116
  2002 247     2.442     1.357     1.070
  2002 248     3.569     1.084     1.245
  2002 249     6.380     1.121     1.422
  2002 250     1.141     1.613     1.181
  2002 251     5.204     0.836     1.423
  2002 252     1.567     1.818     1.189
  2002 253     0.083     1.666     1.043
  2002 254     5.121     1.182     1.557
  2002 255     4.172     1.652     1.765
  2002 256     1.690     1.208     1.247
  2002 257     1.208     1.268     1.107
  2002 258     2.131     1.318     1.096
  2002 259     0.010     1.280     1.036
  2002 260     3.135     1.023     1.220
  2002 261     0.287     0.793     1.057
  2002 262     4.653     0.873     1.510
  2002 263     7.170     0.765     1.605
  2002 264     3.343     1.547     1.241
  2002 265     1.564     1.578     1.067
  2002 266     2.613     1.386     1.088
  2002 267     1.295     1.293     1.052
  2002 268     1.651     1.092     1.047
  2002 269     2.577     0.866     1.046
  2002 270     1.055     0.820     1.046
  2002 271     1.867     0.857     1.094
  2002 272     2.585     0.441     1.619
  2002 273     0.334     0.748     1.065
  2002 274     0.590     0.619     1.052
  2002 275     0.508     0.727     1.044
  2002 276     6.993     0.762     1.172
  2002 277     0.709     0.733     1.060
  2002 278     0.745     0.628     1.046
  2002 279     0.189     0.491     1.039
  2002 280     0.393     0.338     1.028
  2002 281     0.275     0.514     1.019
  2002 282     0.265     0.276     1.019
  2002 283     2.100     0.293     1.100
  2002 284     0.861     0.590     1.010
  2002 285     0.721     0.603     0.993
  2002 286     0.241     0.399     0.984
  2002 287     2.724     0.389     1.041
  2002 288     0.394     0.399     1.063
  2002 289     1.971     0.323     1.023
  2002 290     1.488     0.265     1.037
  2002 291     0.519     0.236     1.014
  2002 292     0.636     0.147     0.981
  2002 293     0.414     0.125     0.977
  2002 294     0.497     0.104     0.935
  2002 295     0.669     0.207     0.949
  2002 296     0.395     0.099     0.929
  2002 297     0.802     0.141     0.917
  2002 298     0.641     0.141     0.897
  2002 299     0.533     0.240     0.883
  2002 300     1.324     0.143     0.869
  2002 301     1.141     0.229     0.860
  2002 302     0.301     0.201     0.849
  2002 303     0.903     0.196     0.836
  2002 304     0.527     0.112     0.826
  2002 305     0.748     0.245     0.821
  2002 306     0.251     0.036     0.807
  2002 307     0.771     0.081     0.795
  2002 308     0.880     0.159     0.784
  2002 309     2.146     0.312     0.774
  2002 310     0.293     0.176     0.759
  2002 311     0.452     0.095     0.745
  2002 312     0.191     0.032     0.734
  2002 313     0.286     0.037     0.724
  2002 314     0.216     0.013     0.715
  2002 315     0.780     0.106     0.705
  2002 316     0.493     0.127     0.695
  2002 317     0.397     0.080     0.686
  2002 318     0.339     0.033     0.676
  2002 319     0.133     0.035     0.667
  2002 320     0.261     0.040     0.657
  2002 321     1.584     0.121     0.648
  2002 322     1.114     0.081     0.639
  2002 323     0.380     0.093     0.630
  2002 324     0.204     0.088     0.621
  2002 325     0.165     0.028     0.612
  2002 326    11.465     0.145     0.603
  2002 327     2.011     0.200     0.595
  2002 328     0.062     0.041     0.586
  2002 329     0.040     0.010     0.578
  2002 330     0.379     0.060     0.570
  2002 331     0.822     0.042     0.562
  2002 332     8.398     0.260     0.554
  2002 333     0.870     0.121     0.546
  2002 334     0.059     0.012     0.539
  2002 335     0.198     0.004     0.531
  2002 336     0.057    -0.016     0.524
  2002 337     0.416     0.109     0.517
  2002 338     0.827     0.032     0.510
  2002 339     0.703     0.017     0.503
  2002 340     0.487     0.167     0.496
  2002 341     0.193     0.084     0.490
  2002 342     0.628     0.028     0.484
  2002 343     0.882     0.045     0.477
  2002 344     1.692     0.055     0.471
  2002 345     0.079     0.018     0.465
  2002 346     0.299     0.035     0.459
  2002 347     0.417     0.055     0.454
  2002 348     0.339     0.028     0.448
  2002 349     0.386     0.194     0.442
  2002 350     2.735     0.399     0.437
  2002 351     0.294     0.128     0.432
  2002 352     0.316     0.028     0.427
  2002 353     0.835     0.135     0.421
  2002 354     2.170     0.205     0.416
  2002 355     0.609     0.153     0.412
  2002 356     0.141    -0.022     0.407
  2002 357     0.066    -0.011     0.402
  2002 358     0.118     0.019     0.397
  2002 359     0.111     0.014     0.393
  2002 360     0.094    -0.003     0.388
  2002 361     0.512     0.048     0.384
  2002 362     0.247     0.025     0.380
  2002 363     0.058     0.000     0.375
  2002 364     0.051     0.003     0.371
  2002 365     0.133     0.028     0.367
  2003   1     0.214    -0.018     0.363
  2003   2     0.087    -0.030     0.359
  2003   3     0.153    -0.001     0.355
  2003   4     0.308     0.010     0.351
  2003   5     0.691     0.007     0.347
  2003   6     0.345    -0.041     0.343
  2003   7     0.972     0.042     0.340
  2003   8     2.530     0.059     0.336
  2003   9     0.588     0.153     0.332
  2003  10     0.303     0.108     0.329
  2003  11     0.815     0.069     0.325
  2003  12     0.343     0.049     0.322
  2003  13     0.090     0.011     0.318
  2003  14     0.009     0.027     0.315
  2003  15     0.003     0.005     0.311
  2003  16     0.041     0.018     0.308
  2003  17     1.573     0.059     0.304
  2003  18     0.453     0.037     0.301
  2003  19     0.304     0.063     0.298
  2003  20     0.734     0.071     0.295
  2003  21     0.170     0.000     0.291
  2003  22     0.979     0.039     0.288
  2003  23     0.369     0.018     0.285
  2003  24     0.784     0.050     0.282
  2003  25     0.496     0.052     0.279
  2003  26     0.873     0.021     0.276
  2003  27     1.958     0.065     0.273
  2003  28     0.238     0.024     0.270
  2003  29     0.102     0.004     0.267
  2003  30     0.016    -0.005     0.264
  2003  31     0.013    -0.009     0.261
  2003  32     0.037     0.011     0.258
  2003  33     1.066     0.044     0.255
  2003  34     0.052     0.001     0.253
  2003  35     0.056     0.009     0.250
  2003  36     0.032     0.001     0.247
  2003  37     4.546     0.108     0.245
  2003  38     0.305     0.087     0.242
  2003  39     0.734     0.113     0.239
  2003  40     0.164     0.054     0.237
  2003  41     0.448     0.071     0.234
  2003  42     0.302     0.079     0.232
  2003  43     0.089     0.032     0.229
  2003  44     0.108     0.036     0.227
  2003  45     0.032     0.011     0.225
  2003  46     0.360     0.038     0.222
  2003  47     1.912     0.059     0.220
  2003  48     0.163     0.030     0.218
  2003  49     1.929     0.056     0.215
  2003  50     0.654     0.079     0.213
  2003  51     0.114     0.038     0.211
  2003  52     0.083     0.030     0.209
  2003  53     0.111     0.032     0.207
  2003  54     0.033     0.011     0.205
  2003  55     0.034     0.029     0.203
  2003  56     0.106     0.020     0.201
  2003  57     0.729     0.066     0.199
  2003  58     0.026     0.013     0.197
  2003  59     0.022     0.014     0.195
  2003  60     0.029     0.021     0.193
  2003  61     0.017     0.021     0.191
  2003  62     0.108     0.058     0.189
  2003  63     0.098     0.068     0.188
  2003  64     0.256     0.036     0.186
  2003  65     1.242     0.073     0.184
  2003  66     0.762     0.074     0.182
  2003  67     1.504     0.134     0.181
  2003  68     0.482     0.153     0.179
  2003  69     0.249     0.123     0.178
  2003  70     0.129     0.084     0.176
  2003  71     0.065     0.062     0.174
  2003  72     0.247     0.053     0.173
  2003  73     1.915     0.134     0.171
  2003  74     4.388     0.177     0.170
  2003  75     1.713     0.252     0.168
  2003  76     0.476     0.267     0.167
  2003  77     0.723     0.438     0.165
  2003  78     0.001     0.155     0.164
  2003  79     0.095     0.018     0.162
  2003  80     0.158     0.131     0.161
  2003  81     1.403     0.163     0.160
  2003  82     1.402     0.244     0.158
  2003  83     1.444     0.262     0.157
  2003  84     0.581     0.192     0.156
  2003  85     0.360     0.163     0.154
  2003  86     1.218     0.158     0.153
  2003  87     0.707     0.182     0.152
  2003  88     0.086     0.113     0.150
  2003  89     0.725     0.223     0.149
  2003  90     0.919     0.298     0.148
  2003  91     0.212     0.161     0.147
  2003  92     0.098     0.133     0.145
  2003  93     0.060     0.086     0.144
  2003  94     0.056     0.103     0.143
  2003  95     0.091     0.090     0.142
  2003  96     0.006     0.122     0.141
  2003  97     0.329     0.231     0.139
  2003  98     0.379     0.182     0.138
  2003  99     1.770     0.030     0.137
  2003 100    13.022     0.570     0.136
  2003 101     1.049     0.428     0.135
  2003 102     0.347     0.453     0.134
  2003 103     1.364     0.256     0.132
  2003 104     0.504     0.274     0.131
  2003 105     0.042     0.150     0.130
  2003 106     0.388     0.384     0.129
  2003 107     0.909     0.391     0.128
  2003 108     0.533     0.182     0.127
  2003 109     1.606     0.152     0.126
  2003 110     1.172     0.373     0.125
  2003 111     0.371     0.090     0.124
  2003 112     2.803     0.131     0.123
  2003 113     1.545     0.380     0.122
  2003 114     0.408     0.437     0.121
  2003 115     0.099     0.378     0.120
  2003 116     0.263     0.332     0.119
  2003 117     0.747     0.493     0.118
  2003 118     0.417     0.487     0.117
  2003 119     0.128     0.375     0.116
  2003 120     0.608     0.415     0.115
  2003 121     0.114     0.279     0.114
  2003 122     1.635     0.310     0.113
  2003 123     1.329     0.570     0.112
  2003 124     2.015     0.439     0.111
  2003 125     0.238     0.443     0.145
  2003 126     0.108     0.214     0.175
  2003 127     0.086    -0.043     0.207
  2003 128     5.487     0.321     0.222
  2003 129     1.615     0.811     0.201
  2003 130     0.197     0.449     0.218
  2003 131     0.002    -0.036     0.306
  2003 132     0.103    -0.040     0.452
  2003 133     0.121     0.134     0.536
  2003 134     0.001     0.014     1.407
  2003 135     0.111     0.127     4.863
  2003 136     2.375     0.690    11.301
  2003 137     3.985     1.750    10.936
  2003 138     0.572     1.568     3.079
  2003 139     0.387     1.204     2.074
  2003 140     0.042     1.577     2.062
  2003 141     0.496     1.326     2.869
  2003 142     0.472     1.552     4.363
  2003 143     0.682     1.660     4.570
  2003 144     0.058     2.190     2.439
  2003 145     0.004     2.215     5.559
  2003 146     0.025     2.707     3.793
  2003 147     2.917     1.869     2.664
  2003 148     0.174     3.380     0.688
  2003 149     0.069     2.837     0.431
  2003 150     0.007     2.866     0.405
  2003 151     0.093     2.909     0.406
  2003 152     0.292     2.390     0.408
  2003 153     0.567     2.423     0.401
  2003 154     0.946     2.149     0.388
  2003 155     0.029     2.687     0.350
  2003 156     0.106     2.338     0.325
  2003 157     0.344     1.708     0.302
  2003 158     0.961     1.811     0.282
  2003 159     0.199     2.136     0.260
  2003 160     1.260     1.949     0.244
  2003 161     0.097     1.767     0.229
  2003 162     0.131     2.233     0.220
  2003 163     0.952     1.827     0.217
  2003 164     0.190     2.417     0.218
  2003 165     5.673     2.790     0.216
  2003 166     0.976     2.644     0.207
  2003 167     3.950     2.965     0.201
  2003 168     1.715     2.733     0.196
  2003 169     0.006     3.840     0.190
  2003 170     5.444     2.631     0.189
  2003 171     4.998     1.896     0.192
  2003 172    23.936     1.409     0.510
  2003 173    10.990     0.737     0.546
  2003 174     4.480     2.038     1.179
  2003 175     0.989     3.420     0.660
  2003 176     1.019     3.930     0.413
  2003 177     1.187     3.751     0.311
  2003 178     6.477     2.818     0.952
  2003 179     1.125     3.863     0.301
  2003 180     0.601     3.210     0.269
  2003 181     0.073     3.335     0.251
  2003 182     0.006     3.398     0.238
  2003 183     0.307     2.979     0.231
  2003 184    18.119     1.348     0.453
  2003 185     4.559     1.275     0.528
  2003 186     0.316     2.890     0.339
  2003 187     0.240     2.351     0.299
  2003 188     0.107     3.427     0.289
  2003 189     0.002     3.925     0.285
  2003 190     0.470     3.439     0.283
  2003 191     0.514     2.342     0.287
  2003 192     0.852     3.694     0.294
  2003 193     6.130     3.875     0.333
  2003 194     1.405     4.437     0.325
  2003 195     0.074     3.855     0.322
  2003 196    12.966     2.225     0.509
  2003 197     0.049     3.819     0.373
  2003 198     0.011     4.013     0.361
  2003 199     1.048     3.030     0.365
  2003 200     6.310     2.752     0.483
  2003 201     0.213     3.530     0.413
  2003 202     0.088     3.342     0.394
  2003 203     0.593     3.613     0.395
  2003 204     7.413     2.706     0.431
  2003 205     2.139     3.324     0.421
  2003 206     0.566     3.598     0.423
  2003 207     2.177     2.853     0.428
  2003 208     0.107     3.529     0.433
  2003 209     3.709     3.757     0.438
  2003 210     6.088     2.637     0.466
  2003 211     0.109     3.966     0.457
  2003 212     0.198     3.239     0.455
  2003 213     0.170     3.440     0.458
  2003 214     0.008     3.819     0.461
  2003 215     0.138     2.983     0.465
  2003 216     5.216     2.441     0.504
  2003 217     2.372     2.933     0.511
  2003 218     0.001     2.876     0.482
  2003 219     0.414     2.207     0.481
  2003 220     6.700     1.600     0.494
  2003 221     0.431     3.183     0.490
  2003 222     0.117     2.706     0.486
  2003 223     8.139     1.805     0.508
  2003 224     0.379     3.151     0.497
  2003 225     8.414     2.611     0.583
  2003 226     3.080     3.907     0.562
  2003 227     0.252     3.083     0.495
  2003 228     0.004     3.030     0.486
  2003 229     2.636     2.749     0.487
  2003 230     0.009     3.465     0.483
  2003 231     2.412     2.231     0.482
  2003 232     2.028     1.642     0.481
  2003 233     2.892     1.900     0.483
  2003 234     0.031     2.189     0.478
  2003 235    14.242     1.945     0.524
  2003 236     8.896     3.190     0.660
  2003 237     3.763     2.086     0.506
  2003 238     1.653     2.594     0.504
  2003 239     0.633     1.996     0.485
  2003 240     0.188     2.315     0.477
  2003 241     0.114     2.033     0.472
  2003 242     2.396     1.717     0.474
  2003 243     0.229     1.806     0.471
  2003 244     0.200     1.590     0.466
  2003 245     0.013     1.974     0.463
  2003 246     0.001     2.040     0.460
  2003 247     3.593     1.893     0.459
  2003 248     0.006     2.265     0.457
  2003 249     0.589     1.212     0.453
  2003 250     0.132     1.481     0.450
  2003 251     0.015     1.626     0.447
  2003 252     0.008     2.105     0.444
  2003 253     1.059     2.147     0.442
  2003 254     0.661     1.606     0.439
  2003 255     0.307     1.396     0.437
  2003 256     0.316     1.283     0.434
  2003 257     0.343     1.148     0.432
  2003 258     1.143     0.954     0.430
  2003 259     7.429     0.864     0.456
  2003 260     3.075     1.178     0.450
  2003 261    10.348     0.782     0.446
  2003 262     3.425     0.981     0.443
  2003 263     0.137     0.887     0.429
  2003 264     0.993     0.866     0.423
  2003 265     2.277     0.753     0.425
  2003 266     1.470     0.761     0.426
  2003 267     0.376     0.913     0.417
  2003 268     0.105     0.725     0.411
  2003 269     0.059     0.782     0.406
  2003 270     0.552     0.798     0.401
  2003 271     1.077     0.926     0.398
  2003 272     2.205     0.894     0.395
  2003 273     0.270     0.612     0.392
  2003 274     0.021     0.595     0.390
  2003 275     0.390     0.451     0.388
  2003 276     0.163     0.468     0.385
  2003 277     0.006     0.784     0.383
  2003 278     0.001     0.756     0.380
  2003 279     0.187     0.825     0.378
  2003 280     0.140     0.669     0.375
  2003 281     0.067     0.693     0.373
  2003 282     2.535     0.432     0.370
  2003 283     1.578     0.510     0.371
  2003 284     0.509     0.455     0.367
  2003 285     1.197     0.457     0.364
  2003 286     1.158     0.580     0.363
  2003 287     1.803     0.804     0.360
  2003 288     0.413     0.741     0.358
  2003 289     0.081     0.336     0.355
  2003 290     1.139     0.298     0.353
  2003 291     0.381     0.273     0.351
  2003 292     0.092     0.239     0.349
  2003 293     3.662     0.192     0.347
  2003 294     0.771     0.275     0.345
  2003 295     1.560     0.376     0.344
  2003 296     0.223     0.200     0.343
  2003 297     0.487     0.282     0.342
  2003 298     0.573     0.198     0.342
  2003 299     0.119     0.089     0.335
  2003 300     1.713     0.169     0.332
  2003 301     0.714     0.100     0.333
  2003 302     0.435     0.086     0.329
  2003 303     1.914     0.137     0.326
  2003 304     2.325     0.096     0.323
  2003 305     1.051     0.065     0.323
  2003 306     2.245     0.165     0.322
  2003 307     0.194     0.092     0.321
  2003 308     0.201     0.016     0.315
  2003 309     1.377     0.080     0.314
  2003 310     0.640     0.129     0.310
  2003 311     0.085     0.035     0.307
  2003 312     1.654     0.193     0.307
  2003 313     0.031    -0.008     0.309
  2003 314     0.017    -0.094     0.309
  2003 315     0.581     0.046     0.307
  2003 316     0.808     0.203     0.305
  2003 317     0.433     0.033     0.298
  2003 318     0.445     0.039     0.301
  2003 319     0.000    -0.098     0.293
  2003 320     0.268     0.020     0.287
  2003 321     0.902     0.040     0.286
  2003 322     0.931     0.039     0.285
  2003 323     0.638     0.160     0.283
  2003 324     3.071     0.251     0.280
  2003 325     0.964     0.222     0.277
  2003 326     0.074     0.014     0.275
  2003 327     0.013    -0.039     0.273
  2003 328     0.160     0.029     0.271
  2003 329     0.757     0.051     0.270
  2003 330     0.346     0.018     0.268
  2003 331     0.262     0.029     0.266
  2003 332     3.486     0.075     0.264
  2003 333     2.254     0.218     0.262
  2003 334     1.243     0.249     0.260
  2003 335     0.556     0.107     0.258
  2003 336     0.044    -0.007     0.256
  2003 337     0.103    -0.018     0.254
  2003 338     3.661     0.117     0.252
  2003 339     0.042     0.056     0.250
  2003 340     1.878     0.127     0.249
  2003 341     4.440     0.063     0.247
  2003 342     2.058     0.156     0.245
  2003 343     0.274     0.046     0.243
  2003 344     0.063    -0.003     0.242
  2003 345     0.047    -0.006     0.240
  2003 346     0.263     0.031     0.238
  2003 347     0.232     0.038     0.236
  2003 348     0.855     0.049     0.235
  2003 349     0.231     0.003     0.233
  2003 350     1.404     0.064     0.231
  2003 351     1.548     0.165     0.230
  2003 352     0.146     0.019     0.228
  2003 353     0.322     0.032     0.226
  2003 354     0.991     0.092     0.225
  2003 355     5.500     0.133     0.223
  2003 356     0.597     0.104     0.221
  2003 357     0.026    -0.032     0.220
  2003 358     0.000    -0.042     0.218
  2003 359     0.150    -0.012     0.217
  2003 360     0.321     0.029     0.215
  2003 361     0.208    -0.017     0.214
  2003 362     0.223     0.005     0.212
  2003 363     0.162     0.006     0.210
  2003 364     0.077    -0.005     0.209
  2003 365     0.756     0.025     0.207
  2004   1     0.453     0.021     0.206
  2004   2     0.371     0.016     0.204
  2004   3     0.027    -0.007     0.203
  2004   4     0.237    -0.000     0.201
  2004   5     0.256     0.015     0.200
  2004   6     0.064     0.001     0.198
  2004   7     0.096     0.000     0.197
  2004   8     0.028    -0.005     0.195
  2004   9     0.238     0.015     0.194
  2004  10     0.153     0.007     0.192
  2004  11     0.045    -0.003     0.191
  2004  12     0.353     0.005     0.190
  2004  13     0.009    -0.001     0.188
  2004  14     0.079     0.010     0.187
  2004  15     0.090     0.014     0.185
  2004  16     2.877     0.041     0.184
  2004  17     0.968     0.035     0.183
  2004  18     0.020    -0.002     0.181
  2004  19     0.092     0.015     0.180
  2004  20     3.725     0.106     0.178
  2004  21     0.765     0.062     0.177
  2004  22     0.057     0.000     0.176
  2004  23     0.068    -0.000     0.174
  2004  24     0.036     0.001     0.173
  2004  25     0.030     0.000     0.172
  2004  26     0.255     0.011     0.170
  2004  27     0.279     0.018     0.169
  2004  28     0.898     0.027     0.168
  2004  29     0.466     0.031     0.166
  2004  30     0.085     0.025     0.165
  2004  31     0.009     0.020     0.164
  2004  32     0.292     0.035     0.162
  2004  33     0.704     0.033     0.161
  2004  34     0.333     0.018     0.160
  2004  35     0.036     0.010     0.159
  2004  36     0.013     0.002     0.157
  2004  37     0.008    -0.010     0.156
  2004  38     1.663     0.107     0.155
  2004  39     0.857     0.069     0.154
  2004  40     0.087     0.024     0.153
  2004  41     0.921     0.096     0.151
  2004  42     0.418     0.113     0.150
  2004  43     1.041     0.158     0.149
  2004  44     0.111     0.045     0.148
  2004  45     0.088     0.039     0.147
  2004  46     0.380     0.025     0.146
  2004  47     1.051     0.068     0.144
  2004  48     0.387     0.054     0.143
  2004  49     1.349     0.069     0.142
  2004  50     5.462     0.105     0.141
  2004  51     1.519     0.097     0.140
  2004  52     0.116     0.048     0.139
  2004  53     0.288     0.105     0.138
  2004  54     0.943     0.184     0.137
  2004  55     1.091     0.123     0.136
  2004  56     1.287     0.125     0.135
  2004  57     0.577     0.136     0.134
  2004  58     0.549     0.169     0.133
  2004  59     0.670     0.147     0.132
  2004  60     2.062     0.144     0.131
  2004  61     1.909     0.199     0.130
  2004  62     0.084     0.063     0.129
  2004  63     0.229     0.105     0.128
  2004  64     0.152     0.076     0.127
  2004  65     0.003     0.035     0.126
  2004  66     3.254     0.111     0.125
  2004  67     0.301     0.133     0.124
  2004  68     0.961     0.250     0.124
  2004  69     5.085     0.253     0.123
  2004  70     0.205     0.062     0.122
  2004  71     0.384     0.111     0.121
  2004  72     0.128     0.091     0.120
  2004  73     0.323     0.100     0.119
  2004  74     1.095     0.132     0.118
  2004  75     0.178     0.075     0.117
  2004  76     0.228     0.118     0.117
  2004  77     0.404     0.129     0.116
  2004  78     0.395     0.139     0.115
  2004  79     0.349     0.159     0.114
  2004  80     0.027     0.054     0.113
  2004  81     0.742     0.126     0.112
  2004  82     0.425     0.130     0.112
  2004  83     1.813     0.364     0.111
  2004  84     1.201     0.175     0.110
  2004  85     0.502     0.098     0.109
  2004  86     0.719     0.174     0.108
  2004  87     5.654     0.256     0.107
  2004  88     1.833     0.371     0.107
  2004  89     0.300     0.384     0.106
  2004  90     0.006     0.350     0.105
  2004  91     0.100    -0.184     0.104
  2004  92     0.167     0.103     0.103
  2004  93     0.203     0.178     0.103
  2004  94     0.576     0.175     0.102
  2004  95     0.928     0.220     0.101
  2004  96     3.921     0.220     0.100
  2004  97     3.274     0.327     0.099
  2004  98     2.100     0.359     0.099
  2004  99     0.501     0.387     0.098
  2004 100     0.120     0.278     0.097
  2004 101     0.014     0.245     0.096
  2004 102     0.296     0.447     0.095
  2004 103     0.903     0.376     0.095
  2004 104     0.484     0.370     0.094
  2004 105     0.287     0.343     0.093
  2004 106     0.304     0.225     0.092
  2004 107     0.726     0.328     0.092
  2004 108     0.082     0.228     0.091
  2004 109     1.217     0.301     0.090
  2004 110     2.978     0.253     0.089
  2004 111     2.503     0.451     0.089
  2004 112     0.175     0.301     0.088
  2004 113     0.300     0.265     0.087
  2004 114     0.341     0.216     0.086
  2004 115     6.518     0.481     0.086
  2004 116     2.898     0.617     0.085
  2004 117     0.142     0.504     0.084
  2004 118     1.246     0.323     0.083
  2004 119     0.259     0.414     0.083
  2004 120     0.164     0.417     0.082
  2004 121     0.238     0.455     0.081
  2004 122     0.146     0.413     0.081
  2004 123     3.584     0.358     0.080
  2004 124     6.307     0.645     0.079
  2004 125     0.990     0.467     0.079
  2004 126     6.994     0.553     0.078
  2004 127     0.584     0.692     0.077
  2004 128     0.097     0.472     0.077
  2004 129     0.780     0.329     0.076
  2004 130    10.031     0.550     0.075
  2004 131     1.645     0.801     0.075
  2004 132     0.311     0.654     0.074
  2004 133     0.333     0.493     0.073
  2004 134     0.563     0.441     0.073
  2004 135     0.475     0.461     0.072
  2004 136     0.247     0.339     0.072
  2004 137     0.023     0.086     0.071
  2004 138     0.873     0.344     0.070
  2004 139     0.512     0.096     0.070
  2004 140     0.879     0.691     0.071
  2004 141     0.496     0.701     0.070
  2004 142     0.112     0.493     0.069
  2004 143     0.309     0.262     0.068
  2004 144     0.549     0.381     0.068
  2004 145     0.082     0.328     0.067
  2004 146     0.123     0.200     0.066
  2004 147     0.120     0.216     0.077
  2004 148     0.025     0.141     0.139
  2004 149     0.098     0.094     0.236
  2004 150     1.900     0.088     0.286
  2004 151     0.586     0.029     0.547
  2004 152     0.256     0.437     1.070
  2004 153     0.210     0.365     1.266
  2004 154     0.138     0.427     1.888
  2004 155     2.556     0.516     4.099
  2004 156     1.269     0.594     4.034
  2004 157     0.308     0.976     2.440
  2004 158     2.731     0.703     4.101
  2004 159     2.023     1.069     2.820
  2004 160     0.415     0.975     1.249
  2004 161     0.001     1.502     1.909
  2004 162     0.000     1.739     3.391
  2004 163     1.001     0.714     3.500
  2004 164     4.436     0.659     3.053
  2004 165     0.339     1.718     2.236
  2004 166     0.037     2.200     2.340
  2004 167     0.901     2.354     2.652
  2004 168     2.130     1.948     1.114
  2004 169     0.079     2.573     1.038
  2004 170     0.111     2.819     0.876
  2004 171     1.758     1.849     1.095
  2004 172     4.989     2.167     0.876
  2004 173     4.243     2.189     0.845
  2004 174     2.827     2.244     0.614
  2004 175     6.569     1.123     1.250
  2004 176     4.189     1.538     1.150
  2004 177     1.187     2.945     0.679
  2004 178     0.038     3.382     0.546
  2004 179     0.146     3.310     0.508
  2004 180     0.481     3.102     0.496
  2004 181     1.333     2.105     0.502
  2004 182     0.104     3.138     0.486
  2004 183     0.174     3.126     0.460
  2004 184     1.838     2.657     0.444
  2004 185     0.044     2.485     0.416
  2004 186     0.017     2.911     0.368
  2004 187     0.001     3.466     0.337
  2004 188     0.013     2.648     0.319
  2004 189     0.017     2.522     0.300
  2004 190     0.273     2.607     0.263
  2004 191     0.936     2.928     0.228
  2004 192     0.427     2.656     0.203
  2004 193     0.172     2.824     0.183
  2004 194     0.377     2.651     0.166
  2004 195     3.204     2.979     0.153
  2004 196     4.294     3.082     0.149
  2004 197     1.270     3.502     0.145
  2004 198     0.561     3.427     0.141
  2004 199     2.034     3.359     0.138
  2004 200     2.817     2.888     0.142
  2004 201     0.254     2.363     0.140
  2004 202     0.213     2.762     0.139
  2004 203     1.373     3.556     0.137
  2004 204     0.154     3.246     0.138
  2004 205     0.176     3.345     0.137
  2004 206     0.661     2.136     0.139
  2004 207     0.266     3.054     0.141
  2004 208     4.124     3.507     0.146
  2004 209    12.071     2.225     0.199
  2004 210     6.166     1.911     0.237
  2004 211     0.377     2.757     0.198
  2004 212     0.014     2.935     0.184
  2004 213     1.289     2.016     0.179
  2004 214     3.333     1.890     0.185
  2004 215     0.440     2.383     0.187
  2004 216     0.011     2.869     0.182
  2004 217     0.001     3.399     0.181
  2004 218     0.015     3.560     0.183
  2004 219     2.955     2.178     0.197
  2004 220     5.347     2.227     0.424
  2004 221     0.020     2.304     0.222
  2004 222     0.079     2.438     0.216
  2004 223     1.635     2.011     0.214
  2004 224     0.438     2.136     0.216
  2004 225     0.001     2.383     0.219
  2004 226     1.360     2.239     0.221
  2004 227     1.268     1.919     0.226
  2004 228     1.206     2.390     0.231
  2004 229     0.528     1.833     0.235
  2004 230     5.223     2.071     0.245
  2004 231     2.791     1.874     0.251
  2004 232     3.400     1.952     0.255
  2004 233     0.140     2.060     0.260
  2004 234     0.904     1.527     0.264
  2004 235     0.858     1.340     0.270
  2004 236     0.518     1.214     0.274
  2004 237     6.779     0.877     0.283
  2004 238     1.742     1.624     0.288
  2004 239     1.939     1.474     0.289
  2004 240     1.534     1.828     0.292
  2004 241    11.528     1.373     0.354
  2004 242     8.367     1.738     0.458
  2004 243     0.180     1.761     0.343
  2004 244     0.222     1.790     0.323
  2004 245     1.257     1.267     0.320
  2004 246     0.102     2.133     0.319
  2004 247     1.798     1.579     0.318
  2004 248    12.450     0.843     0.414
  2004 249     0.293     1.128     0.365
  2004 250     3.597     1.512     0.368
  2004 251     0.921     1.945     0.362
  2004 252     2.734     1.250     0.355
  2004 253     0.002     1.675     0.351
  2004 254     0.072     1.342     0.346
  2004 255     0.042     1.311     0.345
  2004 256     0.993     0.951     0.346
  2004 257     0.937     0.781     0.349
  2004 258     0.855     1.200     0.350
  2004 259     0.107     1.116     0.350
  2004 260     0.061     1.041     0.351
  2004 261     1.073     1.324     0.353
  2004 262     3.744     0.834     0.364
  2004 263    13.768     0.806     0.479
  2004 264    22.036     0.986     1.744
  2004 265     0.136     1.714     0.541
  2004 266     0.118     1.795     0.433
  2004 267     0.088     1.409     0.409
  2004 268     0.518     1.163     0.399
  2004 269     0.813     1.150     0.398
  2004 270     1.049     1.506     0.396
  2004 271     0.153     1.618     0.391
  2004 272     1.094     1.621     0.389
  2004 273     0.294     1.333     0.390
  2004 274     7.608     0.910     0.396
  2004 275     7.154     0.451     0.423
  2004 276     1.521     0.779     0.424
  2004 277     0.991     1.160     0.415
  2004 278     0.057     0.822     0.410
  2004 279     0.029     0.439     0.406
  2004 280     0.047     0.310     0.411
  2004 281     0.026     0.534     0.421
  2004 282     0.097     0.567     0.420
  2004 283     0.047     0.510     0.419
  2004 284     1.088     0.525     0.432
  2004 285     0.346     0.524     0.429
  2004 286     1.355     0.950     0.431
  2004 287     2.967     0.512     0.425
  2004 288     3.529     0.570     0.425
  2004 289     0.704     0.344     0.421
  2004 290     0.659     0.316     0.432
  2004 291     0.107     0.226     0.491
  2004 292     0.119     0.137     0.464
  2004 293     2.927     0.140     0.458
  2004 294     2.396     0.127     0.472
  2004 295     0.820     0.131     0.461
  2004 296     2.919     0.244     0.468
  2004 297     6.803     0.244     0.470
  2004 298     4.401     0.220     0.471
  2004 299     0.674     0.275     0.470
  2004 300     0.056     0.067     0.458
  2004 301     0.400     0.062     0.465
  2004 302     0.318     0.078     0.497
  2004 303     0.111     0.037     0.482
  2004 304     0.183    -0.052     0.478
  2004 305     0.932     0.023     0.483
  2004 306     0.223     0.041     0.474
  2004 307     0.308     0.010     0.456
  2004 308     0.848     0.033     0.455
  2004 309     3.089     0.064     0.458
  2004 310     1.804     0.072     0.455
  2004 311     0.704     0.075     0.460
  2004 312     0.506     0.066     0.471
  2004 313     0.094     0.002     0.455
  2004 314     6.387     0.185     0.432
  2004 315     0.876     0.287     0.430
  2004 316     0.220     0.024     0.415
  2004 317     0.307     0.076     0.407
  2004 318     0.099     0.061     0.405
  2004 319     0.649     0.078     0.403
  2004 320     0.805     0.104     0.401
  2004 321     0.732     0.304     0.399
  2004 322     0.035    -0.131     0.397
  2004 323     0.242     0.001     0.395
  2004 324     2.250     0.047     0.393
  2004 325     0.380     0.027     0.391
  2004 326     0.064     0.002     0.388
  2004 327     4.155     0.060     0.386
  2004 328     1.467     0.088     0.383
  2004 329     0.184     0.010     0.381
  2004 330     1.888     0.046     0.378
  2004 331     1.652     0.043     0.376
  2004 332     0.710     0.049     0.373
  2004 333     0.156     0.003     0.370
  2004 334     1.192     0.074     0.367
  2004 335     0.416     0.050     0.365
  2004 336     0.035    -0.001     0.362
  2004 337     1.764     0.015     0.359
  2004 338     0.295     0.018     0.356
  2004 339     0.107     0.041     0.353
  2004 340     0.033    -0.000     0.350
  2004 341     1.786     0.035     0.347
  2004 342     1.538     0.019     0.344
  2004 343     0.085    -0.012     0.342
  2004 344     0.012    -0.011     0.339
  2004 345     1.512     0.074     0.336
  2004 346     0.282     0.033     0.333
  2004 347     0.172    -0.001     0.330
  2004 348     0.104    -0.028     0.328
  2004 349     0.268     0.052     0.325
  2004 350     3.198     0.062     0.322
  2004 351     0.233     0.001     0.319
  2004 352     1.928     0.044     0.317
  2004 353     0.052    -0.008     0.314
  2004 354     0.777     0.036     0.311
  2004 355     0.070     0.004     0.309
  2004 356     0.041     0.000     0.306
  2004 357     0.061     0.006     0.303
  2004 358     0.033     0.002     0.301
  2004 359     0.046     0.001     0.298
  2004 360     0.022    -0.004     0.295
  2004 361     1.487     0.005     0.293
  2004 362     1.004     0.069     0.290
  2004 363     0.155    -0.021     0.288
  2004 364     0.033    -0.013     0.285
  2004 365     0.011    -0.014     0.283
  2004 366     0.041    -0.005     0.280
  2005   1     0.032    -0.010     0.278
  2005   2     0.469     0.020     0.275
  2005   3     0.195     0.024     0.272
  2005   4     0.063    -0.003     0.270
  2005   5     7.072     0.175     0.267
  2005   6     4.550     0.128     0.265
  2005   7     0.352     0.085     0.262
  2005   8     0.056    -0.012     0.260
  2005   9     0.068    -0.004     0.257
  2005  10     0.955     0.022     0.255
  2005  11     0.161     0.005     0.252
  2005  12     0.669     0.010     0.250
  2005  13     0.606     0.020     0.247
  2005  14     0.114     0.010     0.245
  2005  15     0.092     0.010     0.243
  2005  16     0.033    -0.003     0.240
  2005  17     2.911     0.041     0.238
  2005  18     1.323     0.037     0.235
  2005  19     0.063    -0.002     0.233
  2005  20     0.983     0.013     0.231
  2005  21     1.025     0.003     0.229
  2005  22     0.337     0.027     0.226
  2005  23     0.953     0.058     0.224
  2005  24     0.652     0.022     0.222
  2005  25     0.274     0.008     0.220
  2005  26     0.497     0.030     0.217
  2005  27     4.487     0.085     0.215
  2005  28     2.727     0.118     0.213
  2005  29     1.100     0.042     0.211
  2005  30     4.356     0.089     0.209
  2005  31     4.387     0.117     0.207
  2005  32     0.930     0.087     0.205
  2005  33     6.206     0.406     0.203
  2005  34     0.268     0.043     0.201
  2005  35     0.021    -0.002     0.199
  2005  36     0.007     0.003     0.197
  2005  37     0.014     0.002     0.195
  2005  38     0.149    -0.008     0.194
  2005  39     0.056     0.040     0.192
  2005  40     0.556     0.031     0.190
  2005  41     3.001     0.107     0.188
  2005  42     0.269     0.071     0.186
  2005  43     1.671     0.107     0.185
  2005  44     3.677     0.130     0.183
  2005  45     0.713     0.086     0.181
  2005  46     0.245     0.069     0.179
  2005  47     0.046     0.032     0.178
  2005  48     0.037     0.037     0.176
  2005  49     0.168     0.022     0.175
  2005  50     0.114     0.024     0.173
  2005  51     0.396     0.045     0.171
  2005  52     0.025     0.016     0.170
  2005  53     0.028     0.018     0.168
  2005  54     0.048     0.026     0.167
  2005  55     0.031     0.034     0.165
  2005  56     0.030     0.029     0.164
  2005  57     0.151     0.062     0.162
  2005  58     0.262     0.070     0.161
  2005  59     0.147     0.049     0.159
  2005  60     0.034     0.019     0.158
  2005  61     0.336     0.107     0.156
  2005  62     0.162     0.074     0.155
  2005  63     0.467     0.105     0.154
  2005  64     1.369     0.097     0.152
  2005  65     0.248     0.061     0.151
  2005  66     0.017     0.033     0.150
  2005  67     0.100     0.078     0.148
  2005  68     0.426     0.118     0.147
  2005  69     0.848     0.143     0.146
  2005  70     0.194     0.097     0.144
  2005  71     2.647     0.200     0.143
  2005  72     0.264     0.142     0.142
  2005  73     0.683     0.113     0.140
  2005  74     0.155     0.086     0.139
  2005  75     0.087     0.078     0.138
  2005  76     0.019     0.082     0.137
  2005  77     0.344     0.144     0.135
  2005  78     0.784     0.161     0.134
  2005  79     0.269     0.151     0.133
  2005  80     0.175     0.118     0.132
  2005  81     0.216     0.128     0.130
  2005  82     0.148     0.118     0.129
  2005  83     0.148     0.177     0.128
  2005  84     0.077     0.145     0.127
  2005  85     0.102     0.129     0.126
  2005  86     0.024     0.064     0.124
  2005  87     0.736     0.192     0.123
  2005  88     2.096     0.179     0.122
  2005  89     4.905     0.381     0.121
  2005  90     0.654     0.688     0.120
  2005  91     0.008     0.137     0.119
  2005  92     3.139     0.200     0.118
  2005  93     3.418     0.498     0.117
  2005  94     0.062     0.211     0.115
  2005  95     0.195     0.174     0.114
  2005  96     0.613     0.096     0.113
  2005  97     0.254     0.095     0.112
  2005  98     0.030     0.209     0.111
  2005  99     0.002     0.358     0.110
  2005 100     0.513     0.067     0.109
  2005 101     6.075     0.272     0.108
  2005 102     1.985     0.375     0.107
  2005 103     3.148     0.552     0.106
  2005 104     0.294     0.181     0.105
  2005 105     4.828     0.207     0.104
  2005 106     1.107     0.635     0.103
  2005 107     3.073     0.265     0.102
  2005 108     2.447     0.395     0.101
  2005 109     0.358     0.394     0.100
  2005 110     2.175     0.175     0.099
  2005 111     0.375     0.408     0.099
  2005 112     0.032     0.046     0.098
  2005 113     2.703     0.168     0.098
  2005 114     0.617     0.272     0.097
  2005 115     0.351     0.481     0.096
  2005 116     3.432     0.669     0.096
  2005 117    10.617     0.789     0.095
  2005 118    11.122     0.618     0.094
  2005 119     2.519     0.768     0.094
  2005 120     1.998     0.716     0.093
  2005 121     0.079     0.537     0.092
  2005 122     0.192     0.641     0.091
  2005 123     0.163     0.242     0.089
  2005 124     0.260     0.175     0.089
  2005 125     0.077     0.228     0.088
  2005 126     6.899     0.321     0.087
  2005 127     1.062     0.254     0.087
  2005 128     0.711     0.260     0.096
  2005 129     2.832     0.543     0.130
  2005 130     0.522     0.622     0.093
  2005 131     0.029     0.552     0.092
  2005 132     3.661     0.260     0.117
  2005 133     3.980     0.919     0.127
  2005 134     0.354     0.551     0.107
  2005 135     0.201     0.257     0.128
  2005 136     0.434     0.281     0.135
  2005 137     0.126     0.139     0.175
  2005 138     0.142     0.307     0.371
  2005 139     2.042     0.174     0.834
  2005 140     2.409    -0.011     2.642
  2005 141     0.229     0.346     3.443
  2005 142     2.776     0.129     4.929
  2005 143     4.148     0.328     5.333
  2005 144     4.000     0.708     7.284
  2005 145     2.015     0.667     7.427
  2005 146     3.119     0.459     6.331
  2005 147     2.602     0.728     8.836
  2005 148     0.102     1.443     6.577
  2005 149     0.072     1.908     5.739
  2005 150     0.001     2.153     9.782
  2005 151     0.057     2.675     5.544
  2005 152     0.413     2.727     3.483
  2005 153     0.039     3.139     2.882
  2005 154     0.199     2.981     2.410
  2005 155     0.509     2.253     2.104
  2005 156     0.555     2.219     1.910
  2005 157     0.427     1.983     1.806
  2005 158     0.135     2.567     1.411
  2005 159     0.010     3.370     1.329
  2005 160     0.484     3.395     1.054
  2005 161     1.462     2.744     0.982
  2005 162     1.048     2.173     0.947
  2005 163     0.323     2.426     0.779
  2005 164     0.290     2.645     0.731
  2005 165     0.272     3.477     0.696
  2005 166     0.001     3.606     0.650
  2005 167     1.351     2.420     0.614
  2005 168     0.002     3.242     0.605
  2005 169     0.612     2.582     0.569
  2005 170     5.099     1.223     0.560
  2005 171     2.336     2.167     0.503
  2005 172     0.023     3.756     0.421
  2005 173     2.053     2.987     0.398
  2005 174     6.528     1.580     0.434
  2005 175     1.377     2.254     0.430
  2005 176     0.619     2.822     0.364
  2005 177     1.023     1.721     0.339
  2005 178     0.745     3.251     0.321
  2005 179     0.559     3.562     0.307
  2005 180     0.239     2.648     0.296
  2005 181     2.670     2.748     0.289
  2005 182     0.118     3.436     0.281
  2005 183     0.160     3.676     0.271
  2005 184     0.065     3.031     0.267
  2005 185     0.101     3.600     0.263
  2005 186     0.496     3.886     0.259
  2005 187     1.058     3.233     0.257
  2005 188     7.719     2.812     0.272
  2005 189     0.126     3.880     0.269
  2005 190     5.066     3.726     0.313
  2005 191     0.439     4.428     0.288
  2005 192     0.391     3.544     0.279
  2005 193     0.391     3.256     0.279
  2005 194     0.521     3.352     0.281
  2005 195    10.836     2.041     0.311
  2005 196     4.896     3.125     0.334
  2005 197     1.287     3.705     0.328
  2005 198     6.663     2.525     0.540
  2005 199     0.427     2.990     0.349
  2005 200     5.962     1.571     0.394
  2005 201     0.550     3.231     0.373
  2005 202     0.208     3.080     0.357
  2005 203     0.313     2.890     0.351
  2005 204     1.514     1.939     0.353
  2005 205     9.525     2.011     0.521
  2005 206     4.696     2.085     0.818
  2005 207     3.212     2.239     0.459
  2005 208     3.060     1.905     0.433
  2005 209     0.048     2.776     0.422
  2005 210     0.095     3.066     0.413
  2005 211     1.140     2.050     0.413
  2005 212     1.629     2.507     0.418
  2005 213     0.251     2.935     0.424
  2005 214    17.142     2.438     0.918
  2005 215     3.232     3.932     0.564
  2005 216     2.586     3.490     0.499
  2005 217     3.923     2.491     0.495
  2005 218     4.926     2.566     0.528
  2005 219    11.949     1.753     0.708
  2005 220     8.709     2.332     0.718
  2005 221     4.626     2.245     0.624
  2005 222     0.959     3.018     0.576
  2005 223     3.069     1.871     0.639
  2005 224     1.385     2.776     0.633
  2005 225     1.403     2.288     0.563
  2005 226     9.443     1.680     0.627
  2005 227     3.634     1.842     0.658
  2005 228     0.473     2.449     0.600
  2005 229     0.041     2.462     0.592
  2005 230     0.127     2.091     0.591
  2005 231     1.808     1.472     0.604
  2005 232     0.116     2.365     0.611
  2005 233     0.001     2.897     0.604
  2005 234     0.085     2.978     0.603
  2005 235     0.578     2.231     0.604
  2005 236     5.699     1.966     1.010
  2005 237    10.335     1.446     0.990
  2005 238     4.959     1.233     1.071
  2005 239     1.424     1.827     0.856
  2005 240     0.057     2.220     0.695
  2005 241     0.016     2.271     0.674
  2005 242     0.555     2.379     0.670
  2005 243     1.311     1.748     0.676
  2005 244    10.729     1.278     0.980
  2005 245     0.909     1.646     0.770
  2005 246     6.883     1.508     0.811
  2005 247     1.705     0.985     0.817
  2005 248     0.116     2.047     0.745
  2005 249     2.176     1.355     0.996
  2005 250     0.249     1.502     0.762
  2005 251     0.309     1.646     0.755
  2005 252     3.973     1.232     0.782
  2005 253     0.282     1.561     0.769
  2005 254     1.524     1.629     0.775
  2005 255     8.284     1.041     0.904
  2005 256     7.022     0.797     1.142
  2005 257     0.672     1.308     0.861
  2005 258     0.407     1.296     0.814
  2005 259     1.292     1.266     0.804
  2005 260     0.504     1.345     0.800
  2005 261     1.910     1.085     0.800
  2005 262     0.789     1.190     0.801
  2005 263    14.059     0.901     0.931
  2005 264     3.651     1.237     0.869
  2005 265     0.305     0.991     0.831
  2005 266     1.846     1.013     0.890
  2005 267     7.688     0.632     0.974
  2005 268     0.866     0.723     0.835
  2005 269     3.521     0.552     0.969
  2005 270     2.767     0.859     0.883
  2005 271     1.898     0.750     0.831
  2005 272     6.472     0.351     0.878
  2005 273     2.356     0.580     0.918
  2005 274     0.441     0.810     0.838
  2005 275    13.880     0.340     0.842
  2005 276     5.767     0.641     0.870
  2005 277     0.145     0.368     0.815
  2005 278     0.111     0.151     0.812
  2005 279     0.004     0.145     0.810
  2005 280     0.502     0.108     0.848
  2005 281     2.644     0.141     1.042
  2005 282     0.573     0.209     0.977
  2005 283     0.007     0.210     0.911
  2005 284     0.331     0.289     1.084
  2005 285     0.008     0.431     0.870
  2005 286     1.972     0.201     1.033
  2005 287     6.923     0.417     1.320
  2005 288     0.282     0.542     0.891
  2005 289     3.527     0.276     0.886
  2005 290     0.152     0.346     0.869
  2005 291     0.086     0.278     0.849
  2005 292     0.018     0.222     0.852
  2005 293     0.079     0.216     0.963
  2005 294     0.526     0.173     1.018
  2005 295     0.294     0.193     1.085
  2005 296     0.140     0.219     1.043
  2005 297     0.020     0.067     1.005
  2005 298     0.007     0.102     1.006
  2005 299     0.007     0.057     1.077
  2005 300     0.001     0.062     1.077
  2005 301     0.927     0.103     1.018
  2005 302     0.040     0.104     0.985
  2005 303     0.102     0.105     1.030
  2005 304     1.051     0.140     1.077
  2005 305     1.970     0.171     1.021
  2005 306     2.062     0.234     0.987
  2005 307     1.304     0.273     0.981
  2005 308     0.540     0.158     0.945
  2005 309     0.235     0.132     0.924
  2005 310     1.028     0.172     0.920
  2005 311     1.025     0.089     0.918
  2005 312     0.428     0.047     0.905
  2005 313     0.580     0.051     0.904
  2005 314     4.790     0.224     0.897
  2005 315     4.996     0.269     0.883
  2005 316     0.354     0.534     0.855
  2005 317     0.087     0.118     0.807
  2005 318     1.186     0.025     0.723
  2005 319     0.285     0.023     0.701
  2005 320     0.058    -0.010     0.692
  2005 321     0.370     0.017     0.685
  2005 322     2.319     0.079     0.679
  2005 323     2.991     0.028     0.672
  2005 324     0.487     0.164     0.666
  2005 325     0.005    -0.007     0.659
  2005 326     0.859     0.030     0.652
  2005 327     0.256     0.018     0.644
  2005 328     0.044     0.006     0.637
  2005 329     0.022    -0.007     0.630
  2005 330     0.610     0.013     0.622
  2005 331     0.132    -0.003     0.615
  2005 332     1.268     0.128     0.608
  2005 333     3.326     0.208     0.600
  2005 334     2.549     0.178     0.593
  2005 335     0.682     0.105     0.586
  2005 336     0.105     0.017     0.579
  2005 337     0.314     0.039     0.572
  2005 338     0.498     0.088     0.564
  2005 339     0.190     0.054     0.557
  2005 340     0.046     0.000     0.550
  2005 341     0.991     0.027     0.543
  2005 342     1.032     0.045     0.535
  2005 343     2.203     0.070     0.529
  2005 344     1.002     0.041     0.522
  2005 345     0.678     0.058     0.515
  2005 346     0.105     0.017     0.509
  2005 347     0.372     0.024     0.502
  2005 348     0.184     0.028     0.496
  2005 349     1.424     0.090     0.490
  2005 350     0.236     0.051     0.484
  2005 351     0.094     0.027     0.478
  2005 352     0.108     0.179     0.472
  2005 353     0.270     0.068     0.466
  2005 354     0.470     0.036     0.460
  2005 355     1.593     0.034     0.455
  2005 356     0.664     0.062     0.449
  2005 357     2.610     0.095     0.444
  2005 358     0.736     0.067     0.439
  2005 359     3.657     0.094     0.433
  2005 360     1.803     0.087     0.428
  2005 361     0.280     0.044     0.423
  2005 362     1.209     0.049     0.418
  2005 363     3.017     0.097     0.413
  2005 364     1.293     0.041     0.409
  2005 365     0.363     0.022     0.404
  2006   1     0.338     0.010     0.399
  2006   2     3.785     0.078     0.395
  2006   3     1.105     0.050     0.390
  2006   4     0.199     0.041     0.386
  2006   5     0.549     0.009     0.382
  2006   6     1.049     0.037     0.377
  2006   7     1.175     0.044     0.373
  2006   8     0.189     0.011     0.369
  2006   9     0.358     0.022     0.365
  2006  10     0.304     0.034     0.361
  2006  11     0.401     0.031     0.357
  2006  12     1.208     0.034     0.353
  2006  13     0.197     0.027     0.349
  2006  14     0.017    -0.001     0.345
  2006  15     0.790     0.062     0.341
  2006  16     4.751     0.081     0.337
  2006  17     1.473     0.076     0.334
  2006  18     0.160     0.021     0.330
  2006  19     0.284     0.025     0.326
  2006  20     0.039    -0.002     0.323
  2006  21     0.007    -0.008     0.319
  2006  22     0.700     0.052     0.316
  2006  23     2.692     0.071     0.312
  2006  24     1.653     0.117     0.309
  2006  25     0.970     0.076     0.305
  2006  26     0.337     0.097     0.302
  2006  27     0.323     0.092     0.298
  2006  28     0.294     0.063     0.295
  2006  29     0.502     0.068     0.292
  2006  30     0.738     0.056     0.288
  2006  31     0.553     0.064     0.285
  2006  32     0.194     0.053     0.282
  2006  33     0.213     0.040     0.279
  2006  34     0.079     0.017     0.275
  2006  35     0.679     0.072     0.272
  2006  36     0.156     0.040     0.269
  2006  37     0.137     0.053     0.266
  2006  38     0.106     0.023     0.263
  2006  39     0.068    -0.028     0.260
  2006  40     1.963     0.133     0.257
  2006  41     0.332     0.145     0.254
  2006  42     0.619     0.110     0.252
  2006  43     0.001     0.005     0.249
  2006  44     0.007     0.009     0.246
  2006  45     0.184     0.043     0.243
  2006  46     0.157     0.029     0.241
  2006  47     0.088     0.004     0.238
  2006  48     0.238     0.026     0.235
  2006  49     1.330     0.112     0.233
  2006  50     0.979     0.111     0.230
  2006  51     0.173     0.049     0.228
  2006  52     1.121     0.133     0.225
  2006  53     0.307     0.077     0.223
  2006  54     0.584     0.093     0.221
  2006  55     0.116     0.043     0.218
  2006  56     0.068     0.028     0.216
  2006  57     0.035     0.018     0.214
  2006  58     0.032     0.017     0.211
  2006  59     0.011     0.045     0.209
  2006  60     0.029     0.096     0.207
  2006  61     0.092     0.085     0.205
  2006  62     0.221     0.072     0.203
  2006  63     0.137     0.063     0.201
  2006  64     0.207     0.070     0.199
  2006  65     2.116     0.102     0.197
  2006  66     1.448     0.156     0.195
  2006  67     0.391     0.150     0.193
  2006  68     0.796     0.180     0.191
  2006  69     0.578     0.212     0.189
  2006  70     0.150     0.151     0.187
  2006  71     0.182     0.124     0.185
  2006  72     0.452     0.082     0.183
  2006  73     0.805     0.095     0.182
  2006  74     0.180     0.092     0.180
  2006  75     0.094     0.077     0.178
  2006  76     0.041     0.061     0.176
  2006  77     0.021     0.072     0.175
  2006  78     0.090     0.124     0.173
  2006  79     0.026     0.171     0.171
  2006  80     0.002     0.181     0.170
  2006  81     0.010     0.089     0.168
  2006  82     0.001     0.093     0.167
  2006  83     0.002     0.091     0.165
  2006  84     0.009     0.101     0.164
  2006  85     0.020     0.077     0.162
  2006  86     3.330     0.176     0.161
  2006  87     1.074     0.316     0.159
  2006  88     0.414     0.214     0.158
  2006  89     0.087     0.166     0.157
  2006  90     0.749     0.224     0.155
  2006  91     0.653     0.181     0.154
  2006  92     0.962     0.238     0.152
  2006  93     0.026     0.200     0.151
  2006  94     0.154    -0.022     0.150
  2006  95     0.093     0.171     0.149
  2006  96     0.112     0.172     0.147
  2006  97     0.035     0.185     0.146
  2006  98     1.975     0.220     0.145
  2006  99     0.131     0.190     0.144
  2006 100     0.113     0.034     0.142
  2006 101     0.137     0.077     0.141
  2006 102     0.411     0.247     0.140
  2006 103     0.184     0.218     0.139
  2006 104     0.841     0.140     0.138
  2006 105     0.644    -0.173     0.137
  2006 106     1.324    -0.068     0.136
  2006 107    12.857     0.153     0.135
  2006 108     0.650     0.373     0.134
  2006 109     0.097     0.079     0.133
  2006 110     0.014    -0.093     0.182
  2006 111     0.074    -0.046     0.294
  2006 112     0.427    -0.227     0.598
  2006 113     2.094     0.736     0.641
  2006 114     0.014     0.385     0.391
  2006 115     0.072     0.321     0.675
  2006 116     0.034     0.366     0.537
  2006 117     0.051     0.291     0.622
  2006 118     0.828     0.420     0.972
  2006 119     0.494     0.073     1.718
  2006 120     2.228     0.488     2.683
  2006 121     4.428     0.440     3.139
  2006 122    20.398     0.746     2.511
  2006 123     3.445     1.078     0.590
  2006 124     0.181     0.769     0.346
  2006 125     0.026     0.485     0.329
  2006 126     0.487     0.613     0.384
  2006 127     0.275     0.796     1.079
  2006 128     0.053     1.062     1.033
  2006 129     0.116     0.937     0.404
  2006 130     0.283     0.651     0.319
  2006 131     0.190     1.071     0.538
  2006 132     0.023     1.102     0.938
  2006 133     0.006     0.974     1.835
  2006 134     2.036     0.686     1.570
  2006 135     4.452     1.070     1.713
  2006 136     4.517     1.268     2.795
  2006 137     0.401     1.283     1.721
  2006 138     1.223     0.908     1.280
  2006 139     3.541     1.326     1.116
  2006 140     0.320     1.276     0.523
  2006 141     0.013     1.540     0.572
  2006 142     0.099     1.449     1.727
  2006 143     0.165     2.136     3.711
  2006 144     0.260     1.741     1.402
  2006 145     0.526     0.916     1.090
  2006 146     0.014     1.750     1.550
  2006 147     0.030     1.979     1.828
  2006 148     0.005     2.346     2.487
  2006 149     7.709     1.438     1.903
  2006 150     8.211     0.965     2.312
  2006 151     0.150     2.107     1.570
  2006 152     0.400     2.863     1.865
  2006 153     0.316     3.390     2.025
  2006 154     1.084     3.324     1.712
  2006 155    12.129     2.093     2.524
  2006 156     1.819     2.856     1.685
  2006 157     9.668     1.599     2.119
  2006 158    10.174     1.764     2.417
  2006 159     0.011     3.486     0.986
  2006 160     0.004     3.545     0.781
  2006 161     0.023     2.476     0.651
  2006 162     0.082     1.849     0.582
  2006 163     0.009     3.026     0.564
  2006 164     0.083     3.798     0.540
  2006 165     0.003     4.083     0.550
  2006 166     0.856     3.886     0.556
  2006 167     0.281     3.796     0.559
  2006 168     0.294     3.303     0.523
  2006 169     0.003     3.235     0.489
  2006 170     0.001     3.694     0.464
  2006 171     0.630     2.978     0.448
  2006 172     1.309     3.069     0.440
  2006 173     0.124     2.639     0.432
  2006 174     0.001     3.059     0.428
  2006 175     0.082     3.039     0.428
  2006 176     3.563     3.156     0.433
  2006 177     0.049     3.785     0.439
  2006 178     0.008     3.311     0.443
  2006 179     0.206     3.334     0.448
  2006 180     6.095     3.639     0.469
  2006 181     4.115     4.299     0.480
  2006 182     4.788     2.911     0.480
  2006 183     5.965     2.294     0.517
  2006 184     0.091     3.558     0.503
  2006 185     0.072     3.810     0.498
  2006 186     1.061     3.173     0.499
  2006 187     6.204     2.431     0.591
  2006 188     0.377     3.672     0.527
  2006 189     0.023     3.512     0.511
  2006 190     6.847     2.605     0.513
  2006 191     0.346     3.571     0.518
  2006 192     9.837     2.757     0.534
  2006 193     3.482     2.468     0.563
  2006 194    12.242     2.397     0.751
  2006 195    15.843     3.040     1.453
  2006 196     0.967     3.959     0.631
  2006 197     1.245     3.836     0.593
  2006 198     0.901     4.077     0.585
  2006 199     1.160     3.360     0.585
  2006 200     1.501     3.634     0.592
  2006 201     2.829     2.996     0.600
  2006 202     0.315     3.326     0.599
  2006 203     5.678     2.845     0.605
  2006 204     0.358     3.701     0.609
  2006 205     2.370     3.123     0.608
  2006 206     5.772     3.314     0.618
  2006 207     2.351     3.796     0.628
  2006 208     1.528     2.491     0.620
  2006 209     0.110     3.031     0.619
  2006 210     0.334     3.160     0.615
  2006 211     1.074     2.214     0.613
  2006 212     6.925     1.615     0.621
  2006 213     2.691     1.600     0.633
  2006 214     2.320     1.325     0.632
  2006 215     1.027     2.880     0.621
  2006 216     0.113     2.855     0.610
  2006 217     0.052     3.077     0.602
  2006 218     0.179     2.203     0.596
  2006 219     1.413     2.559     0.590
  2006 220     0.342     2.997     0.586
  2006 221     0.065     3.262     0.581
  2006 222     1.637     2.357     0.575
  2006 223     1.913     2.310     0.571
  2006 224    22.555     1.712     0.853
  2006 225     8.633     2.044     0.772
  2006 226     0.147     3.219     0.627
  2006 227     0.102     2.714     0.590
  2006 228     1.289     3.306     0.576
  2006 229     1.936     2.056     0.569
  2006 230     0.171     2.851     0.565
  2006 231     4.123     2.211     0.566
  2006 232     4.999     1.692     0.577
  2006 233     0.052     2.772     0.570
  2006 234     0.010     2.354     0.559
  2006 235     0.008     2.535     0.552
  2006 236     0.719     2.394     0.548
  2006 237     4.555     0.941     0.556
  2006 238     0.650     2.406     0.555
  2006 239     4.721     2.057     0.565
  2006 240     0.047     2.444     0.556
  2006 241     0.375     1.938     0.544
  2006 242     0.510     2.283     0.537
  2006 243     7.983     2.116     0.551
  2006 244     8.738     2.714     0.664
  2006 245     0.065     2.511     0.553
  2006 246     0.022     2.245     0.535
  2006 247     0.214     1.905     0.526
  2006 248     0.003     2.250     0.521
  2006 249    10.561     1.718     0.548
  2006 250     0.833     1.338     0.544
  2006 251     0.075     1.945     0.528
  2006 252     0.000     2.081     0.518
  2006 253     0.057     2.296     0.514
  2006 254     0.367     2.161     0.511
  2006 255     0.797     2.269     0.504
  2006 256     0.056     1.775     0.500
  2006 257     0.264     1.414     0.498
  2006 258     0.146     1.292     0.493
  2006 259     0.048     1.197     0.491
  2006 260     0.292     0.947     0.489
  2006 261     0.075     0.897     0.485
  2006 262     0.166     0.898     0.482
  2006 263     0.248     0.842     0.482
  2006 264     0.035     0.943     0.474
  2006 265     0.209     0.844     0.474
  2006 266     0.191     0.977     0.470
  2006 267     3.860     0.819     0.465
  2006 268     0.742     0.867     0.461
  2006 269     0.455     0.823     0.456
  2006 270     0.319     0.797     0.451
  2006 271     1.898     0.608     0.447
  2006 272     2.453     0.585     0.442
  2006 273     3.548     0.537     0.445
  2006 274     3.216     0.466     0.443
  2006 275     2.442     0.752     0.440
  2006 276     1.185     0.814     0.434
  2006 277     0.126     0.661     0.429
  2006 278     0.002     0.921     0.424
  2006 279     0.077     0.820     0.420
  2006 280     0.630     0.601     0.416
  2006 281     1.654     0.600     0.413
  2006 282     4.726     0.650     0.411
  2006 283     7.039     0.971     0.410
  2006 284     8.316     0.899     0.409
  2006 285     1.338     0.710     0.409
  2006 286     0.660     0.396     0.403
  2006 287     0.593     0.441     0.399
  2006 288     0.665     0.256     0.396
  2006 289     0.603     0.189     0.393
  2006 290     0.319     0.113     0.390
  2006 291     0.211     0.097     0.387
  2006 292     0.984     0.142     0.385
  2006 293     3.391     0.332     0.382
  2006 294     3.426     0.217     0.382
  2006 295     0.974     0.272     0.380
  2006 296     1.011     0.250     0.378
  2006 297     1.580     0.210     0.376
  2006 298     0.214     0.102     0.374
  2006 299     1.365     0.052     0.376
  2006 300     2.253     0.449     0.376
  2006 301     1.361     0.324     0.372
  2006 302     0.530     0.139     0.368
  2006 303     0.318     0.072     0.365
  2006 304     1.679     0.083     0.362
  2006 305     2.645     0.276     0.361
  2006 306     0.726     0.314     0.360
  2006 307     0.305     0.162     0.360
  2006 308     0.095     0.038     0.361
  2006 309     9.955     0.104     0.379
  2006 310     2.345     0.162     0.427
  2006 311     1.491     0.082     0.435
  2006 312     2.615     0.161     0.443
  2006 313     2.564     0.207     0.448
  2006 314     1.008     0.162     0.420
  2006 315     0.934     0.080     0.390
  2006 316     4.677     0.127     0.391
  2006 317     0.276     0.056     0.392
  2006 318     0.829     0.085     0.387
  2006 319     0.223     0.059     0.394
  2006 320     2.372     0.146     0.388
  2006 321     2.990     0.183     0.400
  2006 322     0.230    -0.003     0.379
  2006 323     0.156     0.114     0.357
  2006 324     3.119     0.128     0.342
  2006 325     0.099    -0.011     0.332
  2006 326     0.335     0.026     0.323
  2006 327     0.052    -0.003     0.318
  2006 328     7.515     0.115     0.316
  2006 329     3.138     0.209     0.314
  2006 330     0.030    -0.008     0.313
  2006 331     0.030    -0.013     0.311
  2006 332     0.066     0.034     0.309
  2006 333     0.448     0.036     0.307
  2006 334     0.065    -0.003     0.305
  2006 335     0.470     0.030     0.303
  2006 336     0.054    -0.011     0.301
  2006 337     0.078    -0.003     0.299
  2006 338     0.562     0.028     0.297
  2006 339     0.752     0.060     0.295
  2006 340     0.261     0.026     0.293
  2006 341     0.207    -0.014     0.291
  2006 342     0.766    -0.054     0.289
  2006 343     2.265     0.067     0.287
  2006 344     0.019    -0.017     0.286
  2006 345     0.286     0.046     0.284
  2006 346     0.442     0.067     0.282
  2006 347     1.708     0.068     0.280
  2006 348     0.511     0.115     0.279
  2006 349     0.056    -0.004     0.277
  2006 350     0.020     0.001     0.274
  2006 351     0.024    -0.007     0.272
  2006 352     0.128    -0.004     0.270
  2006 353     3.740     0.148     0.267
  2006 354     0.880     0.185     0.265
  2006 355     0.022    -0.044     0.263
  2006 356     0.240    -0.043     0.261
  2006 357     1.263     0.152     0.259
  2006 358     0.171     0.024     0.257
  2006 359     0.097     0.000     0.254
  2006 360     0.338     0.058     0.252
  2006 361     0.145     0.027     0.250
  2006 362     0.179    -0.005     0.248
  2006 363     0.039    -0.026     0.247
  2006 364     0.016    -0.085     0.245
  2006 365     0.027    -0.179     0.243
  2007   1     0.172    -0.024     0.241
  2007   2     1.713     0.049     0.239
  2007   3     2.293     0.065     0.238
  2007   4     1.226     0.101     0.236
  2007   5     0.261     0.031     0.234
  2007   6     0.278     0.020     0.232
  2007   7     0.608     0.027     0.231
  2007   8     0.415     0.054     0.229
  2007   9     0.183     0.033     0.227
  2007  10     0.058    -0.008     0.226
  2007  11     0.023    -0.007     0.224
  2007  12     0.357     0.011     0.223
  2007  13     0.615     0.053     0.221
  2007  14     0.138     0.030     0.219
  2007  15     0.033    -0.004     0.218
  2007  16     3.086     0.076     0.216
  2007  17     1.856     0.141     0.215
  2007  18     0.279     0.022     0.213
  2007  19     0.081     0.001     0.212
  2007  20     0.662     0.047     0.210
  2007  21     1.262     0.048     0.209
  2007  22     0.252     0.027     0.207
  2007  23     0.430     0.013     0.206
  2007  24     0.126    -0.000     0.204
  2007  25     4.074     0.075     0.203
  2007  26     1.990     0.079     0.202
  2007  27     0.078     0.005     0.200
  2007  28     2.783     0.069     0.199
  2007  29     0.325     0.022     0.197
  2007  30     0.194     0.014     0.196
  2007  31     1.540     0.130     0.194
  2007  32     0.894     0.166     0.193
  2007  33     0.182     0.062     0.192
  2007  34     0.048     0.018     0.190
  2007  35     0.026     0.002     0.189
  2007  36     0.015    -0.004     0.187
  2007  37     0.054     0.039     0.186
  2007  38     0.335     0.092     0.185
  2007  39     0.180     0.052     0.183
  2007  40     0.107     0.037     0.182
  2007  41     0.145     0.057     0.181
  2007  42     0.622     0.037     0.179
  2007  43     0.528     0.032     0.178
  2007  44     0.009     0.005     0.176
  2007  45     0.049    -0.007     0.175
  2007  46     1.242     0.114     0.174
  2007  47     0.229     0.116     0.172
  2007  48     0.148     0.077     0.171
  2007  49     0.130     0.014     0.170
  2007  50     0.216     0.042     0.168
  2007  51     0.050     0.022     0.167
  2007  52     0.038     0.023     0.166
  2007  53     0.030     0.027     0.164
  2007  54     0.022     0.026     0.163
  2007  55     3.768     0.134     0.162
  2007  56     1.439     0.099     0.161
  2007  57     0.380     0.098     0.159
  2007  58     0.116     0.128     0.158
  2007  59     0.018     0.075     0.157
  2007  60     0.126     0.069     0.156
  2007  61     0.165     0.071     0.154
  2007  62     2.925     0.098     0.153
  2007  63     0.479     0.079     0.152
  2007  64     0.007     0.025     0.151
  2007  65     0.022     0.048     0.150
  2007  66     3.683     0.117     0.149
  2007  67     3.824     0.173     0.147
  2007  68     1.543     0.171     0.146
  2007  69     2.418     0.146     0.145
  2007  70     0.328     0.076     0.144
  2007  71    12.843     0.169     0.143
  2007  72     3.052     0.313     0.142
  2007  73     0.379     0.146     0.141
  2007  74     0.287     0.157     0.140
  2007  75     0.033     0.104     0.139
  2007  76     0.060     0.089     0.138
  2007  77     3.016     0.145     0.137
  2007  78     0.057     0.072     0.136
  2007  79     1.023     0.136     0.135
  2007  80     2.179     0.198     0.134
  2007  81     0.448     0.184     0.133
  2007  82     0.491     0.269     0.132
  2007  83     0.579     0.052     0.131
  2007  84     6.136     0.001     0.130
  2007  85     0.465     0.354     0.129
  2007  86     0.593     0.126     0.128
  2007  87     4.474     0.245     0.127
  2007  88     0.094     0.173     0.126
  2007  89     0.134     0.405     0.125
  2007  90     0.513     0.256     0.124
  2007  91     6.241     0.321     0.124
  2007  92     0.911     0.268     0.123
  2007  93     0.023     0.172     0.122
  2007  94     0.067     0.196     0.121
  2007  95     0.026     0.186     0.120
  2007  96     0.023     0.194     0.119
  2007  97     0.022     0.214     0.118
  2007  98     0.009     0.241     0.118
  2007  99     0.033     0.205     0.117
  2007 100     0.010     0.178     0.116
  2007 101     0.000     0.199     0.115
  2007 102     0.055     0.187     0.115
  2007 103     0.158    -0.049     0.114
  2007 104     0.001    -0.087     0.113
  2007 105     0.949    -0.065     0.112
  2007 106     0.267     0.347     0.112
  2007 107     0.121     0.014     0.111
  2007 108     0.203     0.025     0.110
  2007 109     0.249     0.332     0.110
  2007 110     0.357     0.244     0.109
  2007 111     2.943     0.314     0.108
  2007 112     0.651     0.713     0.108
  2007 113     0.267     0.409     0.107
  2007 114     0.022     0.151     0.108
  2007 115     2.045     0.069     0.109
  2007 116     1.748    -0.073     0.109
  2007 117     2.860     0.094     0.108
  2007 118     2.717     0.307     0.114
  2007 119     0.588     0.193     0.114
  2007 120     0.131    -0.020     0.123
  2007 121     0.676     0.044     0.208
  2007 122     0.187     0.038     0.386
  2007 123     2.411    -0.072     2.212
  2007 124     0.319    -0.187     6.533
  2007 125     0.480     0.041     4.780
  2007 126     2.527     0.452     3.589
  2007 127     2.196     0.771     5.234
  2007 128     1.734     1.263     4.060
  2007 129     3.945     0.784     2.432
  2007 130     1.102     1.028     1.159
  2007 131     1.154     0.862     1.142
  2007 132     0.463     1.076     1.783
  2007 133     6.089     1.975     4.590
  2007 134     0.608     1.565     1.935
  2007 135     0.158     1.474     1.733
  2007 136     5.251     1.256     1.495
  2007 137     6.347     1.065     0.898
  2007 138     0.093     1.030     0.488
  2007 139     0.005     0.928     0.421
  2007 140     0.081     0.717     0.585
  2007 141     0.289     0.877     1.157
  2007 142     0.052     1.516     2.003
  2007 143     0.196     1.709     1.004
  2007 144     0.574     1.257     0.501
  2007 145     0.024     1.869     0.480
  2007 146     0.030     2.471     1.150
  2007 147     0.697     2.937     2.961
  2007 148     5.127     1.476     0.562
  2007 149     0.137     1.744     0.561
  2007 150     0.000     2.251     1.091
  2007 151     0.000     2.767     1.931
  2007 152     0.161     2.688     1.736
  2007 153     0.502     3.191     1.186
  2007 154     0.070     3.057     0.703
  2007 155     0.123     2.498     0.528
  2007 156     0.071     2.037     0.435
  2007 157     0.308     1.896     0.426
  2007 158     1.188     1.778     0.415
  2007 159     7.187     1.924     0.505
  2007 160     8.037     1.318     0.623
  2007 161     0.057     2.140     0.564
  2007 162     0.430     2.935     0.659
  2007 163    11.441     2.176     2.263
  2007 164     6.574     2.830     1.857
  2007 165     1.071     2.243     0.891
  2007 166     0.468     2.671     0.749
  2007 167     0.573     3.641     0.635
  2007 168     2.381     2.995     0.601
  2007 169     0.893     2.448     0.575
  2007 170     1.821     2.765     0.518
  2007 171     1.328     2.951     0.494
  2007 172     0.089     2.991     0.458
  2007 173     6.894     1.734     0.480
  2007 174     2.975     2.750     0.570
  2007 175     1.680     2.798     0.478
  2007 176     0.041     3.738     0.459
  2007 177     0.016     3.528     0.448
  2007 178     0.364     3.480     0.441
  2007 179     0.061     3.111     0.442
  2007 180     0.006     3.099     0.444
  2007 181     0.000     3.673     0.448
  2007 182     1.023     1.940     0.453
  2007 183     0.563     2.942     0.460
  2007 184     0.822     3.026     0.466
  2007 185     0.724     3.166     0.472
  2007 186     0.130     3.400     0.476
  2007 187     0.453     1.773     0.480
  2007 188     6.793     1.961     0.495
  2007 189     1.660     2.723     0.503
  2007 190     0.850     2.563     0.500
  2007 191     1.877     2.445     0.504
  2007 192     1.177     3.562     0.508
  2007 193     1.845     2.821     0.511
  2007 194     2.116     3.610     0.523
  2007 195     0.031     3.985     0.520
  2007 196     0.004     3.820     0.521
  2007 197     0.001     3.288     0.521
  2007 198     0.163     2.955     0.522
  2007 199     0.007     2.877     0.520
  2007 200     0.001     2.541     0.519
  2007 201     0.038     2.829     0.519
  2007 202     9.452     2.633     0.589
  2007 203     2.979     4.215     0.538
  2007 204     0.046     3.603     0.524
  2007 205    10.178     2.185     0.739
  2007 206     1.611     4.454     0.543
  2007 207     2.689     3.312     0.526
  2007 208     0.010     3.433     0.522
  2007 209     1.973     2.091     0.523
  2007 210     0.939     2.583     0.523
  2007 211     3.873     1.935     0.524
  2007 212     3.114     2.774     0.521
  2007 213    50.154     2.054     2.534
  2007 214    12.159     3.167     1.539
  2007 215     1.132     3.331     0.668
  2007 216     4.524     2.215     0.652
  2007 217     3.316     3.250     0.666
  2007 218     0.737     3.231     0.594
  2007 219     2.379     3.306     0.577
  2007 220     4.159     2.699     0.610
  2007 221     0.101     3.026     0.579
  2007 222     0.071     3.417     0.563
  2007 223     1.092     2.766     0.557
  2007 224     0.140     2.962     0.557
  2007 225     2.949     1.680     0.560
  2007 226     3.315     2.521     0.563
  2007 227     5.993     2.717     0.610
  2007 228     3.005     2.211     0.588
  2007 229     0.374     2.227     0.577
  2007 230     0.024     2.488     0.566
  2007 231     0.003     2.960     0.559
  2007 232     0.006     2.593     0.555
  2007 233     2.805     1.713     0.553
  2007 234     9.087     1.765     0.583
  2007 235     1.783     2.292     0.583
  2007 236     0.762     2.476     0.568
  2007 237     1.318     2.002     0.564
  2007 238     0.488     1.815     0.554
  2007 239     0.406     1.794     0.551
  2007 240     0.911     1.528     0.547
  2007 241     2.393     2.031     0.547
  2007 242     0.075     1.909     0.544
  2007 243     6.796     1.349     0.556
  2007 244     4.943     1.095     0.575
  2007 245     2.712     1.779     0.582
  2007 246     2.117     1.454     0.577
  2007 247     5.618     1.534     0.575
  2007 248    16.933     1.639     0.886
  2007 249     2.361     1.178     0.680
  2007 250     0.386     1.191     0.606
  2007 251     0.749     1.516     0.582
  2007 252     3.736     1.467     0.585
  2007 253     7.469     1.466     0.601
  2007 254     0.115     0.871     0.591
  2007 255     0.101     0.862     0.585
  2007 256     0.294     1.033     0.581
  2007 257     1.265     1.110     0.582
  2007 258     0.381     1.163     0.581
  2007 259     2.270     0.651     0.580
  2007 260     0.207     0.938     0.579
  2007 261    12.835     0.181     0.636
  2007 262     2.354     0.407     0.660
  2007 263     4.072     0.506     0.682
  2007 264     6.766     0.350     0.811
  2007 265     0.834     0.655     0.712
  2007 266     0.510     0.579     0.677
  2007 267     5.506     0.329     0.708
  2007 268     2.574     0.426     0.725
  2007 269     1.642     0.672     0.781
  2007 270     0.964     0.699     0.710
  2007 271     1.359     0.826     0.683
  2007 272     4.050     0.722     0.749
  2007 273     0.309     0.974     0.707
  2007 274     3.167     0.737     0.707
  2007 275     7.840     0.253     0.835
  2007 276     6.951     0.574     0.790
  2007 277    11.972     0.826     0.818
  2007 278     0.077     0.473     0.746
  2007 279     1.532     0.253     0.746
  2007 280     4.537     0.199     0.786
  2007 281     0.538     0.231     0.808
  2007 282     1.689     0.182     0.828
  2007 283     0.029     0.090     0.787
  2007 284     0.003     0.038     0.791
  2007 285     1.577     0.168     0.818
  2007 286     0.809     0.223     0.884
  2007 287     0.015    -0.048     0.855
  2007 288     0.067     0.055     0.910
  2007 289     0.171     0.147     0.944
  2007 290     0.022     0.212     0.855
  2007 291     1.560     0.109     0.965
  2007 292     2.641     0.130     1.343
  2007 293     3.272     0.385     1.276
  2007 294     5.441     0.343     0.995
  2007 295     1.718     0.250     0.937
  2007 296     0.448     0.372     0.908
  2007 297     4.912     0.097     1.018
  2007 298     7.134     0.220     1.151
  2007 299     1.669     0.394     0.953
  2007 300     0.529     0.204     0.936
  2007 301     0.883     0.396     0.951
  2007 302     0.044     0.037     0.934
  2007 303     2.970     0.124     0.959
  2007 304     0.332     0.046     1.009
  2007 305     1.839     0.097     1.116
  2007 306     0.741     0.175     1.141
  2007 307     0.166     0.035     1.238
  2007 308     1.939     0.097     1.272
  2007 309     0.718     0.152     1.209
  2007 310     0.408     0.027     1.079
  2007 311     0.785     0.103     1.056
  2007 312     0.406     0.057     1.016
  2007 313     0.268     0.046     0.978
  2007 314     0.422     0.056     0.961
  2007 315     2.651     0.123     0.956
  2007 316     2.212     0.148     0.948
  2007 317     1.499     0.279     0.940
  2007 318     0.216     0.022     0.925
  2007 319     0.334     0.046     0.909
  2007 320     0.167     0.020     0.900
  2007 321     1.155     0.058     0.895
  2007 322     1.042     0.101     0.892
  2007 323     0.087     0.024     0.880
  2007 324     0.007    -0.010     0.872
  2007 325     0.168     0.006     0.867
  2007 326     0.351     0.032     0.852
  2007 327     2.004     0.057     0.833
  2007 328     0.538     0.071     0.818
  2007 329     1.518     0.057     0.800
  2007 330     0.569     0.027     0.787
  2007 331     0.016    -0.029     0.777
  2007 332     0.210     0.008     0.766
  2007 333     0.155     0.029     0.756
  2007 334     0.084     0.002     0.745
  2007 335     0.092    -0.002     0.734
  2007 336     0.087     0.006     0.723
  2007 337     0.072     0.011     0.713
  2007 338     0.106     0.015     0.702
  2007 339     0.577     0.082     0.691
  2007 340     0.574     0.045     0.681
  2007 341     0.267     0.056     0.671
  2007 342     0.174     0.016     0.661
  2007 343     0.249     0.008     0.651
  2007 344     0.735     0.021     0.641
  2007 345     0.281     0.016     0.632
  2007 346     0.034    -0.005     0.622
  2007 347     0.057    -0.005     0.613
  2007 348     1.191     0.047     0.604
  2007 349     0.192     0.019     0.595
  2007 350     0.045     0.026     0.587
  2007 351     0.060     0.020     0.578
  2007 352     0.092    -0.005     0.570
  2007 353     1.135     0.053     0.562
  2007 354     0.510     0.006     0.554
  2007 355     0.071     0.011     0.546
  2007 356     0.009     0.005     0.538
  2007 357     0.330     0.051     0.531
  2007 358     1.171     0.071     0.523
  2007 359     0.086    -0.005     0.516
  2007 360     0.582     0.027     0.509
  2007 361     0.035    -0.003     0.502
  2007 362     1.211     0.044     0.495
  2007 363     2.513     0.062     0.489
  2007 364     0.911     0.051     0.482
  2007 365     0.169     0.004     0.476
  2008   1     0.135    -0.003     0.469
  2008   2     1.083     0.076     0.463
  2008   3     0.650     0.047     0.457
  2008   4     1.585     0.091     0.450
  2008   5     1.990     0.153     0.444
  2008   6     9.477     0.197     0.438
  2008   7     1.987     0.081     0.432
  2008   8     0.834     0.050     0.426
  2008   9     0.088    -0.004     0.420
  2008  10     0.115     0.003     0.415
  2008  11     0.210     0.012     0.409
  2008  12     0.108     0.006     0.403
  2008  13     0.110     0.010     0.398
  2008  14     1.095     0.100     0.392
  2008  15     7.429     0.213     0.387
  2008  16     0.222     0.066     0.381
  2008  17     0.254     0.064     0.376
  2008  18     0.169     0.049     0.371
  2008  19     0.132     0.024     0.366
  2008  20     0.090     0.008     0.361
  2008  21     0.165     0.008     0.356
  2008  22     0.029    -0.005     0.351
  2008  23     0.072    -0.006     0.347
  2008  24     1.613     0.245     0.342
  2008  25     0.337     0.006     0.337
  2008  26     1.477     0.049     0.333
  2008  27     0.403     0.039     0.328
  2008  28     3.026     0.050     0.324
  2008  29     3.483     0.057     0.320
  2008  30     0.266     0.017     0.315
  2008  31     0.016     0.000     0.311
  2008  32     0.057     0.013     0.307
  2008  33     0.010     0.005     0.303
  2008  34     0.202     0.016     0.299
  2008  35     0.028     0.005     0.295
  2008  36     0.261     0.016     0.292
  2008  37     3.803     0.051     0.288
  2008  38     1.762     0.105     0.284
  2008  39     0.528     0.031     0.281
  2008  40     0.637     0.046     0.277
  2008  41     0.041     0.009     0.274
  2008  42     0.794     0.053     0.270
  2008  43     0.412     0.050     0.267
  2008  44     0.213     0.029     0.264
  2008  45     0.152     0.025     0.260
  2008  46     0.772     0.046     0.257
  2008  47     2.121     0.090     0.254
  2008  48     0.455     0.052     0.251
  2008  49     0.124     0.028     0.248
  2008  50     0.038     0.008     0.245
  2008  51     0.564     0.134     0.242
  2008  52     0.140     0.063     0.239
  2008  53     0.760     0.151     0.237
  2008  54     0.584     0.143     0.234
  2008  55     0.138     0.051     0.231
  2008  56     0.281     0.121     0.229
  2008  57     0.198     0.088     0.226
  2008  58     0.040     0.029     0.224
  2008  59     1.014     0.060     0.221
  2008  60     0.055     0.041     0.219
  2008  61     1.557     0.109     0.216
  2008  62     4.642     0.165     0.214
  2008  63     0.107     0.085     0.212
  2008  64     0.051     0.060     0.209
  2008  65     0.120     0.061     0.207
  2008  66     0.132     0.073     0.205
  2008  67     0.941     0.122     0.203
  2008  68     0.175     0.084     0.201
  2008  69     0.625     0.334     0.199
  2008  70     0.181     0.114     0.197
  2008  71     0.866     0.139     0.195
  2008  72     2.351     0.180     0.193
  2008  73     0.633     0.155     0.191
  2008  74     0.260     0.148     0.189
  2008  75     0.148     0.073     0.187
  2008  76     0.554     0.075     0.185
  2008  77     0.762     0.119     0.184
  2008  78     1.526     0.187     0.182
  2008  79     0.313     0.100     0.180
  2008  80     2.132     0.163     0.178
  2008  81     0.556     0.187     0.177
  2008  82     0.521     0.109     0.175
  2008  83     1.396     0.157     0.173
  2008  84     0.043     0.141     0.172
  2008  85     0.688     0.187     0.170
  2008  86     0.200     0.175     0.169
  2008  87     0.030     0.106     0.167
  2008  88     0.013     0.192     0.166
  2008  89     0.374     0.190     0.164
  2008  90     0.568     0.155     0.163
  2008  91     0.069     0.105     0.161
  2008  92     0.477     0.095     0.160
  2008  93     1.791     0.227     0.158
  2008  94     0.700     0.157     0.157
  2008  95     1.001     0.201     0.156
  2008  96     0.861     0.198     0.154
  2008  97     0.572     0.331     0.153
  2008  98     0.152     0.283     0.151
  2008  99     0.037     0.232     0.150
  2008 100     0.252     0.163     0.149
  2008 101     0.156     0.047     0.147
  2008 102     0.879     0.092     0.146
  2008 103     0.568     0.100     0.145
  2008 104     0.626    -0.039     0.144
  2008 105     0.296    -0.039     0.142
  2008 106     0.428     0.077     0.141
  2008 107     0.381     0.507     0.140
  2008 108     0.096     0.271     0.139
  2008 109     3.006     0.261     0.138
  2008 110     4.307     0.401     0.136
  2008 111     2.423     0.531     0.135
  2008 112     6.714     0.548     0.134
  2008 113     3.924     0.834     0.133
  2008 114     1.593     0.689     0.132
  2008 115     0.216     0.494     0.131
  2008 116     0.020     0.378     0.130
  2008 117     0.843     0.329     0.129
  2008 118     0.287     0.355     0.128
  2008 119     0.128     0.196     0.127
  2008 120     0.035     0.219     0.126
  2008 121     0.053     0.241     0.125
  2008 122     0.140     0.250     0.124
  2008 123     1.116     0.380     0.123
  2008 124     1.018     0.406     0.122
  2008 125     1.708     0.553     0.121
  2008 126     0.852     0.481     0.120
  2008 127     1.545     0.447     0.119
  2008 128     2.334     0.482     0.118
  2008 129     1.397     0.679     0.117
  2008 130     0.789     0.540     0.116
  2008 131     0.812     0.529     0.115
  2008 132     0.838     0.300     0.115
  2008 133     0.479     0.171     0.114
  2008 134     2.461     0.208     0.113
  2008 135     0.688     0.203     0.112
  2008 136     1.024     0.117     0.111
  2008 137     5.366    -0.089     0.110
  2008 138     1.017     0.444     0.109
  2008 139     0.812     0.231     0.109
  2008 140     0.318     0.179     0.108
  2008 141     0.233     0.227     0.107
  2008 142     0.249     0.149     0.114
  2008 143     0.230     0.034     0.187
  2008 144     0.033    -0.008     0.411
  2008 145     0.101     0.121     1.358
  2008 146     0.282     0.647     1.887
  2008 147     0.071     0.459     2.473
  2008 148     0.099     0.439     4.496
  2008 149     0.038     0.834     5.544
  2008 150     0.023     1.124     7.770
  2008 151     3.585     0.959    10.461
  2008 152     1.961     1.641     4.840
  2008 153     1.324     1.902     2.419
  2008 154     0.175     1.952     2.547
  2008 155     1.985     2.487     5.283
  2008 156     1.285     2.300     2.919
  2008 157     0.007     2.729     2.250
  2008 158     0.017     2.940     3.501
  2008 159     0.059     2.928     1.928
  2008 160     0.004     2.818     1.091
  2008 161     0.008     2.907     0.927
  2008 162     0.009     2.664     1.353
  2008 163     0.001     3.142     1.183
  2008 164     0.216     3.272     0.863
  2008 165     1.784     2.453     0.647
  2008 166     1.100     2.780     0.659
  2008 167     0.258     3.237     0.578
  2008 168     0.198     2.589     0.466
  2008 169     0.382     3.199     0.449
  2008 170     0.580     3.118     0.441
  2008 171     0.522     2.549     0.463
  2008 172     0.386     2.175     0.474
  2008 173     3.750     2.810     0.446
  2008 174     2.426     2.869     0.458
  2008 175     1.049     2.910     0.400
  2008 176     3.262     2.815     0.446
  2008 177     0.269     2.708     0.351
  2008 178     6.117     2.512     0.331
  2008 179     0.811     3.081     0.305
  2008 180     0.015     3.268     0.287
  2008 181     2.131     2.811     0.274
  2008 182     0.897     4.158     0.266
  2008 183     3.279     3.293     0.265
  2008 184     2.991     2.880     0.264
  2008 185     5.435     3.089     0.275
  2008 186     1.787     2.817     0.302
  2008 187     2.500     2.656     0.299
  2008 188     0.855     3.611     0.295
  2008 189     1.657     2.642     0.291
  2008 190     0.172     2.865     0.293
  2008 191     0.063     3.113     0.292
  2008 192     0.024     3.596     0.293
  2008 193     0.474     3.078     0.297
  2008 194     0.579     3.183     0.306
  2008 195     0.706     3.294     0.310
  2008 196     1.369     3.256     0.321
  2008 197     0.352     3.189     0.323
  2008 198     0.829     2.816     0.325
  2008 199     0.129     2.928     0.330
  2008 200     0.200     2.807     0.335
  2008 201     0.071     3.216     0.338
  2008 202     0.199     3.061     0.337
  2008 203     0.021     3.239     0.339
  2008 204     6.157     3.065     0.345
  2008 205    32.780     1.532     1.398
  2008 206    16.389     1.927     1.783
  2008 207     0.719     3.398     0.500
  2008 208     0.173     3.459     0.435
  2008 209     0.033     3.184     0.424
  2008 210     0.466     3.000     0.423
  2008 211     0.204     3.059     0.427
  2008 212     0.041     3.168     0.434
  2008 213     2.435     3.134     0.445
  2008 214     1.330     2.980     0.454
  2008 215    12.726     2.028     0.573
  2008 216     8.017     1.955     0.548
  2008 217     6.412     2.037     0.579
  2008 218     3.096     2.513     0.631
  2008 219     0.377     3.475     0.530
  2008 220     0.082     2.870     0.517
  2008 221     0.118     3.197     0.516
  2008 222     0.638     3.562     0.519
  2008 223     0.106     3.431     0.523
  2008 224     0.007     3.218     0.526
  2008 225     0.005     2.902     0.529
  2008 226     0.234     2.775     0.532
  2008 227     0.188     3.003     0.534
  2008 228     0.053     3.256     0.536
  2008 229    16.130     1.590     0.769
  2008 230     1.926     2.411     0.603
  2008 231     0.485     2.696     0.563
  2008 232     0.165     2.982     0.555
  2008 233    16.014     2.073     0.674
  2008 234    17.765     1.583     1.148
  2008 235     4.809     1.481     0.782
  2008 236     0.085     2.571     0.636
  2008 237     0.012     2.665     0.604
  2008 238     0.003     2.370     0.595
  2008 239     8.586     1.502     0.690
  2008 240    19.336     2.381     1.691
  2008 241     2.362     2.745     0.869
  2008 242     0.827     2.543     0.669
  2008 243    11.534     1.427     1.270
  2008 244     0.238     2.500     0.757
  2008 245     0.031     2.131     0.688
  2008 246     0.125     1.629     0.671
  2008 247     1.244     2.022     0.667
  2008 248     0.527     1.846     0.672
  2008 249     2.608     1.395     0.685
  2008 250     1.163     1.721     0.693
  2008 251     0.452     1.383     0.693
  2008 252     3.066     1.803     0.724
  2008 253     1.208     1.661     0.714
  2008 254     0.344     1.445     0.705
  2008 255     3.306     1.126     0.789
  2008 256     6.599     0.948     0.832
  2008 257     1.424     1.208     0.732
  2008 258     0.880     1.550     0.761
  2008 259     1.980     0.771     0.720
  2008 260     0.662     1.400     0.720
  2008 261     0.086     1.227     0.718
  2008 262     7.943     0.292     0.769
  2008 263     2.955     1.344     0.754
  2008 264     0.037     1.009     0.738
  2008 265     0.009     1.000     0.738
  2008 266     0.268     1.360     0.818
  2008 267     6.474     0.677     1.379
  2008 268     2.505     1.747     0.915
  2008 269     0.650     1.662     0.826
  2008 270     0.654     1.122     0.755
  2008 271     0.120     0.754     0.739
  2008 272     1.198     0.726     0.742
  2008 273     0.611     0.574     0.740
  2008 274     0.551     0.634     0.740
  2008 275     0.680     0.924     0.740
  2008 276     0.130     0.567     0.739
  2008 277     0.017     0.805     0.738
  2008 278     0.002     1.023     0.736
  2008 279     0.001     1.107     0.734
  2008 280     1.750     0.977     0.734
  2008 281     4.142     0.711     0.755
  2008 282     0.632     0.872     0.749
  2008 283     1.682     0.854     0.739
  2008 284    10.019     0.548     0.734
  2008 285     1.501     0.363     0.730
  2008 286     0.109     0.455     0.726
  2008 287     0.483     0.185     0.724
  2008 288     0.945     0.306     0.723
  2008 289     1.758     0.282     0.721
  2008 290     0.116     0.217     0.716
  2008 291     0.015     0.196     0.709
  2008 292     3.558     0.288     0.707
  2008 293     1.366     0.335     0.700
  2008 294     0.022     0.319     0.690
  2008 295     4.102     0.175     0.729
  2008 296     1.644     0.341     0.832
  2008 297     0.363     0.376     0.851
  2008 298     1.023     0.396     0.709
  2008 299     1.208     0.318     0.736
  2008 300     0.974     0.807     0.678
  2008 301     0.216     0.448     0.664
  2008 302     0.110     0.174     0.668
  2008 303     2.273     0.229     0.712
  2008 304     6.848     0.519     0.727
  2008 305     0.245     0.189     0.724
  2008 306     2.607     0.159     0.794
  2008 307     1.456     0.177     0.871
  2008 308     5.107     0.229     0.816
  2008 309    13.590     0.534     0.766
  2008 310     0.254     0.147     0.744
  2008 311     0.081     0.043     0.791
  2008 312     0.070     0.048     0.845
  2008 313     0.144     0.019     0.744
  2008 314     0.064     0.008     0.628
  2008 315     1.160     0.112     0.601
  2008 316     1.848     0.083     0.595
  2008 317     5.422     0.142     0.590
  2008 318     0.805     0.200     0.583
  2008 319     0.322     0.110     0.570
  2008 320     0.403     0.039     0.560
  2008 321     0.218     0.021     0.554
  2008 322     0.203    -0.007     0.549
  2008 323     0.333     0.032     0.545
  2008 324     0.250     0.069     0.540
  2008 325     0.255     0.006     0.536
  2008 326     0.839     0.031     0.531
  2008 327     0.896     0.078     0.526
  2008 328     1.854     0.098     0.522
  2008 329     2.053     0.117     0.517
  2008 330     0.471     0.137     0.512
  2008 331     3.223     0.074     0.508
  2008 332     2.270     0.108     0.503
  2008 333     1.016     0.101     0.498
  2008 334     0.441     0.101     0.493
  2008 335     0.194     0.045     0.489
  2008 336     1.658     0.028     0.484
  2008 337     1.128     0.088     0.479
  2008 338     0.746     0.151     0.475
  2008 339     0.121     0.018     0.470
  2008 340     0.248     0.017     0.465
  2008 341     0.026    -0.021     0.460
  2008 342     0.595     0.022     0.455
  2008 343     0.102     0.008     0.450
  2008 344     0.034    -0.004     0.445
  2008 345     0.026    -0.003     0.440
  2008 346     0.068    -0.001     0.435
  2008 347     0.152     0.006     0.431
  2008 348     0.156     0.013     0.426
  2008 349     0.054    -0.004     0.422
  2008 350     0.166     0.008     0.417
  2008 351     0.270     0.017     0.413
  2008 352     0.095     0.000     0.408
  2008 353     0.018    -0.007     0.404
  2008 354     0.045    -0.006     0.400
  2008 355     0.120     0.002     0.396
  2008 356     0.302     0.037     0.391
  2008 357     0.248     0.010     0.387
  2008 358     0.122     0.000     0.383
  2008 359     0.017    -0.005     0.379
  2008 360     0.045     0.007     0.375
  2008 361     0.722     0.031     0.372
  2008 362     0.476     0.022     0.368
  2008 363     1.527     0.044     0.364
  2008 364     0.823     0.055     0.360
  2008 365     0.062    -0.006     0.357
  2008 366     0.154     0.004     0.353
  2009   1     0.180     0.006     0.350
  2009   2     0.536     0.023     0.346
  2009   3     0.142     0.006     0.343
  2009   4     0.850     0.032     0.339
  2009   5     0.631     0.021     0.336
  2009   6     1.472     0.061     0.332
  2009   7     1.253     0.048     0.329
  2009   8     0.729     0.039     0.326
  2009   9     0.576     0.066     0.322
  2009  10     0.052    -0.005     0.319
  2009  11     0.097    -0.001     0.316
  2009  12     0.122     0.020     0.312
  2009  13     0.075    -0.000     0.309
  2009  14     0.074    -0.005     0.306
  2009  15     0.004    -0.008     0.303
  2009  16     3.480     0.065     0.299
  2009  17     1.428     0.188     0.296
  2009  18     0.159     0.011     0.293
  2009  19     0.063     0.035     0.290
  2009  20     0.347     0.086     0.287
  2009  21     0.229     0.076     0.283
  2009  22     0.176     0.061     0.280
  2009  23     0.657     0.100     0.277
  2009  24     0.278     0.073     0.274
  2009  25     0.068     0.008     0.271
  2009  26     0.001    -0.012     0.268
  2009  27     0.032    -0.005     0.265
  2009  28     0.150     0.009     0.262
  2009  29     0.308     0.010     0.259
  2009  30     0.494     0.021     0.257
  2009  31     2.225     0.057     0.254
  2009  32     1.096     0.046     0.251
  2009  33     0.055     0.006     0.248
  2009  34     0.146     0.019     0.245
  2009  35     2.667     0.145     0.243
  2009  36     0.591     0.019     0.240
  2009  37     0.212     0.102     0.237
  2009  38     0.036     0.010     0.235
  2009  39     0.594     0.053     0.232
  2009  40     0.338     0.081     0.230
  2009  41     0.507     0.112     0.227
  2009  42     2.551     0.150     0.225
  2009  43     3.138     0.133     0.222
  2009  44     1.708     0.103     0.220
  2009  45     1.783     0.099     0.218
  2009  46     0.463     0.070     0.215
  2009  47     0.066     0.022     0.213
  2009  48     0.021     0.021     0.211
  2009  49     0.035     0.038     0.209
  2009  50     0.295     0.073     0.206
  2009  51     0.648     0.075     0.204
  2009  52     0.529     0.147     0.202
  2009  53     0.339     0.042     0.200
  2009  54     2.118     0.107     0.198
  2009  55     0.056     0.028     0.196
  2009  56     0.062     0.023     0.194
  2009  57     0.023     0.019     0.192
  2009  58     0.189     0.043     0.190
  2009  59     0.061     0.025     0.188
  2009  60     0.002     0.060     0.186
  2009  61     0.009     0.045     0.185
  2009  62     0.043     0.048     0.183
  2009  63     1.774     0.146     0.181
  2009  64     0.294     0.173     0.179
  2009  65     0.133     0.073     0.178
  2009  66     0.234     0.069     0.176
  2009  67     2.448     0.131     0.174
  2009  68     0.415     0.087     0.173
  2009  69     0.059     0.044     0.171
  2009  70     0.134     0.065     0.169
  2009  71     0.105     0.046     0.168
  2009  72     0.066     0.029     0.166
  2009  73     0.005     0.030     0.165
  2009  74     1.432     0.127     0.163
  2009  75     6.604     0.217     0.162
  2009  76     3.984     0.276     0.160
  2009  77     0.097     0.143     0.159
  2009  78     1.014     0.213     0.158
  2009  79     0.574     0.237     0.156
  2009  80     0.068     0.112     0.155
  2009  81     4.464     0.296     0.154
  2009  82    12.336     0.382     0.152
  2009  83     0.085     0.226     0.151
  2009  84     0.118     0.292     0.150
  2009  85     0.019     0.107     0.148
  2009  86     0.000     0.235     0.147
  2009  87     0.202     0.216     0.146
  2009  88     0.278     0.275     0.145
  2009  89     0.263     0.153     0.144
  2009  90     0.004     0.089     0.142
  2009  91     0.012     0.020     0.141
  2009  92     0.045     0.166     0.140
  2009  93     0.005     0.186     0.139
  2009  94     0.007     0.175     0.138
  2009  95     0.017     0.125     0.137
  2009  96     0.233     0.274     0.136
  2009  97     0.950     0.276     0.135
  2009  98     0.454     0.289     0.134
  2009  99     0.232     0.190     0.133
  2009 100     0.034     0.202     0.132
  2009 101     1.216     0.326     0.131
  2009 102     0.453     0.238     0.130
  2009 103     1.213     0.399     0.129
  2009 104     3.957     0.309     0.128
  2009 105     1.830     0.184     0.127
  2009 106     0.162     0.254     0.126
  2009 107     0.324     0.306     0.125
  2009 108     0.300     0.364     0.124
  2009 109     0.396     0.190     0.123
  2009 110     1.781     0.162     0.122
  2009 111     0.938     0.476     0.121
  2009 112     0.509     0.271     0.120
  2009 113     2.720     0.412     0.120
  2009 114     0.199     0.432     0.119
  2009 115     0.133     0.560     0.118
  2009 116     0.139     0.230     0.117
  2009 117     0.243     0.264     0.116
  2009 118     0.097     0.279     0.116
  2009 119     0.324     0.359     0.115
  2009 120     0.746     0.534     0.114
  2009 121     0.901     0.470     0.113
  2009 122     1.692     0.577     0.112
  2009 123     0.540     0.300     0.112
  2009 124     0.574     0.161     0.111
  2009 125    10.586     0.464     0.110
  2009 126     1.811     0.722     0.109
  2009 127     0.388     0.640     0.109
  2009 128     0.138     0.569     0.108
  2009 129     0.774     0.276     0.107
  2009 130     0.185     0.190     0.107
  2009 131     2.484     0.315     0.106
  2009 132     3.352     0.418     0.105
  2009 133     3.527     0.544     0.104
  2009 134     0.382     0.570     0.104
  2009 135     0.072     0.447     0.103
  2009 136     0.759     0.356     0.103
  2009 137     7.020     0.499     0.102
  2009 138     0.779     0.705     0.101
  2009 139     0.029     0.471     0.101
  2009 140     0.309     0.319     0.100
  2009 141     0.314     0.349     0.099
  2009 142     0.776     0.326     0.099
  2009 143     0.490     0.414     0.103
  2009 144     2.097     0.356     0.104
  2009 145     2.228     0.674     0.118
  2009 146     1.332     0.444     0.126
  2009 147     3.554     0.512     0.236
  2009 148     0.382     0.512     0.159
  2009 149     1.361     0.577     0.140
  2009 150     0.369     0.387     0.142
  2009 151     0.650     0.295     0.162
  2009 152     0.807     0.495     0.154
  2009 153     0.366     0.196     0.201
  2009 154     0.830     0.150     0.355
  2009 155     1.039     0.465     0.271
  2009 156     2.885     0.444     0.210
  2009 157     0.482     0.174     0.239
  2009 158     0.306     0.140     0.301
  2009 159     0.047     0.142     0.413
  2009 160     0.027     0.159     0.716
  2009 161     0.022     0.232     1.336
  2009 162     4.313     0.283     4.554
  2009 163     6.524     0.387     4.844
  2009 164     0.114     0.458     8.983
  2009 165     1.387     0.860    11.571
  2009 166     1.336     1.231    11.539
  2009 167     1.118     1.773     7.801
  2009 168    12.007     1.129    13.066
  2009 169     2.491     1.521     5.799
  2009 170    10.410     0.991     7.285
  2009 171     3.600     2.452     6.124
  2009 172     0.086     3.314     3.621
  2009 173     3.296     2.413     3.247
  2009 174    13.330     1.240     5.473
  2009 175     4.782     1.169     2.809
  2009 176     0.115     3.236     1.602
  2009 177     5.532     1.403     1.629
  2009 178     2.479     1.969     1.815
  2009 179     0.016     3.367     1.153
  2009 180     0.001     3.127     1.022
  2009 181     0.000     3.984     0.888
  2009 182     0.001     3.425     0.796
  2009 183     0.001     2.240     0.768
  2009 184     0.129     2.472     0.738
  2009 185     0.101     2.465     0.726
  2009 186     0.431     2.487     0.693
  2009 187     0.015     3.068     0.661
  2009 188     0.143     3.304     0.629
  2009 189     0.230     3.133     0.616
  2009 190    12.200     1.929     0.641
  2009 191    20.859     1.803     2.080
  2009 192     0.631     3.877     1.260
  2009 193     0.010     3.867     0.795
  2009 194     7.000     2.514     0.666
  2009 195    12.845     1.597     1.481
  2009 196     3.446     2.859     1.025
  2009 197     0.032     3.654     0.694
  2009 198     0.540     3.683     0.569
  2009 199     2.596     2.443     0.512
  2009 200    16.784     1.786     1.149
  2009 201    14.405     1.637     1.997
  2009 202     9.640     1.809     2.199
  2009 203     6.232     1.394     1.822
  2009 204     2.937     1.486     1.107
  2009 205     0.523     1.531     0.771
  2009 206     0.583     1.871     0.721
  2009 207     4.913     2.490     1.184
  2009 208     2.245     2.743     0.876
  2009 209    12.000     1.423     2.480
  2009 210     1.506     2.615     1.094
  2009 211     0.718     2.616     0.921
  2009 212     0.719     2.337     0.949
  2009 213     3.514     2.002     1.180
  2009 214     1.106     1.971     1.124
  2009 215     0.662     2.284     1.127
  2009 216     0.187     3.025     1.175
  2009 217     0.071     2.990     1.223
  2009 218     0.414     2.730     1.263
  2009 219     0.572     3.697     1.294
  2009 220     0.009     3.309     1.317
  2009 221     4.225     2.599     1.340
  2009 222     1.434     2.328     1.364
  2009 223     7.125     2.397     1.406
  2009 224     5.230     1.943     1.441
  2009 225     4.751     1.973     1.611
  2009 226     0.076     2.529     1.394
  2009 227     0.001     2.534     1.369
  2009 228     0.000     2.861     1.356
  2009 229     0.016     2.751     1.345
  2009 230     0.958     1.894     1.335
  2009 231     4.852     1.507     1.350
  2009 232     2.696     1.396     1.426
  2009 233     0.035     2.022     1.322
  2009 234     1.193     1.474     1.296
  2009 235     2.656     2.141     1.291
  2009 236     8.009     1.649     1.613
  2009 237     4.604     1.813     1.511
  2009 238     0.007     1.781     1.282
  2009 239     0.038     1.931     1.238
  2009 240     0.694     1.780     1.213
  2009 241     0.044     1.753     1.188
  2009 242     0.006     2.142     1.167
  2009 243     0.083     2.503     1.150
  2009 244     0.030     3.303     1.133
  2009 245     0.006     2.748     1.117
  2009 246     2.680     1.583     1.110
  2009 247     1.196     2.002     1.100
  2009 248     8.037     1.419     1.124
  2009 249     0.758     2.331     1.085
  2009 250     8.031     1.211     1.223
  2009 251     4.593     1.262     1.138
  2009 252     2.014     1.277     1.066
  2009 253     0.939     1.430     1.041
  2009 254     0.532     1.248     1.023
  2009 255     0.013     1.878     1.004
  2009 256     0.000     1.720     0.988
  2009 257     0.066     1.742     0.973
  2009 258     1.830     1.883     0.964
  2009 259     6.639     1.278     1.019
  2009 260     0.302     1.580     0.965
  2009 261     6.449     0.844     1.060
  2009 262     0.016     1.562     0.943
  2009 263     1.514     1.612     0.932
  2009 264     1.202     1.696     0.919
  2009 265     2.508     1.485     0.921
  2009 266     0.564     0.959     0.902
  2009 267     0.271     1.661     0.888
  2009 268     0.021     1.986     0.873
  2009 269     8.363     0.775     1.051
  2009 270     6.133     1.001     1.070
  2009 271     0.332     0.811     0.893
  2009 272     0.218     0.848     0.873
  2009 273     0.317     0.912     0.864
  2009 274     1.338     0.846     0.915
  2009 275     0.164     0.946     0.843
  2009 276     0.845     0.601     0.832
  2009 277     0.682     0.613     0.825
  2009 278     0.602     0.533     0.817
  2009 279     2.580     0.402     0.815
  2009 280     1.933     0.638     0.817
  2009 281     2.546     0.605     0.802
  2009 282     3.521     0.542     0.795
  2009 283     2.577     0.807     0.790
  2009 284     0.820     0.512     0.783
  2009 285     0.350     0.360     0.774
  2009 286     0.239     0.362     0.764
  2009 287     0.097     0.340     0.758
  2009 288     0.023     0.283     0.753
  2009 289     0.157     0.267     0.750
  2009 290     1.798     0.068     0.846
  2009 291     2.281     0.450     0.766
  2009 292     1.342     0.210     0.738
  2009 293     0.496     0.243     0.732
  2009 294     1.903     0.168     0.727
  2009 295     0.270     0.168     0.723
  2009 296     1.506     0.201     0.728
  2009 297     0.701     0.221     0.733
  2009 298     0.342     0.104     0.730
  2009 299     1.325     0.110     0.729
  2009 300     1.340     0.167     0.751
  2009 301     3.593     0.338     0.724
  2009 302     9.685     0.303     0.706
  2009 303     3.362     0.447     0.702
  2009 304     0.539     0.234     0.688
  2009 305     1.541     0.095     0.673
  2009 306     0.294     0.060     0.669
  2009 307     0.970     0.066     0.666
  2009 308     1.607     0.110     0.669
  2009 309     1.633     0.093     0.662
  2009 310     0.604     0.154     0.665
  2009 311     5.132     0.148     0.658
  2009 312     0.525     0.052     0.648
  2009 313     0.143     0.002     0.640
  2009 314     0.074     0.046     0.640
  2009 315     0.037    -0.113     0.638
  2009 316     0.234    -0.018     0.637
  2009 317     0.393     0.031     0.644
  2009 318     0.124    -0.016     0.642
  2009 319     0.214     0.003     0.656
  2009 320     0.218    -0.037     0.682
  2009 321     1.678     0.081     0.672
  2009 322     0.860     0.062     0.676
  2009 323     0.115     0.006     0.652
  2009 324     0.730     0.051     0.630
  2009 325     1.688     0.138     0.613
  2009 326     2.860     0.243     0.605
  2009 327     0.263     0.160     0.587
  2009 328     1.840     0.066     0.558
  2009 329     1.499     0.046     0.540
  2009 330     2.235     0.045     0.520
  2009 331     1.805     0.080     0.512
  2009 332     2.030     0.062     0.507
  2009 333     0.900     0.062     0.502
  2009 334     0.581     0.046     0.495
  2009 335     0.766     0.057     0.486
  2009 336     0.297     0.041     0.477
  2009 337     0.323     0.047     0.471
  2009 338     0.300     0.024     0.465
  2009 339     0.354     0.030     0.460
  2009 340     0.650     0.107     0.455
  2009 341     0.129     0.018     0.451
  2009 342     0.067    -0.003     0.446
  2009 343     0.139    -0.003     0.442
  2009 344     0.162     0.006     0.437
  2009 345     0.428     0.017     0.432
  2009 346     2.815     0.052     0.428
  2009 347     0.721     0.080     0.424
  2009 348     0.085     0.024     0.419
  2009 349     0.050     0.050     0.415
  2009 350     0.014     0.000     0.411
  2009 351     0.063     0.001     0.407
  2009 352     0.050    -0.001     0.403
  2009 353     0.663     0.016     0.399
  2009 354     1.069     0.035     0.395
  2009 355     0.704     0.051     0.391
  2009 356     0.119    -0.004     0.387
  2009 357     0.886     0.019     0.383
  2009 358     3.531     0.036     0.379
  2009 359     0.256     0.008     0.375
  2009 360     0.062     0.091     0.372
  2009 361     0.415     0.106     0.368
  2009 362     0.067    -0.026     0.364
  2009 363     0.021    -0.013     0.361
  2009 364     0.099    -0.012     0.357
  2009 365     0.180     0.021     0.354
  2010   1     0.001    -0.006     0.350
  2010   2     1.987     0.085     0.347
  2010   3     1.587     0.018     0.344
  2010   4     0.425     0.029     0.340
  2010   5     0.133     0.028     0.337
  2010   6     0.048     0.002     0.334
  2010   7     0.005     0.033     0.331
  2010   8     0.028     0.057     0.328
  2010   9     0.784     0.111     0.324
  2010  10     0.197     0.022     0.321
  2010  11     6.596     0.090     0.318
  2010  12     1.908     0.101     0.315
  2010  13     4.090     0.121     0.312
  2010  14     0.787     0.059     0.309
  2010  15     0.188     0.037     0.306
  2010  16     1.378     0.102     0.303
  2010  17     0.347     0.040     0.301
  2010  18     0.048    -0.031     0.298
  2010  19     0.259     0.035     0.295
  2010  20     0.657     0.098     0.292
  2010  21     0.547     0.094     0.289
  2010  22     0.428     0.054     0.287
  2010  23     0.448     0.069     0.284
  2010  24     0.728     0.164     0.281
  2010  25     0.388     0.024     0.278
  2010  26     0.919     0.134     0.276
  2010  27     0.737     0.092     0.273
  2010  28     0.065     0.030     0.270
  2010  29     0.069     0.013     0.268
  2010  30     0.026     0.007     0.265
  2010  31     0.137     0.042     0.262
  2010  32     0.022    -0.016     0.260
  2010  33     0.010     0.016     0.257
  2010  34     0.251     0.010     0.255
  2010  35     0.165     0.008     0.252
  2010  36     0.339     0.019     0.250
  2010  37     0.094     0.011     0.247
  2010  38     0.047     0.005     0.245
  2010  39     0.010     0.019     0.242
  2010  40     0.044     0.015     0.240
  2010  41     1.644     0.062     0.237
  2010  42     0.709     0.060     0.235
  2010  43     0.010     0.006     0.233
  2010  44     0.003     0.016     0.230
  2010  45     0.002     0.061     0.228
  2010  46     0.001     0.028     0.226
  2010  47     0.022     0.020     0.223
  2010  48     0.019     0.017     0.221
  2010  49     0.039     0.004     0.219
  2010  50     0.522     0.079     0.217
  2010  51     0.148     0.033     0.215
  2010  52     2.695     0.096     0.213
  2010  53     0.194     0.037     0.210
  2010  54     0.140     0.042     0.208
  2010  55     0.570     0.087     0.206
  2010  56     0.231     0.064     0.204
  2010  57     1.018     0.058     0.202
  2010  58     0.489     0.105     0.200
  2010  59     0.059     0.128     0.198
  2010  60     0.469     0.230     0.196
  2010  61     0.091     0.094     0.194
  2010  62     0.002     0.082     0.193
  2010  63     0.045    -0.086     0.191
  2010  64     0.001    -0.108     0.189
  2010  65     0.015    -0.094     0.187
  2010  66     0.098     0.060     0.185
  2010  67     0.097     0.039     0.184
  2010  68     0.099     0.058     0.182
  2010  69     0.031     0.021     0.180
  2010  70     0.239     0.084     0.178
  2010  71     0.118     0.064     0.177
  2010  72     0.026    -0.037     0.175
  2010  73     0.478     0.070     0.174
  2010  74     0.017     0.012     0.172
  2010  75     0.085    -0.150     0.170
  2010  76     0.356     0.226     0.169
  2010  77     0.119     0.195     0.167
  2010  78     0.285     0.208     0.166
  2010  79     0.351     0.206     0.164
  2010  80     0.294     0.108     0.163
  2010  81     0.754     0.081     0.161
  2010  82     0.180     0.140     0.160
  2010  83     0.327     0.171     0.159
  2010  84     0.065     0.106     0.157
  2010  85     0.350     0.127     0.156
  2010  86     0.156     0.149     0.154
  2010  87     0.758     0.238     0.153
  2010  88     4.592     0.174     0.152
  2010  89     2.527     0.207     0.151
  2010  90     2.931     0.190     0.149
  2010  91     1.372     0.446     0.148
  2010  92     0.309     0.177     0.147
  2010  93     1.829     0.299     0.145
  2010  94     1.522     0.392     0.144
  2010  95     2.887     0.440     0.143
  2010  96     0.382     0.303     0.142
  2010  97     0.102     0.245     0.141
  2010  98     0.003    -0.034     0.140
  2010  99     0.045     0.142     0.139
  2010 100     0.172     0.040     0.137
  2010 101     0.078     0.131     0.136
  2010 102     0.033     0.034     0.135
  2010 103     0.001     0.028     0.134
  2010 104     5.171     0.070     0.133
  2010 105     0.905     0.444     0.132
  2010 106     0.003    -0.002     0.252
  2010 107     0.028     0.000     0.558
  2010 108     0.071     0.349     0.501
  2010 109     0.050     0.279     0.366
  2010 110     0.024     0.235     0.361
  2010 111     0.056     0.182     0.529
  2010 112     0.304     0.655     0.409
  2010 113     0.423     0.754     0.208
  2010 114     4.386     0.607     0.147
  2010 115     4.098     0.328     0.269
  2010 116     0.077     0.180     0.328
  2010 117     0.362     0.244     0.344
  2010 118     0.529     0.338     0.368
  2010 119     0.254     0.562     0.374
  2010 120     0.239     0.658     0.365
  2010 121     0.210     0.767     0.373
  2010 122     0.158     0.654     0.349
  2010 123     0.147     0.707     0.259
  2010 124     0.130     0.623     0.218
  2010 125     0.112     0.564     0.171
  2010 126     0.117     0.550     0.189
  2010 127     0.465     0.536     0.260
  2010 128     0.292     0.555     0.436
  2010 129     0.105     0.625     0.577
  2010 130     0.784     0.762     0.789
  2010 131     0.711     0.833     0.915
  2010 132     2.165     1.066     1.124
  2010 133     1.993     1.312     1.011
  2010 134     0.288     1.053     0.675
  2010 135     8.573     1.013     1.798
  2010 136     0.575     1.339     1.437
  2010 137     2.646     1.092     2.393
  2010 138     1.610     1.281     2.304
  2010 139     0.106     1.272     0.884
  2010 140     8.044     0.946     1.419
  2010 141    12.927     1.113     1.551
  2010 142     3.437     1.440     0.955
  2010 143    20.417     0.694     0.706
  2010 144     3.542     0.729     0.895
  2010 145     3.554     0.627     0.646
  2010 146    11.404     0.603     0.721
  2010 147     0.988     1.120     0.657
  2010 148     0.152     0.913     0.568
  2010 149     0.084     0.704     0.657
  2010 150     0.010     0.699     1.332
  2010 151     0.002     0.831     2.594
  2010 152     0.648     0.959     3.385
  2010 153     0.037     1.649     3.066
  2010 154     0.034     1.899     3.699
  2010 155     0.001     2.230     3.549
  2010 156     0.000     2.260     3.526
  2010 157     0.179     2.413     4.241
  2010 158     4.570     2.418     2.273
  2010 159     2.232     1.644     1.364
  2010 160     0.223     2.137     1.651
  2010 161     0.645     2.493     1.683
  2010 162     0.005     2.662     1.396
  2010 163     0.010     2.909     2.145
  2010 164     0.030     3.089     2.549
  2010 165     0.050     3.636     2.304
  2010 166     1.964     1.913     1.074
  2010 167     2.024     3.333     0.912
  2010 168     0.039     3.829     0.708
  2010 169     0.006     3.703     0.586
  2010 170     2.495     2.145     0.534
  2010 171     0.838     3.113     0.501
  2010 172     3.392     2.343     0.507
  2010 173     1.012     2.784     0.480
  2010 174     1.219     3.130     0.461
  2010 175     0.031     3.101     0.442
  2010 176     0.008     3.052     0.425
  2010 177     0.010     3.325     0.414
  2010 178     0.005     3.694     0.407
  2010 179     0.027     3.096     0.403
  2010 180     0.003     3.273     0.402
  2010 181     0.596     3.551     0.403
  2010 182     0.163     2.172     0.408
  2010 183     1.133     2.322     0.413
  2010 184    24.260     2.483     0.814
  2010 185     2.399     3.842     0.597
  2010 186     0.334     3.777     0.498
  2010 187     3.325     2.834     0.557
  2010 188     0.660     3.607     0.517
  2010 189     3.673     2.476     0.524
  2010 190     1.508     3.031     0.550
  2010 191     4.075     2.988     0.582
  2010 192     0.566     3.679     0.583
  2010 193     0.006     3.445     0.588
  2010 194     0.002     3.953     0.600
  2010 195     0.038     3.481     0.613
  2010 196     1.482     2.799     0.626
  2010 197     0.006     2.967     0.638
  2010 198     0.005     3.301     0.648
  2010 199     0.006     3.072     0.657
  2010 200     0.217     2.793     0.664
  2010 201     0.306     2.862     0.670
  2010 202     0.766     2.603     0.675
  2010 203     0.090     2.431     0.679
  2010 204     0.889     2.357     0.681
  2010 205     0.849     3.012     0.680
  2010 206     3.197     2.626     0.680
  2010 207     0.580     2.680     0.680
  2010 208     1.869     2.313     0.678
  2010 209     0.249     2.802     0.675
  2010 210     1.386     2.745     0.670
  2010 211     0.275     2.670     0.665
  2010 212     3.046     2.674     0.661
  2010 213     0.458     2.578     0.654
  2010 214     0.662     2.539     0.649
  2010 215     3.836     2.982     0.648
  2010 216     2.630     2.674     0.638
  2010 217     0.001     2.934     0.633
  2010 218     0.009     1.990     0.627
  2010 219     0.002     2.316     0.621
  2010 220     0.001     2.128     0.616
  2010 221     0.138     1.974     0.610
  2010 222     0.648     1.632     0.601
  2010 223    16.665     1.209     0.790
  2010 224    11.745     2.014     0.808
  2010 225     1.828     2.003     0.603
  2010 226     9.064     1.843     0.614
  2010 227     7.686     2.030     0.633
  2010 228     1.607     2.488     0.649
  2010 229     1.245     1.951     0.609
  2010 230     0.416     2.160     0.592
  2010 231     4.109     2.104     0.589
  2010 232     4.447     1.688     0.589
  2010 233     0.490     2.290     0.573
  2010 234     1.860     2.225     0.571
  2010 235     9.091     1.946     0.755
  2010 236    15.745     2.193     2.653
  2010 237     0.579     2.629     0.636
  2010 238     0.139     2.510     0.590
  2010 239     7.376     1.807     0.584
  2010 240     9.144     1.498     0.626
  2010 241     2.693     1.425     0.622
  2010 242     1.517     1.328     0.590
  2010 243    10.172     1.158     0.925
  2010 244     2.070     1.554     0.740
  2010 245     0.130     1.821     0.598
  2010 246     0.011     1.836     0.576
  2010 247     0.005     2.008     0.565
  2010 248     0.032     2.118     0.561
  2010 249     0.033     1.787     0.560
  2010 250     0.112     1.543     0.563
  2010 251     0.030     1.407     0.561
  2010 252     0.046     1.355     0.561
  2010 253     5.806     1.277     0.582
  2010 254    19.910     0.804     0.835
  2010 255     8.427     1.394     0.989
  2010 256     0.927     1.269     0.797
  2010 257     0.133     1.318     0.622
  2010 258     0.337     1.646     0.606
  2010 259     7.152     1.084     0.670
  2010 260     8.870     1.048     1.380
  2010 261     2.328     1.095     0.821
  2010 262     0.712     1.145     0.656
  2010 263     0.752     0.705     0.639
  2010 264     3.126     0.775     0.721
  2010 265     0.068     0.952     0.649
  2010 266     0.788     1.114     0.649
  2010 267     0.019     1.124     0.653
  2010 268     0.333     1.363     0.656
  2010 269     1.609     1.073     0.713
  2010 270     0.012     1.143     0.676
  2010 271     6.802     0.546     0.988
  2010 272     1.674     1.037     0.746
  2010 273     1.103     0.893     0.713
  2010 274     0.173     1.042     0.705
  2010 275     0.000     1.371     0.701
  2010 276     0.001     1.641     0.703
  2010 277     0.016     0.975     0.702
  2010 278    10.924     0.566     0.758
  2010 279     0.205     1.168     0.746
  2010 280     0.324     0.642     0.728
  2010 281     0.433     0.710     0.723
  2010 282     0.327     0.925     0.718
  2010 283     0.172     0.648     0.715
  2010 284     1.220     0.454     0.718
  2010 285     0.163     0.844     0.715
  2010 286     1.588     0.667     0.725
  2010 287     0.138     0.618     0.715
  2010 288     4.625     0.316     0.717
  2010 289     3.397     0.894     0.737
  2010 290     0.305     0.568     0.715
  2010 291     0.200     0.438     0.707
  2010 292     0.143     0.313     0.700
  2010 293     0.218     0.488     0.699
  2010 294     0.138     0.474     0.699
  2010 295     0.176     0.440     0.708
  2010 296     0.109     0.239     0.728
  2010 297     0.363     0.170     0.766
  2010 298     7.802     0.287     0.828
  2010 299     9.914     0.288     0.857
  2010 300     2.407     0.631     0.806
  2010 301     2.957     0.689     0.774
  2010 302     0.693     0.309     0.753
  2010 303     0.244     0.071     0.758
  2010 304     0.007    -0.053     0.789
  2010 305     0.205    -0.002     0.778
  2010 306     0.115    -0.166     0.761
  2010 307     0.197     0.225     0.732
  2010 308     0.093     0.021     0.710
  2010 309     0.005     0.008     0.753
  2010 310     0.257     0.066     0.743
  2010 311     0.058    -0.024     0.712
  2010 312     3.308     0.072     0.719
  2010 313     6.957     0.150     0.751
  2010 314     1.411     0.195     0.741
  2010 315     3.093     0.217     0.717
  2010 316     0.252     0.136     0.699
  2010 317     0.734     0.099     0.687
  2010 318     0.472     0.072     0.695
  2010 319     0.524     0.067     0.675
  2010 320     0.311     0.184     0.653
  2010 321     0.122     0.087     0.627
  2010 322     0.024    -0.018     0.593
  2010 323     0.130    -0.025     0.568
  2010 324     0.180    -0.002     0.555
  2010 325     0.119     0.002     0.524
  2010 326     0.141     0.041     0.513
  2010 327     1.078     0.093     0.507
  2010 328     0.090    -0.010     0.502
  2010 329     1.808     0.028     0.497
  2010 330     0.436     0.019     0.493
  2010 331     0.332     0.022     0.488
  2010 332     0.545     0.022     0.483
  2010 333     0.326     0.045     0.479
  2010 334     0.121    -0.006     0.474
  2010 335     0.133    -0.004     0.469
  2010 336     0.160    -0.007     0.465
  2010 337     0.511     0.014     0.460
  2010 338     0.119     0.003     0.455
  2010 339     0.070     0.005     0.450
  2010 340     0.402     0.030     0.445
  2010 341     0.113    -0.003     0.440
  2010 342     1.582     0.039     0.435
  2010 343     1.717     0.059     0.431
  2010 344     0.106    -0.002     0.426
  2010 345     0.128     0.019     0.421
  2010 346     0.041    -0.008     0.416
  2010 347     1.016     0.073     0.412
  2010 348     0.454     0.040     0.407
  2010 349     0.117     0.001     0.403
  2010 350     1.546     0.126     0.398
  2010 351     3.537     0.149     0.394
  2010 352     6.962     0.201     0.390
  2010 353     3.776     0.233     0.386
  2010 354     0.798     0.113     0.382
  2010 355     0.337     0.022     0.378
  2010 356     0.453     0.025     0.374
  2010 357     0.515     0.030     0.370
  2010 358     0.214     0.008     0.366
  2010 359     0.100     0.063     0.362
  2010 360     0.264     0.034     0.359
  2010 361     1.020     0.072     0.355
  2010 362     2.445     0.111     0.351
  2010 363     1.112     0.139     0.348
  2010 364     0.194     0.075     0.344
  2010 365     0.035     0.000     0.341
  2011   1     0.013    -0.004     0.337
  2011   2     0.032    -0.012     0.334
  2011   3     0.523     0.047     0.331
  2011   4     0.372     0.036     0.327
  2011   5     0.277     0.014     0.324
  2011   6     0.113     0.003     0.321
  2011   7     0.842     0.075     0.318
  2011   8     0.756     0.053     0.315
  2011   9     0.813     0.033     0.312
  2011  10     0.594     0.034     0.309
  2011  11     0.308     0.018     0.306
  2011  12     0.059    -0.003     0.303
  2011  13     0.277     0.009     0.300
  2011  14     0.172     0.002     0.297
  2011  15     0.089     0.010     0.294
  2011  16     0.078    -0.006     0.292
  2011  17     0.055    -0.006     0.289
  2011  18     0.032    -0.006     0.286
  2011  19     0.798     0.031     0.284
  2011  20     0.047    -0.007     0.281
  2011  21     0.245     0.006     0.278
  2011  22     0.360     0.008     0.276
  2011  23     0.468     0.036     0.273
  2011  24     2.556     0.048     0.271
  2011  25     0.477     0.023     0.268
  2011  26     1.405     0.055     0.265
  2011  27     0.068     0.004     0.263
  2011  28     0.961     0.055     0.260
  2011  29     0.021    -0.002     0.258
  2011  30     0.142     0.015     0.255
  2011  31     0.026     0.040     0.253
  2011  32     0.000     0.041     0.251
  2011  33     0.703     0.080     0.248
  2011  34     0.841     0.036     0.246
  2011  35     0.415     0.026     0.243
  2011  36     0.554     0.078     0.241
  2011  37     0.253     0.084     0.239
  2011  38     0.158     0.100     0.236
  2011  39     0.589     0.195     0.234
  2011  40     0.208     0.054     0.232
  2011  41     0.310     0.015     0.229
  2011  42     0.408     0.080     0.227
  2011  43     0.010     0.015     0.225
  2011  44     0.060     0.011     0.223
  2011  45     1.213     0.075     0.221
  2011  46     0.551     0.079     0.218
  2011  47     0.465     0.049     0.216
  2011  48     0.569     0.041     0.214
  2011  49     0.153     0.021     0.212
  2011  50     0.003     0.003     0.210
  2011  51     0.001     0.138     0.208
  2011  52     0.275     0.076     0.206
  2011  53     0.343     0.077     0.204
  2011  54     0.541     0.106     0.202
  2011  55     0.585     0.100     0.200
  2011  56     0.042     0.010     0.198
  2011  57     0.625     0.083     0.196
  2011  58     0.450     0.176     0.194
  2011  59     0.233     0.105     0.193
  2011  60     0.117     0.076     0.191
  2011  61     0.041     0.044     0.189
  2011  62     0.015     0.030     0.187
  2011  63     0.036     0.031     0.185
  2011  64     0.027     0.027     0.184
  2011  65     0.006     0.023     0.182
  2011  66     0.012     0.072     0.180
  2011  67     0.413     0.113     0.179
  2011  68     0.260     0.060     0.177
  2011  69     1.892     0.099     0.176
  2011  70     0.218     0.055     0.174
  2011  71     0.015     0.052     0.172
  2011  72     1.598     0.119     0.171
  2011  73     0.249     0.104     0.169
  2011  74     2.661     0.147     0.168
  2011  75     1.047     0.175     0.166
  2011  76     0.068     0.082     0.165
  2011  77     0.213     0.132     0.164
  2011  78     1.188     0.175     0.162
  2011  79     1.039     0.217     0.161
  2011  80     0.069     0.085     0.159
  2011  81     0.013     0.105     0.158
  2011  82     0.040     0.167     0.157
  2011  83     0.171     0.089     0.155
  2011  84     0.016     0.065     0.154
  2011  85     0.000     0.117     0.153
  2011  86     0.002     0.145     0.152
  2011  87     0.000     0.129     0.150
  2011  88     0.007     0.167     0.149
  2011  89     0.097     0.193     0.148
  2011  90     0.475     0.130     0.147
  2011  91     0.816     0.113     0.146
  2011  92     0.836     0.295     0.145
  2011  93     0.881     0.263     0.143
  2011  94     0.274     0.188     0.142
  2011  95     0.117     0.177     0.141
  2011  96     0.576     0.272     0.140
  2011  97     0.760     0.114     0.139
  2011  98     0.344     0.236     0.138
  2011  99     0.340     0.142     0.137
  2011 100     1.481     0.247     0.136
  2011 101     1.565     0.297     0.135
  2011 102     3.171     0.262     0.134
  2011 103     0.059     0.267     0.133
  2011 104     0.183     0.224     0.132
  2011 105     0.113     0.300     0.131
  2011 106     0.045     0.159     0.130
  2011 107     0.050     0.237     0.129
  2011 108     0.999     0.283     0.128
  2011 109     0.310     0.291     0.127
  2011 110     0.241     0.235     0.126
  2011 111     0.571     0.280     0.125
  2011 112     4.251     0.313     0.125
  2011 113     1.458     0.517     0.124
  2011 114     0.405     0.345     0.123
  2011 115     0.129     0.240     0.122
  2011 116     1.376     0.390     0.121
  2011 117     1.873     0.105     0.120
  2011 118     4.353     0.138     0.119
  2011 119     1.273     0.418     0.118
  2011 120     0.055     0.348     0.118
  2011 121     0.174     0.173     0.117
  2011 122     0.324     0.327     0.116
  2011 123     0.023     0.226     0.115
  2011 124     1.690     0.142     0.114
  2011 125     0.415     0.436     0.114
  2011 126     0.073     0.260     0.113
  2011 127     0.105     0.375     0.112
  2011 128     1.773     0.442     0.111
  2011 129     2.104     0.413     0.111
  2011 130     0.323     0.318     0.110
  2011 131     0.564     0.331     0.122
  2011 132     0.010     0.180     0.141
  2011 133     0.002     0.058     0.188
  2011 134     0.075     0.080     0.311
  2011 135     0.001     0.094     0.519
  2011 136     0.010     0.161     0.955
  2011 137     0.020     0.522     2.519
  2011 138     0.091     1.135     4.161
  2011 139     0.403     1.731     4.297
  2011 140     2.257     1.697     2.937
  2011 141     0.612     1.833     2.294
  2011 142     3.548     1.310     1.410
  2011 143     0.219     1.380     1.092
  2011 144     0.294     1.285     0.936
  2011 145     0.143     1.403     0.841
  2011 146     0.028     1.521     0.797
  2011 147     0.499     1.611     0.745
  2011 148     1.131     1.305     0.519
  2011 149     0.588     0.800     0.377
  2011 150     0.033     1.376     0.563
  2011 151     0.097     1.692     0.841
  2011 152     0.004     2.093     1.013
  2011 153     0.066     2.267     2.064
  2011 154    12.861     1.292     3.332
  2011 155     3.348     2.221     0.501
  2011 156     3.001     2.452     0.495
  2011 157     1.492     1.694     0.435
  2011 158     0.132     1.802     0.626
  2011 159     0.124     1.633     0.671
  2011 160     0.084     2.791     1.416
  2011 161     0.884     2.454     0.922
  2011 162     0.184     3.085     1.306
  2011 163     0.165     3.021     0.827
  2011 164     0.870     2.547     0.574
  2011 165     2.354     1.925     0.475
  2011 166     0.433     2.870     0.369
  2011 167     1.515     2.117     0.320
  2011 168     0.510     3.334     0.288
  2011 169     0.005     3.349     0.274
  2011 170     0.004     2.325     0.263
  2011 171     0.009     2.930     0.255
  2011 172     0.008     2.531     0.250
  2011 173     0.726     2.099     0.248
  2011 174     1.335     2.076     0.254
  2011 175     0.071     2.973     0.251
  2011 176     0.015     2.557     0.241
  2011 177    19.238     1.777     0.382
  2011 178     0.283     3.418     0.263
  2011 179     0.125     3.331     0.243
  2011 180     2.700     2.834     0.235
  2011 181    12.145     2.992     0.453
  2011 182     0.667     4.309     0.286
  2011 183     1.762     3.573     0.261
  2011 184     0.041     3.609     0.239
  2011 185     5.711     2.579     0.236
  2011 186     2.559     3.835     0.230
  2011 187     5.239     2.264     0.237
  2011 188     0.257     3.657     0.233
  2011 189     0.061     3.382     0.217
  2011 190     7.064     2.823     0.302
  2011 191     6.661     2.608     0.645
  2011 192     0.259     3.254     0.278
  2011 193     0.175     4.029     0.238
  2011 194     1.606     3.905     0.227
  2011 195     0.368     3.685     0.224
  2011 196    21.394     2.259     0.715
  2011 197     5.748     2.362     0.390
  2011 198     0.546     3.322     0.297
  2011 199     0.937     3.592     0.266
  2011 200    20.833     1.785     1.659
  2011 201     1.504     2.464     0.576
  2011 202     1.184     3.726     0.338
  2011 203     0.017     3.580     0.303
  2011 204     0.000     3.606     0.291
  2011 205     0.006     3.295     0.292
  2011 206     0.043     3.757     0.296
  2011 207     0.570     3.463     0.303
  2011 208     2.032     3.169     0.313
  2011 209     0.025     3.918     0.321
  2011 210     1.291     2.383     0.330
  2011 211     8.255     2.216     0.368
  2011 212     0.521     3.371     0.360
  2011 213     7.268     2.777     0.369
  2011 214     2.201     4.017     0.382
  2011 215     1.018     3.513     0.381
  2011 216     3.200     2.360     0.385
  2011 217     1.852     2.630     0.392
  2011 218     0.031     3.036     0.396
  2011 219     0.279     2.830     0.399
  2011 220     0.252     2.883     0.403
  2011 221     1.031     2.828     0.407
  2011 222     1.891     2.561     0.411
  2011 223     1.798     2.639     0.421
  2011 224     0.410     2.531     0.418
  2011 225     1.918     2.801     0.422
  2011 226     1.620     2.703     0.488
  2011 227     5.875     2.731     0.438
  2011 228    22.195     1.569     1.254
  2011 229    22.480     1.809     1.795
  2011 230     3.665     2.317     0.644
  2011 231    14.458     2.186     1.664
  2011 232     1.847     2.518     0.721
  2011 233     0.133     2.723     0.519
  2011 234     5.102     1.830     0.859
  2011 235     1.622     1.947     0.532
  2011 236     1.037     2.587     0.533
  2011 237     3.686     2.775     0.570
  2011 238     1.936     3.000     0.559
  2011 239     0.270     2.544     0.533
  2011 240     4.910     1.823     0.623
  2011 241     0.141     2.403     0.555
  2011 242    10.375     1.639     0.841
  2011 243     1.052     1.889     0.691
  2011 244     4.225     1.759     0.775
  2011 245     5.850     1.817     0.808
  2011 246     0.307     1.991     0.637
  2011 247     0.005     1.977     0.624
  2011 248     0.227     2.349     0.622
  2011 249     0.068     2.285     0.623
  2011 250     0.000     2.247     0.624
  2011 251     0.002     2.730     0.625
  2011 252     0.333     1.791     0.627
  2011 253     0.322     2.992     0.627
  2011 254     1.201     2.274     0.627
  2011 255     6.477     1.337     0.641
  2011 256     2.352     1.498     0.640
  2011 257     0.182     1.321     0.636
  2011 258     0.000     1.599     0.629
  2011 259     0.251     1.699     0.624
  2011 260     2.892     1.315     0.625
  2011 261     4.000     1.141     0.643
  2011 262     2.882     1.207     0.669
  2011 263     0.563     1.121     0.631
  2011 264     0.115     1.648     0.619
  2011 265     0.001     1.886     0.608
  2011 266     0.002     1.736     0.600
  2011 267     0.001     1.551     0.595
  2011 268     0.001     1.280     0.589
  2011 269     1.387     1.715     0.584
  2011 270     3.908     1.318     0.584
  2011 271     3.436     1.495     0.599
  2011 272     0.634     1.017     0.595
  2011 273     0.003     1.013     0.578
  2011 274     0.139     2.045     0.568
  2011 275     0.043     1.101     0.561
  2011 276     0.117     0.729     0.555
  2011 277     1.953     0.791     0.553
  2011 278     0.458     0.657     0.548
  2011 279     5.204     0.528     0.559
  2011 280    14.310     0.426     0.831
  2011 281    10.975     0.771     1.065
  2011 282     0.333     0.835     0.674
  2011 283     1.228     0.569     0.624
  2011 284    11.115     0.419     1.024
  2011 285     6.925     0.558     0.753
  2011 286     4.868     0.417     0.702
  2011 287     9.292     0.564     0.728
  2011 288     8.715     0.783     0.662
  2011 289     6.966     0.939     0.586
  2011 290     1.583     0.588     0.585
  2011 291     0.507     0.243     0.581
  2011 292     0.896     0.490     0.588
  2011 293     1.402     0.112     0.930
  2011 294     0.552     0.314     0.761
  2011 295     0.200     0.104     0.608
  2011 296     0.140     0.112     0.597
  2011 297     0.820     0.095     0.611
  2011 298     1.194     0.132     0.635
  2011 299     0.434     0.086     0.626
  2011 300     0.456     0.050     0.629
  2011 301     0.624     0.109     0.640
  2011 302     0.573     0.095     0.636
  2011 303     0.426     0.132     0.639
  2011 304     2.811     0.129     0.665
  2011 305     0.595     0.148     0.650
  2011 306     0.208     0.089     0.633
  2011 307     0.079     0.040     0.645
  2011 308     0.302     0.074     0.658
  2011 309     0.031    -0.028     0.686
  2011 310     0.360     0.025     0.799
  2011 311     0.363     0.054     0.828
  2011 312     1.299     0.049     0.810
  2011 313     0.644     0.053     0.787
  2011 314     0.229     0.017     0.776
  2011 315     0.636     0.049     0.830
  2011 316     0.573     0.032     0.806
  2011 317     0.626     0.039     0.752
  2011 318     1.085     0.079     0.685
  2011 319     0.863     0.067     0.644
  2011 320     0.227     0.044     0.582
  2011 321     0.301     0.073     0.562
  2011 322     0.421     0.150     0.558
  2011 323     0.125     0.068     0.556
  2011 324     0.153    -0.012     0.553
  2011 325     0.248     0.012     0.550
  2011 326     0.279     0.015     0.546
  2011 327     4.338     0.060     0.543
  2011 328     0.911     0.031     0.539
  2011 329     0.301     0.031     0.535
  2011 330     1.388     0.137     0.531
  2011 331     5.731     0.432     0.527
  2011 332     1.213     0.480     0.522
  2011 333     1.050     0.045     0.518
  2011 334     0.173     0.073     0.514
  2011 335     0.175     0.008     0.509
  2011 336     4.160     0.108     0.504
  2011 337     0.318     0.036     0.499
  2011 338     0.096     0.003     0.494
  2011 339     0.463     0.040     0.489
  2011 340     5.946     0.442     0.484
  2011 341     1.223     0.532     0.479
  2011 342     1.232     0.354     0.474
  2011 343     0.108     0.035     0.469
  2011 344     0.014    -0.004     0.464
  2011 345     0.274     0.013     0.459
  2011 346     0.106    -0.033     0.454
  2011 347     0.796     0.117     0.449
  2011 348     0.351     0.026     0.445
  2011 349     0.007    -0.026     0.440
  2011 350     0.299    -0.002     0.435
  2011 351     0.767     0.026     0.430
  2011 352     0.323     0.018     0.425
  2011 353     1.160     0.039     0.421
  2011 354     0.846     0.080     0.416
  2011 355     0.338     0.012     0.412
  2011 356     0.060    -0.007     0.407
  2011 357     1.304     0.052     0.402
  2011 358     1.234     0.151     0.398
  2011 359     1.762     0.025     0.394
  2011 360     0.090     0.006     0.389
  2011 361     0.051    -0.009     0.385
  2011 362     1.377     0.076     0.381
  2011 363     0.478     0.023     0.377
  2011 364     2.705     0.063     0.373
  2011 365     1.112     0.081     0.369
  2012   1     0.476     0.061     0.365
  2012   2     1.730     0.044     0.361
  2012   3     3.325     0.257     0.357
  2012   4     0.261     0.059     0.354
  2012   5     2.072     0.085     0.350
  2012   6     0.364     0.030     0.346
  2012   7     0.141    -0.004     0.343
  2012   8     1.643     0.064     0.339
  2012   9     0.220     0.056     0.336
  2012  10     0.710     0.080     0.333
  2012  11     0.390     0.067     0.329
  2012  12     0.004    -0.004     0.326
  2012  13     0.012    -0.001     0.323
  2012  14     0.011     0.000     0.320
  2012  15     0.435     0.030     0.316
  2012  16     0.480     0.048     0.313
  2012  17     0.217     0.039     0.310
  2012  18     0.188     0.008     0.307
  2012  19     0.247     0.021     0.304
  2012  20     0.161    -0.001     0.302
  2012  21     0.099    -0.005     0.299
  2012  22     1.015     0.046     0.296
  2012  23     1.157     0.023     0.293
  2012  24     0.434     0.067     0.290
  2012  25     0.498     0.066     0.287
  2012  26     1.101     0.058     0.285
  2012  27     1.071     0.081     0.282
  2012  28     0.307     0.053     0.279
  2012  29     0.074     0.004     0.276
  2012  30     0.095     0.011     0.274
  2012  31     1.970     0.067     0.271
  2012  32     0.179     0.025     0.268
  2012  33     0.641     0.044     0.265
  2012  34     0.040    -0.056     0.263
  2012  35     0.025     0.117     0.260
  2012  36     0.592     0.115     0.258
  2012  37     0.015     0.042     0.255
  2012  38     0.061     0.090     0.252
  2012  39     0.105     0.021     0.250
  2012  40     0.169     0.025     0.247
  2012  41     0.080     0.052     0.245
  2012  42     0.005     0.079     0.242
  2012  43     0.001     0.042     0.240
  2012  44     0.022     0.015     0.237
  2012  45     0.041     0.041     0.235
  2012  46     0.228     0.049     0.232
  2012  47     0.101     0.018     0.230
  2012  48     0.234     0.019     0.228
  2012  49     0.318     0.021     0.225
  2012  50     0.051     0.009     0.223
  2012  51     0.145     0.044     0.221
  2012  52     1.590     0.091     0.218
  2012  53     0.737     0.098     0.216
  2012  54     0.296     0.065     0.214
  2012  55     0.121     0.038     0.212
  2012  56     0.050     0.027     0.210
  2012  57     0.087     0.026     0.208
  2012  58     0.180     0.033     0.205
  2012  59     0.189     0.043     0.203
  2012  60     0.477     0.080     0.201
  2012  61     0.136     0.052     0.199
  2012  62     0.019     0.025     0.197
  2012  63     0.070     0.056     0.195
  2012  64     1.129     0.097     0.193
  2012  65     0.130     0.040     0.192
  2012  66     0.166     0.040     0.190
  2012  67     1.070     0.078     0.188
  2012  68     0.459     0.083     0.186
  2012  69     4.896     0.125     0.184
  2012  70     1.054     0.402     0.182
  2012  71     0.150     0.101     0.181
  2012  72     9.205     0.244     0.179
  2012  73     2.805     0.412     0.177
  2012  74     4.485     0.579     0.176
  2012  75     0.662     0.361     0.174
  2012  76     2.019     0.194     0.172
  2012  77     0.499     0.276     0.171
  2012  78     3.785     0.234     0.169
  2012  79    10.842     0.356     0.168
  2012  80    16.228     0.515     0.166
  2012  81     0.357     0.402     0.165
  2012  82     0.162     0.179     0.163
  2012  83     0.077     0.121     0.162
  2012  84     0.182     0.122     0.160
  2012  85     0.182     0.150     0.159
  2012  86     1.095     0.181     0.157
  2012  87     0.372     0.253     0.156
  2012  88     0.140     0.154     0.154
  2012  89     0.599     0.221     0.153
  2012  90     2.495     0.501     0.152
  2012  91     4.384     0.441     0.150
  2012  92     1.080     0.407     0.149
  2012  93     7.282     0.302     0.148
  2012  94     0.615     0.388     0.147
  2012  95     0.094     0.236     0.145
  2012  96     0.000     0.064     0.144
  2012  97     2.253     0.007     0.143
  2012  98     6.064     0.385     0.142
  2012  99    13.035     0.552     0.141
  2012 100     4.614     0.546     0.140
  2012 101     0.223     0.437     0.138
  2012 102     0.019     0.579     0.137
  2012 103     0.174     0.287     0.136
  2012 104     0.042     0.215     0.135
  2012 105     1.909     0.253     0.134
  2012 106     0.173     0.220     0.133
  2012 107     0.010     0.206     0.132
  2012 108     0.101     0.289     0.131
  2012 109     0.076     0.171     0.130
  2012 110     0.044     0.182     0.129
  2012 111     0.001     0.199     0.128
  2012 112     0.029     0.054     0.127
  2012 113     0.229     0.216     0.126
  2012 114     2.959     0.273     0.125
  2012 115     3.051     0.505     0.124
  2012 116     0.469     0.482     0.123
  2012 117     0.120     0.412     0.122
  2012 118     0.024     0.257     0.121
  2012 119     0.752     0.111     0.121
  2012 120     0.170    -0.017     0.120
  2012 121     2.922     0.314     0.119
  2012 122     0.512     0.395     0.118
  2012 123     0.374     0.339     0.117
  2012 124     0.169     0.234     0.116
  2012 125     0.012     0.062     0.116
  2012 126     0.001     0.012     0.115
  2012 127     0.000     0.025     0.118
  2012 128     0.000     0.072     0.186
  2012 129     0.011     0.003     0.328
  2012 130     0.088    -0.192     0.851
  2012 131     6.397     0.131     2.731
  2012 132     1.983     0.370     3.335
  2012 133     3.756     0.362     5.060
  2012 134     3.914     0.646     4.721
  2012 135     0.404     0.700     2.202
  2012 136     0.506     0.622     1.997
  2012 137     0.115     0.503     2.176
  2012 138     0.106     0.744     2.942
  2012 139     0.155     0.778     2.714
  2012 140    10.040     0.588     1.662
  2012 141     2.302     0.656     1.481
  2012 142     0.354     0.532     1.130
  2012 143     0.048     0.441     1.540
  2012 144     0.020     0.540     2.209
  2012 145     0.396     0.844     1.894
  2012 146     0.284     0.900     0.987
  2012 147     0.010     0.924     1.180
  2012 148     0.000     1.132     2.539
  2012 149     0.006     1.376     3.789
  2012 150     0.048     1.376     3.596
  2012 151     0.375     1.604     4.792
  2012 152     0.609     1.768     4.280
  2012 153     3.082     1.723     2.707
  2012 154     4.030     1.749     3.005
  2012 155     1.716     1.875     3.200
  2012 156     1.278     0.951     3.302
  2012 157     0.783     1.844     3.265
  2012 158     0.026     2.714     2.990
  2012 159     0.009     2.688     2.548
  2012 160     0.157     2.188     2.010
  2012 161     0.596     1.721     1.652
  2012 162     5.346     1.349     1.480
  2012 163     1.496     2.010     1.400
  2012 164     0.499     2.329     0.906
  2012 165     0.002     3.124     0.867
  2012 166     0.373     2.964     1.428
  2012 167     1.873     1.968     1.392
  2012 168     1.785     1.738     0.897
  2012 169     0.481     2.762     0.805
  2012 170     0.013     2.665     0.722
  2012 171     0.001     2.920     0.720
  2012 172     0.522     2.920     0.747
  2012 173     0.640     3.775     0.751
  2012 174     4.664     2.278     0.753
  2012 175     0.743     2.678     0.769
  2012 176     0.009     3.670     0.770
  2012 177     0.039     2.050     0.779
  2012 178     0.152     2.802     0.792
  2012 179     6.604     2.318     0.852
  2012 180     6.981     1.861     0.884
  2012 181     0.917     2.727     0.865
  2012 182     0.033     3.114     0.852
  2012 183     0.139     3.507     0.847
  2012 184     5.561     2.035     0.859
  2012 185     0.817     3.971     0.865
  2012 186    21.646     2.556     1.533
  2012 187     3.323     2.283     1.100
  2012 188     0.190     2.850     0.952
  2012 189     1.434     3.511     0.941
  2012 190     0.819     3.695     0.930
  2012 191     0.196     3.950     0.926
  2012 192     0.613     3.681     0.931
  2012 193     0.616     3.279     0.936
  2012 194     0.256     4.247     0.940
  2012 195     3.203     4.812     0.947
  2012 196     0.180     4.124     0.945
  2012 197     0.001     4.002     0.942
  2012 198     0.016     3.398     0.940
  2012 199     0.003     3.155     0.938
  2012 200     0.087     3.648     0.935
  2012 201     6.131     2.758     0.932
  2012 202     3.254     3.258     0.928
  2012 203     0.092     3.813     0.922
  2012 204     0.037     3.370     0.913
  2012 205     0.035     2.987     0.903
  2012 206     0.092     3.048     0.891
  2012 207     0.008     2.848     0.877
  2012 208     1.032     2.306     0.863
  2012 209     1.786     2.752     0.851
  2012 210     0.668     2.765     0.841
  2012 211     0.063     2.828     0.832
  2012 212     3.362     1.790     0.828
  2012 213     1.429     2.345     0.814
  2012 214     0.113     2.445     0.804
  2012 215     0.156     2.316     0.794
  2012 216     0.014     2.027     0.784
  2012 217     0.361     2.269     0.774
  2012 218     6.521     2.873     0.764
  2012 219     0.491     2.789     0.755
  2012 220     7.683     1.930     0.761
  2012 221     0.654     3.066     0.742
  2012 222     0.010     3.098     0.727
  2012 223     2.776     1.860     0.718
  2012 224     0.406     3.089     0.708
  2012 225     3.147     2.908     0.699
  2012 226     0.098     2.789     0.690
  2012 227     7.036     1.847     0.683
  2012 228     4.165     2.835     0.689
  2012 229     1.707     1.747     0.671
  2012 230     1.608     1.899     0.661
  2012 231     0.057     2.511     0.648
  2012 232     0.012     2.635     0.639
  2012 233     0.335     2.438     0.629
  2012 234     0.041     2.282     0.621
  2012 235     0.893     2.077     0.613
  2012 236     0.276     2.052     0.605
  2012 237     3.306     1.436     0.602
  2012 238     4.438     1.460     0.612
  2012 239     1.608     2.022     0.613
  2012 240     0.363     2.003     0.587
  2012 241     0.114     2.064     0.575
  2012 242     2.230     1.926     0.569
  2012 243    13.429     1.825     0.905
  2012 244     1.947     1.524     0.579
  2012 245     0.086     1.995     0.556
  2012 246     5.555     1.093     0.552
  2012 247    17.600     1.505     0.702
  2012 248    10.680     1.332     0.682
  2012 249     3.438     1.546     0.630
  2012 250     0.161     2.030     0.574
  2012 251     8.399     1.625     0.714
  2012 252     0.165     1.894     0.613
  2012 253     0.018     1.847     0.550
  2012 254     0.535     1.732     0.526
  2012 255    15.118     1.397     0.620
  2012 256     3.427     1.727     0.610
  2012 257     0.618     1.671     0.546
  2012 258     0.068     1.650     0.524
  2012 259     1.124     2.311     0.512
  2012 260     0.454     1.696     0.502
  2012 261     1.144     1.094     0.496
  2012 262     4.773     0.735     0.503
  2012 263     4.758     1.353     0.533
  2012 264     2.272     1.575     0.518
  2012 265     1.087     1.142     0.509
  2012 266     0.030     1.126     0.499
  2012 267     0.441     1.200     0.492
  2012 268     0.854     1.109     0.490
  2012 269     0.064     1.251     0.487
  2012 270     1.320     1.109     0.486
  2012 271     0.378     1.071     0.487
  2012 272     0.003     1.201     0.486
  2012 273     0.014     0.853     0.482
  2012 274     1.123     0.924     0.480
  2012 275     1.149     0.861     0.481
  2012 276     3.080     1.012     0.489
  2012 277     0.477     0.829     0.479
  2012 278     0.019     0.632     0.475
  2012 279     0.003     0.709     0.472
  2012 280     0.714     0.629     0.471
  2012 281     0.736     0.528     0.470
  2012 282     1.029     0.416     0.468
  2012 283     0.710     0.433     0.466
  2012 284     1.780     0.422     0.465
  2012 285     0.350     0.692     0.462
  2012 286     0.197     0.407     0.460
  2012 287     0.124     0.307     0.458
  2012 288     1.117     0.277     0.456
  2012 289     4.771     0.164     0.465
  2012 290     1.095     0.275     0.471
  2012 291     1.165     0.448     0.461
  2012 292     2.426     0.226     0.459
  2012 293     0.638     0.393     0.457
  2012 294     7.583     0.536     0.454
  2012 295    11.021     0.272     0.464
  2012 296     1.602     0.232     0.464
  2012 297     0.081     0.116     0.457
  2012 298     6.347     0.431     0.453
  2012 299     4.914     0.451     0.451
  2012 300     0.729     0.485     0.446
  2012 301     0.424     0.360     0.443
  2012 302     0.194     0.057     0.439
  2012 303     1.018     0.094     0.437
  2012 304     8.189     0.220     0.436
  2012 305     6.066     0.314     0.435
  2012 306     0.139     0.051     0.432
  2012 307     0.269     0.130     0.431
  2012 308     0.154     0.056     0.430
  2012 309     0.454     0.140     0.431
  2012 310     2.936     0.157     0.432
  2012 311     2.720     0.096     0.430
  2012 312     1.322     0.239     0.427
  2012 313     0.878     0.352     0.424
  2012 314     0.126     0.052     0.424
  2012 315     0.038    -0.015     0.430
  2012 316     0.026    -0.012     0.460
  2012 317     0.412     0.085     0.516
  2012 318     0.048    -0.006     0.531
  2012 319     3.663     0.074     0.485
  2012 320     1.076     0.087     0.498
  2012 321     0.411     0.028     0.470
  2012 322     0.149     0.031     0.440
  2012 323     0.353     0.048     0.432
  2012 324     1.457     0.184     0.436
  2012 325     3.516     0.090     0.423
  2012 326     0.157     0.089     0.412
  2012 327     0.365     0.141     0.409
  2012 328     0.066     0.018     0.406
  2012 329     0.925     0.050     0.386
  2012 330     0.219     0.021     0.377
  2012 331     0.063    -0.005     0.374
  2012 332     0.156     0.005     0.372
  2012 333     0.332     0.005     0.369
  2012 334     0.037    -0.015     0.367
  2012 335     0.907     0.017     0.364
  2012 336     0.540     0.027     0.361
  2012 337     1.765     0.051     0.359
  2012 338     0.740     0.071     0.356
  2012 339     0.146     0.017     0.354
  2012 340     4.227     0.063     0.351
  2012 341     1.990     0.132     0.349
  2012 342     0.248     0.008     0.346
  2012 343     0.146     0.010     0.344
  2012 344     0.229    -0.002     0.341
  2012 345     0.461     0.012     0.338
  2012 346     0.093     0.005     0.336
  2012 347     0.079     0.004     0.333
  2012 348     0.071     0.002     0.330
  2012 349     3.218     0.085     0.328
  2012 350     1.032     0.052     0.325
  2012 351     0.062    -0.015     0.323
  2012 352     0.138    -0.004     0.320
  2012 353     1.406     0.073     0.317
  2012 354     2.164     0.071     0.315
  2012 355     1.035     0.074     0.312
  2012 356     0.314     0.049     0.310
  2012 357     0.592     0.093     0.307
  2012 358     1.033     0.109     0.305
  2012 359     2.132     0.118     0.302
  2012 360     2.272     0.098     0.300
  2012 361     1.656     0.088     0.297
  2012 362     0.187     0.042     0.295
  2012 363     0.195     0.021     0.292
  2012 364     0.244     0.010     0.290
  2012 365     0.222     0.006     0.288
  2012 366     0.286     0.020     0.285
  2013   1     0.515     0.025     0.283
  2013   2     0.731     0.025     0.281
  2013   3     1.548     0.130     0.278
  2013   4     0.101     0.008     0.276
  2013   5     0.038    -0.009     0.274
  2013   6     1.036     0.042     0.272
  2013   7     0.903     0.025     0.270
  2013   8     1.030     0.040     0.267
  2013   9     0.406     0.013     0.265
  2013  10     0.211     0.005     0.263
  2013  11     0.042    -0.007     0.261
  2013  12     0.444     0.012     0.259
  2013  13     0.388     0.034     0.257
  2013  14     0.098     0.003     0.255
  2013  15     0.591     0.013     0.253
  2013  16     0.104     0.006     0.251
  2013  17     0.065     0.012     0.249
  2013  18     0.032    -0.004     0.247
  2013  19     0.090     0.001     0.245
  2013  20     0.272     0.050     0.243
  2013  21     0.279     0.030     0.241
  2013  22     0.315     0.019     0.239
  2013  23     0.025    -0.006     0.237
  2013  24     0.004    -0.002     0.236
  2013  25     0.227     0.014     0.234
  2013  26     1.496     0.047     0.232
  2013  27     0.074     0.005     0.230
  2013  28     0.535     0.036     0.228
  2013  29     0.651     0.066     0.226
  2013  30     0.469     0.066     0.224
  2013  31     0.085     0.023     0.222
  2013  32     0.035     0.007     0.220
  2013  33     0.160     0.032     0.218
  2013  34     0.088     0.033     0.216
  2013  35     0.022     0.006     0.215
  2013  36     0.039     0.007     0.213
  2013  37     0.011     0.001     0.211
  2013  38     0.562     0.020     0.209
  2013  39     2.436     0.042     0.207
  2013  40     0.562     0.081     0.205
  2013  41     0.104     0.025     0.204
  2013  42     1.352     0.148     0.202
  2013  43     0.511     0.167     0.200
  2013  44     0.074     0.039     0.198
  2013  45     0.080     0.057     0.196
  2013  46     0.079     0.014     0.195
  2013  47     1.077     0.084     0.193
  2013  48     0.429     0.091     0.191
  2013  49     0.013     0.007     0.189
  2013  50     0.006     0.032     0.188
  2013  51     0.031     0.147     0.186
  2013  52     0.444     0.081     0.184
  2013  53     0.338     0.061     0.183
  2013  54     0.073     0.051     0.181
  2013  55     0.602     0.067     0.180
  2013  56     0.826     0.089     0.178
  2013  57     0.258     0.100     0.177
  2013  58     0.464     0.068     0.175
  2013  59     0.780     0.137     0.173
  2013  60     0.170     0.124     0.172
  2013  61     0.221     0.077     0.170
  2013  62     0.073     0.065     0.169
  2013  63     0.011     0.033     0.168
  2013  64     0.103     0.040     0.166
  2013  65     0.889     0.124     0.165
  2013  66     0.159     0.043     0.163
  2013  67     0.191     0.047     0.162
  2013  68     0.626     0.083     0.161
  2013  69     0.423     0.055     0.159
  2013  70     1.389     0.138     0.158
  2013  71     0.287     0.057     0.157
  2013  72     2.001     0.166     0.155
  2013  73     0.419     0.090     0.154
  2013  74     0.133     0.094     0.153
  2013  75     0.103     0.099     0.151
  2013  76     0.061     0.093     0.150
  2013  77     0.077     0.077     0.149
  2013  78     0.100     0.082     0.148
  2013  79     0.266     0.100     0.147
  2013  80     0.095     0.116     0.145
  2013  81     0.156     0.123     0.144
  2013  82     0.645     0.178     0.143
  2013  83     0.996     0.176     0.142
  2013  84     0.988     0.175     0.141
  2013  85     0.495     0.213     0.140
  2013  86     1.078     0.244     0.139
  2013  87     0.827     0.273     0.138
  2013  88     0.300     0.185     0.137
  2013  89     0.686     0.241     0.136
  2013  90     0.175     0.220     0.135
  2013  91     0.027     0.096     0.134
  2013  92     0.546     0.191     0.133
  2013  93     3.810     0.311     0.132
  2013  94     0.161     0.221     0.131
  2013  95     0.332     0.158     0.130
  2013  96     0.773     0.243     0.129
  2013  97     0.583     0.327     0.128
  2013  98     0.135     0.240     0.127
  2013  99     0.157     0.264     0.126
  2013 100     0.046     0.160     0.125
  2013 101     0.000     0.299     0.124
  2013 102     0.000     0.148     0.123
  2013 103     0.012     0.145     0.122
  2013 104     0.142     0.235     0.122
  2013 105     0.257     0.244     0.121
  2013 106     0.253     0.234     0.120
  2013 107     0.124     0.232     0.119
  2013 108     0.137     0.206     0.118
  2013 109     0.063     0.192     0.117
  2013 110     1.752     0.216     0.117
  2013 111     0.666     0.338     0.116
  2013 112     0.427     0.519     0.115
  2013 113     1.518     0.350     0.114
  2013 114     0.278     0.249     0.113
  2013 115     2.408     0.366     0.113
  2013 116     0.562     0.448     0.112
  2013 117     1.811     0.380     0.111
  2013 118    14.886     0.302     0.111
  2013 119     1.380     0.681     0.110
  2013 120     0.015     0.325     0.109
  2013 121     0.008     0.341     0.108
  2013 122     0.151     0.560     0.108
  2013 123     0.626     0.084     0.107
  2013 124     0.091    -0.037     0.106
  2013 125     3.553    -0.037     0.106
  2013 126     1.656     0.470     0.105
  2013 127    12.829     0.747     0.104
  2013 128     0.254     0.705     0.104
  2013 129     0.120     0.335     0.103
  2013 130     0.602     0.432     0.102
  2013 131     0.162     0.234     0.105
  2013 132     0.103     0.006     0.151
  2013 133    12.177     0.012     0.236
  2013 134     1.858     0.438     0.334
  2013 135     0.550     0.493     0.295
  2013 136     0.629     0.131     0.391
  2013 137     1.448     0.084     2.006
  2013 138     0.179     0.228     3.168
  2013 139     0.019     0.367     3.346
  2013 140     0.889     0.527     8.789
  2013 141     0.376     1.051     5.393
  2013 142     0.175     1.299     2.230
  2013 143     0.642     0.851     2.130
  2013 144     0.023     1.572     2.602
  2013 145     0.004     1.780     2.906
  2013 146     0.010     1.603     3.737
  2013 147     0.350     1.479     4.252
  2013 148     0.704     1.674     2.322
  2013 149     0.224     1.687     1.421
  2013 150     0.141     2.262     1.116
  2013 151     0.076     2.462     0.832
  2013 152     0.023     2.469     0.723
  2013 153     0.002     2.856     0.778
  2013 154     0.243     2.584     0.774
  2013 155     0.005     3.079     0.713
  2013 156     0.097     3.171     0.905
  2013 157     0.086     3.422     0.774
  2013 158     0.893     2.801     0.646
  2013 159     1.143     2.853     0.596
  2013 160     0.018     3.365     0.527
  2013 161     0.454     3.176     0.471
  2013 162     0.087     3.294     0.424
  2013 163     0.011     3.188     0.375
  2013 164     0.029     2.573     0.333
  2013 165     0.008     2.765     0.300
  2013 166     0.015     3.272     0.273
  2013 167     0.018     2.257     0.251
  2013 168     0.385     1.878     0.235
  2013 169     1.700     2.579     0.224
  2013 170     0.298     2.842     0.216
  2013 171     0.000     3.383     0.209
  2013 172     0.003     3.081     0.204
  2013 173     0.014     3.047     0.201
  2013 174     0.177     2.319     0.198
  2013 175     0.193     3.375     0.196
  2013 176     0.001     3.337     0.196
  2013 177     0.002     3.134     0.195
  2013 178     0.006     2.931     0.194
  2013 179     0.001     2.660     0.193
  2013 180     0.005     2.891     0.189
  2013 181     0.015     3.078     0.190
  2013 182     1.759     3.694     0.193
  2013 183     0.014     2.907     0.197
  2013 184     5.526     2.957     0.202
  2013 185     4.426     4.060     0.210
  2013 186     0.013     3.631     0.214
  2013 187     0.002     3.164     0.217
  2013 188     1.657     2.465     0.221
  2013 189     2.310     1.787     0.226
  2013 190     0.656     3.259     0.231
  2013 191     0.741     3.043     0.235
  2013 192     4.398     2.916     0.242
  2013 193    12.824     3.747     0.321
  2013 194     2.432     2.768     0.260
  2013 195     0.477     3.472     0.260
  2013 196     3.251     3.211     0.264
  2013 197     6.625     3.357     0.331
  2013 198     0.110     3.825     0.278
  2013 199     1.647     3.406     0.276
  2013 200     1.314     3.201     0.278
  2013 201     0.008     3.050     0.280
  2013 202     0.354     2.165     0.282
  2013 203     2.833     2.351     0.286
  2013 204     0.507     2.831     0.291
  2013 205     0.980     2.397     0.292
  2013 206     0.054     2.486     0.293
  2013 207     0.001     2.758     0.295
  2013 208     0.002     2.661     0.297
  2013 209     0.009     2.669     0.299
  2013 210     3.066     2.470     0.301
  2013 211     5.931     2.107     0.319
  2013 212     1.604     2.877     0.308
  2013 213     1.987     2.656     0.308
  2013 214     0.173     3.148     0.308
  2013 215     0.168     2.446     0.309
  2013 216     1.422     2.181     0.310
  2013 217     2.293     2.054     0.311
  2013 218     1.605     1.971     0.313
  2013 219     5.052     1.516     0.315
  2013 220     3.664     2.238     0.329
  2013 221     0.468     2.372     0.317
  2013 222     0.134     2.712     0.315
  2013 223     0.007     2.477     0.315
  2013 224     0.014     2.119     0.315
  2013 225     0.001     2.364     0.315
  2013 226     0.008     2.039     0.314
  2013 227     4.159     2.027     0.314
  2013 228     2.512     2.558     0.315
  2013 229     4.670     1.912     0.319
  2013 230     1.627     1.622     0.320
  2013 231    15.033     1.984     0.390
  2013 232     4.272     2.975     0.327
  2013 233     3.796     1.846     0.331
  2013 234     0.085     3.083     0.321
  2013 235     0.396     2.826     0.314
  2013 236     0.123     1.911     0.312
  2013 237     5.682     2.071     0.315
  2013 238    13.209     1.938     0.517
  2013 239     0.331     1.953     0.332
  2013 240     0.631     1.621     0.321
  2013 241     0.830     1.780     0.312
  2013 242     1.089     1.336     0.310
  2013 243     1.504     1.801     0.309
  2013 244     0.618     2.191     0.307
  2013 245     9.032     2.416     0.355
  2013 246     0.681     2.693     0.329
  2013 247     0.080     1.679     0.310
  2013 248     0.029     2.254     0.306
  2013 249     0.363     2.382     0.304
  2013 250     0.017     2.288     0.303
  2013 251     2.854     1.941     0.303
  2013 252     2.548     1.715     0.308
  2013 253     9.564     1.183     0.328
  2013 254     1.680     1.297     0.314
  2013 255     0.436     1.406     0.305
  2013 256     0.277     2.427     0.303
  2013 257     0.267     1.867     0.300
  2013 258     0.002     1.574     0.299
  2013 259     0.009     1.534     0.298
  2013 260     8.516     1.150     0.304
  2013 261     5.152     0.871     0.301
  2013 262     4.504     0.584     0.302
  2013 263     0.567     0.732     0.304
  2013 264     0.012     0.957     0.302
  2013 265     0.005     0.875     0.301
  2013 266     0.012     1.439     0.299
  2013 267    20.762     0.735     0.713
  2013 268     1.660     1.490     0.441
  2013 269    10.477     0.912     0.599
  2013 270    20.597     0.910     1.351
  2013 271     1.985     0.995     0.496
  2013 272     0.136     0.748     0.392
  2013 273     3.725     0.799     0.382
  2013 274     1.689     1.038     0.369
  2013 275     0.858     0.807     0.350
  2013 276     0.581     0.653     0.342
  2013 277     0.117     0.624     0.337
  2013 278     1.145     0.562     0.334
  2013 279     2.392     0.523     0.346
  2013 280     0.519     0.576     0.344
  2013 281     1.748     0.639     0.344
  2013 282     1.716     0.494     0.346
  2013 283     0.289     0.599     0.352
  2013 284     8.146     0.478     0.395
  2013 285    21.200     0.572     0.655
  2013 286     5.183     1.056     0.480
  2013 287     0.381     0.602     0.432
  2013 288     2.697     0.202     0.431
  2013 289     1.405     0.687     0.454
  2013 290     1.303     0.493     0.437
  2013 291     0.897     0.307     0.429
  2013 292     1.056     0.219     0.423
  2013 293     0.800     0.192     0.425
  2013 294     0.693     0.192     0.424
  2013 295     0.422     0.181     0.433
  2013 296     1.061     0.214     0.449
  2013 297     1.390     0.205     0.457
  2013 298     2.991     0.209     0.462
  2013 299     1.752     0.266     0.467
  2013 300     0.530     0.366     0.475
  2013 301     0.273     0.233     0.491
  2013 302     0.472     0.095     0.505
  2013 303     5.080     0.186     0.529
  2013 304     1.172     0.082     0.520
  2013 305     1.268     0.166     0.511
  2013 306     0.503     0.099     0.527
  2013 307     1.347     0.096     0.548
  2013 308     4.717     0.201     0.563
  2013 309     2.223     0.242     0.580
  2013 310     0.629     0.103     0.592
  2013 311     0.492     0.065     0.611
  2013 312     0.681     0.091     0.605
  2013 313     1.526     0.068     0.589
  2013 314     1.279     0.140     0.564
  2013 315     0.147     0.033     0.550
  2013 316     0.133     0.033     0.563
  2013 317     6.446     0.136     0.567
  2013 318     0.504     0.132     0.565
  2013 319     1.934     0.118     0.565
  2013 320     0.761     0.136     0.556
  2013 321     0.126    -0.004     0.536
  2013 322     0.540     0.017     0.540
  2013 323     2.240     0.045     0.551
  2013 324     1.722     0.053     0.540
  2013 325     0.086    -0.010     0.514
  2013 326     0.227    -0.007     0.506
  2013 327     0.950     0.018     0.504
  2013 328     5.142     0.094     0.497
  2013 329     1.543     0.087     0.496
  2013 330     0.107     0.001     0.493
  2013 331     1.377     0.031     0.489
  2013 332     0.174    -0.002     0.480
  2013 333     0.480     0.022     0.464
  2013 334     0.369     0.021     0.460
  2013 335     0.484     0.037     0.457
  2013 336     0.108     0.002     0.454
  2013 337     0.117    -0.003     0.450
  2013 338     0.126     0.003     0.447
  2013 339     0.288     0.028     0.443
  2013 340     0.129     0.013     0.440
  2013 341     0.384     0.022     0.436
  2013 342     0.205     0.018     0.433
  2013 343     0.167     0.020     0.429
  2013 344     0.264     0.036     0.425
  2013 345     0.258     0.029     0.421
  2013 346     0.104     0.013     0.418
  2013 347     0.154     0.008     0.414
  2013 348     0.317     0.004     0.410
  2013 349     0.578     0.040     0.406
  2013 350     1.152     0.079     0.402
  2013 351     0.139     0.037     0.398
  2013 352     0.059     0.002     0.394
  2013 353     0.166    -0.007     0.390
  2013 354     0.058    -0.007     0.387
  2013 355     0.122    -0.009     0.383
  2013 356     0.105    -0.011     0.379
  2013 357     1.625     0.081     0.375
  2013 358     0.900     0.047     0.371
  2013 359     0.023    -0.009     0.368
  2013 360     0.174    -0.005     0.364
  2013 361     0.216    -0.003     0.360
  2013 362     0.143     0.010     0.357
  2013 363     0.112     0.007     0.353
  2013 364     0.097     0.016     0.349
  2013 365     0.129     0.005     0.346
  2014   1     0.133    -0.002     0.342
  2014   2     0.739     0.019     0.339
  2014   3     2.659     0.046     0.335
  2014   4     0.986     0.033     0.332
  2014   5     0.198     0.026     0.328
  2014   6     0.177     0.014     0.325
  2014   7     0.099     0.011     0.322
  2014   8     0.978     0.043     0.318
  2014   9     0.269     0.020     0.315
  2014  10     0.799     0.030     0.312
  2014  11     0.271     0.012     0.308
  2014  12     0.425     0.034     0.305
  2014  13     0.338     0.019     0.302
  2014  14     0.430     0.046     0.299
  2014  15     1.962     0.054     0.295
  2014  16     0.379    -0.001     0.292
  2014  17     0.565     0.024     0.289
  2014  18     1.883     0.063     0.286
  2014  19     0.108     0.008     0.283
  2014  20     0.192     0.002     0.280
  2014  21     0.585     0.010     0.277
  2014  22     0.112     0.005     0.274
  2014  23     2.130     0.209     0.271
  2014  24     0.340     0.133     0.268
  2014  25     0.191     0.003     0.265
  2014  26     0.418     0.058     0.262
  2014  27     0.198     0.035     0.259
  2014  28     0.149     0.032     0.257
  2014  29     0.421     0.060     0.254
  2014  30     0.311     0.068     0.251
  2014  31     0.381     0.056     0.248
  2014  32     0.131     0.031     0.246
  2014  33     0.316     0.041     0.243
  2014  34     0.371     0.055     0.241
  2014  35     0.355     0.099     0.238
  2014  36     0.803     0.180     0.235
  2014  37     1.008     0.145     0.233
  2014  38     0.115     0.051     0.230
  2014  39     0.262     0.077     0.228
  2014  40     0.059     0.014     0.226
  2014  41     0.114     0.024     0.223
  2014  42     0.467     0.040     0.221
  2014  43     0.072     0.006     0.218
  2014  44     0.115     0.007     0.216
  2014  45     0.077     0.009     0.214
  2014  46     0.072     0.021     0.212
  2014  47     1.000     0.084     0.210
  2014  48     1.077     0.055     0.207
  2014  49     0.365     0.063     0.205
  2014  50     0.225     0.025     0.203
  2014  51     0.193     0.023     0.201
  2014  52     0.677     0.068     0.199
  2014  53     0.742     0.128     0.197
  2014  54     0.173     0.068     0.195
  2014  55     0.172     0.069     0.193
  2014  56     0.341     0.119     0.191
  2014  57     0.258     0.071     0.189
  2014  58     0.214     0.030     0.187
  2014  59     0.428     0.043     0.186
  2014  60     0.332     0.117     0.184
  2014  61     0.138     0.060     0.182
  2014  62     0.122     0.042     0.180
  2014  63     0.154     0.024     0.179
  2014  64     0.393     0.049     0.177
  2014  65     0.305     0.055     0.175
  2014  66     0.182     0.058     0.174
  2014  67     0.619     0.045     0.172
  2014  68     2.073     0.094     0.170
  2014  69     2.301     0.183     0.169
  2014  70     0.014     0.050     0.167
  2014  71     1.135     0.123     0.166
  2014  72     0.550     0.103     0.164
  2014  73     0.329     0.066     0.163
  2014  74     0.124     0.056     0.161
  2014  75     1.212     0.181     0.160
  2014  76     1.435     0.241     0.158
  2014  77     0.799     0.201     0.157
  2014  78     1.663     0.272     0.155
  2014  79     0.658     0.230     0.154
  2014  80     0.279     0.206     0.153
  2014  81     0.052     0.127     0.151
  2014  82     0.280     0.225     0.150
  2014  83     0.478     0.233     0.149
  2014  84     0.621     0.180     0.148
  2014  85     0.360     0.158     0.146
  2014  86     0.571     0.147     0.145
  2014  87     0.584     0.199     0.144
  2014  88     1.099     0.245     0.143
  2014  89     0.234     0.223     0.141
  2014  90     0.040     0.145     0.140
  2014  91     0.383     0.206     0.139
  2014  92     0.509     0.135     0.138
  2014  93     0.848     0.129     0.137
  2014  94     0.632     0.181     0.136
  2014  95     4.087     0.565     0.134
  2014  96     0.339     0.249     0.133
  2014  97     0.458     0.186     0.132
  2014  98     2.816     0.240     0.131
  2014  99     4.765     0.403     0.130
  2014 100     0.972     0.369     0.129
  2014 101     0.296     0.230     0.128
  2014 102     0.323     0.230     0.127
  2014 103     0.564     0.269     0.126
  2014 104     0.388     0.259     0.124
  2014 105     0.539     0.257     0.123
  2014 106     0.098     0.228     0.122
  2014 107     0.260     0.424     0.121
  2014 108     0.353     0.178     0.120
  2014 109     0.513     0.227     0.119
  2014 110     0.499     0.206     0.118
  2014 111     0.788     0.073     0.117
  2014 112     0.965     0.283     0.116
  2014 113     0.285     0.330     0.115
  2014 114     0.275     0.322     0.114
  2014 115     0.436     0.300     0.113
  2014 116     0.390     0.274     0.112
  2014 117     0.073     0.188     0.111
  2014 118     0.371     0.192     0.110
  2014 119     0.103     0.033     0.109
  2014 120     0.098     0.013     0.108
  2014 121     1.883     0.066     0.107
  2014 122     3.401     0.426     0.106
  2014 123     0.986     0.675     0.105
  2014 124     0.453     0.589     0.105
  2014 125     0.321     0.422     0.104
  2014 126     0.416     0.230     0.103
  2014 127     7.909     0.541     0.102
  2014 128     5.913     0.313     0.101
  2014 129     1.588     0.185     0.100
  2014 130     1.353     0.400     0.099
  2014 131     0.455     0.164     0.099
  2014 132     1.895     0.244     0.098
  2014 133     1.211     0.692     0.097
  2014 134     0.621     0.427     0.096
  2014 135     0.243     0.039     0.096
  2014 136     0.902     0.193     0.095
  2014 137     0.502     0.389     0.098
  2014 138     0.132     0.214     0.102
  2014 139     0.290     0.094     0.200
  2014 140     0.219     0.126     0.389
  2014 141     0.205     0.186     0.947
  2014 142     2.204     0.419     2.828
  2014 143     0.153     0.923     4.591
  2014 144     4.213     1.148    11.332
  2014 145     0.992     2.341     5.498
  2014 146     0.175     2.473     2.552
  2014 147     0.417     1.861     2.348
  2014 148     0.319     2.351     2.703
  2014 149     0.113     2.689     2.252
  2014 150    12.791     1.954     4.277
  2014 151     0.718     1.897     1.627
  2014 152     0.148     3.177     1.057
  2014 153     0.249     3.748     0.810
  2014 154     1.260     3.105     0.673
  2014 155     0.834     3.356     0.611
  2014 156    11.193     1.566     0.692
  2014 157    17.180     0.911     0.637
  2014 158     7.344     0.409     0.837
  2014 159     0.642     1.311     1.308
  2014 160     0.174     2.170     1.219
  2014 161     2.045     2.380     1.626
  2014 162     0.375     3.068     0.998
  2014 163     1.217     2.784     0.807
  2014 164     0.314     3.491     0.659
  2014 165     0.133     4.130     0.605
  2014 166     0.305     3.997     0.598
  2014 167     0.335     3.872     0.599
  2014 168     0.167     3.456     0.593
  2014 169     0.263     3.105     0.584
  2014 170     0.089     2.832     0.536
  2014 171     0.379     2.470     0.488
  2014 172     0.407     2.442     0.441
  2014 173     0.150     3.182     0.393
  2014 174     0.097     2.860     0.351
  2014 175     0.279     2.953     0.316
  2014 176     0.220     3.053     0.292
  2014 177     0.150     3.018     0.275
  2014 178     0.858     2.861     0.264
  2014 179     2.733     1.831     0.266
  2014 180    22.292     1.652     0.795
  2014 181    12.492     3.255     1.257
  2014 182     0.080     4.152     0.428
  2014 183     0.650     3.895     0.353
  2014 184     0.101     3.834     0.327
  2014 185     3.308     2.679     0.323
  2014 186     1.283     2.485     0.346
  2014 187     6.745     2.102     0.415
  2014 188     1.102     2.960     0.398
  2014 189     0.466     3.617     0.363
  2014 190     1.405     3.246     0.362
  2014 191    15.109     2.106     0.515
  2014 192     8.135     2.736     0.572
  2014 193     9.520     2.212     0.572
  2014 194     3.291     2.343     0.581
  2014 195     0.074     3.348     0.481
  2014 196     0.011     3.956     0.459
  2014 197     2.770     4.259     0.463
  2014 198     0.493     4.569     0.478
  2014 199     0.210     3.429     0.477
  2014 200     4.079     3.714     0.501
  2014 201    14.632     2.527     0.807
  2014 202     2.238     3.149     0.641
  2014 203     0.053     3.899     0.558
  2014 204     0.006     4.043     0.547
  2014 205     0.001     3.730     0.549
  2014 206     0.006     4.412     0.555
  2014 207     0.029     3.721     0.564
  2014 208     0.000     3.520     0.570
  2014 209     0.004     3.364     0.576
  2014 210     0.020     2.978     0.584
  2014 211     0.060     3.080     0.591
  2014 212     0.414     3.095     0.598
  2014 213     2.431     2.864     0.603
  2014 214     0.119     2.736     0.609
  2014 215     0.748     2.464     0.614
  2014 216     1.310     2.161     0.617
  2014 217     0.234     2.632     0.621
  2014 218     0.126     2.767     0.623
  2014 219     2.023     2.646     0.624
  2014 220     2.021     2.657     0.626
  2014 221    26.963     1.614     0.870
  2014 222     6.077     2.337     0.935
  2014 223     4.037     2.124     0.693
  2014 224     0.025     3.022     0.670
  2014 225     0.098     3.432     0.652
  2014 226     1.458     3.581     0.647
  2014 227     0.031     3.105     0.642
  2014 228     0.373     2.561     0.638
  2014 229     2.670     3.125     0.638
  2014 230     1.111     2.851     0.635
  2014 231    13.936     1.615     0.781
  2014 232    21.268     1.491     1.315
  2014 233     6.444     1.611     1.171
  2014 234     0.290     1.766     0.760
  2014 235     0.048     2.183     0.704
  2014 236     0.006     2.327     0.676
  2014 237     0.140     1.798     0.664
  2014 238     0.348     2.289     0.657
  2014 239     6.887     2.107     0.676
  2014 240     1.262     2.804     0.679
  2014 241     0.193     2.683     0.666
  2014 242     0.124     2.261     0.660
  2014 243     4.897     1.225     0.662
  2014 244     3.990     1.752     0.682
  2014 245     3.747     1.341     0.715
  2014 246     1.969     1.392     0.693
  2014 247     0.474     1.778     0.677
  2014 248     4.952     2.042     0.704
  2014 249     1.394     1.755     0.682
  2014 250     0.528     1.705     0.675
  2014 251     0.808     1.644     0.672
  2014 252     0.517     1.449     0.669
  2014 253     0.126     1.504     0.667
  2014 254     0.002     1.674     0.665
  2014 255     1.380     1.055     0.665
  2014 256     0.607     1.225     0.665
  2014 257     0.414     1.256     0.661
  2014 258     1.508     1.230     0.657
  2014 259     0.139     0.933     0.652
  2014 260     0.023     1.101     0.647
  2014 261     1.684     0.596     0.644
  2014 262     0.240     1.184     0.640
  2014 263     0.183     0.775     0.635
  2014 264     0.817     0.974     0.630
  2014 265     0.242     1.094     0.626
  2014 266     0.055     1.003     0.621
  2014 267     0.000     1.354     0.614
  2014 268     5.963     0.694     0.618
  2014 269     9.553     0.879     0.614
  2014 270    10.599     0.611     0.611
  2014 271     0.053     0.407     0.608
  2014 272     0.540     0.330     0.644
  2014 273    13.633     0.174     1.474
  2014 274    17.072     0.275     2.586
  2014 275     4.133     0.894     1.226
  2014 276     0.454     0.819     0.712
  2014 277     1.018     0.659     0.668
  2014 278    14.812     0.600     0.657
  2014 279     8.285     0.326     0.670
  2014 280     3.110    -0.100     1.006
  2014 281     1.163     0.294     0.862
  2014 282     1.275     0.361     0.715
  2014 283     0.778     0.343     0.704
  2014 284     2.693     0.207     0.817
  2014 285     4.617     0.258     1.046
  2014 286     2.418     0.367     0.812
  2014 287     0.910     0.284     0.775
  2014 288     7.307     0.242     0.906
  2014 289     0.856     0.448     0.793
  2014 290     0.243     0.274     0.795
  2014 291     4.044     0.329     0.811
  2014 292     1.272     0.143     0.964
  2014 293     0.487     0.218     0.925
  2014 294     0.244     0.015     1.522
  2014 295     0.408     0.097     1.335
  2014 296     3.720     0.358     1.143
  2014 297     5.840     0.109     1.249
  2014 298     2.735     0.542     1.045
  2014 299     0.727     0.331     0.937
  2014 300     0.390     0.330     0.935
  2014 301     0.339     0.172     0.927
  2014 302     0.955     0.179     0.938
  2014 303     0.618     0.205     0.983
  2014 304     0.019     0.104     1.090
  2014 305     3.590     0.236     1.172
  2014 306     0.231     0.119     1.129
  2014 307     4.743     0.164     1.137
  2014 308     1.880     0.340     1.123
  2014 309     0.148     0.084     1.131
  2014 310     3.138     0.126     1.240
  2014 311     4.988     0.494     1.300
  2014 312     2.022     0.441     1.232
  2014 313     3.446     0.319     1.138
  2014 314     2.162     0.170     1.090
  2014 315     0.178     0.048     1.028
  2014 316     0.027     0.009     0.916
  2014 317     0.116     0.071     0.880
  2014 318     0.056    -0.006     0.871
  2014 319     2.237     0.059     0.863
  2014 320     0.450     0.088     0.854
  2014 321     0.129     0.092     0.846
  2014 322     1.625     0.192     0.837
  2014 323     0.866     0.161     0.828
  2014 324     0.131     0.024     0.819
  2014 325     1.844     0.055     0.810
  2014 326     0.138    -0.002     0.800
  2014 327     0.059    -0.002     0.790
  2014 328     0.621     0.043     0.780
  2014 329     0.064     0.008     0.769
  2014 330     0.059    -0.002     0.759
  2014 331     0.231     0.017     0.748
  2014 332     0.112    -0.008     0.737
  2014 333     0.185    -0.005     0.726
  2014 334     0.344     0.047     0.714
  2014 335     0.133     0.005     0.703
  2014 336     0.168     0.004     0.692
  2014 337     0.134     0.002     0.682
  2014 338     0.251    -0.005     0.671
  2014 339     0.183     0.009     0.660
  2014 340     0.092    -0.013     0.650
  2014 341     0.034     0.019     0.639
  2014 342     1.001     0.073     0.629
  2014 343     1.163     0.126     0.619
  2014 344     1.022     0.108     0.609
  2014 345     1.700     0.072     0.600
  2014 346     0.445     0.028     0.591
  2014 347     0.234     0.019     0.583
  2014 348     1.144     0.040     0.574
  2014 349     0.450     0.012     0.566
  2014 350     0.099    -0.047     0.557
  2014 351     0.056    -0.069     0.548
  2014 352     0.328    -0.020     0.540
  2014 353     0.325     0.008     0.531
  2014 354     0.209     0.045     0.523
  2014 355     0.423     0.020     0.516
  2014 356     0.449     0.027     0.508
  2014 357     0.803     0.046     0.501
  2014 358     1.897     0.047     0.494
  2014 359     1.278     0.100     0.487
  2014 360     0.716     0.028     0.480
  2014 361     0.607     0.044     0.474
  2014 362     0.042    -0.013     0.467
  2014 363     0.140     0.029     0.461
  2014 364     1.685     0.080     0.455
  2014 365     1.065     0.221     0.449
  2015   1     0.318     0.061     0.443
  2015   2     0.133     0.041     0.437
  2015   3     0.041    -0.002     0.432
  2015   4     0.259     0.012     0.426
  2015   5     0.456     0.035     0.421
  2015   6     0.129     0.039     0.415
  2015   7     0.194     0.070     0.410
  2015   8     0.445     0.195     0.405
  2015   9     0.321     0.108     0.400
  2015  10     0.317     0.046     0.395
  2015  11     0.167     0.011     0.391
  2015  12     0.407     0.052     0.386
  2015  13     0.375     0.018     0.381
  2015  14     0.709     0.007     0.377
  2015  15     0.337     0.008     0.372
  2015  16     4.171     0.047     0.368
  2015  17     0.754     0.050     0.363
  2015  18     1.429     0.040     0.359
  2015  19     1.144     0.043     0.355
  2015  20     0.626     0.018     0.350
  2015  21     1.790     0.028     0.346
  2015  22     3.305     0.109     0.342
  2015  23     0.194     0.072     0.338
  2015  24     0.193     0.012     0.333
  2015  25     1.151     0.061     0.329
  2015  26     0.605     0.068     0.325
  2015  27     0.277     0.129     0.321
  2015  28     0.324     0.017     0.317
  2015  29     0.063     0.015     0.313
  2015  30     0.091     0.032     0.309
  2015  31     0.064     0.016     0.305
  2015  32     0.394     0.022     0.302
  2015  33     0.287     0.035     0.298
  2015  34     0.109     0.027     0.294
  2015  35     0.025     0.006     0.291
  2015  36     0.202     0.036     0.287
  2015  37     0.024     0.003     0.283
  2015  38     0.196     0.023     0.280
  2015  39     0.480     0.057     0.277
  2015  40     0.072     0.007     0.273
  2015  41     0.858     0.034     0.270
  2015  42     0.085     0.018     0.267
  2015  43     0.983     0.052     0.263
  2015  44     0.305     0.036     0.260
  2015  45     0.370     0.032     0.257
  2015  46     1.351     0.136     0.254
  2015  47     0.595     0.140     0.251
  2015  48     0.259     0.092     0.248
  2015  49     0.070     0.018     0.245
  2015  50     0.208     0.062     0.242
  2015  51     0.073     0.030     0.239
  2015  52     0.094     0.026     0.237
  2015  53     0.074     0.082     0.234
  2015  54     1.285     0.202     0.231
  2015  55     0.190     0.090     0.229
  2015  56     0.077     0.050     0.226
  2015  57     0.062     0.071     0.224
  2015  58     0.313     0.119     0.221
  2015  59     0.625     0.124     0.219
  2015  60     0.176     0.081     0.216
  2015  61     2.458     0.120     0.214
  2015  62     1.030     0.100     0.212
  2015  63     0.089     0.073     0.209
  2015  64     0.222     0.127     0.207
  2015  65     0.085     0.070     0.205
  2015  66     0.497     0.048     0.203
  2015  67     0.266     0.078     0.201
  2015  68     1.226     0.129     0.199
  2015  69     0.565     0.130     0.197
  2015  70     0.025     0.052     0.195
  2015  71     1.203     0.164     0.193
  2015  72     3.099     0.216     0.191
  2015  73     0.089     0.002     0.189
  2015  74     2.545     0.283     0.187
  2015  75     0.377     0.293     0.185
  2015  76     0.069     0.154     0.183
  2015  77     0.058     0.137     0.182
  2015  78     0.105     0.110     0.180
  2015  79     0.443     0.144     0.178
  2015  80     0.145     0.136     0.176
  2015  81     0.060     0.070     0.175
  2015  82     0.103     0.108     0.173
  2015  83     0.591     0.128     0.172
  2015  84     0.176     0.072     0.170
  2015  85     0.027     0.103     0.169
  2015  86     0.121     0.106     0.167
  2015  87     0.395     0.054     0.166
  2015  88     0.296     0.154     0.164
  2015  89     0.410     0.137     0.163
  2015  90     0.696     0.258     0.161
  2015  91     0.752     0.180     0.160
  2015  92     0.141     0.152     0.158
  2015  93     0.129     0.167     0.157
  2015  94     0.258     0.135     0.156
  2015  95     0.405     0.130     0.154
  2015  96     0.208     0.153     0.153
  2015  97     0.014     0.310     0.152
  2015  98     0.419     0.149     0.151
  2015  99     0.476     0.257     0.149
  2015 100     0.031    -0.036     0.148
  2015 101     0.126    -0.063     0.147
  2015 102     1.033    -0.034     0.146
  2015 103     2.568     0.365     0.144
  2015 104     0.427     0.303     0.143
  2015 105     1.532     0.264     0.142
  2015 106     1.427     0.159     0.141
  2015 107     0.629     0.191     0.140
  2015 108     3.091     0.311     0.139
  2015 109     0.764     0.403     0.138
  2015 110     0.262     0.286     0.137
  2015 111     0.245     0.286     0.136
  2015 112     0.152     0.301     0.135
  2015 113     0.191     0.300     0.134
  2015 114     0.769     0.258     0.133
  2015 115     0.505     0.311     0.132
  2015 116     1.012     0.238     0.131
  2015 117     3.086     0.439     0.130
  2015 118     0.210     0.239     0.129
  2015 119     0.103     0.141     0.128
  2015 120     2.417     0.024     0.127
  2015 121     0.519     0.032     0.156
  2015 122     1.380     0.178     0.242
  2015 123     1.202     0.530     0.302
  2015 124     0.394     0.779     0.250
  2015 125     0.104     0.454     0.273
  2015 126     3.094     0.521     0.182
  2015 127     5.278     0.530     0.134
  2015 128     0.873     0.744     0.122
  2015 129     0.136     0.399     0.125
  2015 130     0.157     0.132     0.210
  2015 131     0.032     0.081     0.226
  2015 132     0.323     0.216     0.312
  2015 133     0.000     0.101     0.438
  2015 134     0.019     0.226     0.663
  2015 135     0.125     0.331     1.191
  2015 136     3.565     0.970     1.113
  2015 137     0.232     0.900     0.483
  2015 138     0.006     0.593     0.613
  2015 139     0.062     0.828     1.052
  2015 140     0.142     0.915     1.096
  2015 141     0.079     0.927     1.278
  2015 142     0.090     1.064     2.373
  2015 143     0.273     1.475     2.456
  2015 144     0.147     1.773     2.623
  2015 145     5.014     1.298     2.166
  2015 146     0.360     1.422     0.901
  2015 147     1.004     1.262     0.699
  2015 148     4.099     0.998     0.574
  2015 149     0.676     1.062     0.418
  2015 150     0.000     1.368     0.579
  2015 151     0.042     2.350     2.119
  2015 152     6.070     1.523     5.042
  2015 153     1.083     1.949     3.798
  2015 154     0.301     2.419     2.526
  2015 155     0.058     2.703     2.158
  2015 156     0.035     3.156     4.100
  2015 157     0.604     2.943     2.565
  2015 158     1.573     2.290     1.929
  2015 159     0.995     2.588     1.578
  2015 160     0.579     2.864     1.062
  2015 161     0.200     2.535     0.768
  2015 162     0.192     2.759     0.649
  2015 163     5.363     2.858     0.593
  2015 164     7.597     1.061     0.657
  2015 165     7.769     1.292     1.171
  2015 166     0.556     2.302     0.616
  2015 167     2.460     2.472     0.575
  2015 168     0.763     3.124     0.510
  2015 169     0.055     3.900     0.472
  2015 170     0.841     3.252     0.475
  2015 171     1.401     3.102     0.485
  2015 172     0.517     3.429     0.497
  2015 173     2.546     2.683     0.479
  2015 174     0.121     3.592     0.446
  2015 175     1.123     3.504     0.408
  2015 176     0.367     3.178     0.391
  2015 177     0.864     2.927     0.364
  2015 178     0.641     3.028     0.336
  2015 179     2.326     2.552     0.313
  2015 180     0.847     2.974     0.290
  2015 181     0.834     3.218     0.270
  2015 182     1.600     3.031     0.256
  2015 183     3.037     3.919     0.247
  2015 184    18.790     2.310     0.570
  2015 185    18.347     1.770     1.009
  2015 186    10.979     1.989     1.839
  2015 187     0.576     4.053     0.484
  2015 188     7.671     2.789     0.899
  2015 189     0.470     3.655     0.433
  2015 190     4.108     2.276     0.417
  2015 191     0.473     3.160     0.379
  2015 192     0.071     3.476     0.357
  2015 193     0.139     3.476     0.349
  2015 194     0.004     4.143     0.350
  2015 195     0.060     2.987     0.358
  2015 196     0.261     1.827     0.370
  2015 197     1.885     3.114     0.386
  2015 198     0.814     2.877     0.402
  2015 199     3.446     2.841     0.428
  2015 200     1.367     3.078     0.437
  2015 201     0.167     3.669     0.444
  2015 202     0.156     3.388     0.453
  2015 203     0.633     3.681     0.463
  2015 204     7.826     3.029     0.494
  2015 205     0.785     3.077     0.496
  2015 206     0.060     3.556     0.500
  2015 207    13.138     2.497     0.741
  2015 208     3.729     3.312     0.594
  2015 209     3.669     2.808     0.637
  2015 210     6.035     2.339     0.927
  2015 211     0.737     3.532     0.576
  2015 212     0.552     3.753     0.562
  2015 213     8.011     2.065     0.568
  2015 214     6.055     1.814     0.616
  2015 215     2.369     1.355     0.612
  2015 216     0.735     1.752     0.598
  2015 217     0.507     1.934     0.592
  2015 218     0.254     2.715     0.591
  2015 219     0.301     1.843     0.592
  2015 220     0.387     1.849     0.595
  2015 221     0.462     2.310     0.597
  2015 222     0.144     2.725     0.600
  2015 223     0.761     2.506     0.601
  2015 224     0.392     3.276     0.600
  2015 225     0.064     3.149     0.598
  2015 226     9.925     1.992     0.629
  2015 227     1.627     2.390     0.623
  2015 228     0.850     1.873     0.611
  2015 229     2.250     2.677     0.607
  2015 230     5.725     2.112     0.759
  2015 231     2.189     2.389     0.981
  2015 232     6.017     1.302     0.641
  2015 233     6.688     1.604     0.695
  2015 234     1.706     1.851     0.658
  2015 235     0.068     1.613     0.629
  2015 236     0.247     2.298     0.614
  2015 237     2.004     2.226     0.603
  2015 238     0.474     2.541     0.599
  2015 239     0.812     2.041     0.595
  2015 240     2.650     2.046     0.592
  2015 241     1.378     1.346     0.591
  2015 242     4.654     2.175     0.615
  2015 243     5.376     1.098     0.649
  2015 244     1.748     1.376     0.609
  2015 245     1.378     1.803     0.600
  2015 246     2.409     1.536     0.592
  2015 247     1.389     1.795     0.589
  2015 248     0.842     1.417     0.582
  2015 249     3.115     1.553     0.596
  2015 250     9.231     1.060     0.772
  2015 251     4.134     1.115     0.773
  2015 252     0.768     1.464     0.633
  2015 253     0.145     1.709     0.592
  2015 254     0.036     2.040     0.581
  2015 255     0.103     1.540     0.576
  2015 256     0.180     1.780     0.570
  2015 257     0.874     1.361     0.567
  2015 258     1.223     1.285     0.576
  2015 259     3.554     0.911     0.740
  2015 260    10.778     0.277     0.788
  2015 261     2.306     0.764     0.643
  2015 262     1.918     0.857     0.631
  2015 263     3.891     1.510     0.642
  2015 264     2.502     0.976     0.676
  2015 265     2.126     1.169     0.646
  2015 266     0.092     0.982     0.596
  2015 267     0.301     0.841     0.587
  2015 268     0.196     0.844     0.581
  2015 269     0.479     0.942     0.592
  2015 270     3.603     1.560     0.601
  2015 271     0.806     1.279     0.593
  2015 272     0.100     0.832     0.577
  2015 273     0.008     0.890     0.572
  2015 274     0.001     1.106     0.570
  2015 275     0.069     1.337     0.568
  2015 276     4.740     0.746     0.572
  2015 277     6.078     0.370     0.585
  2015 278     6.797     0.272     0.710
  2015 279     1.184     0.778     0.639
  2015 280     0.451     0.602     0.619
  2015 281     0.196     0.671     0.589
  2015 282     1.704     0.368     0.577
  2015 283    10.533     0.126     0.587
  2015 284     1.024     0.203     0.610
  2015 285     1.386     0.399     0.598
  2015 286     3.798     0.198     0.602
  2015 287     2.438     0.467     0.632
  2015 288     0.329     0.304     0.585
  2015 289     0.182     0.239     0.575
  2015 290     2.031     0.250     0.584
  2015 291     2.244     0.164     0.863
  2015 292     0.240     0.512     0.596
  2015 293     1.743     0.232     0.679
  2015 294     0.971     0.244     0.854
  2015 295     1.779     0.285     0.822
  2015 296     0.304     0.336     0.784
  2015 297     0.216     0.241     0.721
  2015 298     0.015     0.037     0.620
  2015 299     0.121     0.009     0.622
  2015 300     0.370     0.074     0.637
  2015 301     0.679     0.147     0.660
  2015 302     0.417     0.126     0.639
  2015 303     3.536     0.187     0.633
  2015 304     1.258     0.219     0.630
  2015 305     1.636     0.144     0.625
  2015 306     0.412     0.154     0.609
  2015 307     0.184     0.022     0.587
  2015 308     1.269     0.112     0.577
  2015 309     0.435     0.088     0.573
  2015 310     0.384     0.174     0.563
  2015 311     1.758     0.106     0.552
  2015 312     0.421     0.114     0.545
  2015 313     0.063     0.024     0.529
  2015 314     0.187     0.005     0.517
  2015 315     0.150     0.094     0.514
  2015 316     0.050    -0.039     0.511
  2015 317     0.708     0.028     0.505
  2015 318     4.511     0.162     0.504
  2015 319     0.180     0.051     0.501
  2015 320     3.841     0.298     0.498
  2015 321     2.351     0.118     0.496
  2015 322     2.565     0.114     0.492
  2015 323     1.061     0.209     0.488
  2015 324     0.103     0.046     0.482
  2015 325     0.180    -0.004     0.477
  2015 326     0.593     0.047     0.474
  2015 327     0.272     0.062     0.471
  2015 328     0.095     0.005     0.467
  2015 329     0.102    -0.006     0.464
  2015 330     0.767     0.012     0.460
  2015 331     0.746     0.043     0.456
  2015 332     1.194     0.027     0.452
  2015 333     0.140     0.013     0.448
  2015 334     0.010    -0.049     0.444
  2015 335     0.271    -0.005     0.440
  2015 336     0.353     0.064     0.436
  2015 337     0.529     0.037     0.432
  2015 338     3.264     0.124     0.428
  2015 339     6.937     0.147     0.424
  2015 340     0.411     0.072     0.420
  2015 341     0.457     0.093     0.416
  2015 342     0.572     0.044     0.412
  2015 343     0.686     0.068     0.408
  2015 344     0.762     0.101     0.405
  2015 345     0.556     0.061     0.401
  2015 346     0.506     0.044     0.397
  2015 347     0.569     0.078     0.393
  2015 348     2.399     0.089     0.389
  2015 349     1.194     0.082     0.385
  2015 350     1.042     0.079     0.381
  2015 351     1.981     0.106     0.377
  2015 352     0.266     0.115     0.373
  2015 353     0.126     0.023     0.369
  2015 354     0.178     0.007     0.366
  2015 355     0.282     0.034     0.362
  2015 356     1.433     0.029     0.358
  2015 357     0.226     0.014     0.355
  2015 358     0.392     0.057     0.351
  2015 359     0.002    -0.004     0.347
  2015 360     0.062     0.001     0.344
  2015 361     0.028    -0.004     0.340
  2015 362     0.786     0.033     0.337
  2015 363     0.126    -0.015     0.334
  2015 364     0.351     0.070     0.330
  2015 365     0.516     0.047     0.327
  2016   1     0.771     0.046     0.324
  2016   2     1.062     0.087     0.321
  2016   3     0.136    -0.005     0.318
  2016   4     0.081    -0.080     0.315
  2016   5     0.415     0.116     0.312
  2016   6     0.066    -0.002     0.309
  2016   7     0.087    -0.000     0.306
  2016   8     0.372     0.017     0.304
  2016   9     0.360     0.022     0.301
  2016  10     0.173     0.011     0.298
  2016  11     0.152     0.009     0.295
  2016  12     0.173     0.024     0.293
  2016  13     1.019     0.046     0.290
  2016  14     0.730     0.088     0.288
  2016  15     0.932     0.043     0.285
  2016  16     0.852     0.046     0.283
  2016  17     0.120    -0.000     0.280
  2016  18     0.090    -0.004     0.278
  2016  19     0.036    -0.006     0.275
  2016  20     0.604     0.049     0.273
  2016  21     0.208     0.036     0.271
  2016  22     2.004     0.057     0.268
  2016  23     0.182     0.034     0.266
  2016  24     1.064     0.038     0.264
  2016  25     0.517     0.057     0.261
  2016  26     1.450     0.039     0.259
  2016  27     0.523     0.045     0.257
  2016  28     0.940     0.056     0.254
  2016  29     6.676     0.116     0.252
  2016  30     1.940     0.131     0.250
  2016  31     0.212     0.042     0.248
  2016  32     0.045    -0.001     0.245
  2016  33     0.081     0.006     0.243
  2016  34     0.328     0.027     0.241
  2016  35     0.114     0.018     0.239
  2016  36     0.031     0.006     0.236
  2016  37     1.129     0.072     0.234
  2016  38     2.043     0.088     0.232
  2016  39     0.265     0.063     0.230
  2016  40     0.127     0.010     0.228
  2016  41     0.165     0.025     0.225
  2016  42     0.104     0.044     0.223
  2016  43     0.027     0.012     0.221
  2016  44     0.510     0.159     0.219
  2016  45     2.934     0.113     0.217
  2016  46     0.695     0.113     0.215
  2016  47     0.049     0.021     0.213
  2016  48     0.619     0.058     0.211
  2016  49     0.152     0.031     0.209
  2016  50     2.686     0.172     0.207
  2016  51     0.143     0.057     0.205
  2016  52     0.035     0.012     0.203
  2016  53     0.044     0.023     0.201
  2016  54     0.087     0.030     0.199
  2016  55     0.180     0.041     0.197
  2016  56     0.425     0.070     0.196
  2016  57     1.277     0.134     0.194
  2016  58     0.161     0.032     0.192
  2016  59     0.430     0.059     0.190
  2016  60     0.236     0.114     0.188
  2016  61     0.081     0.037     0.187
  2016  62     0.087     0.040     0.185
  2016  63     0.088     0.036     0.183
  2016  64     0.705     0.064     0.181
  2016  65     3.346     0.094     0.180
  2016  66     0.205     0.099     0.178
  2016  67     0.339     0.096     0.177
  2016  68     2.302     0.155     0.175
  2016  69     0.871     0.160     0.173
  2016  70     0.135     0.127     0.172
  2016  71     6.387     0.268     0.170
  2016  72     0.249     0.237     0.169
  2016  73     5.449     0.267     0.167
  2016  74     3.925     0.320     0.166
  2016  75     0.042     0.243     0.164
  2016  76     0.182     0.430     0.163
  2016  77     0.011     0.211     0.162
  2016  78     0.492     0.142     0.160
  2016  79     0.603     0.253     0.159
  2016  80     0.100     0.104     0.158
  2016  81     0.134     0.120     0.156
  2016  82     0.136     0.120     0.155
  2016  83     0.264     0.079     0.154
  2016  84     0.347     0.090     0.152
  2016  85     0.130     0.067     0.151
  2016  86     0.357     0.124     0.150
  2016  87     0.262     0.141     0.149
  2016  88     0.073     0.131     0.147
  2016  89     0.662     0.180     0.146
  2016  90     0.711     0.218     0.145
  2016  91     0.729     0.271     0.144
  2016  92     0.345     0.176     0.143
  2016  93     0.106     0.149     0.142
  2016  94     0.023     0.090     0.141
  2016  95     0.689     0.167     0.139
  2016  96     0.144     0.101     0.138
  2016  97     1.821     0.172     0.137
  2016  98     0.358     0.220     0.136
  2016  99     0.123     0.179     0.135
  2016 100     0.849     0.257     0.134
  2016 101     0.724     0.232     0.133
  2016 102     0.068     0.159     0.132
  2016 103     1.355     0.235     0.131
  2016 104     0.420     0.372     0.130
  2016 105    10.753     0.357     0.129
  2016 106     0.476     0.588     0.128
  2016 107     0.122     0.318     0.127
  2016 108     0.012     0.014     0.127
  2016 109     0.169     0.036     0.126
  2016 110     0.057    -0.327     0.125
  2016 111     0.573     0.438     0.124
  2016 112     0.192     0.409     0.123
  2016 113     0.127     0.374     0.122
  2016 114     0.132     0.298     0.121
  2016 115     0.187     0.228     0.120
  2016 116     0.032     0.242     0.120
  2016 117     0.076     0.241     0.119
  2016 118     0.084     0.184     0.118
  2016 119     0.356     0.261     0.117
  2016 120     0.000     0.118     0.118
  2016 121     0.000     0.022     0.127
  2016 122     0.058    -0.028     0.208
  2016 123     0.271     0.054     0.615
  2016 124     0.219     0.478     1.067
  2016 125     0.100     0.274     1.659
  2016 126     2.713     0.674     1.801
  2016 127     2.753     0.473     2.055
  2016 128     0.192     0.520     1.453
  2016 129     0.012     0.608     2.413
  2016 130     0.108     0.667     3.604
  2016 131     0.289     0.959     3.561
  2016 132     1.665     0.904     1.971
  2016 133     1.771     0.859     1.243
  2016 134     0.272     1.001     1.093
  2016 135     1.420     0.482     1.141
  2016 136     0.665     0.873     1.332
  2016 137     0.623     0.874     1.525
  2016 138     0.164     1.370     2.406
  2016 139     0.312     1.525     2.417
  2016 140     3.334     1.295     0.872
  2016 141     0.143     1.463     0.790
  2016 142     0.444     1.582     1.772
  2016 143     4.132     1.197     2.215
  2016 144     1.234     1.551     0.912
  2016 145     2.072     1.376     0.558
  2016 146     7.570     1.499     3.255
  2016 147     1.310     1.542     1.240
  2016 148     0.217     1.842     0.818
  2016 149     0.052     2.010     0.720
  2016 150     0.800     1.380     1.613
  2016 151     0.094     2.153     0.955
  2016 152     0.159     1.636     0.880
  2016 153     1.059     2.275     1.700
  2016 154     1.531     1.710     2.435
  2016 155     0.941     1.817     2.189
  2016 156     9.094     1.039     2.453
  2016 157     6.753     1.291     1.318
  2016 158     0.239     1.875     1.017
  2016 159     2.624     1.859     0.841
  2016 160     3.559     2.224     1.047
  2016 161     0.448     2.675     0.675
  2016 162     5.706     1.417     0.847
  2016 163     0.037     3.459     0.930
  2016 164     2.383     1.683     1.193
  2016 165     4.598     2.677     1.587
  2016 166     1.255     3.389     0.963
  2016 167     0.304     3.979     0.728
  2016 168     0.806     3.766     0.658
  2016 169     4.352     4.197     0.617
  2016 170     3.382     3.896     0.560
  2016 171     0.819     3.365     0.498
  2016 172     0.540     2.569     0.454
  2016 173     0.086     3.012     0.413
  2016 174     0.031     3.668     0.381
  2016 175     0.810     3.617     0.356
  2016 176     0.633     3.358     0.338
  2016 177     1.558     3.207     0.330
  2016 178     0.041     3.442     0.317
  2016 179     0.420     2.820     0.308
  2016 180     0.488     2.740     0.304
  2016 181     0.055     3.481     0.304
  2016 182     1.361     3.098     0.303
  2016 183     0.106     3.314     0.306
  2016 184     0.079     3.199     0.307
  2016 185     0.106     3.979     0.310
  2016 186     0.014     3.655     0.316
  2016 187     0.234     1.994     0.322
  2016 188     0.261     1.815     0.330
  2016 189     0.094     2.393     0.335
  2016 190     0.442     1.870     0.340
  2016 191     9.166     1.567     0.368
  2016 192     4.562     3.076     0.390
  2016 193     2.419     2.798     0.376
  2016 194    19.209     2.001     0.559
  2016 195     1.300     2.780     0.527
  2016 196     0.031     3.987     0.417
  2016 197     0.031     4.138     0.402
  2016 198     7.196     3.347     0.426
  2016 199     1.048     3.432     0.425
  2016 200     0.159     3.823     0.416
  2016 201     2.210     3.340     0.419
  2016 202     3.799     2.332     0.431
  2016 203     1.794     3.153     0.437
  2016 204     1.499     4.022     0.435
  2016 205     7.204     2.586     0.561
  2016 206     2.034     3.238     0.531
  2016 207    10.785     2.410     0.500
  2016 208     1.418     2.673     0.488
  2016 209     0.309     2.850     0.465
  2016 210     0.207     3.343     0.457
  2016 211     1.216     2.710     0.456
  2016 212     0.681     2.778     0.458
  2016 213     0.408     2.530     0.458
  2016 214     9.481     2.633     0.556
  2016 215    12.084     2.071     0.658
  2016 216     3.943     2.043     0.539
  2016 217     1.738     1.971     0.509
  2016 218     0.709     3.099     0.493
  2016 219     0.961     3.166     0.482
  2016 220     2.048     2.881     0.480
  2016 221     0.637     3.203     0.483
  2016 222     0.203     3.034     0.480
  2016 223     0.027     2.952     0.478
  2016 224     0.063     2.712     0.478
  2016 225     0.048     2.876     0.478
  2016 226     0.629     1.792     0.477
  2016 227     0.947     2.168     0.477
  2016 228     2.778     1.791     0.478
  2016 229     0.628     2.440     0.476
  2016 230     7.432     2.508     0.493
  2016 231     6.556     2.425     0.493
  2016 232     0.746     3.262     0.486
  2016 233     0.253     2.786     0.478
  2016 234     0.068     2.251     0.474
  2016 235     0.054     2.419     0.470
  2016 236     0.051     2.436     0.467
  2016 237     0.305     2.181     0.465
  2016 238     0.768     1.906     0.463
  2016 239     0.560     2.350     0.461
  2016 240     0.160     1.871     0.458
  2016 241     2.674     1.604     0.456
  2016 242     8.970     1.475     0.471
  2016 243     0.479     1.789     0.462
  2016 244     0.263     1.669     0.456
  2016 245     9.678     1.408     0.465
  2016 246     6.052     1.178     0.478
  2016 247    16.233     1.368     0.853
  2016 248     2.396     2.136     0.551
  2016 249     0.808     1.756     0.495
  2016 250     0.139     1.752     0.475
  2016 251     0.338     1.874     0.462
  2016 252     0.560     1.110     0.456
  2016 253     1.951     1.210     0.454
  2016 254     0.554     1.476     0.455
  2016 255     3.595     1.282     0.473
  2016 256     0.126     1.339     0.458
  2016 257     1.912     1.445     0.452
  2016 258     1.762     1.461     0.457
  2016 259     7.917     1.136     0.509
  2016 260     0.496     1.085     0.474
  2016 261     2.006     1.325     0.475
  2016 262     1.111     0.998     0.469
  2016 263     6.716     1.203     0.490
  2016 264     4.437     1.451     0.538
  2016 265     1.387     1.033     0.485
  2016 266     0.144     1.121     0.478
  2016 267     0.041     1.329     0.471
  2016 268     5.244     0.688     0.481
  2016 269    17.174     0.574     1.121
  2016 270     0.888     1.245     0.588
  2016 271     0.594     0.949     0.531
  2016 272     0.447     1.581     0.518
  2016 273     0.390     1.038     0.509
  2016 274     3.133     0.782     0.514
  2016 275     3.597     0.910     0.565
  2016 276    10.836     0.323     0.697
  2016 277     0.535     1.019     0.630
  2016 278     0.608     0.633     0.556
  2016 279     9.627     0.699     0.546
  2016 280     5.547     0.716     0.546
  2016 281     0.721     0.556     0.549
  2016 282     0.363     0.515     0.551
  2016 283     0.917     0.408     0.551
  2016 284     1.778     0.410     0.552
  2016 285     1.073     0.421     0.549
  2016 286     1.045     0.433     0.549
  2016 287     0.415     0.414     0.546
  2016 288     0.115     0.189     0.551
  2016 289     0.732     0.248     0.587
  2016 290     0.420     0.288     0.614
  2016 291     5.539     0.475     0.654
  2016 292     5.100     0.573     0.654
  2016 293     0.559     0.299     0.629
  2016 294     0.160     0.269     0.634
  2016 295     3.998     0.086     0.643
  2016 296     2.029     0.154     0.642
  2016 297     1.066     0.176     0.617
  2016 298     0.742     0.107     0.596
  2016 299     0.488     0.108     0.583
  2016 300     4.953     0.129     0.576
  2016 301     2.200     0.099     0.571
  2016 302     0.392     0.241     0.561
  2016 303     1.567     0.379     0.557
  2016 304     0.967     0.072     0.566
  2016 305     4.226     0.168     0.601
  2016 306     5.995     0.172     0.610
  2016 307     0.801     0.112     0.601
  2016 308     2.107     0.064     0.605
  2016 309     0.233    -0.108     0.614
  2016 310     0.012    -0.068     0.594
  2016 311     0.014    -0.128     0.597
  2016 312     0.313     0.032     0.586
  2016 313     0.129     0.006     0.579
  2016 314     0.120    -0.200     0.600
  2016 315     0.489     0.050     0.579
  2016 316     0.002     0.021     0.597
  2016 317     0.027    -0.239     0.602
  2016 318     0.308     0.022     0.589
  2016 319     1.514     0.033     0.620
  2016 320     6.656     0.139     0.637
  2016 321     3.783     0.321     0.606
  2016 322     0.403     0.122     0.591
  2016 323     0.282     0.010     0.585
  2016 324     0.255     0.001     0.611
  2016 325     0.402     0.026     0.619
  2016 326     0.657     0.110     0.575
  2016 327     1.896     0.094     0.558
  2016 328     0.158    -0.006     0.522
  2016 329     0.419     0.030     0.501
  2016 330     0.359     0.043     0.500
  2016 331     2.937     0.098     0.494
  2016 332     1.043     0.036     0.489
  2016 333     0.744     0.129     0.485
  2016 334     0.340     0.117     0.481
  2016 335     0.219     0.031     0.475
  2016 336     0.239     0.023     0.469
  2016 337     0.520     0.014     0.460
  2016 338     0.639     0.042     0.457
  2016 339     1.350     0.061     0.455
  2016 340     2.412     0.038     0.451
  2016 341     1.453     0.106     0.444
  2016 342     0.640     0.107     0.431
  2016 343     0.043    -0.002     0.418
  2016 344     0.097    -0.009     0.411
  2016 345     0.196     0.005     0.407
  2016 346     0.661     0.022     0.404
  2016 347     0.218     0.018     0.401
  2016 348     0.566     0.036     0.399
  2016 349     0.675     0.044     0.396
  2016 350     0.417     0.035     0.393
  2016 351     0.219     0.044     0.390
  2016 352     0.153     0.029     0.387
  2016 353     0.186     0.010     0.384
  2016 354     0.274     0.001     0.381
  2016 355     0.675     0.010     0.378
  2016 356     1.428     0.035     0.375
  2016 357     3.280     0.073     0.372
  2016 358     0.861     0.041     0.369
  2016 359     0.065    -0.012     0.366
  2016 360     0.208    -0.023     0.363
  2016 361     0.140    -0.007     0.360
  2016 362     0.057     0.097     0.357
  2016 363     0.620     0.100     0.354
  2016 364     0.105     0.039     0.351
  2016 365     0.206    -0.011     0.348
  2016 366     0.321     0.011     0.345
  2017   1     0.401     0.058     0.342
  2017   2     0.100     0.007     0.339
  2017   3     0.216     0.012     0.336
  2017   4     0.363     0.008     0.334
  2017   5     0.735     0.036     0.331
  2017   6     0.438     0.015     0.328
  2017   7     0.305     0.004     0.325
  2017   8     0.221     0.013     0.322
  2017   9     0.293     0.020     0.319
  2017  10     0.568     0.017     0.317
  2017  11     0.417     0.016     0.314
  2017  12     0.166     0.003     0.311
  2017  13     0.383     0.012     0.309
  2017  14     0.338     0.011     0.306
  2017  15     1.793     0.055     0.303
  2017  16     0.369     0.067     0.301
  2017  17     3.101     0.032     0.298
  2017  18     0.984     0.087     0.296
  2017  19     3.336     0.099     0.293
  2017  20     0.620     0.139     0.291
  2017  21     2.435     0.120     0.288
  2017  22     5.291     0.149     0.286
  2017  23     3.649     0.144     0.283
  2017  24     0.660     0.075     0.281
  2017  25     0.293     0.012     0.278
  2017  26     0.283     0.025     0.276
  2017  27     0.394     0.075     0.274
  2017  28     0.434     0.048     0.271
  2017  29     0.538     0.035     0.269
  2017  30     1.267     0.076     0.266
  2017  31     0.251     0.075     0.264
  2017  32     0.375     0.091     0.262
  2017  33     0.092     0.041     0.260
  2017  34     0.163     0.074     0.257
  2017  35     0.100     0.028     0.255
  2017  36     0.248     0.038     0.253
  2017  37     0.224     0.010     0.251
  2017  38     0.369     0.027     0.249
  2017  39     0.354     0.038     0.246
  2017  40     0.544     0.009     0.244
  2017  41     0.193     0.004     0.242
  2017  42     1.167     0.058     0.240
  2017  43     0.619     0.028     0.238
  2017  44     2.563     0.180     0.236
  2017  45     0.706     0.072     0.234
  2017  46     1.428     0.198     0.232
  2017  47     4.957     0.186     0.230
  2017  48     8.938     0.211     0.228
  2017  49     3.557     0.202     0.226
  2017  50     0.275     0.113     0.224
  2017  51     8.140     0.193     0.222
  2017  52     8.778     0.250     0.220
  2017  53     2.614     0.194     0.218
  2017  54     0.011     0.065     0.216
  2017  55     0.032     0.076     0.214
  2017  56     0.193     0.078     0.212
  2017  57     0.235     0.089     0.210
  2017  58     0.232     0.057     0.208
  2017  59     0.403     0.035     0.206
  2017  60     0.301     0.046     0.205
  2017  61     0.101     0.052     0.203
  2017  62     0.678     0.105     0.201
  2017  63     2.690     0.216     0.199
  2017  64     0.162     0.082     0.197
  2017  65     9.639     0.172     0.196
  2017  66    23.528     0.404     0.194
  2017  67     2.375     0.286     0.192
  2017  68     0.021     0.107     0.191
  2017  69     0.094     0.086     0.189
  2017  70     0.103     0.083     0.187
  2017  71     0.064     0.124     0.185
  2017  72     0.003     0.117     0.184
  2017  73     1.073     0.226     0.182
  2017  74     0.173     0.174     0.181
  2017  75     4.085     0.282     0.179
  2017  76     0.054     0.113     0.177
  2017  77     0.590     0.245     0.176
  2017  78    12.863     0.502     0.174
  2017  79     0.574     0.214     0.173
  2017  80     0.002     0.160     0.171
  2017  81     0.139     0.236     0.170
  2017  82     1.849     0.265     0.168
  2017  83     0.008     0.122     0.167
  2017  84     3.469     0.232     0.166
  2017  85     2.174     0.315     0.164
  2017  86     0.173     0.221     0.163
  2017  87     0.032     0.163     0.161
  2017  88     0.291     0.310     0.160
  2017  89     0.121     0.230     0.159
  2017  90     0.228     0.163     0.157
  2017  91     3.006     0.208     0.156
  2017  92     2.342     0.113     0.155
  2017  93     2.185     0.430     0.153
  2017  94     0.403     0.287     0.152
  2017  95     0.153     0.166     0.151
  2017  96     0.342    -0.002     0.150
  2017  97     2.202     0.046     0.148
  2017  98     4.950     0.372     0.147
  2017  99     0.131     0.305     0.146
  2017 100     0.145     0.474     0.145
  2017 101     0.115     0.239     0.144
  2017 102     0.009     0.122     0.143
  2017 103     0.004     0.176     0.142
  2017 104     0.031     0.188     0.141
  2017 105     0.156     0.224     0.139
  2017 106     0.050     0.169     0.138
  2017 107     0.942     0.372     0.137
  2017 108     0.122     0.252     0.136
  2017 109     0.409     0.299     0.135
  2017 110     0.992     0.215     0.134
  2017 111     0.913     0.345     0.133
  2017 112     0.376     0.289     0.132
  2017 113     0.256     0.252     0.131
  2017 114     0.058     0.184     0.130
  2017 115     0.012     0.241     0.129
  2017 116     0.000     0.245     0.128
  2017 117     0.004     0.131     0.127
  2017 118     0.112     0.259     0.126
  2017 119     0.065     0.209     0.126
  2017 120     0.543     0.042     0.125
  2017 121     0.917     0.299     0.124
  2017 122     2.645     0.347     0.123
  2017 123     0.233     0.348     0.122
  2017 124     3.212     0.288     0.121
  2017 125     0.272     0.256     0.120
  2017 126     0.102     0.279     0.119
  2017 127     0.443     0.357     0.119
  2017 128     6.401     0.395     0.118
  2017 129     1.492     0.559     0.117
  2017 130     1.001     0.481     0.116
  2017 131     0.871     0.210     0.115
  2017 132     0.393     0.084     0.115
  2017 133     0.336     0.106     0.117
  2017 134     0.208     0.186     0.128
  2017 135     1.167     0.284     0.118
  2017 136     0.610     0.504     0.113
  2017 137     0.187     0.370     0.112
  2017 138     0.022    -0.002     0.112
  2017 139     0.072    -0.067     0.165
  2017 140     0.315    -0.032     0.619
  2017 141     0.143    -0.039     1.887
  2017 142     0.034     0.016     3.859
  2017 143     2.612    -0.346    15.629
  2017 144     0.330    -0.014    19.186
  2017 145     0.368     0.270    17.156
  2017 146     0.813     0.318    14.992
  2017 147     9.145     0.517    16.215
  2017 148     8.452     0.546    12.074
  2017 149     1.863     1.009     8.452
  2017 150     0.111     1.955     6.080
  2017 151     0.031     1.890     5.442
  2017 152     0.090     1.954     7.069
  2017 153     2.221     1.954     5.934
  2017 154     9.398     1.181     6.431
  2017 155     0.835     1.893     3.122
  2017 156     0.039     3.173     2.352
  2017 157     2.645     3.957     1.882
  2017 158     0.009     4.100     1.151
  2017 159     0.009     3.410     0.895
  2017 160    12.903     1.557     1.264
  2017 161     0.222     2.737     0.842
  2017 162     5.650     2.080     0.840
  2017 163     1.560     2.820     0.792
  2017 164     0.444     2.740     0.655
  2017 165     0.163     3.207     0.594
  2017 166     1.890     2.393     0.585
  2017 167     1.015     2.448     0.576
  2017 168     0.000     3.282     0.549
  2017 169     0.027     2.855     0.524
  2017 170     0.064     2.866     0.512
  2017 171     0.866     2.769     0.502
  2017 172     0.435     3.615     0.488
  2017 173     2.045     3.286     0.476
  2017 174     0.459     2.695     0.466
  2017 175     0.259     3.047     0.452
  2017 176     0.145     3.370     0.442
  2017 177     1.602     2.815     0.437
  2017 178     0.065     3.733     0.435
  2017 179     0.357     2.990     0.435
  2017 180     6.884     2.067     0.532
  2017 181     8.535     1.601     0.603
  2017 182     0.423     3.433     0.539
  2017 183     0.061     3.395     0.484
  2017 184     0.950     3.353     0.477
  2017 185     5.239     3.355     0.485
  2017 186     4.425     3.313     0.504
  2017 187     0.084     4.191     0.497
  2017 188     6.018     3.234     0.510
  2017 189     0.135     3.830     0.521
  2017 190     0.167     4.112     0.507
  2017 191     0.300     3.592     0.505
  2017 192     0.079     3.717     0.506
  2017 193     0.070     4.019     0.501
  2017 194     2.998     3.129     0.493
  2017 195     0.965     3.748     0.494
  2017 196     0.047     4.009     0.495
  2017 197     5.542     3.519     0.542
  2017 198    18.502     3.003     0.977
  2017 199     0.010     3.989     0.577
  2017 200     1.407     3.668     0.536
  2017 201     0.034     3.642     0.527
  2017 202     0.083     3.333     0.522
  2017 203     0.245     3.375     0.519
  2017 204     1.276     2.752     0.518
  2017 205     3.428     2.510     0.521
  2017 206     2.177     2.555     0.533
  2017 207     0.181     3.259     0.524
  2017 208     1.483     3.179     0.522
  2017 209     2.390     3.259     0.520
  2017 210     1.147     3.086     0.520
  2017 211     0.628     2.899     0.518
  2017 212     7.288     2.883     0.554
  2017 213     0.045     3.595     0.527
  2017 214     0.869     3.026     0.522
  2017 215     0.657     2.813     0.519
  2017 216     0.392     2.680     0.517
  2017 217     0.272     2.543     0.515
  2017 218     4.604     2.845     0.514
  2017 219     0.660     3.364     0.514
  2017 220     0.100     2.848     0.511
  2017 221     0.112     2.379     0.509
  2017 222     0.449     1.981     0.507
  2017 223     0.203     2.127     0.506
  2017 224     0.305     1.674     0.504
  2017 225     0.399     2.314     0.502
  2017 226     0.429     2.329     0.500
  2017 227     0.083     2.219     0.498
  2017 228     0.998     1.705     0.495
  2017 229     2.215     2.107     0.493
  2017 230     0.513     1.865     0.491
  2017 231     9.107     1.903     0.530
  2017 232    15.424     2.182     0.542
  2017 233     2.971     1.649     0.510
  2017 234     0.286     2.672     0.495
  2017 235     0.115     2.554     0.484
  2017 236     0.013     2.843     0.479
  2017 237     0.783     2.806     0.476
  2017 238     0.315     2.994     0.472
  2017 239     0.451     2.375     0.469
  2017 240     1.909     2.860     0.466
  2017 241     0.526     1.992     0.464
  2017 242     0.059     2.067     0.461
  2017 243     0.126     2.195     0.458
  2017 244     6.041     1.432     0.466
  2017 245     2.822     2.275     0.454
  2017 246     1.107     2.345     0.451
  2017 247     0.957     2.273     0.450
  2017 248     0.129     1.610     0.445
  2017 249     0.547     1.288     0.441
  2017 250     0.141     1.750     0.439
  2017 251     0.034     2.199     0.435
  2017 252     1.029     1.496     0.432
  2017 253     7.550     1.446     0.432
  2017 254     1.656     2.314     0.429
  2017 255     0.631     1.274     0.425
  2017 256     0.132     1.104     0.421
  2017 257     0.573     1.125     0.418
  2017 258     0.076     1.511     0.414
  2017 259     0.040     1.493     0.410
  2017 260     0.024     1.015     0.407
  2017 261     0.343     1.147     0.407
  2017 262     0.141     1.212     0.402
  2017 263    13.872     0.952     0.415
  2017 264     7.926     0.985     0.422
  2017 265     2.603     1.056     0.417
  2017 266     0.388     0.826     0.401
  2017 267     0.186     0.857     0.392
  2017 268     0.074     1.114     0.386
  2017 269     3.581     1.020     0.385
  2017 270     3.473     1.220     0.391
  2017 271     0.556     1.030     0.384
  2017 272     0.005     1.231     0.378
  2017 273     0.327     1.073     0.375
  2017 274     5.223     0.907     0.377
  2017 275     4.139     0.964     0.388
  2017 276     0.996     0.922     0.375
  2017 277     2.161     1.202     0.371
  2017 278     0.216     1.011     0.363
  2017 279     1.422     0.512     0.359
  2017 280     9.550     0.248     0.383
  2017 281    10.827     0.771     0.395
  2017 282     1.265     0.586     0.375
  2017 283     0.616     0.369     0.365
  2017 284     2.498     0.397     0.360
  2017 285     8.154     0.147     0.362
  2017 286     3.936     0.745     0.362
  2017 287     1.435     0.324     0.356
  2017 288     1.347     0.292     0.353
  2017 289     5.606     0.179     0.354
  2017 290     6.942     0.261     0.352
  2017 291    20.014     0.608     0.352
  2017 292     1.273     0.385     0.351
  2017 293     0.608     0.474     0.350
  2017 294     6.724     0.067     0.369
  2017 295    20.893     0.531     0.389
  2017 296     0.403     0.812     0.368
  2017 297     1.000     0.166     0.359
  2017 298     0.995     0.190     0.355
  2017 299     0.136     0.190     0.351
  2017 300     0.320     0.133     0.349
  2017 301     6.776     0.230     0.346
  2017 302     2.746     0.351     0.347
  2017 303     0.586     0.104     0.345
  2017 304     1.936     0.119     0.345
  2017 305     0.776     0.093     0.346
  2017 306     0.085     0.012     0.354
  2017 307     0.155     0.039     0.373
  2017 308     0.118     0.039     0.389
  2017 309     0.850     0.109     0.400
  2017 310     0.453     0.128     0.400
  2017 311     1.702     0.194     0.392
  2017 312     0.282     0.063     0.382
  2017 313     0.051     0.009     0.368
  2017 314     0.982     0.063     0.365
  2017 315     0.154     0.014     0.378
  2017 316     0.190     0.024     0.383
  2017 317     5.924     0.105     0.384
  2017 318     0.204     0.058     0.387
  2017 319     0.028    -0.006     0.374
  2017 320     2.644     0.112     0.355
  2017 321     4.056     0.113     0.363
  2017 322     1.034     0.230     0.373
  2017 323     0.564     0.096     0.375
  2017 324     0.390     0.059     0.368
  2017 325     0.273     0.165     0.361
  2017 326     0.565     0.096     0.343
  2017 327     1.342     0.007     0.331
  2017 328     0.890     0.045     0.327
  2017 329     0.283     0.010     0.322
  2017 330     0.038    -0.016     0.320
  2017 331     5.252     0.062     0.319
  2017 332     1.026     0.041     0.317
  2017 333     0.115     0.015     0.316
  2017 334     1.420     0.022     0.314
  2017 335     0.468     0.030     0.312
  2017 336     0.863     0.018     0.310
  2017 337     0.693     0.031     0.308
  2017 338     3.438     0.102     0.307
  2017 339     0.388     0.083     0.305
  2017 340     0.436     0.040     0.303
  2017 341     0.255     0.050     0.302
  2017 342     1.513     0.068     0.300
  2017 343     0.329     0.014     0.298
  2017 344     0.941     0.032     0.296
  2017 345     0.095    -0.013     0.294
  2017 346     1.856     0.050     0.292
  2017 347     0.314     0.030     0.290
  2017 348     0.247     0.001     0.288
  2017 349     0.179    -0.000     0.286
  2017 350     0.262     0.029     0.284
  2017 351     1.390     0.047     0.282
  2017 352     4.369     0.119     0.280
  2017 353     0.562     0.079     0.278
  2017 354     0.089    -0.010     0.276
  2017 355     0.513     0.016     0.274
  2017 356     0.441     0.047     0.272
  2017 357     0.286     0.042     0.270
  2017 358     1.027     0.063     0.268
  2017 359     0.504     0.063     0.266
  2017 360     0.103     0.015     0.264
  2017 361     0.197     0.005     0.262
  2017 362     0.149     0.010     0.260
  2017 363     0.064     0.001     0.259
  2017 364     0.104     0.009     0.257
  2017 365     0.004    -0.014     0.255
  2018   1     0.133     0.076     0.253
  2018   2     0.049    -0.000     0.251
  2018   3     0.032    -0.006     0.249
  2018   4     0.089    -0.002     0.247
  2018   5     2.251     0.048     0.246
  2018   6     2.809     0.063     0.244
  2018   7     3.004     0.055     0.242
  2018   8     0.848     0.054     0.240
  2018   9     0.286     0.009     0.238
  2018  10     0.376     0.014     0.237
  2018  11     0.100     0.019     0.235
  2018  12     0.131     0.039     0.233
  2018  13     0.028    -0.011     0.232
  2018  14     0.046    -0.007     0.230
  2018  15     0.042     0.129     0.228
  2018  16     0.044     0.086     0.227
  2018  17     0.091     0.015     0.225
  2018  18     0.575     0.040     0.223
  2018  19     0.370     0.039     0.222
  2018  20     0.199     0.017     0.220
  2018  21     0.124     0.009     0.219
  2018  22     0.053     0.001     0.217
  2018  23     0.069     0.002     0.215
  2018  24     0.048     0.005     0.214
  2018  25     0.038     0.009     0.212
  2018  26     0.134     0.014     0.211
  2018  27     0.077     0.004     0.209
  2018  28     0.087     0.006     0.208
  2018  29     0.059     0.007     0.206
  2018  30     1.689     0.038     0.205
  2018  31     0.490     0.040     0.203
  2018  32     0.106     0.020     0.202
  2018  33     0.079     0.016     0.200
  2018  34     0.254     0.050     0.199
  2018  35     0.545     0.120     0.197
  2018  36     0.179     0.062     0.196
  2018  37     0.229     0.070     0.194
  2018  38     0.169     0.010     0.193
  2018  39     0.498     0.062     0.191
  2018  40     0.645     0.163     0.190
  2018  41     0.298     0.028     0.188
  2018  42     0.144     0.051     0.187
  2018  43     0.237     0.064     0.185
  2018  44     0.545     0.072     0.184
  2018  45     0.059     0.005     0.183
  2018  46     0.196     0.046     0.181
  2018  47     0.277     0.035     0.180
  2018  48     0.372     0.042     0.178
  2018  49     0.040     0.003     0.177
  2018  50     0.547     0.018     0.176
  2018  51     1.213     0.044     0.174
  2018  52     0.265     0.024     0.173
  2018  53     0.730     0.142     0.171
  2018  54     0.230     0.051     0.170
  2018  55     0.413     0.075     0.169
  2018  56     0.095     0.033     0.167
  2018  57     0.090     0.038     0.166
  2018  58     0.197     0.041     0.165
  2018  59     1.230     0.092     0.163
  2018  60     1.051     0.145     0.162
  2018  61     0.501     0.133     0.161
  2018  62     0.107     0.052     0.160
  2018  63     0.195     0.044     0.158
  2018  64     0.091     0.090     0.157
  2018  65     0.060     0.087     0.156
  2018  66     0.583     0.082     0.155
  2018  67     0.184     0.090     0.153
  2018  68     0.039     0.033     0.152
  2018  69     0.425     0.136     0.151
  2018  70     0.410     0.166     0.150
  2018  71     0.081     0.052     0.149
  2018  72     0.124     0.236     0.147
  2018  73     0.026     0.048     0.146
  2018  74     0.041     0.103     0.145
  2018  75     0.154     0.052     0.144
  2018  76     0.219     0.104     0.143
  2018  77     0.037     0.044     0.142
  2018  78     0.017     0.075     0.141
  2018  79     0.063     0.082     0.140
  2018  80     1.197     0.185     0.139
  2018  81     0.090     0.064     0.138
  2018  82     0.011     0.063     0.136
  2018  83     0.798     0.344     0.135
  2018  84     1.212     0.198     0.134
  2018  85     4.163     0.157     0.133
  2018  86     1.944     0.285     0.132
  2018  87     0.386     0.204     0.131
  2018  88     0.790     0.264     0.130
  2018  89     0.418     0.247     0.129
  2018  90     0.597     0.279     0.129
  2018  91     0.277     0.156     0.128
  2018  92     0.157     0.145     0.127
  2018  93     0.656     0.235     0.126
  2018  94     0.644     0.170     0.125
  2018  95     1.480     0.269     0.124
  2018  96     0.240     0.307     0.123
  2018  97     0.218     0.257     0.122
  2018  98     0.165     0.233     0.121
  2018  99     0.164     0.312     0.120
  2018 100     0.326     0.194     0.120
  2018 101     0.262     0.204     0.119
  2018 102     0.128     0.175     0.118
  2018 103     0.016     0.128     0.117
  2018 104     0.000     0.241     0.116
  2018 105     0.293     0.297     0.115
  2018 106     1.026     0.171     0.115
  2018 107     0.036     0.135     0.114
  2018 108     0.140     0.045     0.113
  2018 109     0.002    -0.056     0.112
  2018 110     0.073    -0.193     0.112
  2018 111     0.027    -0.106     0.111
  2018 112    14.471     0.514     0.110
  2018 113     2.555     0.595     0.109
  2018 114     1.247     0.383     0.109
  2018 115     1.068     0.414     0.108
  2018 116     0.436     0.334     0.108
  2018 117     0.574     0.235     0.107
  2018 118     2.711     0.002     0.107
  2018 119     3.233     0.569     0.107
  2018 120     0.951     0.302     0.106
  2018 121     3.964     0.248     0.105
  2018 122     1.448     0.283     0.104
  2018 123     1.703     0.168     0.108
  2018 124     1.346     0.524     0.142
  2018 125     0.580     0.302     0.129
  2018 126     0.380    -0.083     0.166
  2018 127     0.445     0.502     0.282
  2018 128     8.920     0.191     0.267
  2018 129     4.806     0.954     0.202
  2018 130     0.279     0.639     0.163
  2018 131     0.176     0.398     0.215
  2018 132     2.114     0.056     0.314
  2018 133     0.731     0.496     0.384
  2018 134     0.213     0.536     0.254
  2018 135     0.176     0.384     0.265
  2018 136     0.223     0.450     0.275
  2018 137     0.052     0.318     0.261
  2018 138     0.021     0.192     0.276
  2018 139     1.392     0.233     0.323
  2018 140     0.157     0.361     0.345
  2018 141     0.111     0.434     0.477
  2018 142     0.043     0.411     0.684
  2018 143     0.003     0.083     1.646
  2018 144     0.093     0.396     3.865
  2018 145     0.093     1.044     3.582
  2018 146     0.711     0.466     4.233
  2018 147     0.580     0.890     5.977
  2018 148     1.488     1.161     4.737
  2018 149     0.685     1.409     9.734
  2018 150     0.095     1.970     3.603
  2018 151     0.076     1.995     1.625
  2018 152     0.023     2.273     1.466
  2018 153     4.643     1.339     2.699
  2018 154     8.848     1.036     1.393
  2018 155     1.426     1.063     1.245
  2018 156     3.181     0.623     1.522
  2018 157     2.961     1.206     2.470
  2018 158     0.318     2.032     2.107
  2018 159     0.135     2.966     2.440
  2018 160     0.003     3.593     2.283
  2018 161     0.001     3.932     1.573
  2018 162     2.389     4.039     1.066
  2018 163     5.238     3.239     1.256
  2018 164     2.795     2.744     0.821
  2018 165     0.164     3.483     0.726
  2018 166    22.682     1.578     2.709
  2018 167     5.069     2.177     2.166
  2018 168     0.432     2.673     1.131
  2018 169     0.248     3.152     0.845
  2018 170     0.070     3.558     0.738
  2018 171     1.900     3.788     0.696
  2018 172     0.162     3.830     0.656
  2018 173     0.110     3.457     0.608
  2018 174     0.030     3.876     0.563
  2018 175     0.151     4.433     0.535
  2018 176     0.779     4.311     0.519
  2018 177     2.323     3.211     0.516
  2018 178    15.650     1.995     0.682
  2018 179     1.528     2.177     0.616
  2018 180     0.285     3.202     0.595
  2018 181     2.058     3.212     0.594
  2018 182     2.190     2.290     0.621
  2018 183     0.084     3.247     0.614
  2018 184     0.018     3.291     0.615
  2018 185     1.108     3.306     0.627
  2018 186     0.094     3.937     0.642
  2018 187     0.222     4.428     0.643
  2018 188     2.093     4.075     0.658
  2018 189     3.420     3.392     0.665
  2018 190     0.044     3.989     0.669
  2018 191     0.000     3.997     0.673
  2018 192     0.645     2.961     0.679
  2018 193     2.098     3.203     0.694
  2018 194     0.665     3.955     0.742
  2018 195    14.423     2.881     1.047
  2018 196    16.620     2.632     1.702
  2018 197     0.007     3.779     0.799
  2018 198     1.241     4.119     0.748
  2018 199     0.117     4.251     0.736
  2018 200     0.471     3.214     0.732
  2018 201     0.054     3.221     0.732
  2018 202     0.008     3.483     0.731
  2018 203     1.177     2.936     0.729
  2018 204     7.726     2.488     0.853
  2018 205     2.761     2.099     0.773
  2018 206     0.047     3.100     0.751
  2018 207     0.048     3.470     0.736
  2018 208     0.024     3.257     0.729
  2018 209     0.596     3.373     0.723
  2018 210     0.800     2.754     0.718
  2018 211     4.842     1.806     0.728
  2018 212     0.016     2.603     0.722
  2018 213     0.259     3.004     0.712
  2018 214     1.633     3.102     0.706
  2018 215     0.577     2.888     0.702
  2018 216     4.835     2.659     0.715
  2018 217     0.005     2.722     0.699
  2018 218     5.743     1.627     0.700
  2018 219     6.361     1.712     0.709
  2018 220     0.418     3.277     0.694
  2018 221     0.759     2.760     0.679
  2018 222     0.301     2.905     0.670
  2018 223     0.173     4.036     0.663
  2018 224     0.002     2.712     0.658
  2018 225     0.010     1.872     0.652
  2018 226     0.667     1.598     0.646
  2018 227     1.592     2.509     0.640
  2018 228     0.096     2.438     0.635
  2018 229     0.490     1.619     0.629
  2018 230     1.581     2.203     0.623
  2018 231     1.938     2.311     0.618
  2018 232     2.930     1.911     0.612
  2018 233     1.693     1.652     0.606
  2018 234     5.441     2.087     0.604
  2018 235     0.076     2.102     0.597
  2018 236     0.281     1.852     0.590
  2018 237     8.778     1.025     0.603
  2018 238     1.942     1.461     0.587
  2018 239     0.727     1.562     0.576
  2018 240     0.311     1.841     0.569
  2018 241     0.238     1.901     0.563
  2018 242     9.307     1.014     0.610
  2018 243     5.277     1.338     0.647
  2018 244     3.420     1.514     0.602
  2018 245     9.004     1.307     0.655
  2018 246     1.142     1.632     0.608
  2018 247    12.141     1.149     0.678
  2018 248     1.485     2.235     0.616
  2018 249     0.429     2.006     0.575
  2018 250     0.143     2.028     0.554
  2018 251     0.907     1.706     0.545
  2018 252     2.459     1.091     0.543
  2018 253     1.043     1.252     0.543
  2018 254     1.048     1.142     0.537
  2018 255     2.269     1.345     0.529
  2018 256    10.219     0.549     0.555
  2018 257     1.135     1.211     0.549
  2018 258     0.187     1.032     0.536
  2018 259     0.011     0.931     0.526
  2018 260     0.242     0.934     0.520
  2018 261     1.888     0.980     0.517
  2018 262     1.239     1.108     0.514
  2018 263     0.653     1.096     0.509
  2018 264     0.767     0.930     0.503
  2018 265     0.044     0.806     0.497
  2018 266     0.000     0.967     0.493
  2018 267     0.286     0.417     0.491
  2018 268     0.755     0.572     0.490
  2018 269     0.365     0.562     0.488
  2018 270     1.128     0.743     0.484
  2018 271     0.598     0.777     0.481
  2018 272     2.040     0.655     0.479
  2018 273     0.880     0.735     0.476
  2018 274     0.634     0.585     0.474
  2018 275     0.628     0.568     0.472
  2018 276     0.843     0.558     0.469
  2018 277     0.370     0.559     0.466
  2018 278     0.251     0.320     0.463
  2018 279     1.322     0.286     0.460
  2018 280     0.070     0.258     0.458
  2018 281     0.572     0.354     0.456
  2018 282     0.342     0.293     0.455
  2018 283     0.019     0.253     0.452
  2018 284     0.172     0.123     0.456
  2018 285     2.118     0.101     0.468
  2018 286     1.262     0.360     0.496
  2018 287     0.189     0.204     0.485
  2018 288     3.840     0.217     0.484
  2018 289     0.913     0.440     0.484
  2018 290     0.336     0.175     0.464
  2018 291     0.919     0.169     0.481
  2018 292     2.386     0.585     0.480
  2018 293     2.605     0.226     0.461
  2018 294     2.014     0.204     0.475
  2018 295     0.542     0.288     0.477
  2018 296     1.079     0.160     0.462
  2018 297     0.760     0.274     0.455
  2018 298     0.283     0.302     0.457
  2018 299     0.175     0.154     0.450
  2018 300     0.268     0.120     0.450
  2018 301     0.322     0.143     0.443
  2018 302     0.454     0.072     0.437
  2018 303     0.993     0.085     0.425
  2018 304     0.721     0.086     0.419
  2018 305     0.677     0.114     0.418
  2018 306     0.422     0.081     0.410
  2018 307     1.645     0.066     0.406
  2018 308     2.748     0.114     0.422
  2018 309     1.700     0.164     0.412
  2018 310     0.415     0.191     0.395
  2018 311     0.339     0.113     0.389
  2018 312     0.185     0.054     0.384
  2018 313     0.089     0.019     0.380
  2018 314     0.581     0.049     0.377
  2018 315     0.871     0.159     0.375
  2018 316     0.266     0.074     0.369
  2018 317     0.123     0.022     0.361
  2018 318     3.551     0.089     0.354
  2018 319     0.337     0.055     0.352
  2018 320     0.376     0.039     0.347
  2018 321     0.561     0.102     0.342
  2018 322     0.071     0.018     0.341
  2018 323     0.294     0.012     0.334
  2018 324     0.104    -0.000     0.331
  2018 325     0.950     0.026     0.328
  2018 326     1.291     0.106     0.326
  2018 327     1.439     0.122     0.323
  2018 328     0.630     0.098     0.320
  2018 329     0.208     0.034     0.318
  2018 330     0.102     0.027     0.315
  2018 331     0.045     0.020     0.313
  2018 332     0.401     0.059     0.310
  2018 333     0.828     0.064     0.308
  2018 334     0.514     0.034     0.305
  2018 335     0.279     0.009     0.303
  2018 336     0.716     0.022     0.300
  2018 337     0.832     0.099     0.298
  2018 338     1.405     0.079     0.295
  2018 339     0.081    -0.007     0.293
  2018 340     0.213    -0.004     0.291
  2018 341     0.501     0.028     0.288
  2018 342     0.823     0.046     0.286
  2018 343     0.124     0.002     0.284
  2018 344     0.136    -0.021     0.281
  2018 345     0.141     0.003     0.279
  2018 346     0.635    -0.009     0.277
  2018 347     0.355    -0.051     0.274
  2018 348     0.202    -0.003     0.272
  2018 349     4.897     0.089     0.270
  2018 350     2.011     0.141     0.268
  2018 351     1.415     0.044     0.266
  2018 352     3.476     0.057     0.264
  2018 353     0.213     0.033     0.261
  2018 354     0.251     0.001     0.259
  2018 355     0.354     0.040     0.257
  2018 356     0.228     0.101     0.255
  2018 357     0.357     0.062     0.253
  2018 358     0.214     0.009     0.251
  2018 359     0.078    -0.006     0.249
  2018 360     1.963     0.046     0.247
  2018 361     0.230     0.004     0.245
  2018 362     0.092     0.002     0.243
  2018 363     0.032    -0.001     0.241
  2018 364     0.034    -0.006     0.239
  2018 365     0.001    -0.008     0.237
  2019   1     0.136     0.039     0.235
  2019   2     0.732     0.019     0.233
  2019   3     2.226     0.081     0.231
  2019   4     0.981     0.086     0.229
  2019   5     0.065    -0.014     0.228
  2019   6     0.380     0.033     0.226
  2019   7     6.250     0.112     0.224
  2019   8     2.772     0.149     0.222
  2019   9     0.293     0.010     0.220
  2019  10     0.155     0.009     0.218
  2019  11     0.871     0.080     0.217
  2019  12     4.471     0.246     0.215
  2019  13     0.200     0.112     0.213
  2019  14     1.059     0.012     0.211
  2019  15     0.085     0.006     0.209
  2019  16     0.090     0.020     0.208
  2019  17     0.200     0.034     0.206
  2019  18     0.051    -0.001     0.204
  2019  19     0.016    -0.001     0.202
  2019  20     0.448     0.039     0.201
  2019  21     0.865     0.070     0.199
  2019  22     0.317     0.021     0.197
  2019  23     0.146     0.026     0.196
  2019  24     0.051     0.005     0.194
  2019  25     0.062     0.003     0.192
  2019  26     0.098     0.005     0.191
  2019  27     2.077     0.074     0.189
  2019  28     0.493     0.061     0.188
  2019  29     0.165     0.025     0.186
  2019  30     0.061     0.004     0.184
  2019  31     0.965     0.024     0.183
  2019  32     0.825     0.025     0.181
  2019  33     0.050     0.008     0.180
  2019  34     0.060     0.012     0.178
  2019  35     0.049     0.010     0.177
  2019  36     0.068     0.013     0.175
  2019  37     0.147     0.024     0.174
  2019  38     0.113     0.006     0.172
  2019  39     0.040    -0.003     0.171
  2019  40     0.052     0.012     0.169
  2019  41     0.028     0.039     0.168
  2019  42     0.035     0.010     0.167
  2019  43     0.174     0.021     0.165
  2019  44     0.723     0.037     0.164
  2019  45     0.155     0.013     0.162
  2019  46     0.081     0.017     0.161
  2019  47     0.085     0.022     0.160
  2019  48     0.074     0.028     0.158
  2019  49     0.071     0.009     0.157
  2019  50     0.370     0.027     0.156
  2019  51     0.275     0.035     0.155
  2019  52     0.195     0.009     0.153
  2019  53     0.285     0.057     0.152
  2019  54     0.494     0.074     0.151
  2019  55     0.259     0.057     0.150
  2019  56     0.105     0.032     0.148
  2019  57     0.453     0.063     0.147
  2019  58     0.865     0.065     0.146
  2019  59     0.432     0.076     0.145
  2019  60     0.220     0.054     0.144
  2019  61     0.830     0.077     0.143
  2019  62     1.514     0.197     0.141
  2019  63     0.622     0.188     0.140
  2019  64     0.228     0.157     0.139
  2019  65     0.084     0.112     0.138
  2019  66     0.099     0.113     0.137
  2019  67     0.131     0.078     0.136
  2019  68     0.473     0.115     0.135
  2019  69     0.080     0.026     0.134
  2019  70     0.615     0.101     0.133
  2019  71     0.316     0.130     0.132
  2019  72     0.713     0.133     0.131
  2019  73     0.296     0.152     0.130
  2019  74     0.091     0.091     0.129
  2019  75     0.301     0.070     0.128
  2019  76     0.504     0.176     0.127
  2019  77     0.165     0.092     0.126
  2019  78     0.583     0.225     0.125
  2019  79     0.077    -0.049     0.124
  2019  80     0.285     0.331     0.123
  2019  81     0.062     0.065     0.122
  2019  82     0.118     0.163     0.121
  2019  83     0.014     0.072     0.120
  2019  84     0.655     0.203     0.119
  2019  85     0.276     0.208     0.118
  2019  86     0.554     0.286     0.118
  2019  87     0.091     0.170     0.117
  2019  88     0.420     0.161     0.116
  2019  89     0.405     0.318     0.115
  2019  90     1.565     0.303     0.114
  2019  91     3.534     0.449     0.113
  2019  92     1.251     0.412     0.112
  2019  93     0.377     0.322     0.111
  2019  94     1.202     0.200     0.110
  2019  95     0.500     0.267     0.110
  2019  96     0.201     0.155     0.109
  2019  97     0.126     0.225     0.108
  2019  98     0.088     0.221     0.107
  2019  99     0.069     0.190     0.106
  2019 100     0.029     0.231     0.105
  2019 101     0.032     0.214     0.104
  2019 102     0.057     0.101     0.104
  2019 103     0.061     0.004     0.103
  2019 104     0.105    -0.023     0.102
  2019 105     0.608     0.011     0.101
  2019 106     1.155     0.181     0.101
  2019 107     0.169     0.100     0.100
  2019 108     0.350     0.099     0.099
  2019 109     7.806     0.333     0.098
  2019 110     0.299     0.496     0.097
  2019 111     0.626     0.374     0.096
  2019 112     0.060     0.079     0.096
  2019 113     4.916     0.051     0.095
  2019 114     2.049     0.323     0.095
  2019 115     0.132     0.369     0.094
  2019 116     0.398     0.332     0.093
  2019 117     0.475     0.382     0.092
  2019 118     0.304     0.374     0.091
  2019 119     0.893     0.289     0.091
  2019 120     1.794     0.578     0.090
  2019 121     4.872     0.319     0.098
  2019 122     3.960     0.266     0.131
  2019 123     1.933     0.875     0.123
  2019 124     0.437     0.860     0.112
  2019 125     0.175     0.424     0.099
  2019 126     0.185     0.311     0.095
  2019 127     0.094     0.214     0.104
  2019 128     0.318     0.346     0.113
  2019 129     0.038     0.122     0.113
  2019 130     0.176     0.077     0.158
  2019 131     3.069     0.339     0.319
  2019 132     1.509     0.363     0.421
  2019 133     9.040     0.693     0.547
  2019 134     0.438     0.710     0.311
  2019 135     0.850     0.513     0.315
  2019 136     1.023     0.711     0.238
  2019 137     0.491     0.362     0.226
  2019 138     0.359     0.301     0.314
  2019 139     0.130     0.275     0.460
  2019 140     0.033     0.215     0.702
  2019 141     0.039     0.524     1.368
  2019 142     0.182     0.982     1.435
  2019 143     0.189     0.789     0.849
  2019 144     0.235     0.758     1.122
  2019 145     0.386     0.875     0.828
  2019 146     0.004     1.107     0.938
  2019 147     0.196     1.402     1.862
  2019 148     0.075     1.447     1.161
  2019 149     0.080     1.407     0.937
  2019 150     0.479     1.060     0.631
  2019 151     1.703     1.262     0.482
  2019 152     0.265     0.869     0.580
  2019 153     0.189     1.497     0.892
  2019 154     0.507     1.741     1.749
  2019 155     9.044     1.050     3.380
  2019 156     4.480     1.754     2.247
  2019 157     4.598     2.229     2.059
  2019 158    12.350     1.231     3.677
  2019 159     5.817     2.400     2.650
  2019 160     0.390     2.520     0.867
  2019 161     0.216     2.934     0.674
  2019 162     0.826     3.133     0.597
  2019 163     0.285     3.097     0.584
  2019 164     0.002     3.355     0.557
  2019 165     0.000     3.743     0.601
  2019 166     0.007     2.967     0.616
  2019 167     0.001     3.117     0.592
  2019 168     0.001     3.009     0.540
  2019 169     0.000     3.164     0.492
  2019 170     0.000     2.989     0.440
  2019 171     0.001     2.995     0.385
  2019 172     0.292     3.014     0.332
  2019 173     0.992     2.601     0.286
  2019 174    11.608     1.358     0.274
  2019 175     8.157     1.523     0.293
  2019 176     6.551     1.240     0.342
  2019 177     2.500     1.491     0.337
  2019 178     0.564     2.048     0.311
  2019 179     0.213     3.487     0.271
  2019 180    10.449     2.359     0.368
  2019 181     6.866     2.583     0.405
  2019 182     3.565     2.214     0.380
  2019 183     5.379     2.730     0.369
  2019 184     5.918     2.400     0.376
  2019 185     4.318     2.281     0.474
  2019 186     0.054     3.867     0.339
  2019 187     0.226     3.862     0.294
  2019 188     0.232     3.245     0.274
  2019 189     1.185     2.776     0.268
  2019 190     0.049     3.816     0.261
  2019 191     0.137     3.675     0.257
  2019 192     0.090     3.366     0.256
  2019 193     1.761     4.067     0.257
  2019 194     0.586     3.010     0.263
  2019 195     0.273     3.192     0.268
  2019 196     4.706     2.541     0.289
  2019 197     0.201     3.734     0.289
  2019 198     0.027     3.835     0.289
  2019 199     0.972     3.431     0.293
  2019 200     0.638     3.848     0.299
  2019 201     0.080     3.252     0.305
  2019 202     1.247     3.386     0.309
  2019 203     0.311     3.282     0.315
  2019 204     0.448     3.185     0.320
  2019 205     1.956     2.874     0.327
  2019 206     0.929     3.269     0.334
  2019 207     0.412     2.687     0.339
  2019 208     1.036     2.628     0.344
  2019 209    13.118     1.787     0.439
  2019 210     0.000     3.432     0.391
  2019 211     0.966     3.250     0.374
  2019 212     4.986     2.179     0.380
  2019 213     0.052     2.923     0.380
  2019 214     0.252     3.313     0.381
  2019 215     8.052     2.479     0.463
  2019 216    31.542     2.214     2.162
  2019 217     3.123     3.231     0.556
  2019 218     6.880     2.025     0.510
  2019 219     5.825     1.806     0.518
  2019 220     1.546     2.132     0.483
  2019 221     8.157     2.173     0.609
  2019 222    12.653     2.378     0.772
  2019 223     1.110     2.736     0.558
  2019 224     0.029     3.210     0.509
  2019 225     1.965     2.887     0.494
  2019 226     1.321     2.670     0.497
  2019 227     9.853     1.620     0.602
  2019 228     1.219     2.331     0.565
  2019 229    14.766     1.509     0.943
  2019 230    14.443     1.317     1.020
  2019 231     2.420     1.877     0.743
  2019 232     2.438     1.663     0.652
  2019 233     0.116     2.658     0.628
  2019 234     0.059     3.019     0.614
  2019 235     4.665     2.245     0.658
  2019 236    11.905     0.952     1.278
  2019 237     1.817     1.868     0.872
  2019 238     3.644     1.798     0.744
  2019 239     4.018     2.201     0.829
  2019 240     8.843     1.845     1.026
  2019 241     2.998     2.267     0.949
  2019 242     0.101     2.632     0.783
  2019 243     0.479     1.968     0.786
  2019 244     0.035     2.074     0.792
  2019 245     0.082     1.838     0.801
  2019 246     3.809     1.515     0.825
  2019 247     0.043     1.801     0.831
  2019 248     4.709     1.224     0.851
  2019 249     4.003     1.498     0.920
  2019 250     2.887     1.502     0.904
  2019 251     1.293     1.496     0.920
  2019 252     0.151     1.217     0.888
  2019 253     0.012     1.666     0.881
  2019 254     0.004     1.740     0.879
  2019 255     0.036     1.509     0.879
  2019 256     0.147     1.259     0.879
  2019 257     0.055     1.142     0.879
  2019 258     0.244     1.271     0.878
  2019 259     0.153     1.204     0.877
  2019 260     2.378     1.609     0.876
  2019 261     3.087     1.578     0.912
  2019 262     0.028     1.593     0.885
  2019 263     6.556     0.795     0.889
  2019 264     0.334     1.218     0.884
  2019 265     0.117     1.216     0.871
  2019 266     1.837     1.390     0.861
  2019 267     8.973     2.064     1.027
  2019 268     0.729     1.708     0.892
  2019 269     2.485     0.904     0.867
  2019 270     0.650     1.229     0.852
  2019 271     0.377     1.022     0.842
  2019 272     0.080     0.909     0.833
  2019 273     0.004     0.674     0.825
  2019 274     0.018     0.749     0.817
  2019 275     0.006     0.841     0.811
  2019 276     0.002     0.754     0.805
  2019 277     0.003     0.980     0.800
  2019 278     0.390     0.581     0.795
  2019 279     1.247     0.815     0.791
  2019 280     1.540     0.820     0.786
  2019 281     2.185     0.985     0.787
  2019 282     0.344     1.063     0.777
  2019 283     0.011     0.592     0.769
  2019 284     0.009     0.457     0.759
  2019 285     0.414     0.442     0.750
  2019 286     1.068     0.255     0.744
  2019 287     1.698     0.346     0.740
  2019 288     0.531     0.472     0.732
  2019 289     0.332     0.336     0.723
  2019 290     1.794     0.512     0.718
  2019 291     5.211     0.148     0.733
  2019 292     1.435     0.275     0.727
  2019 293     0.908     0.480     0.720
  2019 294     0.295     0.403     0.710
  2019 295     0.278     0.281     0.697
  2019 296     0.141     0.222     0.689
  2019 297     0.352     0.185     0.712
  2019 298     0.986     0.226     0.739
  2019 299     3.463     0.284     0.735
  2019 300     1.995     0.530     0.728
  2019 301     8.136     0.720     0.757
  2019 302     3.697     0.584     0.768
  2019 303     0.528     0.207     0.750
  2019 304     0.696     0.096     0.737
  2019 305     0.831     0.159     0.731
  2019 306     0.865     0.147     0.726
  2019 307     3.292     0.190     0.710
  2019 308     1.049     0.239     0.702
  2019 309     0.429     0.143     0.703
  2019 310     0.169     0.078     0.699
  2019 311     0.242     0.045     0.654
  2019 312     0.540     0.027     0.611
  2019 313     0.412     0.112     0.597
  2019 314     0.217     0.098     0.585
  2019 315     0.147     0.034     0.569
  2019 316     0.153     0.039     0.561
  2019 317     0.770     0.060     0.555
  2019 318     0.630     0.207     0.550
  2019 319     2.540     0.089     0.544
  2019 320     0.570     0.070     0.539
  2019 321     1.691     0.095     0.533
  2019 322     1.720     0.156     0.528
  2019 323     3.164     0.121     0.523
  2019 324     0.622     0.156     0.518
  2019 325     1.020     0.064     0.512
  2019 326     5.093     0.142     0.507
  2019 327     1.757     0.124     0.502
  2019 328     2.909     0.166     0.497
  2019 329     2.029     0.137     0.491
  2019 330     0.966     0.085     0.486
  2019 331     0.194     0.033     0.481
  2019 332     0.088    -0.027     0.476
  2019 333     0.071    -0.025     0.471
  2019 334     0.029     0.037     0.466
  2019 335     0.116     0.064     0.461
  2019 336     0.740     0.049     0.456
  2019 337     0.312     0.045     0.451
  2019 338     0.935     0.060     0.446
  2019 339     0.099    -0.006     0.441
  2019 340     0.789     0.024     0.437
  2019 341     0.587     0.039     0.432
  2019 342     0.062     0.006     0.427
  2019 343     0.061    -0.002     0.422
  2019 344     0.651     0.054     0.418
  2019 345     0.128     0.024     0.414
  2019 346     0.049     0.002     0.409
  2019 347     0.031    -0.005     0.405
  2019 348     0.059     0.002     0.400
  2019 349     0.021    -0.001     0.396
  2019 350     0.158     0.013     0.392
  2019 351     0.040    -0.003     0.388
  2019 352     2.988     0.060     0.384
  2019 353     0.084     0.012     0.380
  2019 354     0.393     0.082     0.376
  2019 355     0.116     0.012     0.372
  2019 356     0.358     0.012     0.368
  2019 357     0.161     0.002     0.365
  2019 358     0.187     0.000     0.361
  2019 359     0.132    -0.010     0.357
  2019 360     0.631     0.023     0.354
  2019 361     0.683     0.021     0.350
  2019 362     0.122     0.003     0.346
  2019 363     0.733     0.023     0.343
  2019 364     0.260     0.039     0.340
  2019 365     0.431     0.066     0.336
  2020   1     0.290     0.030     0.333
  2020   2     0.858     0.023     0.329
  2020   3     0.729     0.038     0.326
  2020   4     0.577     0.033     0.323
  2020   5     3.623     0.048     0.320
  2020   6     0.668     0.042     0.317
  2020   7     0.128     0.022     0.313
  2020   8     0.013    -0.005     0.310
  2020   9     1.204     0.030     0.307
  2020  10     0.391     0.029     0.304
  2020  11     0.036     0.000     0.301
  2020  12     0.830     0.026     0.298
  2020  13     0.910     0.022     0.295
  2020  14     0.118     0.010     0.293
  2020  15     0.031    -0.007     0.290
  2020  16     0.011    -0.012     0.287
  2020  17     0.127     0.028     0.284
  2020  18     0.026    -0.015     0.281
  2020  19     0.002     0.008     0.279
  2020  20     0.250     0.037     0.276
  2020  21     4.354     0.070     0.273
  2020  22     0.292     0.053     0.270
  2020  23     0.310     0.070     0.268
  2020  24     0.538     0.057     0.265
  2020  25     0.431     0.072     0.262
  2020  26     0.160     0.031     0.260
  2020  27     0.322     0.040     0.257
  2020  28     0.361     0.091     0.255
  2020  29     0.330     0.065     0.252
  2020  30     0.340     0.096     0.249
  2020  31     0.957     0.023     0.247
  2020  32     1.051     0.134     0.244
  2020  33     0.568     0.094     0.242
  2020  34     0.222     0.050     0.239
  2020  35     0.575     0.016     0.237
  2020  36     0.074     0.012     0.235
  2020  37     0.128     0.008     0.232
  2020  38     0.583     0.042     0.230
  2020  39     0.523     0.071     0.228
  2020  40     0.087    -0.001     0.225
  2020  41     0.668     0.064     0.223
  2020  42     0.276     0.045     0.221
  2020  43     0.268     0.058     0.219
  2020  44     0.028     0.022     0.217
  2020  45     3.982     0.106     0.214
  2020  46     0.684     0.087     0.212
  2020  47     0.013     0.013     0.210
  2020  48     0.132     0.058     0.208
  2020  49     0.154     0.081     0.206
  2020  50     0.027     0.044     0.204
  2020  51     0.023     0.001     0.202
  2020  52     0.276     0.087     0.200
  2020  53     2.026     0.124     0.198
  2020  54     1.359     0.130     0.196
  2020  55     0.202     0.069     0.194
  2020  56     0.026     0.021     0.193
  2020  57     0.168     0.044     0.191
  2020  58     0.380     0.101     0.189
  2020  59     0.577     0.087     0.187
  2020  60     0.766     0.120     0.185
  2020  61     0.547     0.161     0.184
  2020  62     0.714     0.090     0.182
  2020  63     0.338     0.099     0.180
  2020  64     0.732     0.101     0.179
  2020  65     0.461     0.128     0.177
  2020  66     4.668     0.188     0.175
  2020  67     0.046     0.050     0.174
  2020  68     0.104     0.054     0.172
  2020  69     0.527     0.093     0.171
  2020  70     0.015     0.091     0.169
  2020  71     1.098     0.187     0.168
  2020  72     1.181     0.161     0.166
  2020  73     0.095     0.143     0.165
  2020  74     0.007     0.048     0.163
  2020  75     0.613     0.266     0.162
  2020  76     0.599     0.277     0.160
  2020  77     0.093     0.159     0.159
  2020  78     0.019     0.060     0.158
  2020  79     0.005     0.071     0.156
  2020  80     0.005     0.111     0.155
  2020  81     0.021     0.167     0.154
  2020  82     1.078     0.281     0.152
  2020  83     0.194     0.230     0.151
  2020  84     0.354     0.128     0.150
  2020  85     0.035     0.099     0.149
  2020  86     0.108     0.171     0.147
  2020  87     3.807     0.196     0.146
  2020  88     4.724     0.211     0.145
  2020  89     0.720     0.192     0.144
  2020  90    11.340     0.273     0.143
  2020  91     4.996     0.470     0.142
  2020  92     6.860     0.434     0.140
  2020  93     4.774     0.555     0.139
  2020  94    15.848     0.414     0.138
  2020  95     8.637     0.375     0.137
  2020  96     1.003     0.438     0.136
  2020  97     0.391     0.385     0.135
  2020  98     5.722     0.411     0.134
  2020  99     0.576     0.481     0.133
  2020 100     0.096     0.324     0.132
  2020 101     0.879     0.308     0.131
  2020 102     0.517     0.324     0.130
  2020 103     0.236     0.335     0.129
  2020 104     0.142     0.296     0.128
  2020 105     0.017     0.208     0.127
  2020 106     0.367     0.363     0.126
  2020 107     0.295     0.365     0.125
  2020 108     1.603     0.379     0.124
  2020 109     0.305     0.310     0.123
  2020 110     0.856     0.223     0.122
  2020 111     0.308     0.297     0.121
  2020 112     0.021     0.291     0.120
  2020 113     0.204     0.378     0.119
  2020 114     0.985     0.262     0.118
  2020 115     0.045     0.216     0.117
  2020 116     0.198    -0.066     0.116
  2020 117     4.329    -0.103     0.116
  2020 118     2.938     0.560     0.115
  2020 119     0.034     0.388     0.114
  2020 120     0.587     0.014     0.113
  2020 121     0.075    -0.033     0.112
  2020 122     0.315     0.377     0.111
  2020 123     0.031     0.419     0.110
  2020 124     0.113     0.219     0.110
  2020 125     0.493     0.104     0.109
  2020 126     0.428     0.560     0.108
  2020 127     0.170     0.464     0.107
  2020 128     0.224     0.402     0.107
  2020 129     0.250     0.415     0.106
  2020 130     0.262     0.536     0.105
  2020 131     0.224     0.508     0.104
  2020 132     0.009     0.339     0.104
  2020 133     0.000     0.145     0.103
  2020 134     1.458     0.222     0.102
  2020 135     4.066     0.548     0.114
  2020 136     1.380     0.701     0.108
  2020 137     0.066     0.181     0.138
  2020 138     2.655    -0.038     0.244
  2020 139     5.952     0.449     0.262
  2020 140     4.322     0.075     0.385
  2020 141     0.171     0.372     0.290
  2020 142     1.213     0.318     0.376
  2020 143    14.291     0.587     0.351
  2020 144     4.771     0.039     1.466
  2020 145     0.623     0.271     2.262
  2020 146     0.873     0.254     1.650
  2020 147     5.252     0.345     3.726
  2020 148     7.446     0.585     1.760
  2020 149     1.334     0.843     0.665
  2020 150     0.511     0.771     0.592
  2020 151     0.069     0.454     1.437
  2020 152     0.018     0.382     2.325
  2020 153    10.785     0.258    10.857
  2020 154     8.651     0.326     3.489
  2020 155     0.580     0.573     4.134
  2020 156     0.282     0.625     3.646
  2020 157     0.046     0.791     2.296
  2020 158     0.021     0.957     4.242
  2020 159     0.321     0.891     6.934
  2020 160     5.755     1.037     5.553
  2020 161    13.852     0.429     4.245
  2020 162     1.193     0.666     2.972
  2020 163     0.110     0.707     3.037
  2020 164     0.000     1.480     5.442
  2020 165     0.823     1.345     7.471
  2020 166     1.685     1.574     9.529
  2020 167     4.444     2.465     9.460
  2020 168     7.081     1.761     6.806
  2020 169     1.161     1.681     5.094
  2020 170     2.703     2.878     4.122
  2020 171     3.753     1.992     3.523
  2020 172     0.123     2.444     2.457
  2020 173     0.024     3.098     1.684
  2020 174     0.030     3.332     1.194
  2020 175     0.000     3.759     0.950
  2020 176     1.555     2.692     1.039
  2020 177     9.740     1.465     2.122
  2020 178     0.757     3.297     1.393
  2020 179     1.561     3.037     1.141
  2020 180     2.831     2.401     1.137
  2020 181     1.049     2.918     1.122
  2020 182     1.163     2.490     0.968
  2020 183     3.252     3.932     0.815
  2020 184    14.748     1.648     1.683
  2020 185     2.059     2.574     0.912
  2020 186     0.195     3.441     0.717
  2020 187     6.306     3.756     0.893
  2020 188    14.264     2.659     2.324
  2020 189     0.631     4.355     0.787
  2020 190     0.123     3.020     0.666
  2020 191     0.821     2.343     0.621
  2020 192     0.282     3.159     0.609
  2020 193     0.489     2.533     0.609
  2020 194     0.003     3.952     0.618
  2020 195     9.441     2.532     0.706
  2020 196    22.226     1.415     2.741
  2020 197     6.204     2.048     1.386
  2020 198     4.943     2.330     1.250
  2020 199     0.139     3.887     0.911
  2020 200     0.003     3.330     0.898
  2020 201     0.076     3.665     0.920
  2020 202     0.234     3.391     0.949
  2020 203     0.251     3.581     0.977
  2020 204     1.281     3.613     1.002
  2020 205     6.763     2.383     1.103
  2020 206    21.836     1.445     2.761
  2020 207     7.146     2.531     1.865
  2020 208     3.641     2.019     1.466
  2020 209     2.821     1.902     1.416
  2020 210     0.161     2.788     1.262
  2020 211     1.584     3.747     1.272
  2020 212     3.713     2.860     1.324
  2020 213     3.183     3.261     1.417
  2020 214     0.002     3.647     1.344
  2020 215     0.000     3.246     1.350
  2020 216     0.002     3.786     1.355
  2020 217     0.202     4.059     1.358
  2020 218     0.231     3.558     1.360
  2020 219     0.440     3.654     1.360
  2020 220     0.101     3.441     1.358
  2020 221     5.032     3.103     1.360
  2020 222     7.444     3.420     1.404
  2020 223     8.886     2.475     1.449
  2020 224     1.387     2.675     1.367
  2020 225     0.243     3.212     1.338
  2020 226    18.064     1.849     1.554
  2020 227     0.344     3.483     1.414
  2020 228     1.976     3.151     1.333
  2020 229     1.261     2.999     1.311
  2020 230     0.015     2.223     1.291
  2020 231     0.087     1.798     1.276
  2020 232     2.471     2.524     1.266
  2020 233     5.504     2.897     1.276
  2020 234     0.105     2.708     1.250
  2020 235     0.047     2.319     1.229
  2020 236     4.573     1.410     1.231
  2020 237     0.191     1.936     1.219
  2020 238     1.209     2.163     1.198
  2020 239     3.097     1.170     1.208
  2020 240     4.032     1.385     1.184
  2020 241     0.851     1.465     1.165
  2020 242     0.353     1.956     1.140
  2020 243    28.096     1.004     2.316
  2020 244     5.362     1.981     1.593
  2020 245     1.219     2.245     1.255
  2020 246     1.276     1.994     1.146
  2020 247     3.175     1.977     1.163
  2020 248     0.474     1.724     1.115
  2020 249     0.113     1.808     1.097
  2020 250     1.243     1.600     1.092
  2020 251     1.839     1.279     1.083
  2020 252     0.212     1.199     1.077
  2020 253     3.345     1.491     1.088
  2020 254     0.248     1.451     1.079
  2020 255    10.415     0.867     1.928
  2020 256     5.394     0.689     1.448
  2020 257     0.681     1.215     1.159
  2020 258     0.777     1.173     1.129
  2020 259     2.702     1.528     1.098
  2020 260     0.705     1.569     1.074
  2020 261     0.156     0.964     1.064
  2020 262     0.009     0.879     1.057
  2020 263     0.002     1.363     1.050
  2020 264     0.068     1.020     1.044
  2020 265     5.528     0.673     1.178
  2020 266     2.115     1.038     1.142
  2020 267     0.167     1.058     1.057
  2020 268     7.702     1.052     1.817
  2020 269    13.541     0.600     3.111
  2020 270     6.037     0.708     2.125
  2020 271     3.451     0.873     1.667
  2020 272     5.289     0.504     1.573
  2020 273     3.324     0.607     1.676
  2020 274     2.086     0.945     1.274
  2020 275     0.228     0.498     1.098
  2020 276     0.592     0.589     1.091
  2020 277     0.420     0.541     1.086
  2020 278     9.677     0.294     1.845
  2020 279     3.961     0.558     1.632
  2020 280     1.008     0.547     1.156
  2020 281     1.804     0.777     1.145
  2020 282     0.164     0.553     1.138
  2020 283     0.147     0.382     1.138
  2020 284     2.994     0.417     1.134
  2020 285     4.975     0.115     1.214
  2020 286     2.696     0.398     1.538
  2020 287     3.334     0.942     1.224
  2020 288     1.964     0.984     1.179
  2020 289     3.307     0.800     1.177
  2020 290     2.331     0.422     1.174
  2020 291     1.527     0.215     1.173
  2020 292     1.597     0.255     1.171
  2020 293     1.015     0.272     1.168
  2020 294     0.283     0.151     1.166
  2020 295     0.294     0.155     1.163
  2020 296     1.005     0.322     1.165
  2020 297     1.047     0.311     1.167
  2020 298     0.820     0.226     1.173
  2020 299     0.579     0.153     1.181
  2020 300     0.784     0.119     1.199
  2020 301     0.524     0.182     1.191
  2020 302     0.164     0.106     1.173
  2020 303     0.680     0.051     1.172
  2020 304     0.166     0.088     1.193
  2020 305     0.306     0.056     1.242
  2020 306     3.490     0.095     1.265
  2020 307     4.299     0.159     1.258
  2020 308     2.228     0.176     1.222
  2020 309     6.080     0.194     1.201
  2020 310     0.069     0.074     1.146
  2020 311     1.403     0.095     1.120
  2020 312     0.423     0.077     1.103
  2020 313     0.549     0.059     1.069
  2020 314     1.345     0.044     1.044
  2020 315     1.499     0.133     1.026
  2020 316     0.713     0.072     1.007
  2020 317     0.031    -0.012     0.982
  2020 318     0.126     0.051     0.954
  2020 319     1.974     0.120     0.936
  2020 320     0.476     0.065     0.918
  2020 321     0.125     0.014     0.894
  2020 322     0.108     0.008     0.877
  2020 323     4.601     0.082     0.864
  2020 324     1.734     0.111     0.851
  2020 325     0.048    -0.012     0.838
  2020 326     0.307     0.044     0.825
  2020 327     0.223     0.053     0.812
  2020 328     0.205     0.007     0.800
  2020 329     0.697     0.033     0.787
  2020 330     3.368     0.076     0.775
  2020 331     0.498     0.118     0.763
  2020 332     1.556     0.041     0.751
  2020 333     0.751     0.046     0.739
  2020 334     0.123     0.004     0.728
  2020 335     0.035    -0.030     0.716
  2020 336     0.100     0.017     0.705
  2020 337     0.077    -0.045     0.694
  2020 338     0.219     0.016     0.684
  2020 339     0.195     0.006     0.673
  2020 340     0.356     0.039     0.663
  2020 341     0.271     0.044     0.653
  2020 342     1.604    -0.065     0.643
  2020 343     0.399     0.094     0.633
  2020 344     0.392     0.156     0.624
  2020 345     0.056    -0.014     0.614
  2020 346     0.377     0.026     0.605
  2020 347     2.485     0.045     0.596
  2020 348     0.298     0.045     0.587
  2020 349     0.062    -0.001     0.579
  2020 350     0.151    -0.003     0.570
  2020 351     0.856     0.022     0.562
  2020 352     4.146     0.037     0.554
  2020 353     4.020     0.058     0.546
  2020 354     2.889     0.032     0.538
  2020 355     0.210     0.008     0.531
  2020 356     0.528     0.019     0.524
  2020 357     0.058    -0.001     0.516
  2020 358     0.130     0.022     0.509
  2020 359     4.220     0.075     0.502
  2020 360     0.490     0.112     0.496
  2020 361     0.081     0.009     0.489
  2020 362     0.111     0.011     0.483
  2020 363     0.263     0.008     0.476
  2020 364     0.083     0.012     0.470
  2020 365     0.048     0.004     0.464
  2020 366     0.099     0.012     0.458
  2021   1     0.480     0.014     0.452
  2021   2     2.692     0.033     0.447
  2021   3     2.760     0.074     0.441
  2021   4     0.897     0.043     0.435
  2021   5     0.430     0.023     0.430
  2021   6     1.737     0.085     0.425
  2021   7     0.364    -0.064     0.419
  2021   8     0.052    -0.067     0.414
  2021   9     0.096    -0.043     0.409
  2021  10     0.194     0.060     0.404
  2021  11     0.151     0.012     0.399
  2021  12     0.421     0.024     0.395
  2021  13     0.256    -0.001     0.390
  2021  14     1.851     0.124     0.385
  2021  15     0.463     0.019     0.381
  2021  16     1.770     0.064     0.376
  2021  17     0.048     0.001     0.372
  2021  18     0.159     0.008     0.367
  2021  19     1.073     0.023     0.363
  2021  20     1.797     0.082     0.359
  2021  21     0.215     0.008     0.355
  2021  22     0.270     0.034     0.351
  2021  23     0.271     0.013     0.347
  2021  24     0.827     0.034     0.343
  2021  25     0.685     0.051     0.339
  2021  26     0.529     0.048     0.335
  2021  27     0.096     0.016     0.331
  2021  28     0.139     0.018     0.328
  2021  29     4.801     0.078     0.324
  2021  30     0.504     0.048     0.320
  2021  31     0.129     0.038     0.317
  2021  32     0.345     0.038     0.313
  2021  33     2.986     0.104     0.310
  2021  34     1.297     0.121     0.306
  2021  35     0.456     0.061     0.303
  2021  36     0.354     0.069     0.300
  2021  37     0.169     0.033     0.296
  2021  38     1.398     0.066     0.293
  2021  39     2.535     0.095     0.290
  2021  40     0.318     0.034     0.287
  2021  41     0.456     0.028     0.283
  2021  42     0.219     0.027     0.280
  2021  43     0.017     0.005     0.277
  2021  44     0.053     0.029     0.274
  2021  45     0.004     0.051     0.271
  2021  46     0.001     0.036     0.268
  2021  47     0.001     0.030     0.265
  2021  48     0.072     0.025     0.263
  2021  49     0.030     0.005     0.260
  2021  50     0.000     0.056     0.257
  2021  51     0.291     0.057     0.254
  2021  52     0.647     0.059     0.251
  2021  53     0.734     0.119     0.249
  2021  54     0.011     0.010     0.246
  2021  55     0.026     0.025     0.244
  2021  56     1.007     0.062     0.241
  2021  57     0.036     0.015     0.238
  2021  58     0.106     0.038     0.236
  2021  59     0.122     0.027     0.233
  2021  60     0.600     0.041     0.231
  2021  61     0.122     0.037     0.229
  2021  62     0.453     0.130     0.226
  2021  63     0.141     0.108     0.224
  2021  64     0.118     0.097     0.222
  2021  65     0.226     0.247     0.219
  2021  66     0.454     0.141     0.217
  2021  67     0.921     0.168     0.215
  2021  68     0.513     0.063     0.213
  2021  69     1.992     0.110     0.210
  2021  70     0.046     0.046     0.208
  2021  71     0.220     0.107     0.206
  2021  72     0.134     0.084     0.204
  2021  73     2.342     0.199     0.202
  2021  74     0.584     0.240     0.200
  2021  75     0.074     0.091     0.198
  2021  76     0.076     0.038     0.196
  2021  77     0.011     0.032     0.194
  2021  78     0.018    -0.033     0.192
  2021  79     0.078    -0.066     0.191
  2021  80     3.524     0.220     0.189
  2021  81     0.240     0.275     0.187
  2021  82     0.078     0.125     0.185
  2021  83     0.225     0.124     0.183
  2021  84     1.626     0.205     0.182
  2021  85     3.900     0.228     0.180
  2021  86     0.089     0.285     0.178
  2021  87     1.044     0.182     0.177
  2021  88     0.492     0.239     0.175
  2021  89     0.081     0.159     0.174
  2021  90     0.019     0.167     0.172
  2021  91     0.512     0.255     0.170
  2021  92     1.117     0.192     0.169
  2021  93     0.102     0.246     0.167
  2021  94     0.037     0.107     0.166
  2021  95     3.590     0.316     0.164
  2021  96     0.350     0.340     0.163
  2021  97     0.135     0.256     0.161
  2021  98     1.579     0.157     0.160
  2021  99     0.916     0.271     0.159
  2021 100     0.090     0.283     0.157
  2021 101     0.043     0.229     0.156
  2021 102     0.006     0.220     0.155
  2021 103     0.016     0.195     0.153
  2021 104     0.005     0.253     0.152
  2021 105     0.071     0.089     0.151
  2021 106     0.266     0.160     0.149
  2021 107     0.648     0.385     0.148
  2021 108     0.129     0.359     0.147
  2021 109     0.330     0.367     0.146
  2021 110     0.834     0.397     0.145
  2021 111     0.055     0.009     0.143
  2021 112     3.759     0.450     0.142
  2021 113     0.316     0.433     0.141
  2021 114     0.431     0.355     0.140
  2021 115     1.477     0.354     0.139
  2021 116     8.872     0.341     0.138
  2021 117     1.301     0.755     0.136
  2021 118     0.578     0.664     0.135
  2021 119     0.361     0.547     0.134
  2021 120     2.061     0.348     0.133
  2021 121     1.393     0.480     0.132
  2021 122     0.420     0.536     0.131
  2021 123     0.308     0.472     0.130
  2021 124     0.473     0.287     0.129
  2021 125     1.242     0.382     0.128
  2021 126     0.549     0.396     0.127
  2021 127     0.195     0.286     0.126
  2021 128     0.144     0.219     0.125
  2021 129     0.025     0.063     0.124
  2021 130     0.000    -0.113     0.123
  2021 131     0.148    -0.017     0.122
  2021 132     0.384     0.352     0.121
  2021 133     0.073     0.082     0.120
  2021 134     0.919     0.558     0.120
  2021 135     8.198     0.595     0.119
  2021 136     7.477     0.787     0.119
  2021 137     3.554     0.517     0.118
  2021 138    14.070     0.660     0.135
  2021 139    19.274     0.831     0.119
  2021 140     0.089     0.855     0.118
  2021 141     0.014     0.256     0.119
  2021 142     0.058     0.046     0.131
  2021 143     0.000    -0.302     0.224
  2021 144     2.497     0.021     0.860
  2021 145     2.986     0.921     0.128
  2021 146     0.158     0.635     0.190
  2021 147     0.003     0.050     0.764
  2021 148     0.026    -0.199     2.348
  2021 149     7.307     0.066     7.292
  2021 150     0.855     0.171     5.477
  2021 151     0.668     0.326     5.557
  2021 152     0.754     0.086     9.982
  2021 153     2.421     0.675    12.663
  2021 154     2.276     0.980     6.190
  2021 155     9.470     0.796    10.499
  2021 156     6.873     0.560     9.791
  2021 157     3.540     0.783    10.083
  2021 158     2.807     1.179     6.293
  2021 159     0.814     0.890     5.056
  2021 160     0.192     1.595     4.237
  2021 161     0.012     2.228     3.983
  2021 162     1.916     2.708     3.789
  2021 163    15.235     1.300     5.806
  2021 164     4.836     1.052     4.413
  2021 165     0.056     2.954     2.482
  2021 166     1.302     3.162     1.728
  2021 167    15.118     2.692     3.742
  2021 168    11.977     2.781     6.258
  2021 169     0.160     4.123     2.251
  2021 170     1.598     2.982     1.712
  2021 171     1.125     3.265     1.394
  2021 172     0.214     2.779     1.164
  2021 173     3.087     3.002     1.051
  2021 174     1.451     3.808     1.075
  2021 175     0.732     3.359     1.000
  2021 176     1.214     3.703     0.966
  2021 177     0.996     2.921     0.923
  2021 178     0.046     3.687     0.921
  2021 179     0.097     2.111     0.921
  2021 180     0.029     3.473     0.886
  2021 181     0.009     4.094     0.851
  2021 182     0.096     4.324     0.821
  2021 183     0.189     3.862     0.800
  2021 184     2.261     3.094     0.778
  2021 185    14.080     1.915     1.179
  2021 186     0.282     2.895     0.900
  2021 187     0.000     3.644     0.801
  2021 188     0.182     2.795     0.779
  2021 189     1.392     2.716     0.777
  2021 190     2.988     3.452     0.783
  2021 191     0.068     3.531     0.776
  2021 192     1.129     3.978     0.775
  2021 193     0.290     3.494     0.780
  2021 194     0.191     3.239     0.784
  2021 195     0.047     3.846     0.787
  2021 196     0.971     4.180     0.790
  2021 197     0.416     4.430     0.795
  2021 198     0.148     3.214     0.801
  2021 199     0.319     2.616     0.804
  2021 200     0.005     3.250     0.803
  2021 201     0.141     3.148     0.804
  2021 202     0.081     2.938     0.806
  2021 203     8.637     3.261     0.895
  2021 204    17.094     3.742     1.209
  2021 205     0.946     3.306     0.877
  2021 206     0.005     3.821     0.841
  2021 207     0.003     3.514     0.830
  2021 208     3.896     3.405     0.829
  2021 209     1.251     3.434     0.829
  2021 210     0.523     3.343     0.822
  2021 211     0.652     3.619     0.817
  2021 212     0.004     3.038     0.810
  2021 213     0.543     3.349     0.801
  2021 214     0.025     3.005     0.795
  2021 215     1.281     3.772     0.791
  2021 216     1.583     3.484     0.788
  2021 217     0.144     2.258     0.785
  2021 218     0.023     2.181     0.781
  2021 219     8.780     2.219     0.787
  2021 220     1.856     2.814     0.776
  2021 221     0.015     2.749     0.768
  2021 222     2.774     2.455     0.763
  2021 223    16.810     1.805     0.811
  2021 224     2.775     2.432     0.808
  2021 225     0.532     2.888     0.772
  2021 226     7.479     2.069     0.840
  2021 227     3.284     2.872     0.796
  2021 228    13.852     1.845     0.915
  2021 229     2.887     2.545     0.848
  2021 230     0.927     2.096     0.765
  2021 231     0.024     1.989     0.739
  2021 232     0.392     1.644     0.725
  2021 233     2.766     1.478     0.721
  2021 234     0.433     2.298     0.715
  2021 235     0.015     2.358     0.705
  2021 236     0.020     2.300     0.697
  2021 237     0.002     2.364     0.691
  2021 238     0.000     2.927     0.684
  2021 239     0.002     2.629     0.678
  2021 240     0.000     1.828     0.673
  2021 241     0.006     1.991     0.668
  2021 242     0.223     1.963     0.663
  2021 243     0.047     2.135     0.657
  2021 244     2.121     2.077     0.652
  2021 245    10.504     1.894     0.671
  2021 246     9.270     1.731     0.870
  2021 247     2.670     1.702     0.678
  2021 248     0.256     1.432     0.658
  2021 249     2.919     1.441     0.648
  2021 250     3.723     1.532     0.650
  2021 251     1.089     1.568     0.643
  2021 252     6.709     1.170     0.648
  2021 253     9.965     2.122     0.718
  2021 254     1.718     2.102     0.667
  2021 255     1.402     1.430     0.650
  2021 256     9.401     0.985     0.685
  2021 257     2.152     1.700     0.685
  2021 258     9.017     1.327     0.754
  2021 259    10.206     1.523     0.970
  2021 260     1.020     1.679     0.708
  2021 261     3.574     1.013     0.685
  2021 262    15.957     0.856     1.016
  2021 263     0.849     1.176     0.783
  2021 264     0.306     1.269     0.720
  2021 265     4.944     0.767     0.781
  2021 266    20.090     0.521     1.593
  2021 267     4.023     0.995     1.269
  2021 268     0.553     0.888     0.871
  2021 269     0.023     1.224     0.814
  2021 270     0.374     0.689     0.814
  2021 271     0.010     1.347     0.827
  2021 272     0.351     1.313     0.846
  2021 273     0.068     1.019     0.867
  2021 274     0.016     1.245     0.887
  2021 275     0.012     0.741     0.906
  2021 276     0.101     0.852     0.922
  2021 277     0.195     1.989     0.933
  2021 278     0.003     1.078     0.940
  2021 279     0.011     1.166     0.945
  2021 280     2.169     0.616     0.955
  2021 281     0.001     1.122     0.952
  2021 282     0.000     1.190     0.948
  2021 283     0.132     0.502     0.946
  2021 284     5.591     0.404     0.970
  2021 285     2.433     0.733     0.979
  2021 286     0.122     0.612     0.958
  2021 287    10.515     0.301     0.968
  2021 288     6.526     0.247     1.116
  2021 289     0.481     0.617     1.000
  2021 290     0.109     0.369     0.969
  2021 291     1.430     0.427     0.982
  2021 292     0.276     0.627     0.953
  2021 293     0.094     0.338     0.941
  2021 294     0.351     0.269     0.933
  2021 295     0.313     0.258     0.941
  2021 296     0.048     0.199     0.938
  2021 297     0.127     0.183     0.968
  2021 298     0.175     0.250     0.994
  2021 299     2.212     0.207     1.034
  2021 300     4.232     0.134     1.033
  2021 301     0.960     0.166     0.952
  2021 302     0.558     0.374     0.939
  2021 303     1.470     0.460     0.906
  2021 304     0.608     0.397     0.890
  2021 305     0.539     0.205     0.875
  2021 306     0.067     0.182     0.873
  2021 307     0.114     0.133     0.939
  2021 308     0.087     0.112     0.984
  2021 309     0.103     0.099     0.985
  2021 310     5.397     0.140     1.024
  2021 311     2.373     0.097     1.017
  2021 312     0.705     0.134     0.988
  2021 313     1.566     0.227     0.985
  2021 314     0.515     0.167     0.959
  2021 315     0.260     0.068     0.937
  2021 316     0.228     0.046     0.935
  2021 317     0.362     0.067     0.864
  2021 318     0.584     0.077     0.819
  2021 319     0.624     0.076     0.808
  2021 320     1.450     0.141     0.794
  2021 321     3.352     0.238     0.780
  2021 322     1.073     0.061     0.755
  2021 323     2.245     0.087     0.741
  2021 324     4.320     0.260     0.733
  2021 325     0.954     0.161     0.716
  2021 326     0.306    -0.001     0.700
  2021 327     2.809     0.081     0.692
  2021 328     0.151     0.128     0.684
  2021 329     0.100     0.027     0.676
  2021 330     3.800     0.140     0.668
  2021 331     2.841     0.177     0.660
  2021 332     0.795     0.038     0.651
  2021 333     2.818     0.246     0.643
  2021 334     0.112     0.066     0.635
  2021 335     0.066    -0.002     0.627
  2021 336     0.015    -0.012     0.618
  2021 337     0.270     0.007     0.610
  2021 338     0.509     0.033     0.601
  2021 339     0.076     0.018     0.593
  2021 340     0.086     0.012     0.585
  2021 341     0.048    -0.001     0.577
  2021 342     0.604     0.034     0.569
  2021 343     2.756     0.061     0.561
  2021 344     0.783     0.086     0.553
  2021 345     0.368     0.024     0.546
  2021 346     0.557     0.009     0.538
  2021 347     0.197     0.010     0.531
  2021 348     3.680     0.048     0.524
  2021 349    10.564     0.136     0.517
  2021 350     0.543     0.181     0.510
  2021 351     0.106     0.011     0.503
  2021 352     0.066     0.000     0.497
  2021 353     1.359     0.044     0.490
  2021 354     0.350     0.038     0.484
  2021 355     0.053     0.002     0.477
  2021 356     0.034    -0.004     0.471
  2021 357     0.258     0.007     0.465
  2021 358    10.557     0.099     0.459
  2021 359     2.933     0.031     0.453
  2021 360     0.022    -0.012     0.448
  2021 361     1.274     0.045     0.442
  2021 362     0.530     0.038     0.437
  2021 363     0.919     0.051     0.431
  2021 364     0.692     0.041     0.426
  2021 365     0.678     0.083     0.421
  2022   1     0.114     0.038     0.416
  2022   2     0.038    -0.004     0.411
  2022   3     0.092     0.006     0.406
  2022   4     0.130     0.022     0.401
  2022   5     0.082     0.001     0.396
  2022   6     0.163     0.029     0.392
  2022   7     0.112     0.017     0.387
  2022   8     0.239     0.019     0.383
  2022   9     0.089     0.048     0.378
  2022  10     1.060     0.017     0.374
  2022  11     0.261     0.008     0.369
  2022  12     0.016    -0.012     0.365
  2022  13     0.007    -0.001     0.361
  2022  14     0.263     0.038     0.357
  2022  15     0.481     0.066     0.352
  2022  16     0.098     0.015     0.348
  2022  17     0.057     0.005     0.344
  2022  18     0.108     0.017     0.340
  2022  19     0.057     0.001     0.336
  2022  20     1.126     0.032     0.332
  2022  21     2.467     0.135     0.328
  2022  22     0.098     0.036     0.324
  2022  23     0.066     0.013     0.320
  2022  24     0.078     0.023     0.316
  2022  25     2.545     0.066     0.312
  2022  26     0.790     0.114     0.309
  2022  27     0.082     0.014     0.305
  2022  28     0.164     0.015     0.301
  2022  29     0.285     0.003     0.297
  2022  30     0.147     0.009     0.294
  2022  31     1.604     0.060     0.290
  2022  32     0.160     0.040     0.287
  2022  33     0.272     0.057     0.283
  2022  34     0.092     0.009     0.280
  2022  35     0.091     0.007     0.277
  2022  36     0.079     0.002     0.273
  2022  37     0.137     0.005     0.270
  2022  38     0.799     0.075     0.267
  2022  39     1.387     0.130     0.264
  2022  40     0.111     0.024     0.261
  2022  41     0.408     0.027     0.258
  2022  42     0.028     0.001     0.254
  2022  43     0.035     0.007     0.252
  2022  44     0.018     0.004     0.249
  2022  45     0.018     0.004     0.246
  2022  46     2.061     0.070     0.243
  2022  47     0.305     0.050     0.240
  2022  48     0.024     0.012     0.237
  2022  49     0.114     0.057     0.235
  2022  50     0.091     0.014     0.232
  2022  51     0.043     0.022     0.229
  2022  52     0.015     0.006     0.227
  2022  53     0.069     0.035     0.224
  2022  54     0.041     0.024     0.222
  2022  55     0.069     0.013     0.220
  2022  56     0.413     0.084     0.217
  2022  57     0.196     0.113     0.215
  2022  58     0.018     0.007     0.213
  2022  59     0.055     0.040     0.210
  2022  60     0.056     0.043     0.208
  2022  61     0.062     0.067     0.206
  2022  62     0.069     0.059     0.204
  2022  63     0.004     0.019     0.202
  2022  64     0.028     0.049     0.200
  2022  65     0.236     0.123     0.198
  2022  66     0.476     0.089     0.196
  2022  67     0.567     0.199     0.194
  2022  68     0.366     0.136     0.192
  2022  69     0.287     0.107     0.190
  2022  70     0.229     0.138     0.188
  2022  71     0.017     0.052     0.186
  2022  72     0.260     0.146     0.185
  2022  73     0.074     0.142     0.183
  2022  74     0.065     0.066     0.181
  2022  75     0.141     0.103     0.179
  2022  76     0.231     0.146     0.178
  2022  77     2.050     0.157     0.176
  2022  78     0.157     0.124     0.174
  2022  79     0.265     0.111     0.173
  2022  80     0.646     0.176     0.171
  2022  81     1.579     0.260     0.170
  2022  82     2.938     0.230     0.168
  2022  83     8.813     0.369     0.167
  2022  84     0.803     0.323     0.165
  2022  85     0.055     0.156     0.164
  2022  86     0.092     0.165     0.162
  2022  87     0.048     0.233     0.161
  2022  88     0.039     0.211     0.160
  2022  89     0.560     0.303     0.158
  2022  90     0.546     0.191     0.157
  2022  91     1.204     0.210     0.156
  2022  92     0.205     0.220     0.154
  2022  93     0.770     0.347     0.153
  2022  94     0.237     0.181     0.152
  2022  95     0.099     0.109     0.151
  2022  96     0.124     0.140     0.149
  2022  97     0.015     0.112     0.148
  2022  98     0.054     0.083     0.147
  2022  99     2.270     0.463     0.146
  2022 100     7.946     0.232     0.144
  2022 101     3.481     0.367     0.143
  2022 102     4.167     0.450     0.142
  2022 103     0.703     0.386     0.141
  2022 104     0.049     0.280     0.140
  2022 105     0.023     0.291     0.139
  2022 106     0.071     0.281     0.138
  2022 107     0.151     0.258     0.137
  2022 108     0.452     0.216     0.136
  2022 109     0.057     0.297     0.135
  2022 110     0.033     0.238     0.134
  2022 111     0.036     0.117     0.133
  2022 112     0.002     0.041     0.132
  2022 113     0.175     0.230     0.131
  2022 114     0.055     0.246     0.130
  2022 115     0.009     0.206     0.129
  2022 116     0.000     0.243     0.128
  2022 117     0.002     0.115     0.127
  2022 118     0.015     0.048     0.126
  2022 119     0.751     0.147     0.125
  2022 120     1.383     0.433     0.124
  2022 121     0.454     0.457     0.123
  2022 122     0.128     0.462     0.122
  2022 123     0.129     0.428     0.121
  2022 124     0.069     0.363     0.120
  2022 125     0.895     0.336     0.119
  2022 126     0.375    -0.199     0.119
  2022 127     0.591    -0.340     0.118
  2022 128     4.336    -0.347     0.128
  2022 129     0.163    -0.043     0.328
  2022 130     0.386     0.094     0.887
  2022 131     1.858     0.382     2.350
  2022 132     0.031     0.744     2.501
  2022 133     1.210     0.734     2.407
  2022 134    12.733     0.561     2.211
  2022 135     3.438     0.562     1.997
  2022 136     0.063     0.387     1.447
  2022 137     0.206     0.551     1.424
  2022 138     0.157     0.670     1.528
  2022 139     1.120     0.785     1.634
  2022 140     0.856     0.817     1.578
  2022 141     0.222     0.780     1.637
  2022 142     0.930     0.819     2.563
  2022 143     1.947     1.166     3.054
  2022 144     0.163     1.394     1.172
  2022 145     2.621     1.065     1.900
  2022 146     4.320     0.792     2.519
  2022 147     0.032     1.197     1.413
  2022 148     0.025     1.835     2.528
  2022 149     1.227     1.719     4.920
  2022 150     5.687     1.054     3.727
  2022 151     8.571     0.940     2.716
  2022 152    23.914     0.450     2.796
  2022 153     6.510     0.512     3.008
  2022 154     4.353     0.500     4.337
  2022 155     1.272     0.791     3.643
  2022 156     0.018     2.393     3.464
  2022 157     0.000     3.016     2.587
  2022 158     0.009     3.057     2.268
  2022 159     0.039     3.275     1.701
  2022 160     0.001     3.447     1.104
  2022 161     0.000     3.862     0.847
  2022 162     0.001     3.875     0.746
  2022 163     0.125     3.650     0.847
  2022 164     0.063     3.725     0.990
  2022 165     0.256     3.847     1.027
  2022 166    27.274     1.815     2.322
  2022 167     2.561     2.707     1.825
  2022 168     0.000     3.740     1.245
  2022 169     1.831     2.239     0.956
  2022 170     1.002     2.273     0.791
  2022 171     0.150     2.890     0.674
  2022 172     0.014     3.915     0.580
  2022 173     0.293     2.983     0.503
  2022 174     0.011     2.590     0.442
  2022 175     0.180     3.019     0.400
  2022 176     0.003     3.357     0.369
  2022 177     2.247     2.889     0.347
  2022 178     5.985     2.926     0.421
  2022 179     0.481     3.190     0.353
  2022 180     4.233     3.236     0.370
  2022 181     5.021     2.868     0.375
  2022 182     1.733     3.463     0.381
  2022 183     4.735     1.796     0.386
  2022 184     2.685     2.867     0.423
  2022 185     0.048     3.478     0.396
  2022 186     0.042     3.723     0.384
  2022 187     0.282     3.040     0.384
  2022 188     0.058     3.537     0.389
  2022 189     0.064     3.729     0.396
  2022 190    10.530     3.114     0.702
  2022 191     6.375     3.255     0.612
  2022 192     0.223     2.925     0.496
  2022 193     0.003     3.987     0.473
  2022 194     0.014     4.515     0.468
  2022 195     2.193     3.950     0.471
  2022 196     0.006     4.294     0.476
  2022 197     2.662     2.570     0.482
  2022 198     3.239     2.906     0.503
  2022 199     0.302     3.523     0.503
  2022 200     1.045     3.905     0.508
  2022 201     6.658     2.159     0.528
  2022 202     5.294     1.890     0.557
  2022 203     3.713     1.577     0.555
  2022 204     0.408     2.397     0.560
  2022 205     0.022     2.713     0.555
  2022 206     1.733     2.147     0.558
  2022 207     1.742     2.442     0.563
  2022 208     0.829     3.339     0.565
  2022 209     0.010     3.254     0.566
  2022 210     3.583     3.786     0.578
  2022 211     0.007     3.298     0.573
  2022 212     1.000     2.732     0.571
  2022 213     0.024     3.046     0.572
  2022 214     0.168     3.014     0.571
  2022 215     0.645     2.870     0.571
  2022 216     0.015     2.520     0.571
  2022 217     8.288     1.632     0.665
  2022 218     1.132     2.612     0.603
  2022 219     4.789     2.509     0.584
  2022 220     3.189     2.537     0.606
  2022 221     5.068     2.207     0.616
  2022 222     0.010     3.112     0.589
  2022 223     2.055     3.535     0.576
  2022 224     3.318     3.513     0.589
  2022 225     0.000     3.032     0.574
  2022 226     0.003     2.693     0.565
  2022 227     0.019     2.839     0.560
  2022 228     0.246     2.768     0.557
  2022 229     0.585     2.555     0.554
  2022 230     0.030     2.541     0.550
  2022 231     0.076     2.187     0.547
  2022 232     0.494     2.327     0.544
  2022 233     0.164     2.160     0.541
  2022 234     1.591     1.987     0.537
  2022 235     0.262     2.116     0.534
  2022 236     1.032     1.323     0.531
  2022 237     0.568     1.478     0.527
  2022 238     0.210     1.081     0.524
  2022 239     0.384     1.767     0.520
  2022 240    11.827     1.596     0.614
  2022 241    19.486     1.775     0.918
  2022 242     0.462     1.969     0.553
  2022 243     1.208     1.298     0.530
  2022 244    21.856     1.263     0.786
  2022 245     3.760     1.881     0.762
  2022 246     0.657     2.179     0.576
  2022 247     0.002     2.251     0.538
  2022 248     1.184     2.369     0.522
  2022 249    20.408     2.191     0.893
  2022 250     0.492     2.954     0.593
  2022 251     4.565     2.510     0.617
  2022 252     3.820     2.019     0.560
  2022 253     0.185     1.700     0.537
  2022 254     0.142     2.273     0.522
  2022 255     0.528     1.593     0.516
  2022 256     0.111     1.418     0.513
  2022 257     5.207     1.150     0.520
  2022 258     0.237     1.494     0.525
  2022 259     0.034     1.316     0.517
  2022 260     0.003     1.478     0.512
  2022 261     3.914     0.692     0.517
  2022 262     6.300     1.096     0.582
  2022 263     0.270     1.077     0.554
  2022 264     0.198     1.316     0.537
  2022 265     0.000     1.604     0.525
  2022 266     0.004     1.566     0.520
  2022 267     0.221     1.528     0.516
  2022 268     0.331     1.452     0.515
  2022 269     0.083     0.903     0.513
  2022 270     1.015     1.035     0.511
  2022 271     0.119     1.320     0.510
  2022 272     0.051     1.287     0.508
  2022 273     0.008     0.828     0.506
  2022 274     0.000     0.836     0.504
  2022 275     0.001     1.431     0.501
  2022 276     0.010     1.556     0.498
  2022 277     3.396     0.711     0.498
  2022 278     1.363     0.894     0.494
  2022 279     0.224     0.940     0.491
  2022 280     0.786     0.754     0.490
  2022 281     0.056     0.542     0.487
  2022 282     0.003     0.400     0.484
  2022 283     0.008     0.721     0.482
  2022 284     7.231     0.629     0.496
  2022 285    19.860     0.603     0.554
  2022 286     6.140     0.832     0.547
  2022 287    11.723     0.111     0.572
  2022 288     6.309     0.914     0.575
  2022 289     0.083     0.330     0.523
  2022 290     0.022     0.244     0.505
  2022 291     0.013     0.328     0.501
  2022 292     0.612     0.063     0.499
  2022 293     3.770     0.101     0.524
  2022 294     2.739     0.539     0.522
  2022 295     0.597     0.309     0.509
  2022 296     0.118     0.159     0.496
  2022 297     7.143     0.298     0.495
  2022 298     4.378     0.377     0.500
  2022 299     0.054     0.104     0.500
  2022 300     1.011     0.185     0.517
  2022 301     0.296     0.200     0.529
  2022 302     1.207     0.079     0.513
  2022 303     3.607     0.243     0.531
  2022 304     2.175     0.285     0.531
  2022 305     0.081     0.036     0.544
  2022 306     1.343     0.131     0.602
  2022 307     3.609     0.178     0.618
  2022 308     1.314     0.125     0.630
  2022 309     0.700     0.079     0.638
  2022 310     1.445     0.243     0.621
  2022 311     0.084     0.078     0.605
  2022 312     1.357     0.049     0.578
  2022 313     1.146     0.084     0.558
  2022 314     0.051     0.010     0.542
  2022 315     0.035     0.004     0.538
  2022 316     0.027    -0.022     0.511
  2022 317     0.085    -0.014     0.517
  2022 318     0.140    -0.002     0.522
  2022 319     0.789     0.044     0.526
  2022 320     2.447     0.152     0.529
  2022 321     1.428     0.080     0.525
  2022 322     1.178     0.211     0.519
  2022 323     0.425     0.047     0.512
  2022 324     1.292     0.141     0.510
  2022 325     0.527     0.033     0.506
  2022 326     1.101     0.101     0.500
  2022 327     1.524     0.096     0.497
  2022 328     0.832     0.105     0.493
  2022 329     3.741     0.060     0.489
  2022 330     0.685     0.097     0.483
  2022 331     0.341     0.063     0.479
  2022 332     0.527     0.103     0.477
  2022 333     0.305     0.085     0.473
  2022 334     0.051     0.012     0.459
  2022 335     0.035    -0.001     0.446
  2022 336     0.201     0.002     0.442
  2022 337     0.146     0.012     0.439
  2022 338     0.168     0.004     0.435
  2022 339     0.069     0.014     0.432
  2022 340     0.157     0.044     0.429
  2022 341     0.125     0.002     0.425
  2022 342     0.068    -0.001     0.422
  2022 343     1.027     0.093     0.418
  2022 344     1.084     0.022     0.415
  2022 345     0.764     0.025     0.411
  2022 346     2.898     0.068     0.407
  2022 347     0.299     0.022     0.404
  2022 348     0.983     0.045     0.400
  2022 349     7.665     0.137     0.397
  2022 350     0.498     0.088     0.393
  2022 351     0.028    -0.011     0.390
  2022 352     0.009    -0.010     0.386
  2022 353     0.023     0.009     0.382
  2022 354     0.268     0.052     0.379
  2022 355     0.446     0.076     0.375
  2022 356     0.231     0.062     0.372
  2022 357     0.058     0.017     0.368
  2022 358     0.024    -0.006     0.365
  2022 359     0.058     0.010     0.361
  2022 360     0.059     0.022     0.358
  2022 361     0.051     0.010     0.354
  2022 362     0.096     0.029     0.351
  2022 363     2.789     0.065     0.348
  2022 364     1.429     0.048     0.344
  2022 365     1.424     0.040     0.341
  2023   1     0.137    -0.005     0.338
  2023   2     0.698     0.057     0.335
  2023   3     0.238     0.054     0.331
  2023   4     0.237     0.065     0.328
  2023   5     0.169     0.017     0.325
  2023   6     0.132     0.023     0.322
  2023   7     0.335     0.047     0.319
  2023   8     0.148     0.029     0.316
  2023   9     0.794     0.051     0.313
  2023  10     0.458     0.062     0.310
  2023  11     0.135     0.019     0.307
  2023  12     1.247     0.047     0.304
  2023  13     1.288     0.106     0.302
  2023  14     0.188     0.048     0.299
  2023  15     0.971     0.077     0.296
  2023  16     0.306     0.055     0.293
  2023  17     0.112     0.038     0.290
  2023  18     0.487     0.086     0.288
  2023  19     0.212     0.064     0.285
  2023  20     0.166    -0.049     0.282
  2023  21     0.203     0.088     0.280
  2023  22     4.840     0.076     0.277
  2023  23     0.044     0.001     0.274
  2023  24     0.018    -0.003     0.272
  2023  25     0.054    -0.001     0.269
  2023  26     0.956     0.037     0.267
  2023  27     0.127     0.040     0.264
  2023  28     0.129     0.082     0.262
  2023  29     0.094     0.049     0.259
  2023  30     0.075     0.037     0.257
  2023  31     0.044     0.000     0.254
  2023  32     0.187     0.031     0.252
  2023  33     0.059     0.018     0.249
  2023  34     1.317     0.026     0.247
  2023  35     0.083     0.017     0.245
  2023  36     0.354     0.018     0.242
  2023  37     5.526     0.084     0.240
  2023  38     1.307     0.044     0.238
  2023  39     0.615     0.125     0.235
  2023  40     0.119     0.034     0.233
  2023  41     0.085     0.064     0.231
  2023  42     0.142     0.023     0.229
  2023  43     1.855     0.110     0.227
  2023  44     2.284     0.075     0.224
  2023  45     0.327     0.058     0.222
  2023  46     0.104     0.048     0.220
  2023  47     1.442     0.028     0.218
  2023  48     0.638     0.045     0.216
  2023  49     0.031     0.027     0.214
  2023  50     0.010     0.009     0.212
  2023  51     0.051     0.045     0.210
  2023  52     0.053     0.035     0.208
  2023  53     0.070     0.068     0.206
  2023  54     0.059     0.064     0.204
  2023  55     0.034     0.042     0.202
  2023  56     0.024     0.028     0.200
  2023  57     0.041     0.036     0.198
  2023  58     1.266     0.083     0.197
  2023  59     0.509     0.102     0.195
  2023  60     0.023     0.033     0.193
  2023  61     0.705     0.077     0.191
  2023  62     2.922     0.130     0.189
  2023  63     0.972     0.140     0.188
  2023  64     0.700     0.130     0.186
  2023  65     0.421     0.108     0.184
  2023  66     0.120     0.081     0.183
  2023  67     0.017     0.054     0.181
  2023  68     0.017     0.089     0.179
  2023  69     0.005     0.077     0.178
  2023  70     0.004     0.074     0.176
  2023  71     0.596     0.141     0.175
  2023  72     0.757     0.109     0.173
  2023  73     0.755     0.079     0.172
  2023  74     1.721     0.138     0.170
  2023  75     0.099     0.097     0.169
  2023  76     0.690     0.112     0.167
  2023  77     1.390     0.229     0.166
  2023  78     0.184     0.197     0.164
  2023  79     0.060     0.110     0.163
  2023  80     0.130     0.124     0.161
  2023  81     0.118     0.159     0.160
  2023  82     2.141     0.181     0.159
  2023  83     0.473     0.219     0.157
  2023  84     0.109     0.137     0.156
  2023  85     0.142     0.183     0.155
  2023  86     0.255     0.164     0.153
  2023  87     0.580     0.170     0.152
  2023  88     0.554     0.168     0.151
  2023  89     0.198     0.217     0.150
  2023  90     0.037     0.121     0.148
  2023  91     0.049     0.133     0.147
  2023  92     0.074     0.162     0.146
  2023  93     0.050     0.160     0.145
  2023  94     0.101     0.245     0.144
  2023  95     0.062     0.216     0.143
  2023  96     0.044     0.158     0.141
  2023  97     0.003     0.242     0.140
  2023  98     0.005    -0.026     0.139
  2023  99     0.117    -0.133     0.138
  2023 100     3.741     0.152     0.137
  2023 101     0.436     0.214     0.136
  2023 102     3.813     0.365     0.135
  2023 103     1.655     0.394     0.134
  2023 104     1.203     0.380     0.133
  2023 105     0.450     0.361     0.132
  2023 106     0.229     0.361     0.131
  2023 107     0.084     0.220     0.130
  2023 108     0.032     0.183     0.129
  2023 109     0.057     0.239     0.128
  2023 110     0.052     0.198     0.127
  2023 111     0.117     0.258     0.126
  2023 112     0.207     0.307     0.125
  2023 113     0.183     0.305     0.124
  2023 114     0.130     0.278     0.124
  2023 115     0.049     0.147     0.123
  2023 116     0.074     0.216     0.122
  2023 117     0.175     0.312     0.121
  2023 118     1.450     0.211     0.120
  2023 119     1.211     0.168     0.119
  2023 120     0.253     0.111     0.118
  2023 121     0.047     0.026     0.118
  2023 122     0.407    -0.093     0.117
  2023 123     0.159     0.015     0.116
  2023 124     0.018    -0.147     0.118
  2023 125     0.004     0.006     0.212
  2023 126     0.000     0.142     0.530
  2023 127     0.001     0.336     1.478
  2023 128     0.022     0.661     3.791
  2023 129     0.038     0.934     7.727
  2023 130     0.542     1.430     8.845
  2023 131     0.005     2.307     4.673
  2023 132     0.013     2.190     2.315
  2023 133     0.001     2.970     2.815
  2023 134     0.626     2.547     2.006
  2023 135     2.103     2.299     0.956
  2023 136     2.389     1.570     0.438
  2023 137     2.716     2.261     0.460
  2023 138     0.110     3.064     0.431
  2023 139     1.985     2.781     0.489
  2023 140     0.081     2.566     0.377
  2023 141     0.096     3.248     0.348
  2023 142     5.787     2.187     0.349
  2023 143     0.023     2.735     0.339
  2023 144     2.579     2.779     0.335
  2023 145     5.318     2.546     0.432
  2023 146     0.226     2.333     0.342
  2023 147     0.006     3.172     0.336
  2023 148     0.754     2.506     0.330
  2023 149     0.475     2.983     0.324
  2023 150     0.179     2.770     0.314
  2023 151     0.275     2.283     0.299
  2023 152     0.003     2.881     0.280
  2023 153     0.417     2.012     0.265
  2023 154     3.162     1.944     0.260
  2023 155     2.358     2.600     0.255
  2023 156    10.754     1.687     0.413
  2023 157    19.567     1.543     2.401
  2023 158     3.593     3.152     0.856
  2023 159     0.010     4.503     0.367
  2023 160     0.013     4.021     0.307
  2023 161     0.000     3.984     0.273
  2023 162     1.927     4.286     0.250
  2023 163     3.508     2.016     0.242
  2023 164     0.032     2.607     0.240
  2023 165     0.001     3.079     0.235
  2023 166     0.727     4.218     0.231
  2023 167     1.426     3.383     0.232
  2023 168     1.171     2.914     0.236
  2023 169     0.175     3.285     0.236
  2023 170    11.520     3.050     0.264
  2023 171     4.869     3.007     0.294
  2023 172     5.935     2.198     0.319
  2023 173     2.852     1.867     0.345
  2023 174     0.086     4.233     0.304
  2023 175     1.135     5.031     0.291
  2023 176     0.984     4.582     0.292
  2023 177     0.000     3.892     0.291
  2023 178     0.027     3.413     0.292
  2023 179     0.184     3.389     0.296
  2023 180     0.012     3.767     0.299
  2023 181     1.171     3.860     0.303
  2023 182     2.451     3.975     0.308
  2023 183    16.806     2.667     0.529
  2023 184    32.345     1.910     1.479
  2023 185     2.126     3.307     0.632
  2023 186     2.732     3.196     0.429
  2023 187     1.281     3.816     0.415
  2023 188     1.214     3.346     0.392
  2023 189     5.053     3.109     0.404
  2023 190     4.632     3.095     0.430
  2023 191     1.268     4.401     0.421
  2023 192     0.171     3.976     0.406
  2023 193     2.577     2.739     0.407
  2023 194     7.936     2.152     0.430
  2023 195    11.374     2.081     0.565
  2023 196     2.330     2.388     0.529
  2023 197     0.194     3.221     0.480
  2023 198     0.024     3.270     0.465
  2023 199     0.002     3.654     0.459
  2023 200     0.343     3.952     0.458
  2023 201     0.144     3.818     0.459
  2023 202     9.217     3.139     0.485
  2023 203     0.506     3.525     0.489
  2023 204     0.091     3.761     0.477
  2023 205     1.601     3.289     0.476
  2023 206     0.020     3.402     0.475
  2023 207     0.591     2.927     0.475
  2023 208     0.161     2.948     0.476
  2023 209     0.003     3.307     0.476
  2023 210     0.226     2.803     0.477
  2023 211     0.338     2.699     0.478
  2023 212     0.149     2.917     0.480
  2023 213     3.031     2.034     0.495
  2023 214     0.600     2.597     0.485
  2023 215     0.089     2.425     0.484
  2023 216    12.503     1.561     0.509
  2023 217     7.351     2.121     0.532
  2023 218     3.489     2.410     0.512
  2023 219     9.058     1.843     0.608
  2023 220     1.316     2.929     0.551
  2023 221     0.615     2.937     0.517
  2023 222     0.061     2.907     0.503
  2023 223     0.147     2.841     0.496
  2023 224     0.014     2.299     0.493
  2023 225     0.005     3.210     0.491
  2023 226     5.013     2.394     0.497
  2023 227     0.731     3.193     0.496
  2023 228     0.409     2.696     0.490
  2023 229     0.827     2.506     0.487
  2023 230     1.259     2.513     0.487
  2023 231     0.540     2.770     0.484
  2023 232     0.726     2.567     0.481
  2023 233     0.025     2.523     0.479
  2023 234     0.017     2.224     0.476
  2023 235     0.191     2.218     0.474
  2023 236     0.245     1.908     0.472
  2023 237     0.010     2.051     0.469
  2023 238     7.279     2.004     0.468
  2023 239     2.342     2.694     0.471
  2023 240     1.021     1.929     0.464
  2023 241     0.030     2.210     0.461
  2023 242     0.023     1.910     0.458
  2023 243     0.125     1.694     0.456
  2023 244     0.509     1.870     0.453
  2023 245     1.179     2.991     0.451
  2023 246     0.230     2.366     0.448
  2023 247     3.799     1.255     0.449
  2023 248     1.166     1.557     0.448
  2023 249     0.427     1.430     0.441
  2023 250     4.657     1.111     0.438
  2023 251     1.810     1.489     0.435
  2023 252     0.794     1.558     0.432
  2023 253     0.030     1.681     0.429
  2023 254     0.000     2.022     0.426
  2023 255     0.000     1.970     0.423
  2023 256     0.563     1.109     0.420
  2023 257     3.526     1.242     0.418
  2023 258     0.506     1.389     0.414
  2023 259     0.058     1.197     0.411
  2023 260     0.009     1.207     0.407
  2023 261     0.060     1.263     0.404
  2023 262     0.171     0.901     0.401
  2023 263     8.390     0.836     0.502
  2023 264     0.259     1.539     0.405
  2023 265     0.000     1.378     0.395
  2023 266     0.000     1.263     0.390
  2023 267     0.068     1.292     0.386
  2023 268     2.311     1.106     0.385
  2023 269     0.058     0.993     0.381
  2023 270     0.068     1.186     0.377
  2023 271     4.052     1.244     0.425
  2023 272     2.556     1.242     0.415
  2023 273     0.835     0.913     0.391
  2023 274     0.423     0.457     0.377
  2023 275     0.490     0.584     0.374
  2023 276     1.732     0.498     0.370
  2023 277     1.323     0.755     0.363
  2023 278     1.524     0.717     0.359
  2023 279     1.211     0.676     0.354
  2023 280     3.878     0.313     0.353
  2023 281     0.325     0.662     0.350
  2023 282     0.033     0.621     0.346
  2023 283     0.000     0.603     0.342
  2023 284     0.005     0.600     0.339
  2023 285     0.011     0.588     0.337
  2023 286     0.000     0.562     0.334
  2023 287     0.004     0.517     0.332
  2023 288     0.002     0.520     0.329
  2023 289     0.001     0.412     0.327
  2023 290     0.270     0.485     0.325
  2023 291     0.293     0.494     0.322
  2023 292     0.459     0.402     0.320
  2023 293     3.106     0.327     0.318
  2023 294     0.726     0.750     0.315
  2023 295     0.854     0.491     0.313
  2023 296     0.496     0.579     0.310
  2023 297     1.049     0.347     0.308
  2023 298     0.323     0.300     0.306
  2023 299     0.188     0.192     0.304
  2023 300     0.550     0.115     0.301
  2023 301     0.287     0.140     0.300
  2023 302     1.527     0.166     0.298
  2023 303     0.410     0.209     0.300
  2023 304     0.460     0.223     0.301
  2023 305     0.355     0.182     0.297
  2023 306     0.337     0.208     0.290
  2023 307     0.281     0.240     0.288
  2023 308     0.182     0.042     0.286
  2023 309     0.110     0.036     0.283
  2023 310     0.135     0.042     0.280
  2023 311     2.847     0.151     0.278
  2023 312     1.389     0.149     0.276
  2023 313     0.131     0.049     0.274
  2023 314     0.055    -0.015     0.272
  2023 315     0.016    -0.097     0.270
  2023 316     2.131     0.045     0.269
  2023 317     0.293     0.207     0.267
  2023 318     8.977     0.169     0.265
  2023 319     1.118     0.159     0.263
  2023 320     0.518     0.149     0.261
  2023 321     0.566     0.034     0.259
  2023 322     0.117     0.026     0.257
  2023 323     3.608     0.134     0.255
  2023 324     2.133     0.445     0.254
  2023 325     0.469     0.669     0.252
  2023 326     0.224     0.365     0.250
  2023 327     0.045     0.240     0.248
  2023 328     0.676     0.168     0.247
  2023 329     0.939     0.217     0.245
  2023 330     0.304     0.136     0.243
  2023 331     0.008    -0.008     0.241
  2023 332     1.013     0.059     0.240
  2023 333     0.422     0.044     0.238
  2023 334     0.384     0.198     0.236
  2023 335     0.362     0.101     0.235
  2023 336     0.125     0.001     0.233
  2023 337     0.341     0.023     0.231
  2023 338     0.129     0.005     0.230
  2023 339     0.848     0.054     0.228
  2023 340     0.590     0.011     0.226
  2023 341     0.243     0.029     0.225
  2023 342     0.315     0.019     0.223
  2023 343     0.333     0.055     0.222
  2023 344     0.883     0.022     0.220
  2023 345     3.163     0.156     0.219
  2023 346     0.242     0.044     0.217
  2023 347     0.085     0.098     0.215
  2023 348     0.250     0.470     0.214
  2023 349     0.033    -0.000     0.212
  2023 350     2.051     0.286     0.211
  2023 351     0.604     0.005     0.210
  2023 352     2.801     0.037     0.208
  2023 353     0.252     0.023     0.207
  2023 354     1.405     0.061     0.205
  2023 355     1.570     0.098     0.204
  2023 356     0.051     0.078     0.203
  2023 357     0.638     0.083     0.201
  2023 358     0.236     0.217     0.200
  2023 359     0.011    -0.007     0.198
  2023 360     0.081    -0.022     0.197
  2023 361     0.000    -0.084     0.196
  2023 362     0.036    -0.053     0.194
  2023 363     0.080    -0.008     0.193
  2023 364     0.037    -0.020     0.192
  2023 365     0.087    -0.020     0.191
  2024   1     1.584     0.053     0.189
  2024   2     0.149    -0.004     0.188
  2024   3     0.168    -0.003     0.187
  2024   4     1.305     0.010     0.186
  2024   5     0.054     0.001     0.184
  2024   6     0.330     0.027     0.183
  2024   7     0.115     0.011     0.182
  2024   8     0.079    -0.000     0.181
  2024   9     0.212     0.017     0.180
  2024  10     0.403     0.021     0.178
  2024  11     0.169     0.008     0.177
  2024  12     0.106     0.004     0.176
  2024  13     0.454     0.050     0.175
  2024  14     2.601     0.115     0.174
  2024  15     5.133     0.151     0.173
  2024  16     2.990     0.109     0.172
  2024  17     2.376     0.078     0.170
  2024  18     2.473     0.118     0.169
  2024  19     0.320     0.038     0.168
  2024  20     0.414     0.048     0.167
  2024  21     0.196     0.041     0.166
  2024  22     0.089     0.032     0.165
  2024  23     2.902     0.135     0.164
  2024  24     0.173     0.021     0.163
  2024  25     1.719     0.074     0.161
  2024  26     0.821     0.093     0.160
  2024  27     5.362     0.103     0.159
  2024  28     3.033     0.141     0.158
  2024  29     1.194     0.142     0.157
  2024  30     3.929     0.164     0.156
  2024  31     1.539     0.136     0.155
  2024  32     0.152     0.094     0.154
  2024  33     0.377     0.077     0.153
  2024  34     0.638     0.118     0.152
  2024  35     0.166     0.119     0.150
  2024  36     1.726     0.081     0.149
  2024  37     0.009     0.013     0.148
  2024  38     0.367     0.074     0.147
  2024  39     0.376     0.087     0.146
  2024  40     0.588     0.076     0.145
  2024  41     0.365     0.056     0.144
  2024  42     0.224     0.042     0.143
  2024  43     0.232     0.057     0.142
  2024  44     3.000     0.124     0.141
  2024  45     0.178     0.055     0.140
  2024  46     0.031     0.009     0.139
  2024  47     1.400     0.077     0.138
  2024  48     1.193     0.220     0.137
  2024  49     0.154     0.059     0.136
  2024  50     0.155     0.053     0.135
  2024  51     0.097     0.033     0.134
  2024  52     2.824     0.078     0.133
  2024  53     0.083     0.025     0.132
  2024  54     2.515     0.157     0.131
  2024  55     0.901     0.231     0.131
  2024  56     0.261     0.124     0.130
  2024  57     0.254     0.125     0.129
  2024  58     0.158     0.070     0.128
  2024  59     0.055     0.028     0.127
  2024  60     0.165     0.033     0.126
  2024  61     7.026     0.112     0.125
  2024  62     0.305     0.113     0.124
  2024  63     0.024     0.083     0.123
  2024  64     1.168     0.198     0.122
  2024  65     0.144     0.085     0.122
  2024  66     0.012     0.114     0.121
  2024  67     0.000     0.079     0.120
  2024  68     0.093     0.140     0.119
  2024  69     0.246     0.176     0.118
  2024  70     0.357     0.351     0.117
  2024  71     0.370     0.156     0.117
  2024  72     0.712     0.152     0.116
  2024  73     0.449     0.137     0.115
  2024  74     0.395     0.065     0.114
  2024  75     4.356     0.321     0.113
  2024  76     0.640     0.292     0.113
  2024  77     0.493     0.162     0.112
  2024  78     3.816     0.313     0.111
  2024  79     0.492     0.207     0.110
  2024  80     0.313     0.178     0.110
  2024  81     0.470     0.157     0.109
  2024  82     0.381     0.156     0.108
  2024  83     0.263     0.128     0.107
  2024  84     0.105     0.088     0.107
  2024  85     0.000     0.117     0.106
  2024  86     0.000     0.155     0.105
  2024  87     0.000     0.298     0.105
  2024  88     0.001     0.251     0.104
  2024  89     0.117     0.187     0.103
  2024  90     0.167     0.134     0.103
  2024  91     0.021     0.103     0.102
  2024  92     0.386     0.212     0.101
  2024  93     0.379     0.221     0.101
  2024  94     1.403     0.090     0.100
  2024  95     1.724     0.249     0.099
  2024  96     1.186     0.217     0.099
  2024  97     1.376     0.108     0.098
  2024  98     0.047     0.026     0.098
  2024  99     0.042    -0.016     0.103
  2024 100     0.001     0.012     0.098
  2024 101     0.133     0.070     0.099
  2024 102     1.843     0.343     0.098
  2024 103     0.314     0.363     0.097
  2024 104     2.340     0.398     0.096
  2024 105     2.109     0.348     0.096
  2024 106     0.273     0.128     0.096
  2024 107     1.105     0.160     0.097
  2024 108     9.100     0.638     0.097
  2024 109     2.778     0.802     0.095
  2024 110     0.115     0.775     0.092
  2024 111     0.216     0.367     0.091
  2024 112     0.002     0.236     0.090
  2024 113     0.051     0.300     0.090
  2024 114     0.058     0.291     0.089
  2024 115     0.065     0.280     0.089
  2024 116     4.636     0.298     0.089
  2024 117     0.946     0.582     0.089
  2024 118     0.111     0.366     0.088
  2024 119     0.232     0.374     0.087
  2024 120     0.959     0.258     0.088
  2024 121     0.582     0.270     0.090
  2024 122     0.066     0.502     0.099
  2024 123     3.235     0.411     0.106
  2024 124     0.956     0.356     0.111
  2024 125     2.202     0.313     0.140
  2024 126     0.868     0.330     0.163
  2024 127     0.156     0.083     0.245
  2024 128     0.151     0.085     0.380
  2024 129     0.136     0.174     0.448
  2024 130     4.649     0.372     0.898
  2024 131     0.092     0.392     1.118
  2024 132     9.361     0.547     1.973
  2024 133     0.886     1.113     0.847
  2024 134     0.004     0.934     0.619
  2024 135     0.651     0.718     0.984
  2024 136     7.060     0.595     3.717
  2024 137     2.479     0.930     3.367
  2024 138     2.832     0.769     2.700
  2024 139     0.508     1.476     2.334
  2024 140     3.288     0.977     1.586
  2024 141     0.227     1.949     1.117
  2024 142     0.788     2.133     0.965
  2024 143     0.131     2.160     0.734
  2024 144     0.050     1.643     0.580
  2024 145     0.006     2.187     0.515
  2024 146     0.000     2.111     0.563
  2024 147     0.101     2.465     0.542
  2024 148     0.028     2.710     0.442
  2024 149     0.000     2.792     0.437
  2024 150     0.021     2.947     0.672
  2024 151     3.861     2.390     0.630
  2024 152     6.219     2.694     0.521
  2024 153     5.251     2.128     0.773
  2024 154     8.302     1.242     0.734
  2024 155     1.889     1.496     0.457
  2024 156     0.899     1.142     0.696
  2024 157    35.568     0.261     3.623
  2024 158    33.015    -0.023     3.883
  2024 159    14.512     0.175     3.357
  2024 160     1.277     0.956     3.125
  2024 161     0.001     1.358     3.361
  2024 162     0.000     2.546     3.519
  2024 163     0.149     1.906     2.493
  2024 164     0.034     3.332     1.473
  2024 165     0.070     3.128     1.001
  2024 166     0.442     3.601     0.776
  2024 167     1.386     3.613     0.650
  2024 168    27.587     1.444     2.556
  2024 169     4.614     1.908     2.056
  2024 170     1.417     1.936     1.239
  2024 171     1.496     1.592     0.920
  2024 172     0.003     3.621     0.703
  2024 173     0.715     3.232     0.617
  2024 174     2.863     3.202     0.679
  2024 175     3.539     3.344     1.024
  2024 176     3.977     2.686     1.288
  2024 177     0.424     3.052     0.678
  2024 178     0.603     3.469     0.681
  2024 179     1.070     2.962     0.697
  2024 180     0.009     3.360     0.722
  2024 181     0.002     4.100     0.742
  2024 182     0.012     4.476     0.764
  2024 183     0.094     3.911     0.788
  2024 184     0.328     3.588     0.809
  2024 185     0.605     3.969     0.827
  2024 186     0.453     2.939     0.845
  2024 187     0.543     3.056     0.859
  2024 188     2.081     2.660     0.874
  2024 189     0.084     3.926     0.888
  2024 190     2.847     2.276     0.899
  2024 191     0.087     3.527     0.906
  2024 192     4.019     3.584     0.916
  2024 193     1.390     3.351     0.924
  2024 194     8.206     2.344     0.934
  2024 195     9.832     2.850     1.002
  2024 196     3.518     2.159     0.985
  2024 197     1.037     2.164     0.959
  2024 198     0.000     3.350     0.939
  2024 199     0.022     3.772     0.932
  2024 200     0.525     3.531     0.927
  2024 201     0.020     4.121     0.923
  2024 202     0.451     3.403     0.919
  2024 203     0.831     2.982     0.914
  2024 204     0.011     2.922     0.910
  2024 205     0.002     3.229     0.904
  2024 206     0.096     2.595     0.898
  2024 207     0.638     2.393     0.891
  2024 208    19.616     2.358     1.230
  2024 209     2.371     2.591     0.952
  2024 210     1.255     2.648     0.896
  2024 211     0.180     3.115     0.878
  2024 212     1.667     2.952     0.867
  2024 213     0.753     3.309     0.859
  2024 214    11.899     2.768     0.879
  2024 215     2.031     2.968     0.875
  2024 216     0.239     3.272     0.850
  2024 217     0.003     2.955     0.836
  2024 218     3.003     2.542     0.826
  2024 219     3.529     3.047     0.824
  2024 220     0.004     3.180     0.810
  2024 221     0.000     2.750     0.800
  2024 222     0.000     2.907     0.789
  2024 223     0.000     2.738     0.778
  2024 224     0.000     2.859     0.769
  2024 225     0.000     2.821     0.759
  2024 226     0.000     2.341     0.750
  2024 227     1.361     2.187     0.746
  2024 228     5.622     2.041     0.740
  2024 229     0.200     2.679     0.730
  2024 230     0.260     1.860     0.720
  2024 231     0.060     1.949     0.712
  2024 232     0.005     2.252     0.704
  2024 233     8.347     2.282     0.739
  2024 234     2.585     3.033     0.701
  2024 235     0.786     2.371     0.682
  2024 236     0.160     2.109     0.673
  2024 237     0.099     2.281     0.665
  2024 238     1.877     1.972     0.658
  2024 239     1.409     2.747     0.650
  2024 240     0.000     1.784     0.643
  2024 241     0.006     1.912     0.635
  2024 242     2.460     1.312     0.628
  2024 243     1.347     2.110     0.621
  2024 244     0.302     1.995     0.614
  2024 245     0.385     1.503     0.607
  2024 246     0.688     1.614     0.600
  2024 247     2.012     1.889     0.593
  2024 248     0.107     1.678     0.586
  2024 249     1.589     1.273     0.579
  2024 250     0.053     1.332     0.573
  2024 251     0.123     1.579     0.566
  2024 252     0.135     1.358     0.559
  2024 253     0.005     1.390     0.553
  2024 254     0.548     1.641     0.546
  2024 255     0.013     1.523     0.540
  2024 256     0.742     1.161     0.534
  2024 257    11.169     0.973     0.533
  2024 258     7.726     1.296     0.538
  2024 259     0.822     1.844     0.522
  2024 260     0.146     1.656     0.513
  2024 261     0.140     1.478     0.506
  2024 262     0.273     1.317     0.500
  2024 263     6.516     0.729     0.502
  2024 264    25.798     1.367     0.862
  2024 265     4.287     1.559     0.727
  2024 266     0.240     1.192     0.536
  2024 267     1.926     0.929     0.511
  2024 268     1.504     0.841     0.497
  2024 269     0.092     1.044     0.484
  2024 270     2.618     1.584     0.481
  2024 271     0.530     1.847     0.480
  2024 272     0.320     1.236     0.469
  2024 273    11.755     0.805     0.540
 Reached simulation end date.
 
 Basin water balance end of run totals (mm)
   Total precipitation              =   23933.50
   Total evapotranspiration         =   14692.86
   Total runoff                     =   9038.464
     Overland         =   1885.766
     Lateral          =   1905.596
     Drainage (soil)  =   5266.658
   Change in storage                =   282.2068
     Initial          =   822.1437
     Final            =   1104.351
 
 
 Program has terminated normally.
